PDFs total: 5085; already have raw: 1186; already have md: 958; to extract: 2941
targets: R117/2007/r117-2007-nl1-2019-08, R117/2007/r117-2007-nl1-2022-02-rev0, R49/2006/r49-2006-nl1-2026-03-rev0 ...
08:59:40 [00010/02941] R60/2000/r060-2000-de1-2006-03-rev2 (83.3s, 2 pages)
08:59:57 [00011/02941] R60/2000/r060-2000-de1-2006-03 (100.3s, 2 pages)
09:00:12 [00012/02941] R60/2000/r060-2000-de1-2002-01-rev2 (115.7s, 2 pages)
09:00:37 [00013/02941] R60/2000/r060-2000-de1-2008-04 (57.2s, 2 pages)
09:00:50 [00014/02941] R60/2000/r060-2000-de1-2008-01 (153.4s, 2 pages)
09:01:03 [00015/02941] R60/2000/r060-2000-de1-2008-05-rev1 (65.5s, 2 pages)
09:01:20 [00016/02941] R60/2000/r060-2000-de1-2006-02-rev1 (183.6s, 2 pages)
09:02:27 [00017/02941] R60/2000/r060-2000-de1-2008-07 (96.6s, 2 pages)
09:02:37 [00018/02941] R49/2006/r49-2006-nl1-2026-03-rev0 (259.9s, 4 pages)
09:03:27 [00019/02941] R60/2000/r060-2000-de1-2008-05 (194.5s, 2 pages)
09:03:31 [00020/02941] R60/2000/r060-2000-de1-2008-09 (130.3s, 2 pages)
09:03:39 [00021/02941] R60/2000/r060-2000-de1-2008-10 (72.6s, 2 pages)
09:04:07 [00022/02941] R60/2000/r060-2000-de1-2008-08 (183.9s, 2 pages)
09:04:15 [00023/02941] R60/2000/r060-2000-de1-2008-12 (44.4s, 2 pages)
09:04:17 [00024/02941] R60/2000/r060-2000-de1-2008-13 (37.9s, 2 pages)
09:04:41 [00025/02941] R60/2000/r060-2000-de1-2008-14 (34.3s, 2 pages)
09:04:42 [00026/02941] R60/2000/r060-2000-de1-2008-06 (245.3s, 2 pages)
09:05:38 [00027/02941] R60/2000/r060-2000-de1-2009-04 (55.6s, 2 pages)
09:05:42 [00028/02941] R60/2000/r060-2000-de1-2009-01 (87.2s, 2 pages)
09:06:31 [00029/02941] R60/2000/r060-2000-de1-2008-11-rev1 (234.2s, 3 pages)
09:06:54 [00030/02941] R60/2000/r060-2000-de1-2009-05 (75.9s, 2 pages)
09:07:08 [00031/02941] R60/2000/r060-2000-de1-2009-06 (85.9s, 2 pages)
09:07:13 [00032/02941] R60/2000/r060-2000-de1-2009-02 (176.0s, 2 pages)
09:07:30 [00033/02941] R60/2000/r060-2000-de1-2009-03 (169.2s, 2 pages)
09:07:35 [00034/02941] R60/2000/r060-2000-de1-2009-07 (63.8s, 2 pages)
09:07:59 [00035/02941] R60/2000/r060-2000-de1-2009-10 (29.2s, 2 pages)
09:08:19 [00036/02941] R60/2000/r060-2000-de1-2009-11-rev1 (44.0s, 2 pages)
09:08:44 [00037/02941] R60/2000/r060-2000-de1-2009-11 (44.4s, 2 pages)
09:08:54 [00038/02941] R60/2000/r060-2000-de1-2009-12 (35.8s, 2 pages)
09:09:06 [00039/02941] R60/2000/r060-2000-de1-2009-13 (22.7s, 2 pages)
09:09:11 [00040/02941] R60/2000/r060-2000-de1-2009-09 (117.4s, 2 pages)
09:09:19 [00041/02941] R60/2000/r060-2000-de1-2009-14 (24.6s, 2 pages)
09:09:20 [00042/02941] R60/2000/r060-2000-de1-2008-11 (353.3s, 3 pages)
09:09:33 [00043/02941] R60/2000/r060-2000-de1-2009-09-rev1 (144.9s, 2 pages)
09:09:35 [00044/02941] R60/2000/r060-2000-de1-2009-16 (29.1s, 2 pages)
09:09:40 [00045/02941] R60/2000/r060-2000-de1-2009-08 (166.3s, 2 pages)
09:10:09 [00046/02941] R60/2000/r060-2000-de1-2010-02-rev1 (33.5s, 2 pages)
09:10:10 [00047/02941] R60/2000/r060-2000-de1-2010-02 (29.5s, 2 pages)
09:10:25 [00048/02941] R60/2000/r060-2000-de1-2009-17 (74.4s, 2 pages)
09:10:37 [00049/02941] R60/2000/r060-2000-de1-2009-18 (78.0s, 2 pages)
09:10:49 [00050/02941] R60/2000/r060-2000-de1-2010-03 (40.5s, 2 pages)
09:11:40 [00051/02941] R60/2000/r060-2000-de1-2009-19 (140.0s, 2 pages)
09:11:56 [00052/02941] R60/2000/r060-2000-de1-2010-05 (90.9s, 2 pages)
09:12:11 [00053/02941] R60/2000/r060-2000-de1-2010-07 (81.5s, 2 pages)
09:12:14 [00054/02941] R60/2000/r060-2000-de1-2010-05-rev1 (124.4s, 2 pages)
09:12:17 [00055/02941] R60/2000/r060-2000-de1-2010-01 (163.9s, 2 pages)
09:12:34 [00056/02941] R60/2000/r060-2000-de1-2010-06 (117.3s, 2 pages)
09:13:21 [00057/02941] R60/2000/r060-2000-de1-2010-08 (100.7s, 2 pages)
09:13:42 [00058/02941] R60/2000/r060-2000-de1-2010-12 (85.1s, 2 pages)
09:13:57 [00059/02941] R60/2000/r060-2000-de1-2010-09 (120.9s, 2 pages)
09:13:58 [00060/02941] R60/2000/r060-2000-de1-2010-11 (103.8s, 2 pages)
09:14:10 [00061/02941] R60/2000/r060-2000-de1-2010-10 (119.1s, 2 pages)
09:14:50 [00062/02941] R60/2000/r060-2000-de1-2014-01 (40.1s, 2 pages)
09:15:14 [00063/02941] R60/2000/r060-2000-de1-2012-01 (76.7s, 3 pages)
09:15:43 [00064/02941] R60/2000/r060-2000-de1-2015-01-rev1 (52.5s, 2 pages)
09:16:08 [00065/02941] R60/2000/r060-2000-de1-2011-03 (166.7s, 2 pages)
09:16:17 [00066/02941] R60/2000/r060-2000-de1-2017-15 (34.7s, 2 pages)
09:16:24 [00067/02941] R60/2000/r060-2000-de1-2015-01 (70.2s, 2 pages)
09:17:13 [00068/02941] R60/2000/r060-2000-de1-2013-02 (195.5s, 2 pages)
09:17:20 [00069/02941] R60/2000/r060-2000-de1-2011-02 (285.3s, 2 pages)
09:17:55 [00070/02941] R60/2000/r060-2000-de1-2012-01-rev1 (253.5s, 3 pages)
09:18:19 [00071/02941] R60/2000/r060-2000-de1-2019-02 (121.7s, 3 pages)
09:18:20 [00072/02941] R117/2007/r117-2007-nl1-2022-02-rev0 (1203.5s, 15 pages)
09:18:51 [00073/02941] R60/2000/r060-2000-dk1-2004-01-rev1 (32.5s, 2 pages)
09:18:54 [00074/02941] R60/2000/r060-2000-de1-2019-03 (150.3s, 3 pages)
09:19:11 [00075/02941] R60/2000/r060-2000-dk1-2004-01-rev2 (50.4s, 2 pages)
09:19:29 [00076/02941] R60/2000/r060-2000-de1-2022-01 (93.0s, 3 pages)
09:19:31 [00077/02941] R60/2000/r060-2000-de1-2019-01 (203.1s, 3 pages)
09:19:44 [00078/02941] R60/2000/r060-2000-dk1-2006-03-rev1 (33.6s, 2 pages)
09:19:55 [00079/02941] R60/2000/r060-2000-dk1-2006-01-rev1 (63.5s, 2 pages)
09:20:06 [00080/02941] R60/2000/r060-2000-dk1-2006-04 (36.9s, 2 pages)
09:20:07 [00081/02941] R60/2000/r060-2000-dk1-2006-01 (72.8s, 2 pages)
09:20:15 [00082/02941] R60/2000/r060-2000-dk1-2008-01-rev1 (44.0s, 2 pages)
09:20:43 [00083/02941] R60/2000/r060-2000-dk1-2009-01 (48.3s, 2 pages)
09:20:56 [00084/02941] R60/2000/r060-2000-dk1-2008-01 (71.8s, 2 pages)
09:21:55 [00085/02941] R60/2000/r060-2000-de1-2019-04 (281.2s, 3 pages)
09:22:09 [00086/02941] R60/2000/r060-2000-de1-2020-02 (289.3s, 3 pages)
09:22:11 [00087/02941] R60/2000/r060-2000-dk3-2011-01 (115.9s, 2 pages)
09:22:17 [00088/02941] R60/2000/r060-2000-dk3-2013-01 (93.7s, 2 pages)
09:22:34 [00089/02941] R60/2000/r060-2000-dk3-2016-01 (97.6s, 2 pages)
09:22:37 [00090/02941] R60/2000/r060-2000-es1-2009-01 (20.1s, 2 pages)
09:22:48 [00091/02941] R60/2000/r060-2000-dk3-2017-02 (38.8s, 2 pages)
09:22:50 [00092/02941] R60/2000/r060-2000-dk3-2017-03 (39.4s, 2 pages)
09:23:20 [00093/02941] R60/2000/r060-2000-es1-2010-01 (46.0s, 2 pages)
09:23:22 [00094/02941] R60/2000/r060-2000-es1-2011-01 (31.5s, 2 pages)
09:23:28 [00095/02941] R60/2000/r060-2000-es1-2010-03 (50.7s, 2 pages)
09:23:42 [00096/02941] R60/2000/r060-2000-es1-2010-04 (54.0s, 2 pages)
09:23:42 [00097/02941] R60/2000/r060-2000-es1-2013-02 (20.5s, 2 pages)
09:23:46 [00098/02941] R60/2000/r060-2000-es1-2013-01 (26.6s, 2 pages)
09:23:54 [00099/02941] R60/2000/r060-2000-es1-2013-03 (26.8s, 2 pages)
09:24:04 [00100/02941] R60/2000/r060-2000-dk3-2017-01 (129.2s, 2 pages)
09:24:50 [00101/02941] R60/2000/r060-2000-dk3-2011-01-rev1 (283.1s, 2 pages)
09:24:50 [00102/02941] R60/2000/r060-2000-fr2-2009-02 (67.8s, 2 pages)
09:24:52 [00103/02941] R60/2000/r060-2000-fr2-2009-02-rev1 (70.6s, 2 pages)
09:25:39 [00104/02941] R60/2000/r060-2000-fr2-2017-01-rev0 (49.0s, 4 pages)
09:25:43 [00105/02941] R60/2000/r060-2000-fr2-2012-01 (98.8s, 2 pages)
09:25:59 [00106/02941] R60/2000/r060-2000-dk2-2022-01 (353.8s, 4 pages)
09:26:05 [00107/02941] R60/2000/r060-2000-gb1-2005-02-rev1 (25.6s, 2 pages)
09:26:44 [00108/02941] R60/2000/r060-2000-gb1-2005-03 (44.2s, 2 pages)
09:26:45 [00109/02941] R60/2000/r060-2000-gb1-2005-04-rev1 (40.6s, 2 pages)
09:26:59 [00110/02941] R60/2000/r060-2000-fr2-2011-01 (184.5s, 2 pages)
09:27:08 [00111/02941] R60/2000/r060-2000-gb1-2005-03-rev1 (84.8s, 2 pages)
09:27:09 [00112/02941] R60/2000/r060-2000-gb1-2005-01 (136.4s, 2 pages)
09:27:18 [00113/02941] R60/2000/r060-2000-gb1-2004-03-rev1 (147.6s, 2 pages)
09:27:18 [00114/02941] R60/2000/r060-2000-gb1-2005-06-rev2-annex01 (19.5s, 1 pages)
09:27:27 [00115/02941] R60/2000/r060-2000-gb1-2005-05-rev1 (43.4s, 2 pages)
09:28:05 [00116/02941] R60/2000/r060-2000-gb1-2005-06-rev2 (57.8s, 2 pages)
09:28:51 [00117/02941] R60/2000/r060-2000-gb1-2005-07-rev3 (84.0s, 2 pages)
09:29:25 [00118/02941] R60/2000/r060-2000-gb1-2005-07-rev2 (126.5s, 3 pages)
09:29:26 [00119/02941] R60/2000/r060-2000-gb1-2005-07-rev1 (128.6s, 3 pages)
09:30:07 [00120/02941] R60/2000/r060-2000-gb1-2005-06 (178.1s, 2 pages)
09:30:34 [00121/02941] R60/2000/r060-2000-gb1-2006-01 (102.5s, 2 pages)
09:30:54 [00122/02941] R60/2000/r060-2000-fr2-2011-01-rev1 (427.3s, 3 pages)
09:31:01 [00123/02941] R60/2000/r060-2000-gb1-2006-03 (94.5s, 2 pages)
09:31:08 [00124/02941] R60/2000/r060-2000-gb1-2006-04 (61.5s, 2 pages)
09:31:43 [00125/02941] R60/2000/r060-2000-gb1-2005-07 (217.8s, 2 pages)
09:31:44 [00126/02941] R60/2000/r060-2000-gb1-2007-01 (70.5s, 2 pages)
09:31:47 [00127/02941] R60/2000/r060-2000-gb1-2006-02 (141.5s, 2 pages)
09:31:54 [00128/02941] R60/2000/r060-2000-gb1-2007-02 (60.3s, 2 pages)
09:32:03 [00129/02941] R60/2000/r060-2000-gb1-2007-04 (55.2s, 2 pages)
09:32:10 [00130/02941] R60/2000/r060-2000-gb1-2005-06-rev1 (325.1s, 3 pages)
09:32:23 [00131/02941] R60/2000/r060-2000-gb1-2007-03 (82.2s, 3 pages)
09:32:25 [00132/02941] R60/2000/r060-2000-gb1-2007-06 (38.1s, 2 pages)
09:32:43 [00133/02941] R60/2000/r060-2000-gb1-2008-01 (49.1s, 2 pages)
09:33:08 [00134/02941] R60/2000/r060-2000-gb1-2007-05 (84.3s, 2 pages)
09:33:11 [00135/02941] R60/2000/r060-2000-gb1-2008-02 (68.1s, 2 pages)
09:33:20 [00136/02941] R60/2000/r060-2000-gb1-2008-04 (57.2s, 2 pages)
09:33:44 [00137/02941] R60/2000/r060-2000-gb1-2008-07 (61.2s, 2 pages)
09:33:45 [00138/02941] R60/2000/r060-2000-gb1-2008-03 (94.3s, 2 pages)
09:34:04 [00139/02941] R60/2000/r060-2000-gb1-2008-08 (55.2s, 2 pages)
09:34:12 [00140/02941] R60/2000/r060-2000-gb1-2007-05-rev1 (148.7s, 2 pages)
09:34:27 [00141/02941] R60/2000/r060-2000-gb1-2008-06 (122.9s, 2 pages)
09:34:36 [00142/02941] R60/2000/r060-2000-gb1-2009-02 (84.7s, 3 pages)
09:34:38 [00143/02941] R60/2000/r060-2000-gb1-2009-05 (53.7s, 3 pages)
09:34:47 [00144/02941] R60/2000/r060-2000-gb1-2009-06 (43.7s, 2 pages)
09:34:53 [00145/02941] R60/2000/r060-2000-gb1-2009-03 (93.0s, 3 pages)
09:35:13 [00146/02941] R60/2000/r060-2000-gb1-2009-07 (61.6s, 2 pages)
09:35:15 [00147/02941] R60/2000/r060-2000-gb1-2009-09 (38.4s, 4 pages)
09:35:23 [00148/02941] R60/2000/r060-2000-gb1-2009-10-rev1 (45.0s, 2 pages)
09:35:35 [00149/02941] R60/2000/r060-2000-gb1-2009-04 (110.7s, 3 pages)
09:35:43 [00150/02941] R60/2000/r060-2000-gb1-2009-08 (75.7s, 2 pages)
09:35:48 [00151/02941] R60/2000/r060-2000-gb1-2009-10 (54.9s, 2 pages)
09:35:54 [00152/02941] R117/2007/r117-2007-nl1-2019-08 (2257.0s, 38 pages)
09:36:08 [00153/02941] R60/2000/r060-2000-gb1-2009-10-rev2 (80.5s, 2 pages)
09:36:14 [00154/02941] R60/2000/r060-2000-gb1-2010-02 (50.8s, 2 pages)
09:36:35 [00155/02941] R60/2000/r060-2000-gb1-2010-03 (60.7s, 3 pages)
09:36:58 [00156/02941] R60/2000/r060-2000-gb1-2010-04 (74.9s, 2 pages)
09:36:59 [00157/02941] R60/2000/r060-2000-gb1-2009-11 (105.3s, 2 pages)
09:37:06 [00158/02941] R60/2000/r060-2000-gb1-2010-07 (52.1s, 3 pages)
09:37:26 [00159/02941] R60/2000/r060-2000-gb1-2010-06-rev1 (92.8s, 2 pages)
09:37:34 [00160/02941] R60/2000/r060-2000-gb1-2010-05 (105.6s, 2 pages)
09:37:39 [00161/02941] R60/2000/r060-2000-gb1-2010-01 (144.8s, 2 pages)
09:37:46 [00162/02941] R60/2000/r060-2000-gb1-2011-02-rev1 (39.9s, 2 pages)
09:37:51 [00163/02941] R60/2000/r060-2000-gb1-2010-08 (75.1s, 2 pages)
09:38:03 [00164/02941] R60/2000/r060-2000-gb1-2011-02-rev02 (64.3s, 2 pages)
09:38:19 [00165/02941] R60/2000/r060-2000-gb1-2011-01 (81.1s, 2 pages)
09:38:38 [00166/02941] R60/2000/r060-2000-gb1-2011-05-rev1 (52.1s, 2 pages)
09:38:44 [00167/02941] R60/2000/r060-2000-gb1-2011-03 (69.9s, 2 pages)
09:38:46 [00168/02941] R60/2000/r060-2000-gb1-2010-06 (158.1s, 3 pages)
09:38:48 [00169/02941] R60/2000/r060-2000-gb1-2011-05 (56.9s, 2 pages)
09:38:52 [00170/02941] R60/2000/r060-2000-gb1-2011-07 (32.7s, 2 pages)
09:39:11 [00171/02941] R60/2000/r060-2000-gb1-2011-02 (104.1s, 2 pages)
09:39:27 [00172/02941] R60/2000/r060-2000-gb1-2012-04 (39.4s, 2 pages)
09:39:28 [00173/02941] R60/2000/r060-2000-gb1-2012-03 (42.0s, 2 pages)
09:39:28 [00174/02941] R60/2000/r060-2000-gb1-2012-05 (36.2s, 2 pages)
09:39:40 [00175/02941] R60/2000/r060-2000-gb1-2011-04 (120.7s, 2 pages)
09:39:59 [00176/02941] R60/2000/r060-2000-gb1-2011-06 (115.9s, 2 pages)
09:40:03 [00177/02941] R60/2000/r060-2000-gb1-2012-07 (34.9s, 2 pages)
09:40:09 [00178/02941] R60/2000/r060-2000-gb1-2012-02 (85.4s, 2 pages)
09:40:19 [00179/02941] R60/2000/r060-2000-gb1-2012-01 (101.0s, 2 pages)
09:40:38 [00180/02941] R60/2000/r060-2000-gb1-2012-08 (69.6s, 2 pages)
09:40:52 [00181/02941] R60/2000/r060-2000-gb1-2014-01 (43.0s, 2 pages)
09:41:03 [00182/02941] R60/2000/r060-2000-gb1-2013-02 (59.9s, 2 pages)
09:41:10 [00183/02941] R60/2000/r060-2000-gb1-2012-07-rev1 (119.1s, 2 pages)
09:41:18 [00184/02941] R60/2000/r060-2000-gb1-2013-01-rev1 (98.2s, 2 pages)
09:41:26 [00185/02941] R60/2000/r060-2000-gb1-2012-07-rev2 (119.2s, 2 pages)
09:41:28 [00186/02941] R60/2000/r060-2000-gb1-2013-01 (88.9s, 2 pages)
09:41:38 [00187/02941] R60/2000/r060-2000-gb1-2014-02 (78.5s, 2 pages)
09:41:39 [00188/02941] R60/2000/r060-2000-gb1-2014-04 (46.8s, 2 pages)
09:42:12 [00189/02941] R60/2000/r060-2000-gb1-2014-03 (93.7s, 2 pages)
09:42:15 [00190/02941] R60/2000/r060-2000-gb1-2015-01 (72.2s, 2 pages)
09:42:33 [00191/02941] R60/2000/r060-2000-gb1-2016-03 (53.9s, 2 pages)
09:42:35 [00192/02941] R60/2000/r060-2000-gb1-2016-02 (56.7s, 2 pages)
09:42:35 [00193/02941] R60/2000/r060-2000-gb1-2015-03 (77.1s, 2 pages)
09:43:06 [00194/02941] R60/2000/r060-2000-gb1-2016-04 (54.1s, 2 pages)
09:43:12 [00195/02941] R60/2000/r060-2000-gb1-2015-02 (122.1s, 2 pages)
09:43:30 [00196/02941] R60/2000/r060-2000-gb1-2015-04 (124.0s, 2 pages)
09:43:37 [00197/02941] R60/2000/r060-2000-gb1-2016-05 (82.1s, 2 pages)
09:43:40 [00198/02941] R60/2000/r060-2000-gb1-2017-03 (28.1s, 2 pages)
09:43:53 [00199/02941] R60/2000/r060-2000-gb1-2016-01 (145.7s, 2 pages)
09:44:22 [00200/02941] R60/2000/r060-2000-gb1-2017-02 (76.0s, 2 pages)
09:44:29 [00201/02941] R60/2000/r060-2000-gb1-2017-05 (52.1s, 2 pages)
09:44:37 [00202/02941] R60/2000/r060-2000-gb1-2017-01 (121.7s, 2 pages)
09:44:50 [00203/02941] R60/2000/r060-2000-gb1-2017-06 (70.2s, 2 pages)
09:44:51 [00204/02941] R60/2000/r060-2000-gb1-2016-07 (138.6s, 2 pages)
09:45:23 [00205/02941] R60/2000/r060-2000-gb1-2017-07 (89.9s, 2 pages)
09:45:28 [00206/02941] R60/2000/r060-2000-gb1-2017-04 (117.7s, 2 pages)
09:45:31 [00207/02941] R60/2000/r060-2000-gb1-2017-09 (69.7s, 2 pages)
09:45:35 [00208/02941] R60/2000/r060-2000-gb1-2016-08 (180.2s, 2 pages)
09:45:40 [00209/02941] R60/2000/r060-2000-gb1-2017-12 (63.2s, 2 pages)
09:45:53 [00210/02941] R60/2000/r060-2000-gb1-2017-13 (62.8s, 2 pages)
09:46:32 [00211/02941] R60/2000/r060-2000-gb1-2017-10 (122.8s, 2 pages)
09:46:40 [00212/02941] R60/2000/r060-2000-gb1-2017-15 (72.2s, 2 pages)
09:46:51 [00213/02941] R60/2000/r060-2000-gb1-2017-14-rev1 (120.2s, 2 pages)
09:47:15 [00214/02941] R60/2000/r060-2000-gb1-2017-16 (104.0s, 2 pages)
09:47:19 [00215/02941] R60/2000/r060-2000-gb1-2017-17 (103.9s, 2 pages)
09:47:39 [00216/02941] R60/2000/r060-2000-gb1-2017-18 (118.2s, 2 pages)
FAIL R51/2006/r051-2006-nl1-2021-02: API error for R51/2006/r051-2006-nl1-2021-02: {"error" => "Net::ReadTimeout with #<TCPSocket:(closed)>"}
FAIL R51/2006/r051-2006-nl1-2015-05-rev1: API error for R51/2006/r051-2006-nl1-2015-05-rev1: {"error" => "Net::ReadTimeout with #<TCPSocket:(closed)>"}
09:49:20 [00219/02941] R60/2000/r060-2000-gb1-2017-14 (236.5s, 2 pages)
09:49:55 [00220/02941] R60/2000/r060-2000-gb1-2018-02 (183.8s, 3 pages)
09:50:26 [00221/02941] R60/2000/r060-2000-gb1-2018-01 (272.8s, 3 pages)
09:50:38 [00222/02941] R60/2000/r060-2000-gb1-2018-03-rev2 (199.1s, 3 pages)
09:51:19 [00223/02941] R60/2000/r060-2000-gb1-2018-03-rev1 (243.6s, 3 pages)
09:51:49 [00224/02941] R60/2000/r060-2000-gb1-2018-03 (249.9s, 3 pages)
09:51:50 [00225/02941] R60/2000/r060-2000-gb1-2018-05-rev1 (178.0s, 3 pages)
09:52:00 [00226/02941] R60/2000/r060-2000-gb1-2018-04 (189.1s, 3 pages)
09:52:31 [00227/02941] R60/2000/r060-2000-gb1-2018-02-rev2 (350.7s, 3 pages)
09:53:10 [00228/02941] R60/2000/r060-2000-jp1-2006-01 (69.9s, 3 pages)
09:53:16 [00229/02941] R60/2000/r060-2000-gb1-2018-05 (235.7s, 3 pages)
09:53:16 [00230/02941] R60/2000/r060-2000-gb1-2020-01 (200.6s, 3 pages)
09:53:23 [00231/02941] R60/2000/r060-2000-gb1-2020-02 (176.9s, 3 pages)
09:53:34 [00232/02941] R60/2000/r060-2000-gb1-2020-03 (176.0s, 3 pages)
09:53:35 [00233/02941] R60/2000/r060-2000-jp1-2005-01 (105.1s, 3 pages)
09:53:50 [00234/02941] R60/2000/r060-2000-jp1-2010-01 (40.1s, 3 pages)
09:53:52 [00235/02941] R60/2000/r060-2000-gb1-2021-01 (153.1s, 3 pages)
09:54:28 [00236/02941] R60/2000/r060-2000-jp1-2010-01-rev1 (117.0s, 3 pages)
09:54:48 [00237/02941] R60/2000/r060-2000-gb1-2022-01 (179.8s, 3 pages)
09:55:05 [00238/02941] R60/2000/r060-2000-gb1-2018-02-rev1 (512.9s, 3 pages)
09:55:16 [00239/02941] R60/2000/r060-2000-jp1-2010-05 (100.6s, 3 pages)
09:55:16 [00240/02941] R60/2000/r060-2000-jp1-2010-06 (84.3s, 3 pages)
09:55:34 [00241/02941] R60/2000/r060-2000-jp1-2010-04-rev1 (131.6s, 3 pages)
09:55:45 [00242/02941] R60/2000/r060-2000-jp1-2010-02 (149.1s, 3 pages)
09:56:08 [00243/02941] R60/2000/r060-2000-jp1-2010-08 (100.1s, 3 pages)
09:56:11 [00244/02941] R60/2000/r060-2000-jp1-2010-04 (157.7s, 3 pages)
09:57:06 [00245/02941] R60/2000/r060-2000-jp1-2010-09 (137.6s, 3 pages)
09:57:08 [00246/02941] R60/2000/r060-2000-jp1-2010-12 (93.9s, 3 pages)
09:57:20 [00247/02941] R60/2000/r060-2000-jp1-2010-10 (135.4s, 3 pages)
09:57:22 [00248/02941] R60/2000/r060-2000-jp1-2010-02-rev1 (246.8s, 3 pages)
09:58:09 [00249/02941] R60/2000/r060-2000-jp1-2010-14 (63.6s, 3 pages)
09:58:12 [00250/02941] R60/2000/r060-2000-jp1-2010-11 (176.3s, 3 pages)
09:59:08 [00251/02941] R60/2000/r060-2000-jp1-2010-14-rev1 (180.4s, 3 pages)
09:59:09 [00252/02941] R60/2000/r060-2000-jp1-2010-13 (204.3s, 3 pages)
09:59:15 [00253/02941] R60/2000/r060-2000-jp1-2010-12-rev1 (238.4s, 3 pages)
09:59:15 [00254/02941] R60/2000/r060-2000-jp1-2010-06-rev1 (324.9s, 3 pages)
10:00:08 [00255/02941] R60/2000/r060-2000-jp1-2010-15 (179.9s, 3 pages)
10:00:25 [00256/02941] R60/2000/r060-2000-jp1-2010-14-rev2 (253.6s, 3 pages)
10:00:33 [00257/02941] R60/2000/r060-2000-jp1-2010-16-rev1 (192.9s, 3 pages)
10:00:34 [00258/02941] R60/2000/r060-2000-jp1-2010-18 (85.4s, 3 pages)
10:01:02 [00259/02941] R60/2000/r060-2000-jp1-2010-19 (107.6s, 3 pages)
10:01:27 [00260/02941] R60/2000/r060-2000-jp1-2011-01-rev1 (61.5s, 3 pages)
10:01:29 [00261/02941] R60/2000/r060-2000-jp1-2010-17 (196.7s, 3 pages)
10:01:51 [00262/02941] R60/2000/r060-2000-jp1-2010-16 (221.0s, 3 pages)
10:01:55 [00263/02941] R60/2000/r060-2000-jp1-2011-03 (4.6s, 1 pages)
10:01:56 [00264/02941] R60/2000/r060-2000-jp1-2010-16-rev2 (273.7s, 3 pages)
10:02:17 [00265/02941] R60/2000/r060-2000-jp1-2011-01 (103.0s, 3 pages)
10:02:30 [00266/02941] R60/2000/r060-2000-jp1-2011-02 (87.4s, 3 pages)
10:02:31 [00267/02941] R60/2000/r060-2000-jp1-2010-20-rev1 (195.8s, 3 pages)
10:03:50 [00268/02941] R60/2000/r060-2000-jp1-2011-01-rev2 (196.4s, 3 pages)
10:03:50 [00269/02941] R60/2000/r060-2000-jp1-2011-07 (79.3s, 3 pages)
10:04:03 [00270/02941] R60/2000/r060-2000-jp1-2010-20 (235.0s, 3 pages)
10:04:03 [00271/02941] R60/2000/r060-2000-jp1-2011-03-rev1 (156.5s, 3 pages)
10:04:09 [00272/02941] R60/2000/r060-2000-jp1-2011-03-rev2 (160.3s, 3 pages)
10:04:26 [00273/02941] R60/2000/r060-2000-jp1-2011-06 (116.4s, 3 pages)
10:05:00 [00274/02941] R60/2000/r060-2000-jp1-2010-19-rev1 (350.4s, 3 pages)
10:05:50 [00275/02941] R60/2000/r060-2000-jp1-2011-05-rev1 (233.5s, 3 pages)
10:05:56 [00276/02941] R60/2000/r060-2000-jp1-2011-10-rev1 (107.1s, 3 pages)
10:06:09 [00277/02941] R60/2000/r060-2000-jp1-2011-08 (139.4s, 3 pages)
10:06:20 [00278/02941] R60/2000/r060-2000-jp1-2011-05 (243.0s, 3 pages)
10:06:26 [00279/02941] R60/2000/r060-2000-jp1-2011-10-rev2 (119.8s, 3 pages)
10:06:26 [00280/02941] R60/2000/r060-2000-jp1-2011-04 (271.0s, 3 pages)
10:07:22 [00281/02941] R60/2000/r060-2000-jp1-2011-08-rev1 (212.2s, 3 pages)
10:07:22 [00282/02941] R60/2000/r060-2000-jp1-2011-09-rev1 (199.2s, 3 pages)
10:07:49 [00283/02941] R60/2000/r060-2000-jp1-2012-04-rev1 (88.8s, 3 pages)
10:08:08 [00284/02941] R60/2000/r060-2000-jp1-2012-04-rev2 (102.5s, 3 pages)
10:08:09 [00285/02941] R60/2000/r060-2000-jp1-2011-09 (245.9s, 3 pages)
10:08:52 [00286/02941] R60/2000/r060-2000-jp1-2012-03 (162.3s, 3 pages)
10:09:33 [00287/02941] R60/2000/r060-2000-jp1-2012-04 (186.6s, 3 pages)
10:09:44 [00288/02941] R60/2000/r060-2000-jp1-2013-01-rev1 (95.9s, 3 pages)
10:09:56 [00289/02941] R60/2000/r060-2000-jp1-2012-05 (154.0s, 3 pages)
10:10:06 [00290/02941] R60/2000/r060-2000-jp1-2011-10 (306.7s, 3 pages)
10:10:30 [00291/02941] R60/2000/r060-2000-jp1-2012-02 (273.8s, 3 pages)
10:10:32 [00292/02941] R60/2000/r060-2000-jp1-2012-01 (282.4s, 3 pages)
10:10:47 [00293/02941] R60/2000/r060-2000-jp1-2012-05-rev1 (205.1s, 3 pages)
10:11:05 [00294/02941] R60/2000/r060-2000-jp1-2012-12-rev2 (196.7s, 3 pages)
10:11:17 [00295/02941] R60/2000/r060-2000-nl1-2003-09-rev1 (45.3s, 2 pages)
10:11:30 [00296/02941] R60/2000/r060-2000-nl1-2001-20-rev01 (60.2s, 2 pages)
10:11:32 [00297/02941] R60/2000/r060-2000-nl1-2005-01 (14.3s, 2 pages)
10:11:35 [00298/02941] R60/2000/r060-2000-nl1-2004-16-rev1 (47.9s, 2 pages)
10:11:43 [00299/02941] R60/2000/r060-2000-jp1-2017-01 (130.5s, 3 pages)
10:11:44 [00300/02941] R60/2000/r060-2000-jp1-2013-02 (172.4s, 3 pages)
10:12:06 [00301/02941] R60/2000/r060-2000-nl1-2005-04 (30.9s, 2 pages)
10:12:06 [00302/02941] R60/2000/r060-2000-nl1-2004-16-rev2 (60.7s, 2 pages)
10:12:08 [00303/02941] R60/2000/r060-2000-nl1-2005-03 (36.3s, 2 pages)
10:12:11 [00304/02941] R60/2000/r060-2000-nl1-2005-05 (27.5s, 2 pages)
10:12:19 [00305/02941] R60/2000/r060-2000-nl1-2005-06-rev1 (35.0s, 2 pages)
10:12:31 [00306/02941] R60/2000/r060-2000-nl1-2005-08 (22.6s, 2 pages)
10:12:43 [00307/02941] R60/2000/r060-2000-jp1-2022-01 (166.8s, 3 pages)
10:12:48 [00308/02941] R60/2000/r060-2000-jp1-2017-02 (183.2s, 3 pages)
10:12:49 [00309/02941] R60/2000/r060-2000-nl1-2005-06 (43.1s, 2 pages)
10:12:50 [00310/02941] R60/2000/r060-2000-nl1-2005-02 (80.3s, 2 pages)
10:12:58 [00311/02941] R60/2000/r060-2000-nl1-2005-09 (47.3s, 2 pages)
10:13:00 [00312/02941] R60/2000/r060-2000-jp1-2013-01 (291.6s, 3 pages)
10:13:13 [00313/02941] R60/2000/r060-2000-nl1-2005-12 (29.6s, 2 pages)
10:13:13 [00314/02941] R60/2000/r060-2000-nl1-2005-10 (53.9s, 2 pages)
10:13:22 [00315/02941] R60/2000/r060-2000-nl1-2005-15 (31.8s, 2 pages)
10:13:27 [00316/02941] R60/2000/r060-2000-nl1-2005-11 (56.3s, 2 pages)
10:13:30 [00317/02941] R60/2000/r060-2000-jp1-2022-02 (204.0s, 3 pages)
10:13:36 [00318/02941] R60/2000/r060-2000-nl1-2005-14 (47.3s, 2 pages)
10:13:41 [00319/02941] R60/2000/r060-2000-nl1-2005-17-rev1 (28.3s, 2 pages)
10:13:48 [00320/02941] R60/2000/r060-2000-nl1-2005-13 (60.4s, 2 pages)
10:13:48 [00321/02941] R60/2000/r060-2000-nl1-2005-16 (48.0s, 2 pages)
10:13:53 [00322/02941] R60/2000/r060-2000-nl1-2005-18 (40.2s, 2 pages)
10:13:57 [00323/02941] R60/2000/r060-2000-nl1-2005-19 (34.9s, 2 pages)
10:14:02 [00324/02941] R60/2000/r060-2000-nl1-2005-20-rev1 (35.6s, 2 pages)
10:14:12 [00325/02941] R60/2000/r060-2000-nl1-2005-20 (41.4s, 2 pages)
10:14:19 [00326/02941] R60/2000/r060-2000-nl1-2005-21 (42.5s, 2 pages)
10:14:22 [00327/02941] R60/2000/r060-2000-nl1-2006-03 (19.7s, 2 pages)
10:14:32 [00328/02941] R60/2000/r060-2000-nl1-2006-02 (34.6s, 2 pages)
10:14:32 [00329/02941] R60/2000/r060-2000-nl1-2005-23 (44.0s, 2 pages)
10:14:40 [00330/02941] R60/2000/r060-2000-nl1-2006-01 (51.3s, 2 pages)
10:14:43 [00331/02941] R60/2000/r060-2000-nl1-2005-22-rev1 (61.6s, 3 pages)
10:14:44 [00332/02941] R60/2000/r060-2000-nl1-2006-02-rev1 (50.3s, 2 pages)
10:14:45 [00333/02941] R60/2000/r060-2000-nl1-2006-04 (33.4s, 2 pages)
10:14:47 [00334/02941] R60/2000/r060-2000-nl1-2006-05 (28.6s, 2 pages)
10:15:13 [00335/02941] R60/2000/r060-2000-nl1-2005-16-rev1 (134.7s, 2 pages)
10:15:20 [00336/02941] R60/2000/r060-2000-nl1-2006-09 (37.1s, 2 pages)
10:15:20 [00337/02941] R60/2000/r060-2000-nl1-2005-07 (194.1s, 2 pages)
10:15:30 [00338/02941] R60/2000/r060-2000-nl1-2006-09-rev1 (50.0s, 2 pages)
10:15:32 [00339/02941] R60/2000/r060-2000-nl1-2006-08 (60.3s, 2 pages)
10:15:39 [00340/02941] R60/2000/r060-2000-nl1-2006-12 (26.1s, 2 pages)
10:15:43 [00341/02941] R60/2000/r060-2000-nl1-2006-06 (80.5s, 2 pages)
10:15:48 [00342/02941] R60/2000/r060-2000-nl1-2006-13 (28.3s, 2 pages)
10:15:56 [00343/02941] R60/2000/r060-2000-nl1-2006-10 (72.1s, 2 pages)
10:16:10 [00344/02941] R60/2000/r060-2000-nl1-2006-12-rev1 (82.4s, 2 pages)
10:16:18 [00345/02941] R60/2000/r060-2000-nl1-2006-11 (92.6s, 2 pages)
10:16:24 [00346/02941] R60/2000/r060-2000-nl1-2006-14 (63.7s, 2 pages)
10:16:28 [00347/02941] R60/2000/r060-2000-nl1-2006-19 (40.4s, 2 pages)
10:16:30 [00348/02941] R60/2000/r060-2000-nl1-2006-16 (58.0s, 2 pages)
10:16:31 [00349/02941] R60/2000/r060-2000-nl1-2006-17 (52.4s, 2 pages)
10:16:35 [00350/02941] R60/2000/r060-2000-nl1-2006-21-rev1 (25.7s, 2 pages)
10:16:36 [00351/02941] R60/2000/r060-2000-nl1-2006-15 (65.9s, 2 pages)
10:16:40 [00352/02941] R60/2000/r060-2000-nl1-2006-18-rev1 (57.4s, 2 pages)
10:16:58 [00353/02941] R60/2000/r060-2000-nl1-2007-03 (27.1s, 2 pages)
10:17:00 [00354/02941] R60/2000/r060-2000-nl1-2006-07 (148.4s, 2 pages)
10:17:02 [00355/02941] R60/2000/r060-2000-nl1-2006-22 (38.2s, 2 pages)
10:17:06 [00356/02941] R60/2000/r060-2000-nl1-2006-20 (69.9s, 2 pages)
10:17:08 [00357/02941] R60/2000/r060-2000-nl1-2007-02 (37.7s, 2 pages)
10:17:11 [00358/02941] R60/2000/r060-2000-nl1-2007-05 (35.4s, 2 pages)
10:17:12 [00359/02941] R60/2000/r060-2000-nl1-2006-21 (54.6s, 2 pages)
10:17:22 [00360/02941] R60/2000/r060-2000-nl1-2007-04 (46.5s, 2 pages)
10:17:25 [00361/02941] R60/2000/r060-2000-nl1-2007-07 (26.7s, 2 pages)
10:17:28 [00362/02941] R60/2000/r060-2000-nl1-2007-06 (48.0s, 2 pages)
10:17:30 [00363/02941] R60/2000/r060-2000-nl1-2007-15 (17.5s, 2 pages)
10:17:36 [00364/02941] R60/2000/r060-2000-nl1-2007-01 (68.1s, 2 pages)
10:17:36 [00365/02941] R60/2000/r060-2000-nl1-2007-09 (34.5s, 2 pages)
10:17:43 [00366/02941] R60/2000/r060-2000-nl1-2007-14 (31.4s, 2 pages)
10:17:43 [00367/02941] R60/2000/r060-2000-nl1-2007-12 (35.0s, 2 pages)
10:17:58 [00368/02941] R60/2000/r060-2000-nl1-2007-08 (58.2s, 2 pages)
10:17:59 [00369/02941] R60/2000/r060-2000-nl1-2007-17 (34.6s, 2 pages)
10:18:17 [00370/02941] R60/2000/r060-2000-nl1-2007-10 (71.5s, 2 pages)
10:18:18 [00371/02941] R60/2000/r060-2000-nl1-2007-16 (56.5s, 2 pages)
10:18:22 [00372/02941] R60/2000/r060-2000-nl1-2008-03-rev1 (39.1s, 2 pages)
10:18:22 [00373/02941] R60/2000/r060-2000-nl1-2008-02 (45.9s, 2 pages)
10:18:24 [00374/02941] R60/2000/r060-2000-nl1-2007-18-rev1 (55.4s, 2 pages)
10:18:28 [00375/02941] R60/2000/r060-2000-nl1-2007-18 (57.8s, 2 pages)
10:18:31 [00376/02941] R60/2000/r060-2000-nl1-2008-04 (32.6s, 2 pages)
10:18:32 [00377/02941] R60/2000/r060-2000-nl1-2008-03 (48.6s, 2 pages)
10:18:49 [00378/02941] R60/2000/r060-2000-nl1-2008-05 (49.2s, 2 pages)
10:18:56 [00379/02941] R60/2000/r060-2000-nl1-2008-07 (38.0s, 2 pages)
10:19:05 [00380/02941] R60/2000/r060-2000-nl1-2008-09 (42.3s, 2 pages)
10:19:06 [00381/02941] R60/2000/r060-2000-nl1-2009-01 (35.5s, 2 pages)
10:19:17 [00382/02941] R60/2000/r060-2000-nl1-2008-01 (100.5s, 2 pages)
10:19:18 [00383/02941] R60/2000/r060-2000-nl1-2008-11 (50.7s, 2 pages)
10:19:32 [00384/02941] R60/2000/r060-2000-nl1-2008-10-rev1 (68.3s, 2 pages)
10:19:35 [00385/02941] R60/2000/r060-2000-nl1-2009-05 (30.8s, 2 pages)
10:19:42 [00386/02941] R60/2000/r060-2000-nl1-2008-08 (79.9s, 2 pages)
10:19:54 [00387/02941] R60/2000/r060-2000-nl1-2009-06 (47.1s, 2 pages)
10:20:15 [00388/02941] R60/2000/r060-2000-nl1-2009-04 (78.8s, 2 pages)
10:20:24 [00389/02941] R60/2000/r060-2000-nl1-2009-07-rev1 (67.2s, 2 pages)
10:20:27 [00390/02941] R60/2000/r060-2000-nl1-2009-10 (33.7s, 2 pages)
10:20:28 [00391/02941] R60/2000/r060-2000-nl1-2009-09 (46.8s, 2 pages)
10:20:30 [00392/02941] R60/2000/r060-2000-nl1-2009-07-rev2 (71.7s, 2 pages)
10:20:32 [00393/02941] R60/2000/r060-2000-nl1-2009-03 (103.6s, 2 pages)
10:20:35 [00394/02941] R60/2000/r060-2000-nl1-2008-06 (138.2s, 2 pages)
10:20:37 [00395/02941] R60/2000/r060-2000-nl1-2009-07 (65.3s, 2 pages)
10:20:52 [00396/02941] R60/2000/r060-2000-nl1-2009-12 (25.0s, 2 pages)
10:21:00 [00397/02941] R60/2000/r060-2000-nl1-2009-08 (84.7s, 2 pages)
10:21:00 [00398/02941] R60/2000/r060-2000-nl1-2009-11-rev1 (45.3s, 2 pages)
10:21:15 [00399/02941] R60/2000/r060-2000-nl1-2009-13 (46.9s, 2 pages)
10:21:19 [00400/02941] R60/2000/r060-2000-nl1-2009-11 (54.6s, 2 pages)
10:21:21 [00401/02941] R60/2000/r060-2000-nl1-2009-02 (169.8s, 2 pages)
10:21:26 [00402/02941] R60/2000/r060-2000-nl1-2009-17 (48.8s, 2 pages)
10:21:32 [00403/02941] R60/2000/r060-2000-nl1-2009-15 (60.0s, 2 pages)
10:21:40 [00404/02941] R60/2000/r060-2000-nl1-2009-18 (47.4s, 2 pages)
10:21:53 [00405/02941] R60/2000/r060-2000-nl1-2010-06 (26.8s, 2 pages)
10:22:02 [00406/02941] R60/2000/r060-2000-nl1-2010-04 (43.7s, 2 pages)
10:22:13 [00407/02941] R60/2000/r060-2000-nl1-2010-01 (72.7s, 2 pages)
10:22:21 [00408/02941] R60/2000/r060-2000-nl1-2010-03 (66.2s, 2 pages)
10:22:24 [00409/02941] R60/2000/r060-2000-nl1-2010-02 (83.8s, 2 pages)
10:22:29 [00410/02941] R60/2000/r060-2000-nl1-2010-08 (49.1s, 2 pages)
10:22:34 [00411/02941] R60/2000/r060-2000-nl1-2010-07 (61.4s, 2 pages)
10:22:46 [00412/02941] R60/2000/r060-2000-nl1-2010-09 (52.8s, 2 pages)
10:23:00 [00413/02941] R60/2000/r060-2000-nl1-2010-12 (35.6s, 2 pages)
10:23:14 [00414/02941] R60/2000/r060-2000-nl1-2010-10 (71.1s, 2 pages)
10:23:14 [00415/02941] R60/2000/r060-2000-nl1-2010-05 (113.2s, 2 pages)
10:23:17 [00416/02941] R60/2000/r060-2000-nl1-2009-16 (161.6s, 2 pages)
10:23:21 [00417/02941] R60/2000/r060-2000-nl1-2010-14 (47.5s, 2 pages)
10:23:40 [00418/02941] R60/2000/r060-2000-nl1-2010-18 (25.7s, 2 pages)
10:23:51 [00419/02941] R60/2000/r060-2000-nl1-2010-15 (65.5s, 2 pages)
10:23:57 [00420/02941] R60/2000/r060-2000-nl1-2010-16 (57.6s, 2 pages)
10:24:06 [00421/02941] R60/2000/r060-2000-nl1-2010-17 (52.1s, 2 pages)
10:24:27 [00422/02941] R60/2000/r060-2000-nl1-2010-21 (46.9s, 2 pages)
10:24:29 [00423/02941] R60/2000/r060-2000-nl1-2009-14-rev1 (239.2s, 2 pages)
10:24:39 [00424/02941] R60/2000/r060-2000-nl1-2010-22 (47.8s, 2 pages)
10:24:56 [00425/02941] R60/2000/r060-2000-nl1-2010-20 (94.8s, 2 pages)
10:24:57 [00426/02941] R60/2000/r060-2000-nl1-2010-24 (50.9s, 2 pages)
10:24:58 [00427/02941] R60/2000/r060-2000-nl1-2010-27 (18.7s, 2 pages)
10:24:58 [00428/02941] R60/2000/r060-2000-nl1-2010-23 (60.4s, 2 pages)
10:25:02 [00429/02941] R60/2000/r060-2000-nl1-2010-11-rev2 (160.1s, 3 pages)
10:25:11 [00430/02941] R60/2000/r060-2000-nl1-2010-25 (43.7s, 2 pages)
10:25:23 [00431/02941] R60/2000/r060-2000-nl1-2010-31 (24.8s, 2 pages)
10:25:26 [00432/02941] R60/2000/r060-2000-nl1-2010-11-rev1 (193.6s, 3 pages)
10:25:27 [00433/02941] R60/2000/r060-2000-nl1-2010-28 (30.5s, 2 pages)
10:25:29 [00434/02941] R60/2000/r060-2000-nl1-2010-29 (32.3s, 2 pages)
10:25:44 [00435/02941] R60/2000/r060-2000-nl1-2010-33 (32.8s, 2 pages)
10:25:44 [00436/02941] R60/2000/r060-2000-nl1-2010-32 (42.3s, 2 pages)
10:25:45 [00437/02941] R60/2000/r060-2000-nl1-2010-19 (148.6s, 2 pages)
10:25:47 [00438/02941] R60/2000/r060-2000-nl1-2010-30 (49.2s, 2 pages)
10:25:53 [00439/02941] R60/2000/r060-2000-nl1-2010-26 (83.5s, 2 pages)
10:26:33 [00440/02941] R60/2000/r060-2000-nl1-2011-03 (49.5s, 2 pages)
10:26:34 [00441/02941] R60/2000/r060-2000-nl1-2011-02 (50.6s, 2 pages)
10:26:40 [00442/02941] R60/2000/r060-2000-nl1-2010-35 (73.4s, 2 pages)
10:27:02 [00443/02941] R60/2000/r060-2000-nl1-2011-04 (76.9s, 2 pages)
10:27:07 [00444/02941] R60/2000/r060-2000-nl1-2010-13 (278.4s, 2 pages)
10:27:12 [00445/02941] R60/2000/r060-2000-nl1-2011-06 (79.0s, 2 pages)
10:27:14 [00446/02941] R60/2000/r060-2000-nl1-2010-36 (107.9s, 2 pages)
10:27:15 [00447/02941] R60/2000/r060-2000-nl1-2011-07 (42.2s, 3 pages)
10:27:26 [00448/02941] R60/2000/r060-2000-nl1-2011-05 (98.9s, 2 pages)
10:27:32 [00449/02941] R60/2000/r060-2000-nl1-2011-09 (51.9s, 2 pages)
10:27:33 [00450/02941] R60/2000/r060-2000-nl1-2011-10 (30.8s, 2 pages)
10:27:54 [00451/02941] R60/2000/r060-2000-nl1-2011-08 (79.6s, 2 pages)
10:28:06 [00452/02941] R60/2000/r060-2000-nl1-2011-14 (50.8s, 2 pages)
10:28:15 [00453/02941] R60/2000/r060-2000-nl1-2011-12 (63.4s, 2 pages)
10:28:15 [00454/02941] R60/2000/r060-2000-nl1-2011-01 (166.4s, 2 pages)
10:28:21 [00455/02941] R60/2000/r060-2000-nl1-2011-16 (49.7s, 2 pages)
10:28:22 [00456/02941] R60/2000/r060-2000-nl1-2011-17 (49.2s, 2 pages)
10:28:50 [00457/02941] R60/2000/r060-2000-nl1-2011-13 (95.8s, 2 pages)
10:28:51 [00458/02941] R60/2000/r060-2000-nl1-2010-34 (208.0s, 2 pages)
10:28:52 [00459/02941] R60/2000/r060-2000-nl1-2011-11 (104.9s, 2 pages)
10:29:00 [00460/02941] R60/2000/r060-2000-nl1-2011-18 (66.4s, 3 pages)
10:29:20 [00461/02941] R60/2000/r060-2000-nl1-2011-19 (73.4s, 2 pages)
10:29:22 [00462/02941] R60/2000/r060-2000-nl1-2011-15 (116.6s, 2 pages)
10:29:23 [00463/02941] R60/2000/r060-2000-nl1-2011-21-rev1 (68.0s, 2 pages)
10:29:32 [00464/02941] R60/2000/r060-2000-nl1-2011-24 (40.9s, 2 pages)
10:29:54 [00465/02941] R60/2000/r060-2000-nl1-2011-22 (92.1s, 2 pages)
10:29:56 [00466/02941] R60/2000/r060-2000-nl1-2011-26 (55.4s, 2 pages)
10:30:01 [00467/02941] R60/2000/r060-2000-nl1-2011-21 (100.0s, 2 pages)
10:30:03 [00468/02941] R60/2000/r060-2000-nl1-2011-20 (108.1s, 2 pages)
10:30:04 [00469/02941] R60/2000/r060-2000-nl1-2011-23 (73.4s, 2 pages)
10:30:07 [00470/02941] R60/2000/r060-2000-nl1-2011-29 (44.3s, 2 pages)
10:30:18 [00471/02941] R60/2000/r060-2000-nl1-2011-25 (86.3s, 2 pages)
10:30:22 [00472/02941] R60/2000/r060-2000-nl1-2011-35 (17.8s, 2 pages)
10:30:29 [00473/02941] R60/2000/r060-2000-nl1-2011-28 (66.8s, 2 pages)
10:30:42 [00474/02941] R60/2000/r060-2000-nl1-2011-31 (47.8s, 2 pages)
10:30:45 [00475/02941] R60/2000/r060-2000-nl1-2011-27 (84.9s, 2 pages)
10:30:53 [00476/02941] R60/2000/r060-2000-nl1-2011-36 (45.3s, 2 pages)
10:31:13 [00477/02941] R60/2000/r060-2000-nl1-2011-33 (72.0s, 2 pages)
10:31:27 [00478/02941] R60/2000/r060-2000-nl1-2011-40 (58.2s, 2 pages)
10:31:45 [00479/02941] R60/2000/r060-2000-nl1-2011-34 (101.5s, 2 pages)
10:31:45 [00480/02941] R60/2000/r060-2000-nl1-2011-39 (83.3s, 2 pages)
10:31:50 [00481/02941] R60/2000/r060-2000-nl1-2012-02-rev1 (65.2s, 2 pages)
10:31:51 [00482/02941] R60/2000/r060-2000-nl1-2012-01 (68.8s, 2 pages)
10:31:55 [00483/02941] R60/2000/r060-2000-nl1-2012-03 (41.7s, 2 pages)
10:32:31 [00484/02941] R60/2000/r060-2000-nl1-2011-30 (179.6s, 2 pages)
10:32:37 [00485/02941] R60/2000/r060-2000-nl1-2012-04 (69.3s, 2 pages)
10:32:48 [00486/02941] R60/2000/r060-2000-nl1-2011-32 (172.5s, 2 pages)
10:32:52 [00487/02941] R60/2000/r060-2000-nl1-2012-06 (67.0s, 2 pages)
10:32:57 [00488/02941] R60/2000/r060-2000-nl1-2012-05 (72.7s, 2 pages)
10:33:17 [00489/02941] R60/2000/r060-2000-nl1-2012-09 (82.3s, 2 pages)
10:33:20 [00490/02941] R60/2000/r060-2000-nl1-2012-10 (49.3s, 2 pages)
10:33:39 [00491/02941] R60/2000/r060-2000-nl1-2012-02 (166.3s, 2 pages)
10:33:40 [00492/02941] R60/2000/r060-2000-nl1-2012-13 (42.4s, 2 pages)
10:33:51 [00493/02941] R60/2000/r060-2000-nl1-2012-11-rev1 (74.6s, 2 pages)
10:33:58 [00494/02941] R60/2000/r060-2000-nl1-2012-14 (41.0s, 2 pages)
10:34:14 [00495/02941] R60/2000/r060-2000-nl1-2012-15 (53.4s, 2 pages)
10:34:21 [00496/02941] R60/2000/r060-2000-nl1-2012-16-rev1 (42.3s, 2 pages)
10:34:28 [00497/02941] R60/2000/r060-2000-nl1-2012-11 (100.1s, 2 pages)
10:34:38 [00498/02941] R60/2000/r060-2000-nl1-2012-18 (40.0s, 2 pages)
10:34:41 [00499/02941] R60/2000/r060-2000-nl1-2012-07 (171.4s, 2 pages)
10:34:42 [00500/02941] R60/2000/r060-2000-nl1-2012-17 (51.0s, 2 pages)
10:34:59 [00501/02941] R60/2000/r060-2000-nl1-2012-19 (44.9s, 2 pages)
10:35:12 [00502/02941] R60/2000/r060-2000-nl1-2012-20 (51.0s, 2 pages)
10:35:23 [00503/02941] R60/2000/r060-2000-nl1-2012-21 (54.4s, 2 pages)
10:35:27 [00504/02941] R60/2000/r060-2000-nl1-2012-23 (46.1s, 2 pages)
10:35:36 [00505/02941] R60/2000/r060-2000-nl1-2012-24 (54.0s, 2 pages)
10:35:42 [00506/02941] R60/2000/r060-2000-nl1-2012-16 (122.1s, 2 pages)
10:35:50 [00507/02941] R60/2000/r060-2000-nl1-2012-26 (37.2s, 2 pages)
10:36:02 [00508/02941] R60/2000/r060-2000-nl1-2012-22 (83.5s, 2 pages)
10:36:04 [00509/02941] R60/2000/r060-2000-nl1-2012-28 (36.1s, 2 pages)
10:36:10 [00510/02941] R60/2000/r060-2000-nl1-2012-25 (70.9s, 2 pages)
10:36:17 [00511/02941] R60/2000/r060-2000-nl1-2012-12 (204.7s, 2 pages)
10:36:17 [00512/02941] R60/2000/r060-2000-nl1-2012-30 (35.4s, 2 pages)
10:36:37 [00513/02941] R60/2000/r060-2000-nl1-2012-29 (60.9s, 2 pages)
10:36:50 [00514/02941] R60/2000/r060-2000-nl1-2012-36 (33.1s, 2 pages)
10:36:52 [00515/02941] R60/2000/r060-2000-nl1-2012-34 (42.9s, 2 pages)
10:36:53 [00516/02941] R60/2000/r060-2000-nl1-2012-33 (49.8s, 2 pages)
10:37:06 [00517/02941] R60/2000/r060-2000-nl1-2012-27 (103.4s, 2 pages)
10:37:06 [00518/02941] R60/2000/r060-2000-nl1-2012-32 (64.2s, 2 pages)
10:37:17 [00519/02941] R60/2000/r060-2000-nl1-2012-08 (325.6s, 2 pages)
10:37:20 [00520/02941] R60/2000/r060-2000-nl1-2012-31 (90.7s, 2 pages)
10:37:27 [00521/02941] R60/2000/r060-2000-nl1-2012-38 (36.8s, 2 pages)
10:37:32 [00522/02941] R60/2000/r060-2000-nl1-2012-40 (26.0s, 2 pages)
10:37:47 [00523/02941] R60/2000/r060-2000-nl1-2012-39-rev1 (54.6s, 2 pages)
10:37:47 [00524/02941] R60/2000/r060-2000-nl1-2012-41 (41.1s, 2 pages)
10:37:52 [00525/02941] R60/2000/r060-2000-nl1-2012-42 (35.2s, 2 pages)
10:37:57 [00526/02941] R60/2000/r060-2000-nl1-2012-44 (25.4s, 2 pages)
10:38:01 [00527/02941] R60/2000/r060-2000-nl1-2012-39 (67.5s, 2 pages)
10:38:06 [00528/02941] R60/2000/r060-2000-nl1-2011-37 (467.6s, 2 pages)
10:38:10 [00529/02941] R60/2000/r060-2000-nl1-2012-37 (93.1s, 2 pages)
10:38:14 [00530/02941] R60/2000/r060-2000-nl1-2012-44-rev1 (46.7s, 2 pages)
10:38:16 [00531/02941] R60/2000/r060-2000-nl1-2012-43 (55.4s, 2 pages)
10:38:47 [00532/02941] R60/2000/r060-2000-nl1-2012-49 (45.8s, 2 pages)
10:38:48 [00533/02941] R60/2000/r060-2000-nl1-2012-48 (50.3s, 2 pages)
10:38:52 [00534/02941] R60/2000/r060-2000-nl1-2012-50 (46.2s, 2 pages)
10:38:55 [00535/02941] R60/2000/r060-2000-nl1-2012-35 (158.5s, 2 pages)
10:39:00 [00536/02941] R60/2000/r060-2000-nl1-2012-47 (68.1s, 2 pages)
10:39:01 [00537/02941] R60/2000/r060-2000-nl1-2012-45 (73.7s, 2 pages)
10:39:30 [00538/02941] R60/2000/r060-2000-nl1-2012-53 (74.2s, 2 pages)
10:39:41 [00539/02941] R60/2000/r060-2000-nl1-2013-01-rev1 (45.6s, 3 pages)
10:39:41 [00540/02941] R60/2000/r060-2000-nl1-2012-54-rev1 (54.3s, 2 pages)
10:39:44 [00541/02941] R60/2000/r060-2000-nl1-2012-51 (93.4s, 2 pages)
10:39:53 [00542/02941] R60/2000/r060-2000-nl1-2013-02-rev1 (52.2s, 3 pages)
10:40:01 [00543/02941] R60/2000/r060-2000-nl1-2012-55-rev1 (73.4s, 2 pages)
10:40:11 [00544/02941] R60/2000/r060-2000-nl1-2012-55 (78.8s, 2 pages)
10:40:11 [00545/02941] R60/2000/r060-2000-nl1-2013-01 (71.4s, 2 pages)
10:40:12 [00546/02941] R60/2000/r060-2000-nl1-2013-03 (31.2s, 2 pages)
10:40:14 [00547/02941] R60/2000/r060-2000-nl1-2013-05 (30.8s, 2 pages)
10:40:24 [00548/02941] R60/2000/r060-2000-nl1-2012-46 (157.1s, 2 pages)
10:40:28 [00549/02941] R60/2000/r060-2000-nl1-2013-06 (34.7s, 2 pages)
10:40:29 [00550/02941] R60/2000/r060-2000-nl1-2013-02 (59.4s, 2 pages)
10:40:46 [00551/02941] R60/2000/r060-2000-nl1-2013-08 (35.0s, 2 pages)
10:40:53 [00552/02941] R60/2000/r060-2000-nl1-2013-04-rev1 (72.2s, 3 pages)
10:41:00 [00553/02941] R60/2000/r060-2000-nl1-2013-09 (48.0s, 2 pages)
10:41:25 [00554/02941] R60/2000/r060-2000-nl1-2013-10 (70.3s, 2 pages)
10:41:27 [00555/02941] R60/2000/r060-2000-nl1-2013-08-rev1 (76.2s, 2 pages)
10:41:29 [00556/02941] R60/2000/r060-2000-nl1-2013-12 (60.2s, 2 pages)
10:41:39 [00557/02941] R60/2000/r060-2000-nl1-2013-13 (52.6s, 2 pages)
10:41:45 [00558/02941] R60/2000/r060-2000-nl1-2013-12-rev1 (77.2s, 2 pages)
10:42:03 [00559/02941] R60/2000/r060-2000-nl1-2013-11 (98.4s, 2 pages)
10:42:07 [00560/02941] R60/2000/r060-2000-nl1-2013-16 (40.5s, 2 pages)
10:42:07 [00561/02941] R60/2000/r060-2000-nl1-2013-15 (42.8s, 2 pages)
10:42:16 [00562/02941] R60/2000/r060-2000-nl1-2013-07 (134.8s, 2 pages)
10:42:18 [00563/02941] R60/2000/r060-2000-nl1-2013-14 (78.3s, 2 pages)
10:42:27 [00564/02941] R60/2000/r060-2000-nl1-2013-21 (19.7s, 2 pages)
10:42:33 [00565/02941] R60/2000/r060-2000-nl1-2013-17 (53.9s, 2 pages)
11:24:15 [00566/02941] R60/2000/r060-2000-nl1-2013-18 (2549.9s, 2 pages)
11:24:23 [00567/02941] R60/2000/r060-2000-nl1-2012-52 (2769.3s, 2 pages)
11:24:28 [00568/02941] R60/2000/r060-2000-nl1-2013-19 (2545.7s, 2 pages)
11:24:36 [00569/02941] R60/2000/r060-2000-nl1-2013-22 (2538.0s, 2 pages)
11:25:04 [00570/02941] R60/2000/r060-2000-nl1-2013-25-rev1 (41.1s, 2 pages)
11:25:05 [00571/02941] R60/2000/r060-2000-nl1-2013-25 (36.5s, 2 pages)
11:25:05 [00572/02941] R60/2000/r060-2000-nl1-2013-24 (50.8s, 2 pages)
11:25:13 [00573/02941] R60/2000/r060-2000-nl1-2013-22-rev1 (2577.3s, 3 pages)
11:25:28 [00574/02941] R60/2000/r060-2000-nl1-2013-23 (2574.7s, 2 pages)
11:25:34 [00575/02941] R60/2000/r060-2000-nl1-2014-02-rev1 (29.4s, 3 pages)
11:25:34 [00576/02941] R60/2000/r060-2000-nl1-2013-14-rev1 (2681.4s, 2 pages)
11:26:05 [00577/02941] R60/2000/r060-2000-nl1-2013-23-rev1 (2617.4s, 3 pages)
11:26:21 [00578/02941] R60/2000/r060-2000-nl1-2014-05 (46.4s, 2 pages)
11:26:38 [00579/02941] R60/2000/r060-2000-nl1-2014-04 (70.9s, 2 pages)
11:26:48 [00580/02941] R60/2000/r060-2000-nl1-2014-06 (73.9s, 2 pages)
11:26:49 [00581/02941] R60/2000/r060-2000-nl1-2013-21-rev1 (2681.2s, 3 pages)
11:26:51 [00582/02941] R60/2000/r060-2000-nl1-2014-01 (107.0s, 2 pages)
11:27:08 [00583/02941] R60/2000/r060-2000-nl1-2014-02 (122.8s, 3 pages)
11:27:11 [00584/02941] R60/2000/r060-2000-nl1-2014-09 (32.5s, 2 pages)
11:27:22 [00585/02941] R60/2000/r060-2000-nl1-2014-03 (129.4s, 2 pages)
11:27:28 [00586/02941] R60/2000/r060-2000-nl1-2014-11 (39.5s, 2 pages)
11:27:43 [00587/02941] R60/2000/r060-2000-nl1-2014-07 (98.8s, 2 pages)
11:27:48 [00588/02941] R60/2000/r060-2000-nl1-2013-26 (191.5s, 3 pages)
11:27:49 [00589/02941] R60/2000/r060-2000-nl1-2013-17-rev01 (2780.0s, 3 pages)
11:27:54 [00590/02941] R60/2000/r060-2000-nl1-2014-10 (66.0s, 2 pages)
11:28:00 [00591/02941] R60/2000/r060-2000-nl1-2014-15 (31.5s, 2 pages)
11:28:15 [00592/02941] R60/2000/r060-2000-nl1-2014-15-rev1 (52.3s, 3 pages)
11:28:16 [00593/02941] R60/2000/r060-2000-nl1-2014-08 (114.9s, 3 pages)
11:28:45 [00594/02941] R60/2000/r060-2000-nl1-2014-16 (56.9s, 2 pages)
11:28:47 [00595/02941] R60/2000/r060-2000-nl1-2014-17 (52.5s, 2 pages)
11:28:59 [00596/02941] R60/2000/r060-2000-nl1-2014-18-rev1 (59.1s, 3 pages)
11:29:01 [00597/02941] R60/2000/r060-2000-nl1-2014-14 (110.5s, 2 pages)
11:29:06 [00598/02941] R60/2000/r060-2000-nl1-2014-18 (50.8s, 2 pages)
11:29:20 [00599/02941] R60/2000/r060-2000-nl1-2014-13 (131.9s, 3 pages)
11:29:31 [00600/02941] R60/2000/r060-2000-nl1-2014-17-rev1 (101.7s, 3 pages)
11:29:38 [00601/02941] R60/2000/r060-2000-nl1-2014-19 (52.9s, 2 pages)
11:29:38 [00602/02941] R60/2000/r060-2000-nl1-2014-16-rev1 (114.4s, 3 pages)
11:30:01 [00603/02941] R60/2000/r060-2000-nl1-2014-21 (55.8s, 2 pages)
11:30:11 [00604/02941] R60/2000/r060-2000-nl1-2014-19-rev1 (115.6s, 3 pages)
11:30:15 [00605/02941] R60/2000/r060-2000-nl1-2014-24-rev1 (36.8s, 2 pages)
11:30:18 [00606/02941] R60/2000/r060-2000-nl1-2014-21-rev1 (76.5s, 3 pages)
11:30:33 [00607/02941] R60/2000/r060-2000-nl1-2014-23 (55.5s, 2 pages)
11:30:36 [00608/02941] R60/2000/r060-2000-nl1-2014-22 (65.3s, 2 pages)
11:30:49 [00609/02941] R60/2000/r060-2000-nl1-2014-12 (237.6s, 2 pages)
11:31:02 [00610/02941] R60/2000/r060-2000-nl1-2014-20-rev1 (135.4s, 3 pages)
11:31:03 [00611/02941] R60/2000/r060-2000-nl1-2015-01 (26.2s, 2 pages)
11:31:09 [00612/02941] R60/2000/r060-2000-nl1-2014-27 (51.5s, 2 pages)
11:31:20 [00613/02941] R60/2000/r060-2000-nl1-2014-26 (65.8s, 2 pages)
11:31:29 [00614/02941] R60/2000/r060-2000-nl1-2014-20 (149.8s, 2 pages)
11:31:29 [00615/02941] R60/2000/r060-2000-nl1-2015-02 (39.7s, 2 pages)
11:31:30 [00616/02941] R60/2000/r060-2000-nl1-2014-28 (56.5s, 2 pages)
11:31:32 [00617/02941] R60/2000/r060-2000-nl1-2014-25 (80.7s, 2 pages)
11:31:49 [00618/02941] R60/2000/r060-2000-nl1-2014-22-rev1 (148.7s, 3 pages)
11:31:55 [00619/02941] R60/2000/r060-2000-nl1-2015-03 (53.2s, 2 pages)
11:32:01 [00620/02941] R60/2000/r060-2000-nl1-2014-24 (119.8s, 2 pages)
11:32:11 [00621/02941] R60/2000/r060-2000-nl1-2015-09 (39.3s, 2 pages)
11:32:18 [00622/02941] R60/2000/r060-2000-nl1-2015-07 (49.1s, 2 pages)
11:32:36 [00623/02941] R60/2000/r060-2000-nl1-2015-05 (86.8s, 2 pages)
11:32:49 [00624/02941] R60/2000/r060-2000-nl1-2015-04 (106.6s, 2 pages)
11:32:54 [00625/02941] R60/2000/r060-2000-nl1-2015-07-rev1 (85.7s, 3 pages)
11:32:55 [00626/02941] R60/2000/r060-2000-nl1-2015-11 (53.9s, 2 pages)
11:32:59 [00627/02941] R60/2000/r060-2000-nl1-2015-08 (89.3s, 2 pages)
11:33:00 [00628/02941] R60/2000/r060-2000-nl1-2015-13 (42.1s, 2 pages)
11:33:03 [00629/02941] R60/2000/r060-2000-nl1-2015-11-rev1 (68.0s, 3 pages)
11:33:17 [00630/02941] R60/2000/r060-2000-nl1-2015-12 (65.6s, 2 pages)
11:33:19 [00631/02941] R60/2000/r060-2000-nl1-2015-10 (90.0s, 2 pages)
11:33:47 [00632/02941] R60/2000/r060-2000-nl1-2015-15-rev1 (57.7s, 3 pages)
11:33:51 [00633/02941] R60/2000/r060-2000-nl1-2015-16 (56.1s, 2 pages)
11:33:53 [00634/02941] R60/2000/r060-2000-nl1-2015-17-rev1 (53.9s, 3 pages)
11:33:58 [00635/02941] R60/2000/r060-2000-nl1-2015-17-rev2 (58.4s, 3 pages)
11:34:00 [00636/02941] R60/2000/r060-2000-nl1-2015-17 (56.8s, 2 pages)
11:34:02 [00637/02941] R60/2000/r060-2000-nl1-2015-18 (45.1s, 2 pages)
11:34:14 [00638/02941] R60/2000/r060-2000-nl1-2015-15 (79.6s, 2 pages)
11:34:33 [00639/02941] R60/2000/r060-2000-nl1-2015-19 (74.2s, 2 pages)
11:34:43 [00640/02941] R60/2000/r060-2000-nl1-2015-20 (56.0s, 2 pages)
11:34:44 [00641/02941] R60/2000/r060-2000-nl1-2015-14 (127.5s, 2 pages)
11:34:46 [00642/02941] R60/2000/r060-2000-nl1-2016-02 (32.5s, 2 pages)
11:34:53 [00643/02941] R60/2000/r060-2000-nl1-2015-21 (62.2s, 2 pages)
11:34:56 [00644/02941] R60/2000/r060-2000-nl1-2015-06 (215.9s, 2 pages)
11:34:58 [00645/02941] R60/2000/r060-2000-nl1-2015-22 (64.9s, 2 pages)
11:35:08 [00646/02941] R60/2000/r060-2000-nl1-2015-26 (68.2s, 2 pages)
11:35:09 [00647/02941] R60/2000/r060-2000-nl1-2016-01 (67.0s, 2 pages)
11:35:10 [00648/02941] R60/2000/r060-2000-nl1-2016-05 (25.9s, 2 pages)
11:35:22 [00648/02941] R60/2000/r060-2000-nl1-2016-06 (35.5s, 2 pages)
11:35:22 [00648/02941] R60/2000/r060-2000-nl1-2016-07 (28.8s, 2 pages)
11:35:23 [00648/02941] R60/2000/r060-2000-nl1-2015-24 (84.6s, 2 pages)
11:35:23 [00648/02941] R60/2000/r060-2000-nl1-2016-03 (50.2s, 2 pages)
11:35:39 [00653/02941] R60/2000/r060-2000-nl1-2016-08 (43.0s, 2 pages)
11:35:41 [00653/02941] R60/2000/r060-2000-nl1-2016-04 (58.3s, 3 pages)
11:36:03 [00655/02941] R60/2000/r060-2000-nl1-2016-09 (65.1s, 2 pages)
11:36:14 [00656/02941] R60/2000/r060-2000-nl1-2016-10 (66.1s, 2 pages)
11:36:19 [00656/02941] R60/2000/r060-2000-nl1-2016-18 (27.2s, 2 pages)
11:36:48 [00658/02941] R60/2000/r060-2000-nl1-2016-13 (77.1s, 2 pages)
11:36:57 [00659/02941] R60/2000/r060-2000-nl1-2016-15 (86.1s, 2 pages)
11:36:58 [00659/02941] R60/2000/r060-2000-nl1-2016-14 (87.3s, 2 pages)
11:37:05 [00659/02941] R60/2000/r060-2000-nl1-2016-20 (60.2s, 2 pages)
11:37:09 [00662/02941] R60/2000/r060-2000-nl1-2016-16 (98.2s, 2 pages)
11:37:13 [00662/02941] R60/2000/r060-2000-nl1-2016-11 (124.4s, 2 pages)
11:37:15 [00662/02941] R60/2000/r060-2000-nl1-2016-21 (46.0s, 2 pages)
11:37:37 [00665/02941] R60/2000/r060-2000-nl1-2016-22 (68.1s, 2 pages)
11:37:43 [00665/02941] R60/2000/r060-2000-nl1-2016-12 (132.2s, 2 pages)
11:37:53 [00667/02941] R60/2000/r060-2000-nl1-2016-27 (47.1s, 2 pages)
11:38:02 [00667/02941] R60/2000/r060-2000-nl1-2016-34 (45.4s, 2 pages)
11:38:10 [00669/02941] R60/2000/r060-2000-nl1-2016-25 (64.1s, 2 pages)
11:38:30 [00670/02941] R60/2000/r060-2000-nl1-2016-29 (73.6s, 2 pages)
11:38:41 [00671/02941] R60/2000/r060-2000-nl1-2016-35 (56.8s, 2 pages)
11:38:46 [00672/02941] R60/2000/r060-2000-nl1-2016-40 (41.9s, 2 pages)
11:38:51 [00673/02941] R60/2000/r060-2000-nl1-2016-33 (93.9s, 2 pages)
11:38:51 [00674/02941] R60/2000/r060-2000-nl1-2016-42-rev1 (41.5s, 3 pages)
11:39:10 [00675/02941] R60/2000/r060-2000-nl1-2016-24 (142.9s, 3 pages)
11:39:14 [00676/02941] R60/2000/r060-2000-nl1-2016-39 (70.1s, 2 pages)
11:39:21 [00677/02941] R60/2000/r060-2000-nl1-2016-46 (34.9s, 2 pages)
11:39:22 [00678/02941] R60/2000/r060-2000-nl1-2016-45 (41.6s, 2 pages)
11:39:25 [00679/02941] R60/2000/r060-2000-nl1-2016-38 (101.2s, 2 pages)
11:39:25 [00680/02941] R60/2000/r060-2000-nl1-2016-26 (139.6s, 2 pages)
11:39:38 [00681/02941] R60/2000/r060-2000-nl1-2016-42 (68.0s, 2 pages)
11:39:39 [00682/02941] R60/2000/r060-2000-nl1-2017-01 (47.5s, 2 pages)
11:39:41 [00683/02941] R60/2000/r060-2000-nl1-2017-02 (30.5s, 2 pages)
11:39:50 [00684/02941] R60/2000/r060-2000-nl1-2016-47 (59.1s, 2 pages)
11:39:54 [00685/02941] R60/2000/r060-2000-nl1-2017-03-rev01 (39.5s, 3 pages)
11:39:56 [00686/02941] R60/2000/r060-2000-nl1-2017-04 (35.4s, 2 pages)
11:40:06 [00687/02941] R60/2000/r060-2000-nl1-2017-07 (40.7s, 2 pages)
11:40:33 [00688/02941] R60/2000/r060-2000-nl1-2017-06 (68.4s, 2 pages)
11:40:34 [00689/02941] R60/2000/r060-2000-nl1-2017-05 (72.1s, 2 pages)
11:40:36 [00690/02941] R60/2000/r060-2000-nl1-2017-10 (55.4s, 2 pages)
11:40:39 [00691/02941] R60/2000/r060-2000-nl1-2016-19 (287.1s, 3 pages)
11:40:40 [00692/02941] R60/2000/r060-2000-nl1-2017-11-rev1 (50.2s, 3 pages)
11:40:47 [00693/02941] R60/2000/r060-2000-nl1-2017-08 (68.5s, 2 pages)
11:40:55 [00694/02941] R60/2000/r060-2000-nl1-2017-11 (61.9s, 2 pages)
11:41:02 [00695/02941] R60/2000/r060-2000-nl1-2017-13 (55.6s, 2 pages)
11:41:02 [00696/02941] R60/2000/r060-2000-nl1-2017-18 (22.3s, 2 pages)
11:41:06 [00697/02941] R60/2000/r060-2000-nl1-2017-15 (32.1s, 2 pages)
11:41:09 [00698/02941] R60/2000/r060-2000-nl1-2017-12-rev1 (72.7s, 3 pages)
11:41:14 [00699/02941] R60/2000/r060-2000-nl1-2017-16 (37.1s, 2 pages)
11:41:22 [00700/02941] R60/2000/r060-2000-nl1-2017-17 (42.7s, 2 pages)
11:41:30 [00701/02941] R60/2000/r060-2000-nl1-2017-09 (111.3s, 2 pages)
11:41:39 [00702/02941] R60/2000/r060-2000-nl1-2017-24 (30.3s, 2 pages)
11:41:42 [00703/02941] R60/2000/r060-2000-nl1-2017-20 (47.0s, 2 pages)
11:41:47 [00704/02941] R60/2000/r060-2000-nl1-2017-21 (45.9s, 2 pages)
11:41:50 [00705/02941] R60/2000/r060-2000-nl1-2017-26 (28.4s, 2 pages)
11:42:00 [00706/02941] R60/2000/r060-2000-nl1-2017-25 (46.2s, 2 pages)
11:42:02 [00707/02941] R60/2000/r060-2000-nl1-2017-22 (60.0s, 2 pages)
11:42:06 [00708/02941] R60/2000/r060-2000-nl1-2017-27 (35.8s, 2 pages)
11:42:13 [00709/02941] R60/2000/r060-2000-nl1-2017-14 (99.3s, 2 pages)
11:42:13 [00710/02941] R60/2000/r060-2000-nl1-2017-23 (67.0s, 2 pages)
11:42:15 [00711/02941] R60/2000/r060-2000-nl1-2017-19 (88.1s, 2 pages)
11:42:33 [00712/02941] R60/2000/r060-2000-nl1-2017-28 (53.9s, 2 pages)
11:42:36 [00713/02941] R60/2000/r060-2000-nl1-2017-32 (36.3s, 2 pages)
11:42:44 [00714/02941] R60/2000/r060-2000-nl1-2017-29 (61.2s, 2 pages)
11:42:47 [00715/02941] R60/2000/r060-2000-nl1-2017-33 (44.4s, 2 pages)
11:42:51 [00716/02941] R60/2000/r060-2000-nl1-2017-37 (35.7s, 2 pages)
11:43:06 [00717/02941] R60/2000/r060-2000-nl1-2017-35 (53.3s, 2 pages)
11:43:09 [00718/02941] R60/2000/r060-2000-nl1-2017-36 (55.2s, 2 pages)
11:43:28 [00719/02941] R60/2000/r060-2000-nl1-2017-34 (81.8s, 2 pages)
11:43:34 [00720/02941] R60/2000/r060-2000-nl1-2017-39 (58.1s, 2 pages)
11:43:37 [00721/02941] R60/2000/r060-2000-nl1-2017-40-rev1 (52.9s, 3 pages)
11:43:40 [00722/02941] R60/2000/r060-2000-nl1-2017-41 (53.7s, 2 pages)
11:43:43 [00723/02941] R60/2000/r060-2000-nl1-2017-30 (115.4s, 2 pages)
11:43:45 [00724/02941] R60/2000/r060-2000-nl1-2017-31 (114.6s, 2 pages)
11:44:05 [00725/02941] R60/2000/r060-2000-nl1-2017-42-rev1 (73.9s, 3 pages)
11:44:07 [00726/02941] R60/2000/r060-2000-nl1-2017-44 (39.4s, 2 pages)
11:44:19 [00727/02941] R60/2000/r060-2000-nl1-2017-38 (106.3s, 2 pages)
11:44:20 [00728/02941] R60/2000/r060-2000-nl1-2017-45 (46.3s, 2 pages)
11:44:42 [00729/02941] R60/2000/r060-2000-nl1-2017-49 (56.9s, 2 pages)
11:44:46 [00730/02941] R60/2000/r060-2000-nl1-2017-47 (65.8s, 3 pages)
11:44:51 [00731/02941] R60/2000/r060-2000-nl1-2017-43 (102.3s, 2 pages)
11:44:55 [00732/02941] R60/2000/r060-2000-nl1-2017-46 (78.7s, 2 pages)
11:44:59 [00733/02941] R60/2000/r060-2000-nl1-2017-51 (51.4s, 2 pages)
11:45:03 [00734/02941] R60/2000/r060-2000-nl1-2017-48 (80.3s, 2 pages)
11:45:31 [00735/02941] R60/2000/r060-2000-nl1-2017-58-rev1 (27.8s, 3 pages)
11:45:32 [00736/02941] R60/2000/r060-2000-nl1-2017-50 (88.0s, 2 pages)
11:45:33 [00737/02941] R60/2000/r060-2000-nl1-2017-53 (72.2s, 2 pages)
11:45:37 [00738/02941] R60/2000/r060-2000-nl1-2017-42 (151.3s, 2 pages)
11:45:49 [00739/02941] R60/2000/r060-2000-nl1-2017-56 (58.2s, 2 pages)
11:46:03 [00740/02941] R60/2000/r060-2000-nl1-2017-54 (81.1s, 2 pages)
11:46:06 [00741/02941] R60/2000/r060-2000-nl1-2017-52 (106.1s, 3 pages)
11:46:19 [00742/02941] R60/2000/r060-2000-nl1-2017-61 (41.9s, 2 pages)
11:46:22 [00743/02941] R60/2000/r060-2000-nl1-2017-57 (83.1s, 3 pages)
11:46:26 [00744/02941] R60/2000/r060-2000-nl1-2017-59 (53.2s, 2 pages)
11:46:33 [00745/02941] R60/2000/r060-2000-nl1-2017-55 (107.0s, 2 pages)
11:46:35 [00746/02941] R60/2000/r060-2000-nl1-2017-60 (62.4s, 2 pages)
11:46:41 [00747/02941] R60/2000/r060-2000-nl1-2017-58 (69.6s, 2 pages)
11:46:51 [00748/02941] R60/2000/r060-2000-nl1-2017-64 (45.5s, 2 pages)
11:46:55 [00749/02941] R60/2000/r060-2000-nl1-2017-65 (36.0s, 2 pages)
11:47:10 [00750/02941] R60/2000/r060-2000-nl1-2017-68 (35.0s, 2 pages)
11:47:19 [00751/02941] R60/2000/r060-2000-nl1-2017-67 (45.9s, 2 pages)
11:47:28 [00752/02941] R60/2000/r060-2000-nl1-2017-67-rev1 (61.8s, 3 pages)
11:47:29 [00753/02941] R60/2000/r060-2000-nl1-2017-66 (67.4s, 2 pages)
11:47:32 [00754/02941] R60/2000/r060-2000-nl1-2017-63 (89.6s, 2 pages)
11:47:59 [00755/02941] R60/2000/r060-2000-nl1-2018-05 (26.6s, 2 pages)
11:48:00 [00756/02941] R60/2000/r060-2000-nl1-2017-70 (68.6s, 2 pages)
11:48:10 [00757/02941] R60/2000/r060-2000-nl1-2017-69 (89.7s, 2 pages)
11:48:20 [00758/02941] R60/2000/r060-2000-nl1-2018-01-rev1 (84.5s, 2 pages)
11:48:21 [00759/02941] R60/2000/r060-2000-nl1-2018-03 (53.1s, 2 pages)
11:48:33 [00760/02941] R60/2000/r060-2000-nl1-2018-07 (33.5s, 2 pages)
11:48:34 [00761/02941] R60/2000/r060-2000-nl1-2017-62 (165.4s, 2 pages)
11:48:42 [00762/02941] R60/2000/r060-2000-nl1-2018-02 (83.0s, 2 pages)
11:48:55 [00763/02941] R60/2000/r060-2000-nl1-2018-11 (34.9s, 2 pages)
11:49:00 [00764/02941] R60/2000/r060-2000-nl1-2017-57-rev1 (244.7s, 3 pages)
11:49:00 [00765/02941] R60/2000/r060-2000-nl1-2018-06 (61.3s, 2 pages)
11:49:03 [00766/02941] R60/2000/r060-2000-nl1-2018-01 (112.9s, 2 pages)
11:49:03 [00767/02941] R60/2000/r060-2000-nl1-2018-04 (94.0s, 2 pages)
11:49:26 [00768/02941] R60/2000/r060-2000-nl1-2018-10 (66.4s, 2 pages)
11:49:36 [00769/02941] R60/2000/r060-2000-nl1-2018-13 (53.8s, 3 pages)
11:49:44 [00770/02941] R60/2000/r060-2000-nl1-2018-09 (93.6s, 2 pages)
11:49:44 [00771/02941] R60/2000/r060-2000-nl1-2018-15 (48.3s, 2 pages)
11:50:01 [00772/02941] R60/2000/r060-2000-nl1-2018-16-rev1 (60.6s, 3 pages)
11:50:03 [00773/02941] R60/2000/r060-2000-nl1-2018-20 (36.6s, 2 pages)
11:50:21 [00774/02941] R60/2000/r060-2000-nl1-2018-18 (78.3s, 2 pages)
11:50:28 [00775/02941] R60/2000/r060-2000-nl1-2018-26 (44.1s, 2 pages)
11:50:35 [00776/02941] R60/2000/r060-2000-nl1-2018-16 (94.3s, 2 pages)
11:50:39 [00777/02941] R60/2000/r060-2000-nl1-2018-22 (55.7s, 2 pages)
11:50:50 [00778/02941] R60/2000/r060-2000-nl1-2018-17 (107.1s, 2 pages)
11:51:02 [00779/02941] R60/2000/r060-2000-nl1-2018-30 (34.2s, 2 pages)
11:51:04 [00780/02941] R60/2000/r060-2000-nl1-2018-28 (61.2s, 2 pages)
11:51:11 [00781/02941] R60/2000/r060-2000-nl1-2018-29 (50.2s, 2 pages)
11:51:13 [00782/02941] R60/2000/r060-2000-nl1-2018-21 (97.0s, 2 pages)
11:51:27 [00783/02941] R60/2000/r060-2000-nl1-2018-32 (47.2s, 2 pages)
11:51:27 [00784/02941] R60/2000/r060-2000-nl1-2018-12-rev1 (174.0s, 3 pages)
11:51:32 [00785/02941] R60/2000/r060-2000-nl1-2018-27 (91.3s, 2 pages)
11:51:40 [00786/02941] R60/2000/r060-2000-nl1-2019-01 (28.5s, 2 pages)
11:51:48 [00787/02941] R60/2000/r060-2000-nl1-2018-12 (193.6s, 3 pages)
11:51:51 [00788/02941] R60/2000/r060-2000-nl1-2018-33 (61.3s, 2 pages)
11:51:58 [00789/02941] R60/2000/r060-2000-nl1-2019-05 (31.3s, 2 pages)
11:52:16 [00790/02941] R60/2000/r060-2000-nl1-2018-31 (101.5s, 2 pages)
11:52:31 [00791/02941] R60/2000/r060-2000-nl1-2019-06 (51.4s, 2 pages)
11:52:38 [00792/02941] R60/2000/r060-2000-nl1-2019-08 (39.9s, 2 pages)
11:52:41 [00793/02941] R60/2000/r060-2000-nl1-2019-06-rev1 (69.3s, 3 pages)
11:52:50 [00794/02941] R60/2000/r060-2000-nl1-2018-34 (107.8s, 2 pages)
11:52:55 [00795/02941] R60/2000/r060-2000-nl1-2019-09 (39.2s, 2 pages)
11:53:00 [00796/02941] R60/2000/r060-2000-nl1-2019-02 (107.4s, 2 pages)
11:53:11 [00797/02941] R60/2000/r060-2000-nl1-2018-35 (127.0s, 2 pages)
11:53:21 [00798/02941] R60/2000/r060-2000-nl1-2019-11 (42.8s, 2 pages)
11:53:39 [00799/02941] R60/2000/r060-2000-nl1-2019-14 (43.7s, 2 pages)
11:53:46 [00800/02941] R60/2000/r060-2000-nl1-2019-07 (114.0s, 2 pages)
11:53:53 [00801/02941] R60/2000/r060-2000-nl1-2019-10 (81.9s, 2 pages)
11:53:57 [00802/02941] R60/2000/r060-2000-nl1-2019-12 (76.3s, 2 pages)
11:54:00 [00803/02941] R60/2000/r060-2000-nl1-2019-13 (70.0s, 2 pages)
11:54:08 [00804/02941] R60/2000/r060-2000-nl1-2019-16 (56.8s, 2 pages)
11:54:17 [00805/02941] R60/2000/r060-2000-nl1-2019-15 (76.2s, 2 pages)
11:54:17 [00806/02941] R60/2000/r060-2000-nl1-2019-03 (170.8s, 2 pages)
11:54:32 [00807/02941] R60/2000/r060-2000-nl1-2020-04 (34.4s, 2 pages)
11:54:52 [00808/02941] R60/2000/r060-2000-nl1-2020-17 (34.4s, 2 pages)
11:54:55 [00809/02941] R60/2000/r060-2000-nl1-2019-20 (75.9s, 2 pages)
11:55:04 [00810/02941] R60/2000/r060-2000-nl1-2019-17 (103.0s, 2 pages)
11:55:07 [00811/02941] R60/2000/r060-2000-nl1-2020-03 (73.7s, 2 pages)
11:55:15 [00812/02941] R60/2000/r060-2000-nl1-2020-11 (75.4s, 2 pages)
11:55:17 [00813/02941] R60/2000/r060-2000-nl1-2019-07-rev1 (209.1s, 3 pages)
11:55:22 [00814/02941] R60/2000/r060-2000-nl1-2020-29 (50.7s, 2 pages)
11:55:44 [00815/02941] R60/2000/r060-2000-nl1-2020-12 (96.0s, 2 pages)
11:55:44 [00816/02941] R60/2000/r060-2000-nl1-2021-44 (39.7s, 2 pages)
11:55:57 [00817/02941] R60/2000/r060-2000-nl1-2020-15 (100.3s, 2 pages)
11:56:09 [00818/02941] R60/2000/r060-2000-nl1-2021-30 (73.6s, 2 pages)
11:56:15 [00819/02941] R60/2000/r060-2000-se1-2017-01-rev1 (31.4s, 2 pages)
11:56:58 [00820/02941] R60/2000/r060-2000-se1-2017-01 (60.9s, 2 pages)
11:57:03 [00821/02941] R60/2000/r060-2000-ru1-2005-02 (106.1s, 2 pages)
11:57:06 [00822/02941] R60/2000/r060-2000-ru1-2005-04 (82.5s, 2 pages)
11:57:23 [00823/02941] R60/2000/r060-2000-nl1-2021-05 (151.5s, 2 pages)
11:57:27 [00824/02941] R60/2000/r060-2000-nl1-2020-01 (221.0s, 2 pages)
11:57:31 [00825/02941] R60/2000/r060-2000-ru1-2005-01 (136.0s, 2 pages)
11:57:34 [00826/02941] R60/2000/r060-2000_nl1-2013-20 (78.5s, 2 pages)
11:57:46 [00827/02941] R60/2000/r60-2000-ch1-2025-01 (48.7s, 2 pages)
11:57:59 [00828/02941] R60/2000/r060-2000_nl1-2013-20-rev1 (110.6s, 3 pages)
11:58:00 [00829/02941] R60/2000/r060-2000-nl1-2022-17-rev0 (172.7s, 3 pages)
11:58:02 [00830/02941] R60/2000/r060-2000-ru1-2005-03 (159.8s, 2 pages)
11:58:50 [00831/02941] R60/2000/r60-2000-nl1-2015-27 (50.4s, 2 pages)
11:59:41 [00832/02941] R60/2000/r60-2000-de1-2023-02 (155.0s, 3 pages)
11:59:50 [00833/02941] R60/2000/r60-2000-nl1-2017-58-rev2 (60.2s, 3 pages)
12:00:12 [00834/02941] R60/2000/r60-2000-nl1-2016-38-rev1 (129.3s, 3 pages)
12:00:15 [00835/02941] R60/2000/r60-2000-fr2-2023-02-rev0 (168.1s, 4 pages)
12:00:23 [00836/02941] R60/2000/r60-2000-jp1-2022-03 (169.1s, 3 pages)
12:01:01 [00837/02941] R60/2000/r60-2000-nl1-2024-17-rev0 (37.8s, 3 pages)
12:01:19 [00838/02941] R60/2000/r60-2000-nl1-2023-11-rev0 (88.7s, 3 pages)
12:01:29 [00839/02941] R60/2000/r60-2000-nl1-2023-29-rev0 (77.2s, 3 pages)
12:01:32 [00840/02941] R60/2000/r60-2000-jp1-2023-02 (225.7s, 3 pages)
12:01:44 [00841/02941] R60/2000/r60-2000-nl1-2017-58-rev3 (122.9s, 3 pages)
12:01:50 [00842/02941] R60/2000/r60-2000-nl1-2024-07-rev0 (95.3s, 3 pages)
12:02:08 [00843/02941] R60/2000/r60-2000-jp1-2023-03 (248.5s, 3 pages)
12:02:21 [00844/02941] R60/2000/r60-2000-gb1-2022-01-rev1 (290.0s, 3 pages)
12:02:31 [00845/02941] R60/2000/r60-2000-dk2-2025-01 (307.2s, 4 pages)
12:02:44 [00846/02941] R60/2000/r60-2000-nl1-2025-05-rev0 (103.5s, 3 pages)
12:02:47 [00847/02941] R60/2000/r60-2000-de1-2019-03-rev1 (343.9s, 3 pages)
12:03:22 [00848/02941] R60/2017/r060-2017-nl1-2019-21-rev1 (34.4s, 3 pages)
12:03:48 [00849/02941] R60/2017/r060-2017-dk2-2021-01 (123.4s, 4 pages)
12:03:51 [00850/02941] R60/2017/r060-2017-de1-2022-01 (139.2s, 3 pages)
12:04:05 [00851/02941] R60/2017/r060-2017-nl1-2019-19 (80.3s, 2 pages)
12:04:10 [00852/02941] R60/2017/r060-2017-gb1-2022-01 (121.9s, 3 pages)
12:04:12 [00853/02941] R60/2017/r060-2017-nl1-2019-21 (50.1s, 2 pages)
12:04:26 [00854/02941] R60/2017/r060-2017-nl1-2019-19-rev1 (115.0s, 3 pages)
12:04:48 [00855/02941] R60/2017/r060-2017-nl1-2019-22 (56.9s, 2 pages)
12:04:52 [00856/02941] R60/2017/r060-2017-de1-2021-02 (203.4s, 3 pages)
12:04:54 [00857/02941] R60/2017/r060-2017-nl1-2019-24-rev1 (44.7s, 3 pages)
12:05:10 [00858/02941] R60/2017/r060-2017-nl1-2019-22-rev1 (82.4s, 3 pages)
12:05:11 [00859/02941] R60/2017/r060-2017-jp1-2021-01 (169.9s, 3 pages)
12:05:14 [00860/02941] R60/2017/r060-2017-gb1-2021-01 (203.7s, 3 pages)
12:05:15 [00861/02941] R60/2017/r060-2017-nl1-2019-23 (70.7s, 2 pages)
12:05:35 [00862/02941] R60/2017/r060-2017-nl1-2019-25-rev1 (69.1s, 3 pages)
12:05:40 [00863/02941] R60/2017/r060-2017-nl1-2019-25 (51.6s, 3 pages)
12:06:04 [00864/02941] R60/2017/r060-2017-nl1-2019-32-rev1 (29.0s, 3 pages)
12:06:14 [00865/02941] R60/2017/r060-2017-nl1-2019-26 (81.3s, 2 pages)
12:06:20 [00866/02941] R60/2017/r060-2017-nl1-2019-30 (66.5s, 2 pages)
12:06:26 [00867/02941] R60/2017/r060-2017-nl1-2019-28 (76.2s, 2 pages)
12:06:35 [00868/02941] R60/2017/r060-2017-nl1-2019-32 (55.0s, 2 pages)
12:06:35 [00869/02941] R60/2017/r060-2017-nl1-2019-31 (80.1s, 2 pages)
12:06:48 [00870/02941] R60/2017/r060-2017-nl1-2019-29 (96.4s, 2 pages)
12:06:48 [00871/02941] R60/2017/r060-2017-nl1-2019-33 (44.7s, 2 pages)
12:06:57 [00872/02941] R60/2017/r060-2017-nl1-2019-27 (122.8s, 2 pages)
12:07:10 [00873/02941] R60/2017/r060-2017-nl1-2019-34 (56.4s, 2 pages)
12:07:17 [00874/02941] R60/2017/r060-2017-nl1-2019-35 (57.1s, 2 pages)
12:07:23 [00875/02941] R60/2017/r060-2017-nl1-2020-07 (35.2s, 2 pages)
12:07:32 [00876/02941] R60/2017/r060-2017-nl1-2019-24 (200.2s, 3 pages)
12:07:42 [00877/02941] R60/2017/r060-2017-nl1-2020-05 (67.4s, 2 pages)
12:07:46 [00878/02941] R60/2017/r060-2017-nl1-2020-10 (36.4s, 2 pages)
12:07:51 [00879/02941] R60/2017/r060-2017-nl1-2020-06 (76.0s, 2 pages)
12:07:58 [00880/02941] R60/2017/r060-2017-nl1-2020-09 (60.8s, 2 pages)
12:07:59 [00881/02941] R60/2017/r060-2017-nl1-2020-14 (35.9s, 2 pages)
12:08:02 [00882/02941] R60/2017/r060-2017-nl1-2020-13 (45.0s, 2 pages)
12:08:04 [00883/02941] R60/2017/r060-2017-nl1-2020-08 (76.0s, 2 pages)
12:08:05 [00884/02941] R60/2017/r060-2017-nl1-2020-16-rev1 (33.0s, 3 pages)
12:08:15 [00885/02941] R60/2017/r060-2017-de1-2021-01 (416.1s, 3 pages)
12:08:34 [00886/02941] R60/2017/r060-2017-nl1-2020-02 (127.8s, 2 pages)
12:08:35 [00887/02941] R60/2017/r060-2017-nl1-2020-18 (48.8s, 2 pages)
12:08:40 [00888/02941] R60/2017/r060-2017-nl1-2020-24 (35.3s, 2 pages)
12:08:44 [00889/02941] R60/2017/r060-2017-nl1-2020-21 (44.7s, 2 pages)
12:08:58 [00890/02941] R60/2017/r060-2017-nl1-2020-25 (42.4s, 2 pages)
12:09:02 [00891/02941] R60/2017/r060-2017-nl1-2020-20 (64.5s, 2 pages)
12:09:05 [00892/02941] R60/2017/r060-2017-nl1-2020-19 (73.5s, 2 pages)
12:09:18 [00893/02941] R60/2017/r060-2017-nl1-2020-23 (73.3s, 2 pages)
12:09:39 [00894/02941] R60/2017/r060-2017-nl1-2020-16 (117.1s, 2 pages)
12:09:44 [00895/02941] R60/2017/r060-2017-nl1-2020-30 (60.6s, 2 pages)
12:09:46 [00896/02941] R60/2017/r060-2017-nl1-2020-22 (104.1s, 2 pages)
12:09:56 [00897/02941] R60/2017/r060-2017-nl1-2020-27 (80.6s, 2 pages)
12:10:07 [00898/02941] R60/2017/r060-2017-nl1-2020-26 (93.0s, 2 pages)
12:10:08 [00899/02941] R60/2017/r060-2017-nl1-2020-40 (50.8s, 2 pages)
12:10:11 [00900/02941] R60/2017/r060-2017-nl1-2020-36 (73.8s, 2 pages)
12:10:16 [00901/02941] R60/2017/r060-2017-nl1-2021-01 (32.3s, 2 pages)
12:10:18 [00902/02941] R60/2017/r060-2017-nl1-2020-62 (39.0s, 2 pages)
12:10:19 [00903/02941] R60/2017/r060-2017-nl1-2020-39 (73.8s, 2 pages)
12:10:23 [00904/02941] R60/2017/r060-2017-nl1-2021-02 (36.5s, 2 pages)
12:10:27 [00905/02941] R60/2017/r060-2017-nl1-2020-38 (84.6s, 2 pages)
12:11:10 [00906/02941] R60/2017/r060-2017-nl1-2021-10 (47.3s, 2 pages)
12:11:10 [00907/02941] R60/2017/r060-2017-nl1-2020-28 (150.1s, 2 pages)
12:11:21 [00908/02941] R60/2017/r060-2017-nl1-2021-03 (85.5s, 3 pages)
12:11:22 [00909/02941] R60/2017/r060-2017-nl1-2021-11 (54.4s, 2 pages)
12:11:29 [00910/02941] R60/2017/r060-2017-nl1-2021-04 (81.5s, 3 pages)
12:11:30 [00911/02941] R60/2017/r060-2017-nl1-2021-10-rev1 (71.7s, 3 pages)
12:11:40 [00912/02941] R60/2017/r060-2017-nl1-2021-06 (91.8s, 2 pages)
12:11:47 [00913/02941] R60/2017/r060-2017-nl1-2021-09 (89.1s, 2 pages)
12:11:48 [00914/02941] R60/2017/r060-2017-nl1-2021-07 (96.7s, 3 pages)
12:11:58 [00915/02941] R60/2017/r060-2017-nl1-2021-15 (47.5s, 2 pages)
12:12:00 [00916/02941] R60/2017/r060-2017-nl1-2021-14 (49.6s, 2 pages)
12:12:09 [00917/02941] R60/2017/r060-2017-nl1-2021-21 (21.3s, 2 pages)
12:12:15 [00918/02941] R60/2017/r060-2017-nl1-2021-20-rev1 (45.0s, 3 pages)
12:12:25 [00919/02941] R60/2017/r060-2017-nl1-2021-17 (63.3s, 2 pages)
12:12:34 [00920/02941] R60/2017/r060-2017-nl1-2021-20 (53.5s, 2 pages)
12:12:50 [00921/02941] R60/2017/r060-2017-nl1-2021-18 (88.4s, 2 pages)
12:12:55 [00922/02941] R60/2017/r060-2017-nl1-2021-25 (39.5s, 2 pages)
12:13:02 [00923/02941] R60/2017/r060-2017-nl1-2021-19 (93.3s, 2 pages)
12:13:04 [00924/02941] R60/2017/r060-2017-nl1-2021-22 (76.0s, 2 pages)
12:13:05 [00925/02941] R60/2017/r060-2017-nl1-2021-08 (168.8s, 3 pages)
12:13:19 [00926/02941] R60/2017/r060-2017-nl1-2021-23-rev1 (80.9s, 3 pages)
12:13:21 [00927/02941] R60/2017/r060-2017-nl1-2021-24 (72.7s, 2 pages)
12:13:36 [00928/02941] R60/2017/r060-2017-nl1-2021-28 (41.0s, 3 pages)
12:13:40 [00929/02941] R60/2017/r060-2017-nl1-2021-26-rev1 (75.9s, 3 pages)
12:13:43 [00930/02941] R60/2017/r060-2017-nl1-2021-23 (103.4s, 2 pages)
12:13:46 [00931/02941] R60/2017/r060-2017-nl1-2021-26 (72.6s, 3 pages)
12:13:49 [00932/02941] R60/2017/r060-2017-nl1-2021-34 (13.0s, 2 pages)
12:13:50 [00933/02941] R60/2017/r060-2017-nl1-2021-29 (48.0s, 2 pages)
12:14:10 [00934/02941] R60/2017/r060-2017-nl1-2021-32 (51.1s, 2 pages)
12:14:19 [00935/02941] R60/2017/r060-2017-nl1-2021-35 (38.2s, 2 pages)
12:14:28 [00936/02941] R60/2017/r060-2017-nl1-2021-38 (38.7s, 2 pages)
12:14:31 [00937/02941] R60/2017/r060-2017-nl1-2021-32-rev1 (85.5s, 3 pages)
12:14:31 [00938/02941] R60/2017/r060-2017-nl1-2021-41 (21.2s, 2 pages)
12:14:38 [00939/02941] R60/2017/r060-2017-nl1-2021-40 (47.7s, 2 pages)
12:14:51 [00940/02941] R60/2017/r060-2017-nl1-2021-27 (121.1s, 2 pages)
12:14:55 [00941/02941] R60/2017/r060-2017-nl1-2021-33 (93.5s, 2 pages)
12:14:55 [00942/02941] R60/2017/r060-2017-nl1-2021-42 (36.3s, 2 pages)
12:15:03 [00943/02941] R60/2017/r060-2017-nl1-2021-36-rev1 (79.9s, 3 pages)
12:15:19 [00944/02941] R60/2017/r060-2017-nl1-2022-06 (27.9s, 2 pages)
12:15:30 [00945/02941] R60/2017/r060-2017-nl1-2022-01 (59.7s, 2 pages)
12:15:35 [00946/02941] R60/2017/r060-2017-nl1-2022-11 (31.8s, 2 pages)
12:15:38 [00947/02941] R60/2017/r060-2017-nl1-2022-01-rev1 (70.4s, 3 pages)
12:15:47 [00948/02941] R60/2017/r060-2017-nl1-2021-30-rev1 (162.8s, 3 pages)
12:16:04 [00949/02941] R60/2017/r060-2017-nl1-2022-03 (92.9s, 2 pages)
12:16:04 [00950/02941] R60/2017/r060-2017-nl1-2022-13 (33.8s, 2 pages)
12:16:15 [00951/02941] R60/2017/r060-2017-nl1-2022-05 (97.0s, 2 pages)
12:16:17 [00952/02941] R60/2017/r060-2017-nl1-2022-07-rev0 (81.9s, 3 pages)
12:16:23 [00953/02941] R60/2017/r060-2017-nl1-2021-36 (156.7s, 2 pages)
12:16:30 [00954/02941] R60/2017/r060-2017-nl1-2022-14-rev0 (55.0s, 3 pages)
12:16:33 [00955/02941] R60/2017/r060-2017-nl1-2022-08-rev0 (98.3s, 3 pages)
12:17:04 [00956/02941] R60/2017/r060-2017-nl1-2022-16-rev0 (77.2s, 3 pages)
12:17:27 [00957/02941] R60/2017/r60-2017-dk2-2023-04 (54.2s, 4 pages)
12:17:32 [00958/02941] R60/2017/r60-2017-dk2-2023-01 (75.4s, 4 pages)
12:17:32 [00959/02941] R60/2017/r060-2017-nl1-2022-15-rev0 (114.4s, 3 pages)
12:18:05 [00960/02941] R60/2017/r60-2017-fr2-2023-01-rev0 (32.8s, 2 pages)
12:18:08 [00961/02941] R60/2017/r060-2017-nl1-2022-12 (169.5s, 3 pages)
12:18:34 [00962/02941] R60/2017/r60-2017-dk2-2023-02 (131.0s, 4 pages)
12:18:54 [00963/02941] R60/2017/r60-2017-dk2-2024-01 (86.8s, 4 pages)
12:19:15 [00964/02941] R60/2017/r060-2017-se1-2021-01 (191.4s, 3 pages)
12:19:18 [00965/02941] R60/2017/r60-2017-de1-2023-01 (183.0s, 3 pages)
12:19:26 [00966/02941] R60/2017/r60-2017-dk2-2023-05 (141.7s, 4 pages)
12:19:28 [00967/02941] R60/2017/r60-2017-jp1-2023-01 (79.7s, 3 pages)
12:19:30 [00968/02941] R60/2017/r60-2017-nl1-2020-02-rev1 (36.1s, 3 pages)
12:20:11 [00969/02941] R60/2017/r60-2017-nl1-2022-02 (43.2s, 2 pages)
12:20:13 [00970/02941] R60/2017/r60-2017-nl1-2020-10-rev1 (58.0s, 3 pages)
12:20:18 [00971/02941] R60/2017/r60-2017-nl1-2019-32-rev2 (103.8s, 3 pages)
12:20:24 [00972/02941] R60/2017/r60-2017-fr2-2023-01-rev1 (138.6s, 2 pages)
12:21:01 [00973/02941] R60/2017/r60-2017-nl1-2022-07-rev1 (49.4s, 3 pages)
12:21:11 [00974/02941] R60/2017/r60-2017-nl1-2021-27-rev1 (105.6s, 3 pages)
12:21:15 [00975/02941] R60/2017/r60-2017-dk2-2025-02 (222.9s, 4 pages)
12:21:21 [00976/02941] R60/2017/r60-2017-nl1-2022-09 (63.3s, 2 pages)
12:21:22 [00977/02941] R60/2017/r60-2017-nl1-2022-08-rev1 (68.1s, 3 pages)
12:21:53 [00978/02941] R60/2017/r60-2017-nl1-2022-04-rev0 (142.5s, 3 pages)
12:22:21 [00979/02941] R60/2017/r60-2017-nl1-2022-20-rev0 (60.3s, 3 pages)
12:22:25 [00980/02941] R60/2017/r60-2017-nl1-2022-10-rev1 (121.2s, 3 pages)
12:22:28 [00981/02941] R60/2017/r60-2017-nl1-2022-18-rev1 (76.6s, 3 pages)
12:22:38 [00982/02941] R60/2017/r60-2017-nl1-2022-19-rev0 (82.9s, 2 pages)
12:22:46 [00983/02941] R60/2017/r60-2017-nl1-2022-22-rev0 (53.3s, 3 pages)
12:22:50 [00984/02941] R60/2017/r60-2017-nl1-2022-21-rev0 (88.3s, 3 pages)
12:23:07 [00985/02941] R60/2017/r60-2017-nl1-2022-23-rev0 (45.5s, 3 pages)
12:23:12 [00986/02941] R60/2017/r60-2017-nl1-2022-24-rev0 (46.8s, 3 pages)
12:23:16 [00987/02941] R60/2017/r60-2017-nl1-2022-26-rev0 (37.9s, 3 pages)
12:23:21 [00988/02941] R60/2017/r60-2017-nl1-2022-25-rev0 (53.1s, 3 pages)
12:23:30 [00989/02941] R60/2017/r60-2017-nl1-2022-28-rev0 (40.3s, 2 pages)
12:23:36 [00990/02941] R60/2017/r60-2017-nl1-2022-30-rev0 (29.1s, 2 pages)
12:24:00 [00991/02941] R60/2017/r60-2017-nl1-2022-27-rev0 (73.8s, 3 pages)
12:24:08 [00992/02941] R60/2017/r60-2017-nl1-2022-35-rev0 (32.5s, 2 pages)
12:24:18 [00993/02941] R60/2017/r60-2017-nl1-2022-31-rev0 (66.0s, 3 pages)
12:24:21 [00994/02941] R60/2017/r60-2017-nl1-2022-18-rev0 (200.4s, 3 pages)
12:24:21 [00995/02941] R60/2017/r60-2017-de1-2021-02-rev1 (497.1s, 3 pages)
12:24:37 [00996/02941] R60/2017/r60-2017-nl1-2022-43-rev0 (15.6s, 2 pages)
12:24:48 [00997/02941] R60/2017/r60-2017-nl1-2022-34-rev0 (78.3s, 3 pages)
12:24:50 [00998/02941] R60/2017/r60-2017-dk2-2023-03 (500.5s, 4 pages)
12:24:52 [00999/02941] R60/2017/r60-2017-nl1-2022-33-rev0 (90.6s, 3 pages)
12:25:12 [01000/02941] R60/2017/r60-2017-nl1-2022-39-rev0 (50.7s, 3 pages)
12:25:16 [01001/02941] R60/2017/r60-2017-nl1-2022-36-rev1 (67.9s, 3 pages)
12:25:18 [01002/02941] R60/2017/r60-2017-nl1-2022-32-rev0 (121.8s, 3 pages)
12:25:36 [01003/02941] R60/2017/r60-2017-nl1-2022-36-rev0 (95.5s, 3 pages)
12:26:00 [01004/02941] R60/2017/r60-2017-nl1-2023-02-rev1 (43.7s, 3 pages)
12:26:06 [01005/02941] R60/2017/r60-2017-nl1-2022-43-rev2 (77.7s, 3 pages)
12:26:14 [01006/02941] R60/2017/r60-2017-nl1-2023-03-rev0 (55.8s, 3 pages)
12:26:17 [01007/02941] R60/2017/r60-2017-nl1-2023-03-rev1 (41.0s, 3 pages)
12:26:25 [01008/02941] R60/2017/r60-2017-nl1-2023-02-rev0 (73.2s, 3 pages)
12:26:29 [01009/02941] R60/2017/r60-2017-nl1-2022-37-rev0 (131.1s, 3 pages)
12:27:13 [01010/02941] R60/2017/r60-2017-nl1-2022-43-rev1 (156.3s, 3 pages)
12:27:16 [01011/02941] R60/2017/r60-2017-nl1-2023-05-rev0 (69.8s, 2 pages)
12:27:23 [01012/02941] R60/2017/r60-2017-nl1-2023-08-rev0 (57.8s, 3 pages)
12:27:33 [01013/02941] R60/2017/r60-2017-nl1-2023-07-rev0 (76.7s, 3 pages)
12:27:41 [01014/02941] R60/2017/r60-2017-nl1-2023-04-rev0 (100.4s, 3 pages)
12:27:55 [01015/02941] R60/2017/r60-2017-nl1-2023-09-rev0 (86.1s, 3 pages)
12:28:11 [01016/02941] R60/2017/r60-2017-nl1-2023-12-rev0 (47.8s, 3 pages)
12:28:15 [01017/02941] R60/2017/r60-2017-nl1-2023-09-rev1 (61.8s, 3 pages)
12:28:16 [01018/02941] R60/2017/r60-2017-nl1-2023-12-rev1 (42.7s, 3 pages)
12:28:23 [01019/02941] R60/2017/r60-2017-nl1-2023-10-rev0 (67.4s, 3 pages)
12:28:29 [01020/02941] R60/2017/r60-2017-nl1-2023-15-rev0 (18.4s, 3 pages)
12:28:42 [01021/02941] R60/2017/r60-2017-nl1-2023-06-rev0 (148.2s, 3 pages)
12:28:45 [01022/02941] R60/2017/r60-2017-nl1-2023-16-rev0 (28.7s, 3 pages)
12:28:50 [01023/02941] R60/2017/r60-2017-nl1-2023-14-rev0 (54.5s, 3 pages)
12:29:03 [01024/02941] R60/2017/r60-2017-nl1-2023-18-rev0 (34.0s, 3 pages)
12:29:09 [01025/02941] R60/2017/r60-2017-nl1-2023-17-rev0 (46.0s, 2 pages)
12:29:13 [01026/02941] R60/2017/r60-2017-nl1-2023-20-rev0 (28.5s, 3 pages)
12:29:30 [01027/02941] R60/2017/r60-2017-nl1-2023-19-rev0 (48.3s, 3 pages)
12:29:31 [01028/02941] R60/2017/r60-2017-nl1-2023-20-rev1 (41.0s, 3 pages)
12:29:44 [01029/02941] R60/2017/r60-2017-nl1-2023-21-rev0 (40.6s, 3 pages)
12:29:54 [01030/02941] R60/2017/r60-2017-nl1-2023-15-rev1 (98.7s, 3 pages)
12:30:32 [01031/02941] R60/2017/r60-2017-nl1-2023-24-rev0 (37.9s, 3 pages)
12:30:55 [01032/02941] R60/2017/r60-2017-nl1-2023-23-rev0 (84.4s, 3 pages)
12:30:57 [01033/02941] R60/2017/r60-2017-nl1-2023-23-rev1 (86.1s, 3 pages)
12:31:05 [01034/02941] R60/2017/r60-2017-nl1-2023-23-rev2 (81.5s, 3 pages)
12:31:08 [01035/02941] R60/2017/r60-2017-nl1-2023-13-rev0 (207.9s, 3 pages)
12:31:19 [01036/02941] R60/2017/r60-2017-nl1-2023-22-rev0 (129.1s, 3 pages)
12:31:30 [01037/02941] R60/2017/r60-2017-nl1-2023-27-rev0 (33.3s, 3 pages)
12:31:33 [01038/02941] R60/2017/r60-2017-nl1-2023-26-rev0 (38.7s, 2 pages)
12:31:41 [01039/02941] R60/2017/r60-2017-nl1-2023-22-rev1 (148.1s, 3 pages)
12:32:04 [01040/02941] R60/2017/r60-2017-nl1-2023-31-rev0 (34.3s, 3 pages)
12:32:26 [01041/02941] R60/2017/r60-2017-nl1-2023-30-rev1 (67.0s, 3 pages)
12:32:30 [01042/02941] R60/2017/r60-2017-nl1-2023-30-rev0 (81.7s, 3 pages)
12:32:30 [01043/02941] R60/2017/r60-2017-nl1-2023-31-rev1 (57.1s, 3 pages)
12:32:36 [01044/02941] R60/2017/r60-2017-nl1-2023-28-rev0 (91.2s, 3 pages)
12:33:06 [01045/02941] R60/2017/r60-2017-nl1-2023-36-rev0 (35.2s, 3 pages)
12:33:08 [01046/02941] R60/2017/r60-2017-nl1-2023-34-rev0 (37.6s, 3 pages)
12:33:18 [01047/02941] R60/2017/r60-2017-nl1-2023-32-rev1 (73.6s, 3 pages)
12:33:28 [01048/02941] R60/2017/r60-2017-nl1-2023-01-rev0 (517.9s, 3 pages)
12:33:48 [01049/02941] R60/2017/r60-2017-nl1-2024-02-rev0 (42.0s, 3 pages)
12:33:50 [01050/02941] R60/2017/r60-2017-nl1-2024-04-rev0 (21.6s, 2 pages)
12:33:52 [01051/02941] R60/2017/r60-2017-nl1-2023-01-rev1 (540.4s, 3 pages)
12:33:53 [01052/02941] R60/2017/r60-2017-nl1-2020-18-rev1 (875.0s, 3 pages)
12:33:57 [01053/02941] R60/2017/r60-2017-nl1-2023-32-rev0 (135.3s, 3 pages)
12:34:04 [01054/02941] R60/2017/r60-2017-nl1-2023-25-rev0 (212.1s, 3 pages)
12:34:06 [01055/02941] R60/2017/r60-2017-nl1-2024-03-rev1 (48.0s, 3 pages)
12:34:18 [01056/02941] R60/2017/r60-2017-nl1-2024-03-rev0 (70.5s, 3 pages)
12:34:33 [01057/02941] R60/2017/r60-2017-nl1-2024-05-rev0 (45.5s, 3 pages)
12:34:34 [01058/02941] R60/2021/r60-2021-nl1-2024-25-rev0 (37.4s, 3 pages)
12:34:37 [01059/02941] R60/2017/r60-2017-nl1-2024-01-rev0 (120.4s, 3 pages)
12:34:37 [01060/02941] R60/2017/r60-2017-nl1-2024-12-rev0 (45.4s, 2 pages)
12:34:47 [01061/02941] R60/2021/r60-2021-nl1-2025-08-rev0 (43.1s, 2 pages)
12:34:55 [01062/02941] R60/2017/r60-2017-nl1-2024-06-rev0 (65.3s, 3 pages)
12:34:59 [01063/02941] R60/2017/r60-2017-nl1-2023-33-rev0 (153.9s, 3 pages)
12:35:17 [01064/02941] R60/2021/r60-2021-nl1-2026-09-rev0 (43.7s, 3 pages)
12:35:21 [01065/02941] R61/1996/r061-1996-de1-2004-05-rev1 (43.9s, 2 pages)
12:35:24 [01066/02941] R60/2021/r60-2021-nl1-2025-21-rev0 (77.8s, 2 pages)
12:35:29 [01067/02941] R61/1996/r061-1996-de1-2004-03-rev2 (52.5s, 2 pages)
12:35:31 [01068/02941] R61/1996/r061-1996-de1-2004-06-rev1 (44.2s, 2 pages)
12:35:35 [01069/02941] R61/2004/r061-2004-de1-2005-01 (35.2s, 2 pages)
12:35:47 [01070/02941] R60/2021/r60-2021-nl1-2025-43-rev0 (88.6s, 3 pages)
12:35:50 [01071/02941] R60/2017/r60-2017-nl1-2024-35-rev0 (116.9s, 2 pages)
12:35:50 [01072/02941] R61/2004/r061-2004-de1-2005-02-rev1 (33.0s, 2 pages)
12:35:51 [01073/02941] R61/2004/r061-2004-de1-2005-03 (27.3s, 2 pages)
12:35:53 [01074/02941] R61/2004/r061-2004-de1-2006-02 (22.1s, 2 pages)
12:36:03 [01075/02941] R61/1996/r061-1996-nl1-2006-01 (67.9s, 2 pages)
12:36:10 [01076/02941] R61/2004/r061-2004-de1-2013-01 (23.1s, 2 pages)
12:36:18 [01077/02941] R61/2004/r061-2004-de1-2005-02 (56.3s, 2 pages)
12:36:26 [01078/02941] R61/2004/r061-2004-gb1-2006-01 (35.5s, 2 pages)
12:36:34 [01079/02941] R61/1996/r061-1996-de1-2001-01-rev1 (119.9s, 2 pages)
12:36:37 [01080/02941] R61/2004/r061-2004-gb1-2006-02 (44.0s, 2 pages)
12:36:42 [01081/02941] R61/2004/r061-2004-gb1-2006-01-rev1 (51.9s, 2 pages)
12:37:11 [01082/02941] R61/2004/r061-2004-de1-2006-01 (101.3s, 2 pages)
12:37:16 [01083/02941] R61/2004/r061-2004-nl1-2005-01 (38.5s, 3 pages)
12:37:29 [01084/02941] R61/2004/r061-2004-gb1-2012-01 (78.7s, 4 pages)
12:37:43 [01085/02941] R61/2004/r061-2004-gb1-2013-01 (85.5s, 3 pages)
12:37:54 [01086/02941] R61/2004/r061-2004-nl1-2010-01-rev1 (43.9s, 2 pages)
12:37:58 [01087/02941] R61/2004/r061-2004-dk3-2017-01 (128.8s, 4 pages)
12:38:15 [01088/02941] R61/2004/r061-2004-gb1-2015-01 (108.5s, 4 pages)
12:38:17 [01089/02941] R61/2004/r061-2004-nl1-2009-01 (95.6s, 2 pages)
12:38:42 [01090/02941] R61/2004/r061-2004-gb1-2012-01-rev1 (159.2s, 4 pages)
12:38:50 [01091/02941] R61/2004/r061-2004-nl1-2014-01 (55.6s, 2 pages)
12:38:51 [01092/02941] R61/2004/r061-2004-de1-2010-01 (196.4s, 2 pages)
12:39:03 [01093/02941] R61/2004/r061-2004-nl1-2010-01 (107.8s, 2 pages)
12:39:04 [01094/02941] R61/2004/r061-2004-nl1-2011-01 (95.0s, 2 pages)
12:39:06 [01095/02941] R61/2004/r061-2004-nl1-2015-02 (67.6s, 2 pages)
12:39:28 [01096/02941] R61/2004/r061-2004-nl1-2013-01-rev1 (104.7s, 2 pages)
12:39:45 [01097/02941] R61/2004/r061-2004-nl1-2017-03 (41.3s, 2 pages)
12:39:50 [01098/02941] R61/2004/r061-2004-gb1-2017-01 (196.4s, 4 pages)
12:40:04 [01099/02941] R61/2004/r061-2004-nl1-2016-01 (109.3s, 4 pages)
12:40:07 [01100/02941] R61/2004/r061-2004-nl1-2017-01 (75.7s, 3 pages)
12:40:07 [01101/02941] R61/2004/r061-2004-nl1-2017-02 (63.8s, 2 pages)
12:40:09 [01102/02941] R61/2004/r061-2004-nl1-2016-03 (86.8s, 2 pages)
12:40:28 [01103/02941] R61/2004/r061-2004-nl1-2020-04 (60.5s, 3 pages)
12:40:30 [01104/02941] R76/1992/r076-1992-ch1-2006-01 (20.5s, 2 pages)
12:40:54 [01105/02941] R61/2004/r061-2004-nl1-2016-04 (123.7s, 2 pages)
12:40:57 [01106/02941] R61/2004/r061-2004-nl1-2020-23 (71.7s, 2 pages)
12:41:18 [01107/02941] R76/1992/r076-1992-au1-2016-01 (71.1s, 2 pages)
12:41:31 [01108/02941] R61/2004/r061-2004-nl1-2016-02 (194.0s, 5 pages)
12:41:39 [01109/02941] R76/1992/r076-1992-cn1-2005-03 (45.5s, 2 pages)
12:41:54 [01110/02941] R76/1992/r076-1992-au1-2005-01 (106.9s, 2 pages)
12:41:57 [01111/02941] R76/1992/r076-1992-cn1-2005-02 (87.4s, 2 pages)
12:42:01 [01112/02941] R76/1992/r076-1992-cn1-2007-01 (29.6s, 2 pages)
12:42:07 [01113/02941] R76/1992/r076-1992-au1-2002-01-rev3 (122.7s, 2 pages)
12:42:08 [01114/02941] R76/1992/r076-1992-cn1-2005-01 (100.1s, 2 pages)
12:42:12 [01115/02941] R76/1992/r076-1992-cn1-2005-05 (53.6s, 2 pages)
12:42:21 [01116/02941] R61/2004/r61-2004-nl1-2023-01-rev0 (150.3s, 3 pages)
12:42:35 [01117/02941] R76/1992/r076-1992-cz1-2006-01 (56.1s, 2 pages)
12:42:38 [01118/02941] R76/1992/r076-1992-cz1-2009-01 (41.1s, 2 pages)
12:42:41 [01119/02941] R76/1992/r076-1992-cz1-2006-02 (47.2s, 2 pages)
12:42:46 [01120/02941] R76/1992/r076-1992-cn1-2005-04 (109.4s, 2 pages)
12:43:48 [01121/02941] R76/1992/r076-1992-de1-1995-02-rev4 (106.9s, 3 pages)
12:43:51 [01122/02941] R61/2004/r061-2004-nl1-2018-01 (285.4s, 5 pages)
12:43:52 [01123/02941] R76/1992/r076-1992-de1-2002-05-rev1 (71.1s, 2 pages)
12:44:16 [01124/02941] R76/1992/r076-1992-de1-2003-01-rev2 (90.3s, 3 pages)
12:44:45 [01125/02941] R76/1992/r076-1992-de1-1998-01-rev1 (157.8s, 2 pages)
12:45:14 [01126/02941] R76/1992/r076-1992-de1-2004-04-rev3 (82.1s, 2 pages)
12:45:21 [01127/02941] R76/1992/r076-1992-de1-2004-04-rev2 (89.4s, 2 pages)
12:45:27 [01128/02941] R76/1992/r076-1992-de1-2001-08-rev3 (185.9s, 3 pages)
12:45:28 [01129/02941] R76/1992/r076-1992-de1-1998-04-rev4 (199.3s, 3 pages)
12:45:37 [01130/02941] R76/1992/r076-1992-de1-2004-07-rev1 (80.6s, 2 pages)
12:45:43 [01131/02941] R76/1992/r076-1992-de1-2003-03-rev2 (115.4s, 2 pages)
12:46:13 [01132/02941] R76/1992/r076-1992-de1-2001-08-rev4 (217.2s, 3 pages)
12:46:20 [01133/02941] R76/1992/r076-1992-de1-2005-01 (65.8s, 2 pages)
12:46:30 [01134/02941] R76/1992/r076-1992-de1-2004-08 (104.8s, 2 pages)
12:46:33 [01135/02941] R76/1992/r076-1992-de1-2005-03 (66.3s, 2 pages)
12:46:41 [01136/02941] R76/1992/r076-1992-de1-2005-05 (28.3s, 2 pages)
12:47:06 [01137/02941] R76/1992/r076-1992-de1-2000-09-rev8 (294.0s, 3 pages)
12:47:15 [01138/02941] R76/1992/r076-1992-de1-2002-04-rev2 (276.7s, 2 pages)
12:47:23 [01139/02941] R76/1992/r076-1992-de1-2005-02 (122.7s, 2 pages)
12:47:25 [01140/02941] R76/1992/r076-1992-de1-2005-07 (55.0s, 2 pages)
12:47:29 [01141/02941] R76/1992/r076-1992-de1-2005-08-rev1 (55.9s, 2 pages)
12:47:54 [01142/02941] R76/1992/r076-1992-de1-2005-04-rev2 (136.8s, 3 pages)
12:47:59 [01143/02941] R76/1992/r076-1992-de1-2005-04 (136.3s, 2 pages)
12:48:04 [01144/02941] R76/1992/r076-1992-de1-2005-09-rev1 (83.3s, 2 pages)
12:48:23 [01145/02941] R76/1992/r076-1992-de1-2005-09 (68.8s, 2 pages)
12:48:37 [01146/02941] R76/1992/r076-1992-de1-2006-01-rev1 (43.4s, 3 pages)
12:48:38 [01147/02941] R76/1992/r076-1992-de1-2005-10-rev1 (74.7s, 2 pages)
12:48:40 [01148/02941] R76/1992/r076-1992-de1-2005-09-rev2 (93.8s, 2 pages)
12:48:54 [01149/02941] R76/1992/r076-1992-de1-2005-06 (153.7s, 2 pages)
12:49:20 [01150/02941] R76/1992/r076-1992-de1-2005-10 (110.8s, 2 pages)
12:49:37 [01151/02941] R76/1992/r076-1992-de1-2006-01-rev2 (97.7s, 3 pages)
12:49:49 [01152/02941] R76/1992/r076-1992-de1-2006-02 (85.6s, 2 pages)
12:50:04 [01153/02941] R76/1992/r076-1992-de1-2006-08 (44.7s, 2 pages)
12:50:08 [01154/02941] R76/1992/r076-1992-de1-2005-10-rev2 (163.7s, 3 pages)
12:50:09 [01155/02941] R76/1992/r076-1992-de1-2006-01-rev3 (124.7s, 3 pages)
12:50:27 [01156/02941] R76/1992/r076-1992-de1-2006-07 (92.9s, 2 pages)
12:50:38 [01157/02941] R76/1992/r076-1992-de1-2006-03 (120.7s, 2 pages)
12:50:39 [01158/02941] R76/1992/r076-1992-de1-2005-04-rev1 (311.3s, 2 pages)
12:50:48 [01159/02941] R76/1992/r076-1992-de1-2006-04 (130.2s, 2 pages)
12:51:23 [01160/02941] R76/1992/r076-1992-de1-2006-05 (162.9s, 2 pages)
12:51:36 [01161/02941] R76/1992/r076-1992-de1-2007-05 (58.2s, 2 pages)
12:51:43 [01162/02941] R76/1992/r076-1992-de1-2007-07-rev1 (54.1s, 2 pages)
12:51:50 [01163/02941] R76/1992/r076-1992-de1-2006-09 (121.1s, 2 pages)
12:52:06 [01164/02941] R76/1992/r076-1992-de1-2007-04 (99.6s, 2 pages)
12:52:16 [01165/02941] R76/1992/r076-1992-de1-2007-01 (131.3s, 2 pages)
12:52:22 [01166/02941] R76/1992/r076-1992-de1-2007-08-rev1 (46.5s, 2 pages)
12:52:30 [01167/02941] R76/1992/r076-1992-de1-2006-09-rev1 (172.8s, 2 pages)
12:52:35 [01168/02941] R76/1992/r076-1992-de1-2007-08 (28.5s, 2 pages)
12:52:43 [01169/02941] R76/1992/r076-1992-de1-2007-03 (154.3s, 2 pages)
12:53:11 [01170/02941] R76/1992/r076-1992-de1-2007-10 (49.0s, 2 pages)
12:53:30 [01171/02941] R76/1992/r076-1992-de1-2007-06 (170.7s, 2 pages)
12:53:38 [01172/02941] R76/1992/r076-1992-de1-2007-08-rev2 (115.2s, 2 pages)
12:53:39 [01173/02941] R76/1992/r076-1992-de1-2007-08-rev3 (109.1s, 2 pages)
12:53:40 [01174/02941] R76/1992/r076-1992-de1-2007-09 (84.2s, 2 pages)
12:53:45 [01175/02941] R76/1992/r076-1992-de1-2007-02 (216.7s, 2 pages)
12:54:01 [01176/02941] R76/1992/r076-1992-dk1-2001-02-rev2 (30.8s, 2 pages)
12:54:03 [01177/02941] R76/1992/r076-1992-dk1-2002-01-rev2 (23.7s, 2 pages)
12:54:04 [01178/02941] R76/1992/r076-1992-dk1-2002-01-rev1 (26.7s, 2 pages)
12:54:05 [01179/02941] R76/1992/r076-1992-dk1-2001-02-rev1 (53.6s, 2 pages)
12:54:16 [01180/02941] R76/1992/r076-1992-dk1-2006-01 (31.0s, 2 pages)
12:54:23 [01181/02941] R76/1992/r076-1992-dk1-2006-01-rev1 (43.5s, 2 pages)
12:54:25 [01182/02941] R76/1992/r076-1992-dk1-2007-01 (20.3s, 2 pages)
12:54:27 [01183/02941] R76/1992/r076-1992-dk1-2008-02 (21.6s, 2 pages)
12:54:42 [01184/02941] R76/1992/r076-1992-dk1-2006-02 (41.4s, 2 pages)
12:54:47 [01185/02941] R76/1992/r076-1992-dk1-2006-03 (43.6s, 2 pages)
12:54:50 [01186/02941] R76/1992/r076-1992-dk1-2008-03 (33.6s, 2 pages)
12:54:50 [01187/02941] R76/1992/r076-1992-dk1-2009-01-rev2 (25.0s, 2 pages)
12:54:58 [01188/02941] R76/1992/r076-1992-de1-2007-07 (214.9s, 2 pages)
12:55:00 [01189/02941] R76/1992/r076-1992-dk1-2009-02 (17.9s, 2 pages)
12:55:07 [01190/02941] R76/1992/r076-1992-dk1-2009-01 (39.9s, 2 pages)
12:55:20 [01191/02941] R76/1992/r076-1992-dk1-2009-01-rev1 (56.2s, 2 pages)
12:55:21 [01192/02941] R76/1992/r076-1992-dk1-2009-05 (31.2s, 2 pages)
12:55:25 [01193/02941] R76/1992/r076-1992-dk3-2011-01 (27.6s, 2 pages)
12:55:26 [01194/02941] R76/1992/r076-1992-dk3-2011-02 (26.3s, 2 pages)
12:55:29 [01195/02941] R76/1992/r076-1992-dk1-2009-03 (42.9s, 2 pages)
12:55:37 [01196/02941] R76/1992/r076-1992-de1-2012-03-rev1 (173.5s, 3 pages)
12:55:37 [01197/02941] R76/1992/r076-1992-dk3-2011-03 (30.5s, 2 pages)
12:55:49 [01198/02941] R76/1992/r076-1992-dk3-2012-01 (19.9s, 2 pages)
12:55:53 [01199/02941] R76/1992/r076-1992-dk3-2011-08 (27.2s, 2 pages)
12:55:55 [01200/02941] R76/1992/r076-1992-de1-2008-02 (204.7s, 2 pages)
12:56:00 [01201/02941] R76/1992/r076-1992-dk3-2011-05 (38.8s, 2 pages)
12:56:05 [01202/02941] R76/1992/r076-1992-dk3-2017-02 (28.1s, 2 pages)
12:56:06 [01203/02941] R76/1992/r076-1992-dk3-2011-04 (46.9s, 2 pages)
12:56:10 [01204/02941] R76/1992/r076-1992-dk3-2011-07 (45.2s, 2 pages)
12:56:17 [01205/02941] R76/1992/r076-1992-gb1-2004-07-rev1 (27.6s, 2 pages)
12:56:18 [01206/02941] R76/1992/r076-1992-de1-2008-03-rev2 (223.6s, 4 pages)
12:56:22 [01207/02941] R76/1992/r076-1992-gb1-2004-02-rev1 (45.3s, 3 pages)
12:56:25 [01208/02941] R76/1992/r076-1992-gb1-2004-11-rev2 (31.6s, 3 pages)
12:56:29 [01209/02941] R76/1992/r076-1992-gb1-2006-03 (22.8s, 2 pages)
12:56:34 [01210/02941] R76/1992/r076-1992-dk1-2009-04 (104.4s, 2 pages)
12:56:42 [01211/02941] R76/1992/r076-1992-gb1-2007-02 (25.5s, 3 pages)
12:56:50 [01212/02941] R76/1992/r076-1992-gb1-2005-01 (55.0s, 2 pages)
12:56:52 [01213/02941] R76/1992/r076-1992-gb1-2007-01 (41.4s, 2 pages)
12:56:53 [01214/02941] R76/1992/r076-1992-gb1-2006-02 (48.3s, 2 pages)
12:57:07 [01215/02941] R76/1992/r076-1992-gb1-2007-03-rev1 (48.7s, 2 pages)
12:57:08 [01216/02941] R76/1992/r076-1992-gb1-2007-03-rev3 (45.5s, 4 pages)
12:57:28 [01217/02941] R76/1992/r076-1992-gb1-2007-07-rev1 (36.6s, 2 pages)
12:57:28 [01218/02941] R76/1992/r076-1992-gb1-2007-06 (38.8s, 2 pages)
12:57:29 [01219/02941] R76/1992/r076-1992-gb1-2007-04 (59.9s, 2 pages)
12:57:31 [01220/02941] R76/1992/r076-1992-gb1-2007-03 (66.4s, 2 pages)
12:57:32 [01221/02941] R76/1992/r076-1992-gb1-2007-07 (24.0s, 2 pages)
12:57:34 [01222/02941] R76/1992/r076-1992-gb1-2007-05 (60.2s, 2 pages)
12:57:57 [01223/02941] R76/1992/r076-1992-gb1-2007-06-rev1 (74.1s, 3 pages)
12:58:06 [01224/02941] R76/1992/r076-1992-gb1-2007-07-rev3 (59.0s, 4 pages)
12:58:10 [01225/02941] R76/1992/r076-1992-gb1-2006-01 (129.9s, 2 pages)
12:58:30 [01226/02941] R76/1992/r076-1992-gb1-2007-08-rev3 (60.4s, 2 pages)
12:58:35 [01227/02941] R76/1992/r076-1992-gb1-2007-07-rev2 (101.9s, 4 pages)
12:59:04 [01228/02941] R76/1992/r076-1992-gb1-2007-09-rev1 (92.2s, 3 pages)
12:59:10 [01229/02941] R76/1992/r076-1992-gb1-2007-12 (60.4s, 4 pages)
12:59:11 [01230/02941] R76/1992/r076-1992-gb1-2007-08-rev1 (103.1s, 2 pages)
12:59:14 [01231/02941] R76/1992/r076-1992-gb1-2007-09 (99.6s, 3 pages)
12:59:19 [01232/02941] R76/1992/r076-1992-gb1-2007-08 (108.1s, 2 pages)
12:59:20 [01233/02941] R76/1992/r076-1992-gb1-2007-13-rev2 (50.0s, 3 pages)
12:59:33 [01234/02941] R76/1992/r076-1992-gb1-2007-13 (28.8s, 3 pages)
12:59:39 [01235/02941] R76/1992/r076-1992-gb1-2008-04 (19.3s, 2 pages)
12:59:40 [01236/02941] R76/1992/r076-1992-gb1-2008-01 (29.9s, 2 pages)
12:59:50 [01237/02941] R76/1992/r076-1992-gb1-2007-10 (113.7s, 2 pages)
13:00:03 [01238/02941] R76/1992/r076-1992-gb1-2007-08-rev2 (155.1s, 2 pages)
13:00:11 [01239/02941] R76/1992/r076-1992-gb1-2008-02 (59.2s, 2 pages)
13:00:18 [01240/02941] R76/1992/r076-1992-gb1-2008-03 (64.1s, 3 pages)
13:00:22 [01241/02941] R76/1992/r076-1992-gb1-2008-06 (42.9s, 2 pages)
13:00:30 [01242/02941] R76/1992/r076-1992-gb1-2008-05-rev1 (70.6s, 3 pages)
13:00:38 [01243/02941] R76/1992/r076-1992-gb1-2009-01 (20.4s, 2 pages)
13:00:45 [01244/02941] R76/1992/r076-1992-gb1-2008-07-rev1 (64.9s, 4 pages)
13:01:01 [01245/02941] R76/1992/r076-1992-gb1-2009-03 (38.9s, 3 pages)
13:01:25 [01246/02941] R76/1992/r076-1992-gb1-2008-09 (74.3s, 3 pages)
13:01:29 [01247/02941] R76/1992/r076-1992-gb1-2007-11 (202.6s, 2 pages)
13:01:45 [01248/02941] R76/1992/r076-1992-gb1-2009-05 (59.7s, 4 pages)
13:01:57 [01249/02941] R76/1992/r076-1992-gb1-2008-05 (144.1s, 3 pages)
13:01:58 [01250/02941] R76/1992/r076-1992-gb1-2008-07 (128.0s, 4 pages)
13:02:22 [01251/02941] R76/1992/r076-1992-gb1-2008-09-rev1 (138.8s, 3 pages)
13:02:27 [01252/02941] R76/1992/r076-1992-gb1-2009-07 (62.1s, 3 pages)
13:02:36 [01253/02941] R76/1992/r076-1992-gb1-2009-06 (95.1s, 3 pages)
13:03:04 [01254/02941] R76/1992/r076-1992-gb1-2007-13-rev3 (269.3s, 4 pages)
13:03:06 [01255/02941] R76/1992/r076-1992-gb1-2009-04-rev1 (155.4s, 4 pages)
13:03:06 [01256/02941] R76/1992/r076-1992-gb1-2009-04 (147.4s, 4 pages)
13:03:07 [01257/02941] R76/1992/r076-1992-gb1-2009-08-rev3 (70.2s, 3 pages)
13:03:30 [01258/02941] R76/1992/r076-1992-gb1-2009-10-rev1 (54.3s, 3 pages)
13:03:32 [01259/02941] R76/1992/r076-1992-gb1-2009-08 (69.4s, 3 pages)
13:03:37 [01260/02941] R76/1992/r076-1992-gb1-2009-08-rev1 (128.7s, 3 pages)
13:03:39 [01261/02941] R76/1992/r076-1992-gb1-2009-09 (72.2s, 2 pages)
13:04:01 [01262/02941] R76/1992/r076-1992-gb1-2010-01-rev1 (31.0s, 3 pages)
13:04:04 [01263/02941] R76/1992/r076-1992-gb1-2010-01-rev2 (32.4s, 3 pages)
13:04:11 [01264/02941] R76/1992/r076-1992-gb1-2009-08-rev2 (146.2s, 3 pages)
13:04:15 [01265/02941] R76/1992/r076-1992-gb1-2009-11 (67.6s, 3 pages)
13:04:25 [01266/02941] R76/1992/r076-1992-gb1-2010-01-rev3 (47.9s, 3 pages)
13:04:27 [01267/02941] R76/1992/r076-1992-gb1-2009-10-rev2 (82.8s, 3 pages)
13:04:33 [01268/02941] R76/1992/r076-1992-gb1-2009-08-rev4 (154.4s, 3 pages)
13:04:33 [01269/02941] R76/1992/r076-1992-gb1-2010-02 (31.9s, 2 pages)
13:04:41 [01270/02941] R76/1992/r076-1992-gb1-2010-01 (61.4s, 3 pages)
13:04:59 [01271/02941] R76/1992/r076-1992-gb1-2010-04 (31.7s, 3 pages)
13:05:06 [01272/02941] R76/1992/r076-1992-gb1-2009-10-rev3 (120.2s, 4 pages)
13:05:16 [01273/02941] R76/1992/r076-1992-gb1-2009-10 (130.3s, 3 pages)
13:05:22 [01274/02941] R76/1992/r076-1992-gb1-2010-03 (78.1s, 4 pages)
13:05:42 [01275/02941] R76/1992/r076-1992-gb1-2010-05-rev1 (69.8s, 3 pages)
13:05:50 [01276/02941] R76/1992/r076-1992-gb1-2010-08 (28.2s, 3 pages)
13:05:58 [01277/02941] R76/1992/r076-1992-gb1-2010-05 (85.0s, 3 pages)
13:06:23 [01278/02941] R76/1992/r076-1992-gb1-2010-06-rev1 (102.4s, 3 pages)
13:06:32 [01279/02941] R76/1992/r076-1992-gb1-2010-06-rev2 (92.9s, 3 pages)
13:06:38 [01280/02941] R76/1992/r076-1992-gb1-2010-06 (92.3s, 3 pages)
13:06:46 [01281/02941] R76/1992/r076-1992-gb1-2010-07 (90.4s, 4 pages)
13:06:52 [01282/02941] R76/1992/r076-1992-gb1-2010-09 (70.0s, 4 pages)
13:06:57 [01283/02941] R76/1992/r076-1992-gb1-2011-02-rev1 (25.4s, 4 pages)
13:07:23 [01284/02941] R76/1992/r076-1992-gb1-2011-01-rev1 (92.5s, 3 pages)
13:07:26 [01285/02941] R76/1992/r076-1992-gb1-2011-01 (63.0s, 3 pages)
13:07:43 [01286/02941] R76/1992/r076-1992-gb1-2011-01-rev2 (105.1s, 3 pages)
13:07:52 [01287/02941] R76/1992/r076-1992-gb1-2011-02 (74.4s, 3 pages)
13:07:55 [01288/02941] R76/1992/r076-1992-gb1-2012-01-rev1 (62.5s, 3 pages)
13:07:59 [01289/02941] R76/1992/r076-1992-gb1-2011-03-rev1 (72.7s, 4 pages)
13:08:28 [01290/02941] R76/1992/r076-1992-gb1-2012-01-rev2 (90.6s, 4 pages)
13:08:47 [01291/02941] R76/1992/r076-1992-gb1-2012-01 (64.3s, 3 pages)
13:08:53 [01292/02941] R76/1992/r076-1992-gb1-2010-04-rev3 (278.4s, 4 pages)
13:09:00 [01293/02941] R76/1992/r076-1992-gb1-2013-01 (32.6s, 3 pages)
13:09:04 [01294/02941] R76/1992/r076-1992-gb1-2012-01-rev4 (97.4s, 4 pages)
13:09:13 [01295/02941] R76/1992/r076-1992-gb1-2013-01-rev1 (77.7s, 3 pages)
13:09:36 [01296/02941] R76/1992/r076-1992-gb1-2012-01-rev3 (133.5s, 4 pages)
13:09:37 [01297/02941] R76/1992/r076-1992-gb1-2013-01-rev2 (98.1s, 3 pages)
13:09:38 [01298/02941] R76/1992/r076-1992-gb1-2013-04-rev1 (38.2s, 3 pages)
13:10:03 [01299/02941] R76/1992/r076-1992-gb1-2013-04-rev2 (59.6s, 3 pages)
13:10:15 [01300/02941] R76/1992/r076-1992-gb1-2013-03 (81.4s, 3 pages)
13:10:17 [01301/02941] R76/1992/r076-1992-gb1-2010-04-rev4 (352.3s, 5 pages)
13:10:18 [01302/02941] R76/1992/r076-1992-gb1-2013-05 (41.4s, 3 pages)
13:10:34 [01303/02941] R76/1992/r076-1992-gb1-2015-01 (57.2s, 3 pages)
13:10:48 [01304/02941] R76/1992/r076-1992-gb1-2013-04 (95.1s, 3 pages)
13:10:49 [01305/02941] R76/1992/r076-1992-gb1-2015-02 (45.8s, 4 pages)
13:10:51 [01306/02941] R76/1992/r076-1992-gb1-2012-04-rev3 (178.8s, 4 pages)
13:10:52 [01307/02941] R76/1992/r076-1992-gb1-2015-02-rev1 (73.7s, 4 pages)
13:11:17 [01308/02941] R76/1992/r076-1992-gb1-2016-01 (42.5s, 3 pages)
13:11:26 [01309/02941] R76/1992/r076-1992-gb1-2013-02 (159.2s, 3 pages)
13:11:34 [01310/02941] R76/1992/r076-1992-gb1-2015-03 (79.8s, 4 pages)
13:12:06 [01311/02941] R76/1992/r076-1992-gb1-2015-04-rev1 (108.6s, 3 pages)
13:12:46 [01312/02941] R76/1992/r076-1992-gb1-2015-04 (147.8s, 3 pages)
13:12:52 [01313/02941] R76/1992/r076-1992-gb1-2016-02-rev1 (124.3s, 4 pages)
13:13:09 [01314/02941] R76/1992/r076-1992-jp1-2005-02 (94.6s, 2 pages)
13:13:10 [01315/02941] R76/1992/r076-1992-jp1-2004-01-rev1 (113.5s, 3 pages)
13:13:41 [01316/02941] R76/1992/r076-1992-jp1-2006-04 (32.4s, 2 pages)
13:13:45 [01317/02941] R76/1992/r076-1992-gb1-2010-04-rev2 (574.6s, 4 pages)
13:13:52 [01318/02941] R76/1992/r076-1992-jp1-2006-03 (60.4s, 2 pages)
13:14:06 [01319/02941] R76/1992/r076-1992-jp1-2006-01 (119.8s, 2 pages)
13:14:31 [01320/02941] R76/1992/r076-1992-gb1-2018-01 (222.5s, 4 pages)
13:14:45 [01321/02941] R76/1992/r076-1992-jp1-2004-01-rev2 (198.3s, 3 pages)
13:14:49 [01322/02941] R76/1992/r076-1992-jp1-2008-01 (56.4s, 2 pages)
13:14:50 [01323/02941] R76/1992/r076-1992-jp1-2006-02 (124.1s, 2 pages)
13:15:02 [01324/02941] R76/1992/r076-1992-jp1-2007-01 (80.9s, 2 pages)
13:15:12 [01325/02941] R76/1992/r076-1992-jp1-2010-01 (27.1s, 2 pages)
13:15:55 [01326/02941] R76/1992/r076-1992-jp1-2006-05 (164.4s, 2 pages)
13:15:59 [01327/02941] R76/1992/r076-1992-jp1-2008-01-rev1 (133.8s, 2 pages)
13:16:02 [01328/02941] R76/1992/r076-1992-jp1-2012-02 (72.7s, 2 pages)
13:16:17 [01329/02941] R76/1992/r076-1992-jp1-2014-01-rev1 (74.8s, 3 pages)
13:16:28 [01330/02941] R76/1992/r076-1992-kr1-2010-01 (25.7s, 2 pages)
13:16:57 [01331/02941] R76/1992/r076-1992-kr1-2005-01 (62.6s, 2 pages)
13:17:06 [01332/02941] R76/1992/r076-1992-jp1-2009-01 (179.9s, 2 pages)
13:17:06 [01333/02941] R76/1992/r076-1992-jp1-2014-01 (114.0s, 3 pages)
13:17:07 [01334/02941] R76/1992/r076-1992-nl1-1999-16-rev1 (38.6s, 2 pages)
13:17:28 [01335/02941] R76/1992/r076-1992-gb1-2019-01 (397.0s, 5 pages)
13:17:33 [01336/02941] R76/1992/r076-1992-jp1-2003-01-rev2 (401.1s, 3 pages)
13:17:43 [01337/02941] R76/1992/r076-1992-nl1-2001-33-rev1 (37.7s, 2 pages)
13:18:11 [01338/02941] R76/1992/r076-1992-nl1-1998-15-rev1 (114.0s, 2 pages)
13:18:25 [01339/02941] R76/1992/r076-1992-nl1-2003-38-rev1 (79.4s, 2 pages)
13:18:28 [01340/02941] R76/1992/r076-1992-nl1-2000-10-rev1 (90.6s, 2 pages)
13:18:29 [01341/02941] R76/1992/r076-1992-jp1-2012-01 (220.4s, 3 pages)
13:18:33 [01342/02941] R76/1992/r076-1992-kr1-2007-01 (154.2s, 2 pages)
13:18:50 [01343/02941] R76/1992/r076-1992-nl1-2004-33-rev1 (77.0s, 2 pages)
13:18:55 [01344/02941] R76/1992/r076-1992-nl1-2005-06-rev1 (21.8s, 2 pages)
13:19:15 [01345/02941] R76/1992/r076-1992-nl1-2004-11-rev3 (128.1s, 2 pages)
13:19:15 [01346/02941] R76/1992/r076-1992-nl1-2005-03 (49.7s, 2 pages)
13:19:19 [01347/02941] R76/1992/r076-1992-nl1-2005-05 (50.0s, 2 pages)
13:19:21 [01348/02941] R76/1992/r076-1992-nl1-2005-06 (31.1s, 2 pages)
13:19:50 [01349/02941] R76/1992/r076-1992-nl1-2005-10 (30.4s, 2 pages)
13:20:09 [01350/02941] R76/1992/r076-1992-nl1-2005-02 (118.0s, 2 pages)
13:20:15 [01351/02941] R76/1992/r076-1992-nl1-2004-15-rev1 (166.5s, 2 pages)
13:20:15 [01352/02941] R76/1992/r076-1992-nl1-2005-09 (60.5s, 2 pages)
13:20:38 [01353/02941] R76/1992/r076-1992-nl1-2005-04 (129.6s, 2 pages)
13:20:47 [01354/02941] R76/1992/r076-1992-nl1-2005-15 (31.2s, 2 pages)
13:20:50 [01355/02941] R76/1992/r076-1992-nl1-2005-08 (95.4s, 2 pages)
13:21:13 [01356/02941] R76/1992/r076-1992-nl1-2005-12 (83.3s, 2 pages)
13:21:23 [01357/02941] R76/1992/r076-1992-nl1-2005-17 (36.0s, 2 pages)
13:21:33 [01358/02941] R76/1992/r076-1992-nl1-2005-16 (55.9s, 2 pages)
13:21:39 [01359/02941] R76/1992/r076-1992-nl1-2005-13 (89.9s, 2 pages)
13:21:46 [01360/02941] R76/1992/r076-1992-nl1-2005-01 (242.5s, 2 pages)
13:21:59 [01361/02941] R76/1992/r076-1992-nl1-2005-22 (25.2s, 2 pages)
13:22:00 [01362/02941] R76/1992/r076-1992-nl1-2005-11 (159.1s, 2 pages)
13:22:12 [01363/02941] R76/1992/r076-1992-nl1-2005-14 (116.7s, 2 pages)
13:22:28 [01364/02941] R76/1992/r076-1992-nl1-2005-23 (49.4s, 2 pages)
13:22:34 [01365/02941] R76/1992/r076-1992-nl1-2005-25 (35.3s, 2 pages)
13:22:52 [01366/02941] R76/1992/r076-1992-nl1-2005-24 (65.8s, 2 pages)
13:22:52 [01367/02941] R76/1992/r076-1992-nl1-2005-20 (99.1s, 2 pages)
13:23:03 [01368/02941] R76/1992/r076-1992-jp1-2009-02 (511.5s, 2 pages)
13:23:05 [01369/02941] R76/1992/r076-1992-nl1-2005-18 (134.8s, 2 pages)
13:23:23 [01370/02941] R76/1992/r076-1992-nl1-2005-28 (55.1s, 2 pages)
13:23:33 [01371/02941] R76/1992/r076-1992-nl1-2005-21 (130.8s, 2 pages)
13:23:35 [01372/02941] R76/1992/r076-1992-nl1-2005-30 (60.8s, 2 pages)
13:23:35 [01373/02941] R76/1992/r076-1992-nl1-2005-07 (279.8s, 2 pages)
13:23:52 [01374/02941] R76/1992/r076-1992-nl1-2005-33 (49.6s, 2 pages)
13:24:10 [01375/02941] R76/1992/r076-1992-nl1-2005-35 (46.2s, 2 pages)
13:24:11 [01376/02941] R76/1992/r076-1992-nl1-2005-36 (37.6s, 2 pages)
13:24:15 [01377/02941] R76/1992/r076-1992-nl1-2005-27 (123.2s, 2 pages)
13:24:40 [01378/02941] R76/1992/r076-1992-nl1-2005-26-rev1 (159.9s, 2 pages)
13:24:46 [01379/02941] R76/1992/r076-1992-nl1-2005-31 (113.8s, 2 pages)
13:24:48 [01380/02941] R76/1992/r076-1992-nl1-2005-38 (72.7s, 2 pages)
13:24:50 [01381/02941] R76/1992/r076-1992-nl1-2005-32 (117.7s, 2 pages)
13:25:13 [01382/02941] R76/1992/r076-1992-nl1-2006-01 (62.5s, 2 pages)
13:25:15 [01383/02941] R76/1992/r076-1992-nl1-2006-02 (59.8s, 2 pages)
13:25:20 [01384/02941] R76/1992/r076-1992-nl1-2005-37 (105.6s, 2 pages)
13:25:24 [01385/02941] R76/1992/r076-1992-nl1-2006-05-rev1 (33.9s, 2 pages)
13:25:32 [01386/02941] R76/1992/r076-1992-nl1-2006-04 (44.9s, 2 pages)
13:25:47 [01387/02941] R76/1992/r076-1992-nl1-2005-39-rev1 (114.4s, 3 pages)
13:25:49 [01388/02941] R76/1992/r076-1992-nl1-2006-08 (28.5s, 2 pages)
13:26:09 [01389/02941] R76/1992/r076-1992-nl1-2005-34 (183.8s, 2 pages)
13:26:12 [01390/02941] R76/1992/r076-1992-nl1-2006-07 (57.1s, 2 pages)
13:26:13 [01391/02941] R76/1992/r076-1992-nl1-2006-12 (24.5s, 2 pages)
13:26:22 [01392/02941] R76/1992/r076-1992-nl1-2006-04-rev1 (96.7s, 2 pages)
13:26:27 [01393/02941] R76/1992/r076-1992-nl1-2005-40 (137.8s, 2 pages)
13:26:31 [01394/02941] R76/1992/r076-1992-nl1-2006-10 (58.4s, 2 pages)
13:26:44 [01395/02941] R76/1992/r076-1992-nl1-2006-14 (32.5s, 2 pages)
13:26:44 [01396/02941] R76/1992/r076-1992-nl1-2006-15 (30.8s, 2 pages)
13:26:44 [01397/02941] R76/1992/r076-1992-nl1-2006-13 (35.4s, 2 pages)
13:26:51 [01398/02941] R76/1992/r076-1992-nl1-2006-03 (131.1s, 2 pages)
13:27:08 [01399/02941] R76/1992/r076-1992-nl1-2006-21 (23.3s, 2 pages)
13:27:08 [01400/02941] R76/1992/r076-1992-nl1-2006-18 (36.9s, 2 pages)
13:27:10 [01401/02941] R76/1992/r076-1992-nl1-2006-06 (116.2s, 2 pages)
13:27:10 [01402/02941] R76/1992/r076-1992-nl1-2006-20 (25.5s, 2 pages)
13:27:17 [01403/02941] R76/1992/r076-1992-nl1-2006-22 (25.4s, 2 pages)
13:27:21 [01404/02941] R76/1992/r076-1992-nl1-2006-09 (117.2s, 2 pages)
13:27:31 [01405/02941] R76/1992/r076-1992-nl1-2006-17 (63.4s, 2 pages)
13:27:40 [01406/02941] R76/1992/r076-1992-nl1-2006-19 (55.6s, 2 pages)
13:27:48 [01407/02941] R76/1992/r076-1992-nl1-2006-11 (121.1s, 2 pages)
13:27:54 [01408/02941] R76/1992/r076-1992-nl1-2006-23 (46.5s, 2 pages)
13:27:57 [01409/02941] R76/1992/r076-1992-nl1-2006-16 (94.3s, 2 pages)
13:27:58 [01410/02941] R76/1992/r076-1992-nl1-2006-29 (27.2s, 2 pages)
13:28:00 [01411/02941] R76/1992/r076-1992-nl1-2006-27 (43.6s, 2 pages)
13:28:38 [01412/02941] R76/1992/r076-1992-nl1-2006-26 (88.2s, 2 pages)
13:28:53 [01413/02941] R76/1992/r076-1992-nl1-2006-30 (73.2s, 2 pages)
13:28:57 [01414/02941] R76/1992/r076-1992-nl1-2006-28 (95.6s, 2 pages)
13:29:02 [01415/02941] R76/1992/r076-1992-nl1-2006-32 (67.5s, 2 pages)
13:29:06 [01416/02941] R76/1992/r076-1992-nl1-2006-33 (69.6s, 3 pages)
13:29:23 [01417/02941] R76/1992/r076-1992-nl1-2006-31 (94.7s, 2 pages)
13:29:32 [01418/02941] R76/1992/r076-1992-nl1-2006-25 (141.9s, 2 pages)
13:29:41 [01419/02941] R76/1992/r076-1992-nl1-2006-35 (100.1s, 2 pages)
13:29:44 [01420/02941] R76/1992/r076-1992-nl1-2006-38 (42.5s, 2 pages)
13:29:45 [01421/02941] R76/1992/r076-1992-nl1-2006-37 (52.4s, 2 pages)
13:30:06 [01422/02941] R76/1992/r076-1992-nl1-2006-34 (127.7s, 2 pages)
13:30:12 [01423/02941] R76/1992/r076-1992-nl1-2006-38-rev1 (75.5s, 2 pages)
13:30:17 [01424/02941] R76/1992/r076-1992-nl1-2007-02 (33.2s, 2 pages)
13:30:37 [01425/02941] R76/1992/r076-1992-nl1-2007-05 (20.0s, 2 pages)
13:30:40 [01426/02941] R76/1992/r076-1992-nl1-2006-40 (77.7s, 2 pages)
13:30:49 [01427/02941] R76/1992/r076-1992-nl1-2006-41 (77.8s, 2 pages)
13:30:59 [01428/02941] R76/1992/r076-1992-nl1-2007-04 (46.7s, 2 pages)
13:31:03 [01429/02941] R76/1992/r076-1992-nl1-2006-39-rev1 (117.0s, 2 pages)
13:31:11 [01430/02941] R76/1992/r076-1992-nl1-2007-08 (21.2s, 2 pages)
13:31:19 [01431/02941] R76/1992/r076-1992-nl1-2006-36 (160.6s, 2 pages)
13:31:22 [01432/02941] R76/1992/r076-1992-nl1-2007-06 (44.4s, 2 pages)
13:31:33 [01433/02941] R76/1992/r076-1992-nl1-2007-07 (52.5s, 2 pages)
13:31:33 [01434/02941] R76/1992/r076-1992-nl1-2007-01 (112.5s, 2 pages)
13:31:46 [01435/02941] R76/1992/r076-1992-nl1-2007-03 (100.3s, 2 pages)
13:31:51 [01436/02941] R76/1992/r076-1992-nl1-2007-09 (51.8s, 2 pages)
13:31:53 [01437/02941] R76/1992/r076-1992-nl1-2007-11-rev1 (42.7s, 2 pages)
13:32:11 [01438/02941] R76/1992/r076-1992-nl1-2007-12-rev1 (51.8s, 3 pages)
13:32:17 [01439/02941] R76/1992/r076-1992-nl1-2007-15 (43.8s, 2 pages)
13:32:19 [01440/02941] R76/1992/r076-1992-nl1-2007-13 (57.5s, 2 pages)
13:32:19 [01441/02941] R76/1992/r076-1992-nl1-2007-16 (33.2s, 2 pages)
13:32:20 [01442/02941] R76/1992/r076-1992-nl1-2007-14 (47.1s, 2 pages)
13:32:40 [01443/02941] R76/1992/r076-1992-nl1-2007-03-rev1 (174.6s, 2 pages)
13:32:40 [01444/02941] R76/1992/r076-1992-nl1-2007-17 (49.8s, 2 pages)
13:32:53 [01445/02941] R76/1992/r076-1992-nl1-2007-10 (109.2s, 2 pages)
13:32:58 [01446/02941] R76/1992/r076-1992-nl1-2007-22 (38.1s, 2 pages)
13:33:12 [01447/02941] R76/1992/r076-1992-nl1-2007-23 (31.9s, 2 pages)
13:33:13 [01448/02941] R76/1992/r076-1992-nl1-2007-24 (32.8s, 2 pages)
13:33:16 [01449/02941] R76/1992/r076-1992-nl1-2007-18 (82.6s, 2 pages)
13:33:30 [01450/02941] R76/1992/r076-1992-nl1-2007-21 (71.2s, 2 pages)
13:33:31 [01451/02941] R76/1992/r076-1992-nl1-2007-20 (72.3s, 2 pages)
13:33:35 [01452/02941] R76/1992/r076-1992-nl1-2007-28 (21.4s, 2 pages)
13:33:41 [01453/02941] R76/1992/r076-1992-nl1-2007-19 (90.1s, 2 pages)
13:33:54 [01454/02941] R76/1992/r076-1992-nl1-2007-29 (38.0s, 2 pages)
13:34:07 [01455/02941] R76/1992/r076-1992-nl1-2007-30 (35.2s, 2 pages)
13:34:07 [01456/02941] R76/1992/r076-1992-nl1-2007-25 (74.9s, 2 pages)
13:34:07 [01457/02941] R76/1992/r076-1992-nl1-2007-27-rev1 (55.6s, 2 pages)
13:34:15 [01458/02941] R76/1992/r076-1992-nl1-2007-30-rev1 (44.1s, 2 pages)
13:34:23 [01459/02941] R76/1992/r076-1992-nl1-2007-33 (28.9s, 2 pages)
13:34:23 [01460/02941] R76/1992/r076-1992-nl1-2007-32 (42.6s, 2 pages)
13:34:40 [01461/02941] R76/1992/r076-1992-nl1-2007-38 (17.1s, 2 pages)
13:34:43 [01462/02941] R76/1992/r076-1992-nl1-2007-35 (35.6s, 2 pages)
13:34:58 [01463/02941] R76/1992/r076-1992-nl1-2007-37 (43.8s, 2 pages)
13:35:00 [01464/02941] R76/1992/r076-1992-nl1-2007-38-rev1 (37.1s, 2 pages)
13:35:05 [01465/02941] R76/1992/r076-1992-nl1-2007-36 (57.1s, 2 pages)
13:35:05 [01466/02941] R76/1992/r076-1992-nl1-2007-20-rev1 (167.8s, 2 pages)
13:35:16 [01467/02941] R76/1992/r076-1992-nl1-2007-26 (137.7s, 2 pages)
13:35:26 [01468/02941] R76/1992/r076-1992-nl1-2007-31 (111.0s, 2 pages)
13:35:47 [01469/02941] R76/1992/r076-1992-nl1-2007-34 (100.7s, 2 pages)
13:35:51 [01470/02941] R76/1992/r076-1992-nl1-2008-04-rev1 (25.8s, 2 pages)
13:35:58 [01471/02941] R76/1992/r076-1992-nl1-2007-39 (74.6s, 2 pages)
13:36:08 [01472/02941] R76/1992/r076-1992-nl1-2008-02 (63.4s, 2 pages)
13:36:26 [01473/02941] R76/1992/r076-1992-nl1-2008-03 (70.6s, 2 pages)
13:36:27 [01474/02941] R76/1992/r076-1992-nl1-2007-41 (87.2s, 2 pages)
13:36:32 [01475/02941] R76/1992/r076-1992-nl1-2007-40 (93.7s, 2 pages)
13:36:38 [01476/02941] R76/1992/r076-1992-nl1-2008-01 (93.0s, 2 pages)
13:36:43 [01477/02941] R76/1992/r076-1992-nl1-2008-05-rev1 (52.1s, 2 pages)
13:37:17 [01478/02941] R76/1992/r076-1992-nl1-2007-39-rev1 (156.9s, 2 pages)
13:37:20 [01479/02941] R76/1992/r076-1992-nl1-2008-12-rev1 (36.8s, 2 pages)
13:37:22 [01480/02941] R76/1992/r076-1992-nl1-2008-11 (44.8s, 2 pages)
13:37:23 [01481/02941] R76/1992/r076-1992-nl1-2008-07 (75.4s, 2 pages)
13:37:29 [01482/02941] R76/1992/r076-1992-nl1-2008-09 (61.7s, 2 pages)
FAIL R76/1992/r076-1992-nl1-2008-14: API error for R76/1992/r076-1992-nl1-2008-14: {"contentFilter" => [{"level" => 1, "role" => "assistant"}], "error" => {"code" => "1301", "message" => "System detected potentially unsafe or sensitive content in input or generation. Please avoid using prompts that may generate sensitive content. Thank
13:37:43 [01484/02941] R76/1992/r076-1992-nl1-2008-12 (26.3s, 2 pages)
13:37:47 [01485/02941] R76/1992/r076-1992-nl1-2008-13 (26.6s, 2 pages)
13:37:49 [01486/02941] R76/1992/r076-1992-nl1-2008-04 (121.5s, 2 pages)
13:37:58 [01487/02941] R76/1992/r076-1992-nl1-2008-16 (29.3s, 2 pages)
13:38:10 [01488/02941] R76/1992/r076-1992-nl1-2008-06 (132.3s, 2 pages)
13:38:44 [01489/02941] R76/1992/r076-1992-nl1-2008-20 (54.9s, 2 pages)
13:38:47 [01490/02941] R76/1992/r076-1992-nl1-2008-15 (83.6s, 2 pages)
13:38:55 [01491/02941] R76/1992/r076-1992-nl1-2008-17 (84.9s, 2 pages)
13:39:03 [01492/02941] R76/1992/r076-1992-nl1-2008-10 (150.9s, 2 pages)
13:39:13 [01493/02941] R76/1992/r076-1992-nl1-2006-24 (724.9s, 2 pages)
13:39:13 [01494/02941] R76/1992/r076-1992-nl1-2008-19 (86.0s, 2 pages)
13:39:33 [01495/02941] R76/1992/r076-1992-nl1-2008-22 (49.2s, 2 pages)
13:39:33 [01496/02941] R76/1992/r076-1992-nl1-2008-18 (109.6s, 2 pages)
13:39:34 [01497/02941] R76/1992/r076-1992-nl1-2008-27 (21.1s, 2 pages)
13:39:38 [01498/02941] R76/1992/r076-1992-nl1-2008-24 (42.9s, 2 pages)
13:39:42 [01499/02941] R76/1992/r076-1992-nl1-2008-21 (103.9s, 2 pages)
13:39:43 [01500/02941] R76/1992/r076-1992-nl1-2008-08 (196.7s, 2 pages)
FAIL R76/1992/r076-1992-nl1-2008-29: API error for R76/1992/r076-1992-nl1-2008-29: {"contentFilter" => [{"level" => 1, "role" => "assistant"}], "error" => {"code" => "1301", "message" => "System detected potentially unsafe or sensitive content in input or generation. Please avoid using prompts that may generate sensitive content. Thank
13:39:57 [01502/02941] R76/1992/r076-1992-nl1-2008-31 (19.5s, 2 pages)
13:40:09 [01503/02941] R76/1992/r076-1992-nl1-2008-26 (56.6s, 2 pages)
13:40:29 [01504/02941] R76/1992/r076-1992-nl1-2008-32 (46.7s, 2 pages)
13:40:31 [01505/02941] R76/1992/r076-1992-nl1-2008-33-rev1 (48.3s, 2 pages)
13:40:32 [01506/02941] R76/1992/r076-1992-nl1-2008-28 (58.8s, 2 pages)
13:40:33 [01507/02941] R76/1992/r076-1992-nl1-2008-33 (43.5s, 2 pages)
13:40:34 [01508/02941] R76/1992/r076-1992-nl1-2008-22-rev1 (144.5s, 2 pages)
13:40:41 [01509/02941] R76/1992/r076-1992-nl1-2008-34 (43.5s, 2 pages)
13:40:42 [01510/02941] R76/1992/r076-1992-nl1-2008-23 (115.0s, 2 pages)
13:40:44 [01511/02941] R76/1992/r076-1992-nl1-2008-36 (34.3s, 2 pages)
13:40:54 [01512/02941] R76/1992/r076-1992-nl1-2008-37 (25.7s, 2 pages)
13:40:55 [01513/02941] R76/1992/r076-1992-nl1-2008-30 (81.4s, 2 pages)
13:41:07 [01514/02941] R76/1992/r076-1992-nl1-2008-38 (35.5s, 2 pages)
13:41:07 [01515/02941] R76/1992/r076-1992-nl1-2008-39 (35.5s, 2 pages)
13:41:20 [01516/02941] R76/1992/r076-1992-nl1-2008-41 (45.9s, 2 pages)
13:41:27 [01517/02941] R76/1992/r076-1992-nl1-2008-43 (44.9s, 2 pages)
13:41:44 [01518/02941] R76/1992/r076-1992-nl1-2009-03 (24.1s, 2 pages)
13:41:55 [01519/02941] R76/1992/r076-1992-nl1-2008-44 (71.0s, 2 pages)
13:41:55 [01520/02941] R76/1992/r076-1992-nl1-2008-40 (81.7s, 2 pages)
13:42:46 [01521/02941] R76/1992/r076-1992-nl1-2009-04 (61.4s, 2 pages)
13:43:05 [01522/02941] R76/1992/r076-1992-nl1-2008-45-rev2 (129.4s, 2 pages)
13:43:06 [01523/02941] R76/1992/r076-1992-nl1-2008-45 (119.3s, 2 pages)
13:43:18 [01524/02941] R76/1992/r076-1992-nl1-2009-04-rev1 (111.5s, 2 pages)
13:43:25 [01525/02941] R76/1992/r076-1992-nl1-2008-46 (137.7s, 3 pages)
13:43:34 [01526/02941] R76/1992/r076-1992-nl1-2008-25 (270.7s, 2 pages)
13:43:44 [01527/02941] R76/1992/r076-1992-nl1-2008-42 (183.5s, 2 pages)
13:43:45 [01528/02941] R76/1992/r076-1992-nl1-2009-07 (58.9s, 2 pages)
13:43:57 [01529/02941] R76/1992/r076-1992-nl1-2009-06 (122.6s, 2 pages)
13:44:00 [01530/02941] R76/1992/r076-1992-nl1-2009-05 (125.3s, 2 pages)
13:44:22 [01531/02941] R76/1992/r076-1992-nl1-2009-14 (37.7s, 2 pages)
13:44:25 [01532/02941] R76/1992/r076-1992-nl1-2009-13-rev1 (51.1s, 2 pages)
13:44:36 [01533/02941] R76/1992/r076-1992-nl1-2009-13 (51.6s, 2 pages)
13:44:39 [01534/02941] R76/1992/r076-1992-nl1-2009-12 (74.0s, 2 pages)
13:44:41 [01535/02941] R76/1992/r076-1992-nl1-2009-09-rev1 (95.1s, 2 pages)
13:45:07 [01536/02941] R76/1992/r076-1992-nl1-2009-20 (28.1s, 2 pages)
13:45:13 [01537/02941] R76/1992/r076-1992-nl1-2008-45-rev1 (259.0s, 2 pages)
13:45:28 [01538/02941] R76/1992/r076-1992-nl1-2009-23 (46.8s, 2 pages)
13:45:31 [01539/02941] R76/1992/r076-1992-nl1-2009-17 (55.6s, 2 pages)
13:45:34 [01540/02941] R76/1992/r076-1992-nl1-2009-08 (149.0s, 2 pages)
13:45:39 [01541/02941] R76/1992/r076-1992-nl1-2009-15-rev2 (99.2s, 2 pages)
13:45:48 [01542/02941] R76/1992/r076-1992-nl1-2009-15 (85.9s, 2 pages)
13:45:54 [01543/02941] R76/1992/r076-1992-nl1-2009-27 (22.4s, 2 pages)
13:45:55 [01544/02941] R76/1992/r076-1992-nl1-2009-15-rev1 (117.2s, 2 pages)
13:46:02 [01545/02941] R76/1992/r076-1992-nl1-2009-16 (97.2s, 2 pages)
13:46:16 [01546/02941] R76/1992/r076-1992-nl1-2009-24 (69.2s, 2 pages)
13:46:25 [01547/02941] R76/1992/r076-1992-nl1-2009-25 (71.5s, 2 pages)
13:46:27 [01548/02941] R76/1992/r076-1992-nl1-2009-27-rev1 (58.7s, 2 pages)
13:46:30 [01549/02941] R76/1992/r076-1992-nl1-2009-30 (42.0s, 2 pages)
13:46:36 [01550/02941] R76/1992/r076-1992-nl1-2009-32 (42.4s, 2 pages)
13:46:40 [01551/02941] R76/1992/r076-1992-nl1-2009-10 (201.2s, 2 pages)
13:46:50 [01552/02941] R76/1992/r076-1992-nl1-2009-34 (48.5s, 2 pages)
13:46:51 [01553/02941] R76/1992/r076-1992-nl1-2010-01-rev1 (26.1s, 2 pages)
13:47:15 [01554/02941] R76/1992/r076-1992-nl1-2010-07 (39.3s, 2 pages)
13:47:18 [01555/02941] R76/1992/r076-1992-nl1-2009-29 (98.7s, 2 pages)
13:47:28 [01556/02941] R76/1992/r076-1992-nl1-2010-11 (36.8s, 2 pages)
13:47:37 [01557/02941] R76/1992/r076-1992-nl1-2010-01-rev2 (70.6s, 2 pages)
13:47:57 [01558/02941] R76/1992/r076-1992-nl1-2010-10 (66.2s, 2 pages)
13:48:13 [01559/02941] R76/1992/r076-1992-nl1-2009-35-rev1 (117.4s, 2 pages)
13:48:15 [01560/02941] R76/1992/r076-1992-nl1-2010-12 (59.2s, 2 pages)
13:48:23 [01561/02941] R76/1992/r076-1992-nl1-2010-04-rev1 (112.4s, 2 pages)
13:48:31 [01562/02941] R76/1992/r076-1992-nl1-2010-14 (73.5s, 2 pages)
13:48:49 [01563/02941] R76/1992/r076-1992-nl1-2010-16-rev1 (52.8s, 2 pages)
13:49:13 [01564/02941] R76/1992/r076-1992-nl1-2009-33-rev1 (198.0s, 2 pages)
13:49:15 [01565/02941] R76/1992/r076-1992-nl1-2010-18-rev1 (52.1s, 2 pages)
13:49:24 [01566/02941] R76/1992/r076-1992-nl1-2010-08 (164.3s, 2 pages)
13:49:33 [01567/02941] R76/1992/r076-1992-nl1-2010-15 (116.2s, 2 pages)
13:49:35 [01568/02941] R76/1992/r076-1992-nl1-2010-15-rev1 (126.6s, 2 pages)
13:49:43 [01569/02941] R76/1992/r076-1992-nl1-2010-18 (53.0s, 2 pages)
13:49:45 [01570/02941] R76/1992/r076-1992-nl1-2010-16 (92.0s, 2 pages)
13:49:46 [01571/02941] R76/1992/r076-1992-nl1-2009-28 (252.2s, 4 pages)
13:50:09 [01572/02941] R76/1992/r076-1992-nl1-2010-17 (114.3s, 2 pages)
13:50:25 [01573/02941] R76/1992/r076-1992-nl1-2010-19 (72.0s, 2 pages)
13:50:25 [01574/02941] R76/1992/r076-1992-nl1-2010-18-rev2 (113.4s, 2 pages)
13:50:26 [01575/02941] R76/1992/r076-1992-nl1-2010-20 (61.8s, 2 pages)
13:50:30 [01576/02941] R76/1992/r076-1992-nl1-2010-20-rev1 (75.5s, 2 pages)
13:50:55 [01577/02941] R76/1992/r076-1992-nl1-2010-23 (80.8s, 2 pages)
13:50:59 [01578/02941] R76/1992/r076-1992-nl1-2010-24 (76.3s, 2 pages)
13:51:00 [01579/02941] R76/1992/r076-1992-nl1-2010-22 (87.0s, 2 pages)
13:51:19 [01580/02941] R76/1992/r076-1992-nl1-2010-29 (93.4s, 2 pages)
13:51:32 [01581/02941] R76/1992/r076-1992-nl1-2010-37 (66.0s, 2 pages)
13:51:37 [01582/02941] R76/1992/r076-1992-nl1-2010-40 (41.3s, 2 pages)
13:51:43 [01583/02941] R76/1992/r076-1992-nl1-2010-36 (78.6s, 2 pages)
13:51:45 [01584/02941] R76/1992/r076-1992-nl1-2010-33 (96.0s, 2 pages)
13:51:50 [01585/02941] R76/1992/r076-1992-nl1-2010-35 (85.1s, 2 pages)
13:52:05 [01586/02941] R76/1992/r076-1992-nl1-2010-38 (94.6s, 2 pages)
13:52:26 [01587/02941] R76/1992/r076-1992-nl1-2010-42 (85.1s, 2 pages)
13:52:36 [01588/02941] R76/1992/r076-1992-nl1-2010-30 (170.3s, 2 pages)
13:52:39 [01589/02941] R76/1992/r076-1992-nl1-2010-45 (67.1s, 2 pages)
13:52:48 [01590/02941] R76/1992/r076-1992-nl1-2011-04 (43.3s, 2 pages)
13:53:00 [01591/02941] R76/1992/r076-1992-nl1-2011-02 (70.5s, 2 pages)
13:53:06 [01592/02941] R76/1992/r076-1992-nl1-2010-41 (127.3s, 2 pages)
13:53:25 [01593/02941] R76/1992/r076-1992-nl1-2010-51 (100.4s, 2 pages)
13:53:39 [01594/02941] R76/1992/r076-1992-nl1-2011-14-rev01 (32.8s, 2 pages)
13:53:43 [01595/02941] R76/1992/r076-1992-nl1-2010-47 (126.9s, 2 pages)
13:53:50 [01596/02941] R76/1992/r076-1992-nl1-2010-50 (127.2s, 2 pages)
13:53:54 [01597/02941] R76/1992/r076-1992-nl1-2010-44 (154.8s, 2 pages)
13:54:14 [01598/02941] R76/1992/r076-1992-nl1-2011-06 (97.4s, 2 pages)
13:54:37 [01599/02941] R76/1992/r076-1992-nl1-2011-07 (118.2s, 2 pages)
13:54:49 [01600/02941] R76/1992/r076-1992-nl1-2011-22 (55.2s, 2 pages)
13:55:09 [01601/02941] R76/1992/r076-1992-nl1-2011-10 (141.3s, 2 pages)
13:55:21 [01602/02941] R76/1992/r076-1992-nl1-2011-17 (102.0s, 2 pages)
13:55:25 [01603/02941] R76/1992/r076-1992-nl1-2011-18-rev1 (101.7s, 2 pages)
13:55:26 [01604/02941] R76/1992/r076-1992-nl1-2011-24 (49.1s, 2 pages)
13:55:36 [01605/02941] R76/1992/r076-1992-nl1-2011-11 (155.7s, 2 pages)
13:55:47 [01606/02941] R76/1992/r076-1992-nl1-2011-26 (58.3s, 2 pages)
13:55:49 [01607/02941] R76/1992/r076-1992-nl1-2011-19 (118.1s, 2 pages)
13:55:59 [01608/02941] R76/1992/r076-1992-nl1-2011-23 (105.0s, 2 pages)
13:56:05 [01609/02941] R76/1992/r076-1992-nl1-2011-05 (219.3s, 2 pages)
13:56:16 [01610/02941] R76/1992/r076-1992-nl1-2011-14 (170.2s, 2 pages)
13:56:25 [01611/02941] R76/1992/r076-1992-nl1-2011-31 (64.2s, 2 pages)
13:56:26 [01612/02941] R76/1992/r076-1992-nl1-2012-33 (26.9s, 2 pages)
13:56:26 [01613/02941] R76/1992/r076-1992-nl1-2012-05 (60.9s, 2 pages)
13:56:52 [01614/02941] R76/1992/r076-1992-nl1-2012-49 (46.7s, 2 pages)
13:56:53 [01615/02941] R76/1992/r076-1992-nl1-2012-13 (86.5s, 2 pages)
13:56:57 [01616/02941] R76/1992/r076-1992-nl1-2013-10-rev1 (31.5s, 2 pages)
13:56:58 [01617/02941] R76/1992/r076-1992-nl1-2013-01-rev1 (42.5s, 2 pages)
13:57:13 [01618/02941] R76/1992/r076-1992-nl1-2013-10 (47.3s, 2 pages)
13:57:15 [01619/02941] R76/1992/r076-1992-nl1-2012-21 (86.1s, 2 pages)
13:57:21 [01620/02941] R76/1992/r076-1992-nl1-2013-01 (55.7s, 2 pages)
13:57:36 [01621/02941] R76/1992/r076-1992-nl1-2012-15-rev1 (120.4s, 2 pages)
13:58:06 [01622/02941] R76/1992/r076-1992-nl1-2013-34-rev1 (73.0s, 2 pages)
13:58:06 [01623/02941] R76/1992/r076-1992-nl1-2011-28-rev1 (176.4s, 2 pages)
13:58:13 [01624/02941] R76/1992/r076-1992-nl1-2014-36 (52.7s, 2 pages)
13:58:16 [01625/02941] R76/1992/r076-1992-nl1-2014-21-rev1 (77.6s, 2 pages)
13:58:23 [01626/02941] R76/1992/r076-1992-nl1-2012-15 (155.5s, 2 pages)
13:58:31 [01627/02941] R76/1992/r076-1992-nl1-2014-05 (93.6s, 2 pages)
13:58:50 [01628/02941] R76/1992/r076-1992-nl1-2013-16 (118.0s, 2 pages)
13:58:59 [01629/02941] R76/1992/r076-1992-nl1-2014-21 (105.9s, 2 pages)
13:59:03 [01630/02941] R76/1992/r076-1992-nl1-2014-29 (108.3s, 2 pages)
13:59:11 [01631/02941] R76/1992/r076-1992-nl1-2014-52 (55.4s, 2 pages)
13:59:19 [01632/02941] R76/1992/r076-1992-nl1-2014-40 (73.7s, 2 pages)
13:59:25 [01633/02941] R76/1992/r076-1992-nl1-2014-52-rev2 (71.3s, 2 pages)
13:59:35 [01634/02941] R76/1992/r076-1992-nl1-2014-56-rev1 (72.4s, 2 pages)
13:59:37 [01635/02941] R76/1992/r076-1992-nl1-2017-35-rev1 (34.6s, 2 pages)
13:59:51 [01636/02941] R76/1992/r076-1992-nl1-2015-02 (61.4s, 2 pages)
13:59:52 [01637/02941] R76/1992/r076-1992-nl1-2014-56 (81.2s, 2 pages)
13:59:59 [01638/02941] R76/1992/r076-1992-nl1-2014-52-rev1 (112.9s, 2 pages)
14:00:14 [01639/02941] R76/1992/r076-1992-se1-2006-02 (39.1s, 2 pages)
14:00:18 [01640/02941] R76/1992/r076-1992-nl1-2014-39 (161.6s, 2 pages)
14:00:20 [01641/02941] R76/1992/r076-1992-nz1-2007-01 (60.8s, 2 pages)
14:00:27 [01642/02941] R76/1992/r076-1992-se1-2008-01-rev2 (34.7s, 2 pages)
14:00:41 [01643/02941] R76/1992/r076-1992-nl1-2016-17 (101.5s, 2 pages)
14:00:44 [01644/02941] R76/1992/r076-1992-se1-2007-02 (53.0s, 2 pages)
14:00:52 [01645/02941] R76/1992/r076-1992-se1-2009-01 (34.3s, 2 pages)
14:01:11 [01646/02941] R76/1992/r076-1992-se1-2007-01 (93.9s, 2 pages)
14:01:15 [01647/02941] R76/1992/r076-1992-ru1-2006-01 (109.7s, 2 pages)
14:01:27 [01648/02941] R76/2006/r076-2006-ch1-2009-01-rev1 (46.1s, 2 pages)
14:01:40 [01649/02941] R76/2006/r076-2006-ch1-2008-02 (73.1s, 2 pages)
14:01:42 [01650/02941] R76/1992/r076-1992-se1-2008-01 (103.0s, 2 pages)
14:01:46 [01651/02941] R76/1992/r076-1992-nz1-2007-01-rev1 (155.1s, 2 pages)
14:01:59 [01652/02941] R76/1992/r076-1992-se1-2009-01-rev1 (104.7s, 2 pages)
14:02:03 [01653/02941] R76/2006/r076-2006-ch1-2009-01-rev2 (79.2s, 2 pages)
14:02:19 [01654/02941] R76/2006/r076-2006-ch1-2012-01 (51.5s, 2 pages)
14:02:20 [01655/02941] R76/2006/r076-2006-ch1-2013-01-rev1 (40.3s, 2 pages)
14:02:21 [01656/02941] R76/2006/r076-2006-ch1-2009-01 (89.1s, 2 pages)
14:02:29 [01657/02941] R76/2006/r076-2006-ch1-2014-01 (47.7s, 2 pages)
14:02:52 [01658/02941] R76/2006/r076-2006-ch1-2016-01-rev1 (31.0s, 2 pages)
14:02:57 [01659/02941] R76/2006/r076-2006-ch1-2015-02-rev1 (54.3s, 2 pages)
14:03:05 [01660/02941] R76/2006/r076-2006-ch1-2015-02 (46.1s, 2 pages)
14:03:11 [01661/02941] R76/2006/r076-2006-ch1-2009-02-rev1 (119.2s, 2 pages)
14:03:24 [01662/02941] R76/2006/r076-2006-ch1-2016-03 (31.7s, 2 pages)
14:03:24 [01663/02941] R76/2006/r076-2006-ch1-2009-02 (129.5s, 2 pages)
14:03:28 [01664/02941] R76/2006/r076-2006-ch1-2016-01 (59.0s, 2 pages)
14:03:37 [01665/02941] R76/2006/r076-2006-ch1-2017-03 (32.1s, 2 pages)
14:03:45 [01666/02941] R76/2006/r076-2006-ch1-2018-02-rev1 (33.9s, 2 pages)
14:03:48 [01667/02941] R76/2006/r076-2006-ch1-2015-03 (87.4s, 2 pages)
14:03:53 [01668/02941] R76/2006/r076-2006-ch1-2017-02 (55.6s, 2 pages)
14:03:55 [01669/02941] R76/2006/r076-2006-ch1-2015-01 (116.2s, 2 pages)
14:04:17 [01670/02941] R76/1992/r076-1992-se1-2012-01 (237.0s, 2 pages)
14:04:32 [01671/02941] R76/2006/r076-2006-ch1-2014-02 (166.2s, 4 pages)
14:04:53 [01672/02941] R76/2006/r076-2006-ch1-2018-09 (57.5s, 2 pages)
14:05:01 [01673/02941] R76/2006/r076-2006-ch1-2018-02 (96.8s, 2 pages)
14:05:26 [01674/02941] R76/2006/r076-2006-ch1-2018-03 (118.1s, 3 pages)
14:05:41 [01675/02941] R76/2006/r076-2006-ch1-2018-04-rev1 (124.2s, 3 pages)
14:05:46 [01676/02941] R76/2006/r076-2006-ch1-2018-05 (118.1s, 3 pages)
14:05:49 [01677/02941] R76/2006/r076-2006-ch1-2018-03-rev1 (145.0s, 3 pages)
14:06:07 [01678/02941] R76/2006/r076-2006-ch1-2018-04 (142.6s, 3 pages)
14:06:18 [01679/02941] R76/2006/r076-2006-ch1-2019-01 (85.5s, 3 pages)
14:06:46 [01680/02941] R76/2006/r076-2006-ch1-2018-06 (172.7s, 3 pages)
14:07:00 [01681/02941] R76/2006/r076-2006-ch1-2019-02-rev3 (93.9s, 3 pages)
14:07:05 [01682/02941] R76/2006/r076-2006-ch1-2019-02-rev4 (84.4s, 3 pages)
14:07:24 [01683/02941] R76/2006/r076-2006-ch1-2019-02-rev5 (97.8s, 3 pages)
14:07:40 [01684/02941] R76/2006/r076-2006-ch1-2019-02 (110.8s, 2 pages)
14:07:43 [01685/02941] R76/2006/r076-2006-ch1-2019-01-rev4 (191.0s, 5 pages)
14:07:56 [01686/02941] R76/2006/r076-2006-ch1-2019-03-rev1 (109.4s, 3 pages)
14:08:16 [01687/02941] R76/2006/r076-2006-ch1-2019-03-rev2 (118.3s, 3 pages)
14:08:23 [01688/02941] R76/2006/r076-2006-ch1-2019-02-rev1 (202.7s, 3 pages)
14:09:08 [01689/02941] R76/2006/r076-2006-ch1-2019-05-rev4 (71.1s, 3 pages)
14:09:15 [01690/02941] R76/2006/r076-2006-ch1-2019-05-rev3 (91.6s, 3 pages)
14:09:35 [01691/02941] R76/2006/r076-2006-ch1-2019-03 (169.6s, 3 pages)
14:09:40 [01692/02941] R76/2006/r076-2006-ch1-2019-01-rev1 (323.3s, 4 pages)
14:09:48 [01693/02941] R76/2006/r076-2006-ch1-2019-05 (84.3s, 2 pages)
14:09:50 [01694/02941] R76/2006/r076-2006-ch1-2019-05-rev1 (130.2s, 3 pages)
14:10:24 [01695/02941] R76/2006/r076-2006-ch1-2019-04-rev1 (203.3s, 4 pages)
14:10:40 [01696/02941] R76/2006/r076-2006-cn1-2011-01 (49.6s, 2 pages)
14:10:43 [01697/02941] R76/2006/r076-2006-ch1-2021-01 (55.4s, 2 pages)
14:10:52 [01698/02941] R76/2006/r076-2006-ch1-2019-05-rev5 (156.0s, 3 pages)
14:11:40 [01699/02941] R76/2006/r076-2006-ch1-2019-04-rev3 (274.2s, 4 pages)
14:11:40 [01700/02941] R76/2006/r076-2006-cn1-2013-03 (57.3s, 2 pages)
14:11:43 [01701/02941] R76/2006/r076-2006-ch1-2019-04-rev4 (259.1s, 5 pages)
14:11:50 [01702/02941] R76/2006/r076-2006-ch1-2019-06-rev1 (162.2s, 3 pages)
14:12:09 [01703/02941] R76/2006/r076-2006-cn1-2013-04 (76.3s, 2 pages)
14:12:14 [01704/02941] R76/2006/r076-2006-ch1-2019-06 (158.5s, 3 pages)
14:12:32 [01705/02941] R76/2006/r076-2006-cn1-2013-02 (112.6s, 2 pages)
14:12:36 [01706/02941] R76/2006/r076-2006-cn1-2013-05-rev1 (56.8s, 2 pages)
14:12:37 [01707/02941] R76/2006/r076-2006-ch1-2019-06-rev2 (202.4s, 3 pages)
14:12:39 [01708/02941] R76/2006/r076-2006-cn1-2013-01 (135.0s, 2 pages)
14:13:01 [01709/02941] R76/2006/r076-2006-cn2-2019-02 (24.4s, 2 pages)
14:13:05 [01710/02941] R76/2006/r076-2006-cn1-2017-01 (51.3s, 2 pages)
14:13:23 [01711/02941] R76/2006/r076-2006-cn1-2016-01 (100.5s, 2 pages)
14:13:45 [01712/02941] R76/2006/r076-2006-cn1-2014-01 (124.6s, 3 pages)
14:13:50 [01713/02941] R76/2006/r076-2006-cn1-2016-03 (101.1s, 2 pages)
14:13:52 [01714/02941] R76/2006/r076-2006-cn1-2016-02 (122.3s, 2 pages)
14:14:02 [01715/02941] R76/2006/r076-2006-cn2-2019-01 (90.0s, 2 pages)
14:14:03 [01716/02941] R76/2006/r076-2006-ch1-2020-01 (262.4s, 3 pages)
14:14:21 [01717/02941] R76/2006/r076-2006-cn2-2019-03 (103.9s, 2 pages)
14:14:28 [01718/02941] R76/2006/r076-2006-cn2-2021-01 (86.6s, 2 pages)
14:14:39 [01719/02941] R76/2006/r076-2006-cz1-2015-01 (46.7s, 3 pages)
14:15:03 [01720/02941] R76/2006/r076-2006-cn2-2021-02 (117.8s, 2 pages)
14:15:04 [01721/02941] R76/2006/r076-2006-cn2-2022-02 (74.5s, 2 pages)
14:15:09 [01722/02941] R76/2006/r076-2006-cn2-2020-01 (150.0s, 2 pages)
14:15:10 [01723/02941] R76/2006/r076-2006-cn2-2022-01 (85.4s, 2 pages)
14:15:31 [01724/02941] R76/2006/r076-2006-cz1-2016-01 (89.0s, 4 pages)
14:15:57 [01725/02941] R76/2006/r076-2006-cn2-2021-03 (154.3s, 2 pages)
14:16:33 [01726/02941] R76/2006/r076-2006-cz1-2016-02 (150.7s, 7 pages)
14:17:11 [01727/02941] R76/2006/r076-2006-de1-2008-04 (74.1s, 2 pages)
14:17:14 [01728/02941] R76/2006/r076-2006-cz1-2016-05 (155.0s, 8 pages)
14:17:37 [01729/02941] R76/2006/r076-2006-cz1-2016-06 (153.9s, 10 pages)
14:17:43 [01730/02941] R76/2006/r076-2006-cz1-2016-03 (201.9s, 7 pages)
14:18:13 [01731/02941] R76/2006/r076-2006-cz1-2016-04 (225.7s, 8 pages)
14:18:28 [01732/02941] R76/2006/r076-2006-de1-2008-05 (76.5s, 2 pages)
14:18:29 [01733/02941] R76/2006/r076-2006-de1-2008-05-rev1 (115.8s, 2 pages)
14:18:30 [01734/02941] R76/2006/r076-2006-cz1-2020-01 (205.6s, 7 pages)
14:18:33 [01735/02941] R76/2006/r076-2006-de1-2008-04-rev1 (182.1s, 3 pages)
14:19:34 [01736/02941] R76/2006/r076-2006-de1-2010-01 (60.5s, 2 pages)
14:19:40 [01737/02941] R76/2006/r076-2006-de1-2008-03-rev1 (270.1s, 3 pages)
14:19:46 [01738/02941] R76/2006/r076-2006-de1-2009-02-rev1 (77.9s, 3 pages)
14:19:51 [01739/02941] R76/2006/r076-2006-de1-2009-01-rev1 (157.6s, 3 pages)
14:20:14 [01740/02941] R76/2006/r076-2006-de1-2009-02 (104.2s, 2 pages)
14:20:18 [01741/02941] R76/2006/r076-2006-de1-2010-02-rev1 (44.1s, 2 pages)
14:20:22 [01742/02941] R76/2006/r076-2006-de1-2009-01-rev2 (165.6s, 4 pages)
14:21:07 [01743/02941] R76/2006/r076-2006-de1-2010-01-rev3 (157.5s, 2 pages)
14:21:08 [01744/02941] R76/2006/r076-2006-de1-2009-01 (174.7s, 3 pages)
14:21:13 [01745/02941] R76/2006/r076-2006-de1-2010-02 (92.2s, 2 pages)
14:21:25 [01746/02941] R76/2006/r076-2006-de1-2009-01-rev5 (221.3s, 4 pages)
14:21:38 [01747/02941] R76/2006/r076-2006-de1-2012-02 (30.3s, 2 pages)
14:21:40 [01748/02941] R76/2006/r076-2006-de1-2012-02-rev2 (78.0s, 2 pages)
14:21:41 [01749/02941] R76/2006/r076-2006-de1-2012-02-rev1 (82.8s, 2 pages)
14:22:03 [01750/02941] R76/2006/r076-2006-de1-2011-05 (131.5s, 3 pages)
14:22:17 [01751/02941] R76/2006/r076-2006-de1-2010-03 (151.4s, 2 pages)
14:22:45 [01752/02941] R76/2006/r076-2006-de1-2012-04 (65.1s, 2 pages)
14:22:55 [01753/02941] R76/2006/r076-2006-de1-2012-01 (161.2s, 2 pages)
14:23:20 [01754/02941] R76/2006/r076-2006-de1-2012-05 (99.2s, 2 pages)
14:23:24 [01755/02941] R76/2006/r076-2006-de1-2013-01 (80.6s, 2 pages)
14:23:36 [01756/02941] R76/2006/r076-2006-cz1-2020-02 (507.1s, 9 pages)
14:23:37 [01757/02941] R76/2006/r076-2006-de1-2012-03-rev2 (149.5s, 3 pages)
14:24:00 [01758/02941] R76/2006/r076-2006-de1-2013-02 (102.7s, 2 pages)
14:24:33 [01759/02941] R76/2006/r076-2006-de1-2013-05 (69.3s, 2 pages)
14:24:41 [01760/02941] R76/2006/r076-2006-de1-2014-02 (63.8s, 2 pages)
14:24:50 [01761/02941] R76/2006/r076-2006-de1-2013-05-rev1 (90.5s, 2 pages)
14:25:20 [01762/02941] R76/2006/r076-2006-de1-2012-03-rev4 (235.7s, 4 pages)
14:25:52 [01763/02941] R76/2006/r076-2006-de1-2015-04 (31.6s, 2 pages)
14:26:08 [01764/02941] R76/2006/r076-2006-de1-2013-03 (202.6s, 3 pages)
14:26:23 [01765/02941] R76/2006/r076-2006-de1-2012-03 (285.0s, 3 pages)
14:26:32 [01766/02941] R76/2006/r076-2006-de1-2015-03 (101.3s, 3 pages)
14:26:36 [01767/02941] R76/2006/r076-2006-de1-2013-04 (221.2s, 2 pages)
14:26:53 [01768/02941] R76/2006/r076-2006-de1-2015-01 (173.3s, 3 pages)
14:27:05 [01769/02941] R76/2006/r076-2006-de1-2016-01-rev1 (72.7s, 3 pages)
14:27:05 [01770/02941] R76/2006/r076-2006-de1-2014-01 (209.1s, 4 pages)
14:27:14 [01771/02941] R76/2006/r076-2006-de1-2016-01 (66.1s, 2 pages)
14:27:37 [01772/02941] R76/2006/r076-2006-de1-2017-02 (65.2s, 3 pages)
14:27:39 [01773/02941] R76/2006/r076-2006-de1-2012-03-rev3 (386.3s, 4 pages)
14:27:50 [01774/02941] R76/2006/r076-2006-de1-2015-02 (197.6s, 2 pages)
14:28:07 [01775/02941] R76/2006/r076-2006-de1-2017-03 (91.3s, 3 pages)
14:28:39 [01776/02941] R76/2006/r076-2006-de1-2015-03-rev1 (237.7s, 3 pages)
14:28:45 [01777/02941] R76/2006/r076-2006-de1-2016-02 (142.7s, 3 pages)
14:30:06 [01778/02941] R76/2006/r076-2006-de1-2018-02-rev1 (181.0s, 4 pages)
14:30:09 [01779/02941] R76/2006/r076-2006-de1-2017-04 (195.7s, 3 pages)
14:30:30 [01780/02941] R76/2006/r076-2006-de1-2018-01 (205.4s, 2 pages)
14:30:49 [01781/02941] R76/2006/r076-2006-de1-2018-02-rev3 (215.1s, 4 pages)
14:30:52 [01782/02941] R76/2006/r076-2006-de1-2018-02 (195.1s, 4 pages)
14:31:25 [01783/02941] R76/2006/r076-2006-de1-2018-03 (226.1s, 3 pages)
14:31:39 [01784/02941] R76/2006/r076-2006-de1-2019-06 (179.7s, 3 pages)
14:31:51 [01785/02941] R76/2006/r076-2006-de1-2019-02 (240.7s, 3 pages)
14:32:15 [01786/02941] R76/2006/r076-2006-de1-2022-01 (209.8s, 3 pages)
14:33:30 [01787/02941] R76/2006/r076-2006-de1-2019-03 (322.8s, 3 pages)
14:33:32 [01788/02941] R76/2006/r076-2006-dk2-2018-04 (162.4s, 3 pages)
14:34:00 [01789/02941] R76/2006/r076-2006-dk2-2019-01 (154.7s, 4 pages)
14:34:01 [01790/02941] R76/2006/r076-2006-dk2-2018-03 (231.8s, 4 pages)
14:34:02 [01791/02941] R76/2006/r076-2006-dk2-2019-03 (131.3s, 4 pages)
14:34:31 [01792/02941] R76/2006/r076-2006-dk2-2019-04 (135.9s, 4 pages)
14:35:25 [01793/02941] R76/2006/r076-2006-dk2-2018-04-rev1 (294.6s, 3 pages)
14:36:00 [01794/02941] R76/2006/r076-2006-dk2-2019-05 (150.1s, 4 pages)
14:36:04 [01795/02941] R76/2006/r076-2006-dk2-2018-05 (312.5s, 4 pages)
14:36:26 [01796/02941] R76/2006/r076-2006-dk2-2018-01 (379.7s, 4 pages)
14:37:39 [01797/02941] R76/2006/r076-2006-dk2-2019-11 (217.8s, 3 pages)
14:38:08 [01798/02941] R76/2006/r076-2006-dk2-2019-02 (389.9s, 4 pages)
14:39:03 [01799/02941] R76/2006/r076-2006-dk2-2020-01 (271.5s, 4 pages)
14:39:04 [01800/02941] R76/2006/r076-2006-dk2-2020-02-rev1 (219.8s, 3 pages)
14:39:49 [01801/02941] R76/2006/r076-2006-dk2-2020-03 (229.2s, 3 pages)
14:40:13 [01802/02941] R76/2006/r076-2006-dk2-2020-08 (70.4s, 3 pages)
14:40:35 [01803/02941] R76/2006/r076-2006-dk2-2020-07 (146.4s, 4 pages)
14:40:51 [01804/02941] R76/2006/r076-2006-dk2-2020-05 (265.3s, 7 pages)
14:41:07 [01805/02941] R76/2006/r076-2006-dk2-2020-06 (208.7s, 4 pages)
14:42:04 [01806/02941] R76/2006/r076-2006-dk2-2020-15-rev1 (135.0s, 4 pages)
14:42:31 [01807/02941] R76/2006/r076-2006-dk2-2019-06 (539.4s, 4 pages)
14:42:48 [01808/02941] R76/2006/r076-2006-dk2-2020-04 (403.3s, 4 pages)
14:42:52 [01809/02941] R76/2006/r076-2006-dk2-2021-04 (104.6s, 4 pages)
14:42:58 [01810/02941] R76/2006/r076-2006-dk2-2020-09 (233.9s, 4 pages)
14:43:25 [01811/02941] R76/2006/r076-2006-dk2-2020-15 (191.7s, 3 pages)
14:43:56 [01812/02941] R76/2006/r076-2006-dk2-2021-05 (112.1s, 4 pages)
14:45:54 [01813/02941] R76/2006/r076-2006-dk3-2012-02 (117.5s, 2 pages)
14:46:16 [01814/02941] R76/2006/r076-2006-dk2-2021-07 (225.2s, 4 pages)
14:46:24 [01815/02941] R76/2006/r076-2006-dk3-2012-03 (30.3s, 2 pages)
14:46:27 [01816/02941] R76/2006/r076-2006-dk2-2022-01 (209.1s, 4 pages)
14:46:40 [01817/02941] R76/2006/r076-2006-dk3-2012-04 (24.2s, 2 pages)
14:46:53 [01818/02941] R76/2006/r076-2006-dk3-2013-01 (29.1s, 2 pages)
14:46:59 [01819/02941] R76/2006/r076-2006-dk3-2013-02 (31.3s, 2 pages)
14:47:06 [01820/02941] R76/2006/r076-2006-dk3-2013-03 (26.0s, 2 pages)
14:47:21 [01821/02941] R76/2006/r076-2006-dk2-2021-09 (268.8s, 4 pages)
14:47:30 [01822/02941] R76/2006/r076-2006-dk3-2014-03 (23.9s, 2 pages)
14:47:33 [01823/02941] R76/2006/r076-2006-dk2-2019-07 (813.5s, 3 pages)
14:47:42 [01824/02941] R76/2006/r076-2006-dk3-2014-01 (48.4s, 2 pages)
14:47:42 [01825/02941] R76/2006/r076-2006-dk2-2021-03 (411.5s, 4 pages)
14:47:52 [01826/02941] R76/2006/r076-2006-dk2-2020-17 (437.6s, 4 pages)
14:47:55 [01827/02941] R76/2006/r076-2006-dk3-2014-04 (33.8s, 2 pages)
14:48:03 [01828/02941] R76/2006/r076-2006-dk3-2014-05 (32.4s, 2 pages)
14:48:08 [01829/02941] R76/2006/r076-2006-dk3-2014-02 (69.6s, 2 pages)
14:48:10 [01830/02941] R76/2006/r076-2006-dk3-2014-06 (36.8s, 2 pages)
14:48:13 [01831/02941] R76/2006/r076-2006-dk3-2014-08 (31.1s, 2 pages)
14:48:16 [01832/02941] R76/2006/r076-2006-dk3-2014-07 (34.6s, 2 pages)
14:48:20 [01833/02941] R76/2006/r076-2006-dk2-2019-12 (858.0s, 3 pages)
14:48:21 [01834/02941] R76/2006/r076-2006-dk2-2021-08 (333.4s, 4 pages)
14:48:21 [01835/02941] R76/2006/r076-2006-dk3-2014-10 (26.7s, 2 pages)
14:48:31 [01836/02941] R76/2006/r076-2006-dk2-2022-02 (305.9s, 3 pages)
14:48:34 [01837/02941] R76/2006/r076-2006-dk3-2015-03 (20.5s, 2 pages)
14:48:42 [01838/02941] R76/2006/r076-2006-dk3-2014-11 (39.7s, 2 pages)
14:48:46 [01839/02941] R76/2006/r076-2006-dk3-2015-04 (29.6s, 2 pages)
14:48:50 [01840/02941] R76/2006/r076-2006-dk3-2016-01 (19.1s, 2 pages)
14:48:58 [01841/02941] R76/2006/r076-2006-dk3-2014-09-rev1 (65.9s, 2 pages)
14:49:00 [01842/02941] R76/2006/r076-2006-dk3-2015-02 (50.0s, 2 pages)
14:49:02 [01843/02941] R76/2006/r076-2006-dk3-2015-09 (40.4s, 2 pages)
14:49:07 [01844/02941] R76/2006/r076-2006-dk3-2016-03 (24.7s, 2 pages)
14:49:14 [01845/02941] R76/2006/r076-2006-dk3-2016-02 (39.9s, 2 pages)
14:49:16 [01846/02941] R76/2006/r076-2006-dk3-2015-06 (55.4s, 2 pages)
14:49:31 [01847/02941] R76/2006/r076-2006-dk3-2017-01 (29.7s, 2 pages)
14:49:38 [01848/02941] R76/2006/r076-2006-dk3-2016-07 (38.3s, 2 pages)
14:49:42 [01849/02941] R76/2006/r076-2006-dk3-2017-04 (34.9s, 2 pages)
14:49:50 [01850/02941] R76/2006/r076-2006-dk3-2015-01 (101.5s, 2 pages)
FAIL R76/2006/r076-2006-dk3-2017-09: API error for R76/2006/r076-2006-dk3-2017-09: {"contentFilter" => [{"level" => 1, "role" => "assistant"}], "error" => {"code" => "1301", "message" => "System detected potentially unsafe or sensitive content in input or generation. Please avoid using prompts that may generate sensitive content. Thank
14:50:01 [01852/02941] R76/2006/r076-2006-dk3-2016-01-rev1 (100.0s, 2 pages)
14:50:02 [01853/02941] R76/2006/r076-2006-dk3-2017-08 (30.4s, 2 pages)
14:50:03 [01854/02941] R76/2006/r076-2006-dk3-2016-06 (64.4s, 2 pages)
14:50:03 [01855/02941] R76/2006/r076-2006-dk3-2017-05 (49.2s, 2 pages)
14:50:20 [01856/02941] R76/2006/r076-2006-dk3-2016-04 (94.1s, 2 pages)
14:50:31 [01857/02941] R76/2006/r076-2006-dk3-2017-16 (29.0s, 2 pages)
14:50:35 [01858/02941] R76/2006/r076-2006-dk3-2017-07 (78.8s, 2 pages)
14:50:38 [01859/02941] R76/2006/r076-2006-dk3-2017-17 (34.8s, 2 pages)
14:50:46 [01860/02941] R76/2006/r076-2006-dk3-2017-12 (56.1s, 2 pages)
14:50:51 [01861/02941] R76/2006/r076-2006-dk3-2017-15 (49.4s, 2 pages)
14:50:58 [01862/02941] R76/2006/r076-2006-dk3-2017-22 (20.1s, 2 pages)
14:51:00 [01863/02941] R76/2006/r076-2006-dk3-2017-11 (78.4s, 2 pages)
14:51:09 [01864/02941] R76/2006/r076-2006-dk3-2017-20 (38.1s, 2 pages)
14:51:12 [01865/02941] R76/2006/r076-2006-dk3-2016-05 (142.1s, 3 pages)
14:51:18 [01866/02941] R76/2006/r076-2006-dk3-2017-18 (75.3s, 2 pages)
14:51:22 [01867/02941] R76/2006/r076-2006-dk3-2017-21 (47.3s, 2 pages)
14:51:36 [01868/02941] R76/2006/r076-2006-dk3-2017-19 (75.8s, 2 pages)
14:52:16 [01869/02941] R76/2006/r076-2006-dk3-2017-23 (90.5s, 3 pages)
14:52:40 [01870/02941] R76/2006/r076-2006-dk3-2017-13 (169.1s, 2 pages)
14:52:47 [01871/02941] R76/2006/r076-2006-dk3-2017-24 (116.8s, 2 pages)
14:53:09 [01872/02941] R76/2006/r076-2006-fr2-2014-02-rev1 (106.6s, 3 pages)
14:53:25 [01873/02941] R76/2006/r076-2006-fr2-2014-03-rev1 (68.4s, 2 pages)
14:53:51 [01874/02941] R76/2006/r076-2006-fr2-2013-02-rev0 (162.6s, 3 pages)
14:54:00 [01875/02941] R76/2006/r076-2006-fr2-2015-02-rev0 (73.0s, 3 pages)
14:54:01 [01876/02941] R76/2006/r076-2006-fr2-2014-01-rev0 (168.6s, 3 pages)
14:54:14 [01877/02941] R76/2006/r076-2006-fr2-2015-01-rev0 (93.5s, 2 pages)
14:54:54 [01878/02941] R76/2006/r076-2006-fr2-2013-01-rev0 (233.2s, 3 pages)
14:55:10 [01879/02941] R76/2006/r076-2006-fr2-2014-01-rev2 (232.0s, 4 pages)
14:56:26 [01880/02941] R76/2006/r076-2006-fr2-2015-04-rev0 (181.7s, 3 pages)
14:56:54 [01881/02941] R76/2006/r076-2006-fr2-2015-03-rev0 (225.5s, 4 pages)
14:56:58 [01882/02941] R76/2006/r076-2006-fr2-2016-02-rev0 (177.5s, 4 pages)
14:57:10 [01883/02941] R76/2006/r076-2006-fr2-2019-01 (43.7s, 1 pages)
14:57:31 [01884/02941] R76/2006/r076-2006-fr2-2012-01-rev2 (393.6s, 4 pages)
14:57:35 [01885/02941] R76/2006/r076-2006-fr2-2016-03-rev0 (214.6s, 6 pages)
14:58:04 [01886/02941] R76/2006/r076-2006-gb1-2009-01 (54.2s, 3 pages)
14:58:13 [01887/02941] R76/2006/r076-2006-gb1-2009-02-rev2 (37.8s, 4 pages)
14:58:23 [01888/02941] R76/2006/r076-2006-fr2-2016-01-rev0 (272.0s, 4 pages)
14:58:41 [01889/02941] R76/2006/r076-2006-gb1-2009-02 (36.2s, 3 pages)
14:58:42 [01890/02941] R76/2006/r076-2006-fr2-2018-01-rev0 (227.9s, 4 pages)
14:58:58 [01891/02941] R76/2006/r076-2006-gb1-2009-04 (35.0s, 3 pages)
14:59:01 [01892/02941] R76/2006/r076-2006-gb1-2009-02-rev1 (89.5s, 4 pages)
14:59:17 [01893/02941] R76/2006/r076-2006-fr2-2014-02-rev2 (460.7s, 3 pages)
14:59:32 [01894/02941] R76/2006/r076-2006-fr2-2017-01-rev0 (318.2s, 4 pages)
14:59:35 [01895/02941] R76/2006/r076-2006-fr2-2018-02 (264.2s, 4 pages)
14:59:47 [01896/02941] R76/2006/r076-2006-gb1-2010-01 (66.6s, 4 pages)
15:00:08 [01897/02941] R76/2006/r076-2006-gb1-2011-02 (51.4s, 3 pages)
15:00:22 [01898/02941] R76/2006/r076-2006-gb1-2010-02 (100.1s, 3 pages)
15:00:26 [01899/02941] R76/2006/r076-2006-gb1-2011-01 (87.4s, 3 pages)
15:00:38 [01900/02941] R76/2006/r076-2006-gb1-2011-02-rev1 (97.6s, 4 pages)
15:00:46 [01901/02941] R76/2006/r076-2006-gb1-2009-03 (153.1s, 3 pages)
15:01:08 [01902/02941] R76/2006/r076-2006-gb1-2011-03 (96.5s, 3 pages)
15:01:51 [01903/02941] R76/2006/r076-2006-gb1-2012-02-rev2 (136.8s, 4 pages)
15:01:53 [01904/02941] R76/2006/r076-2006-fr2-2020-01-rev1 (294.8s, 5 pages)
15:02:41 [01905/02941] R76/2006/r076-2006-gb1-2012-04-rev1 (122.7s, 4 pages)
15:02:50 [01906/02941] R76/2006/r076-2006-gb1-2012-02-rev3 (182.7s, 5 pages)
15:02:59 [01907/02941] R76/2006/r076-2006-gb1-2012-04-rev2 (133.2s, 4 pages)
15:03:04 [01908/02941] R76/2006/r076-2006-gb1-2012-03-rev1 (162.4s, 4 pages)
15:03:11 [01909/02941] R76/2006/r076-2006-gb1-2012-05-rev1 (122.5s, 5 pages)
15:03:25 [01910/02941] R76/2006/r076-2006-gb1-2012-03 (178.9s, 3 pages)
15:03:53 [01911/02941] R76/2006/r076-2006-gb1-2012-07 (49.3s, 2 pages)
15:04:20 [01912/02941] R76/2006/r076-2006-gb1-2012-06 (80.9s, 3 pages)
15:04:26 [01913/02941] R76/2006/r076-2006-gb1-2012-06-rev1 (105.1s, 4 pages)
15:04:41 [01914/02941] R76/2006/r076-2006-gb1-2012-09-rev2 (47.3s, 4 pages)
15:04:41 [01915/02941] R76/2006/r076-2006-fr2-2019-02 (466.9s, 4 pages)
15:04:45 [01916/02941] R76/2006/r076-2006-gb1-2012-02 (276.5s, 4 pages)
FAIL R76/2006/r076-2006-gb1-2012-10-rev1: API error for R76/2006/r076-2006-gb1-2012-10-rev1: {"contentFilter" => [{"level" => 1, "role" => "assistant"}], "error" => {"code" => "1301", "message" => "System detected potentially unsafe or sensitive content in input or generation. Please avoid using prompts that may generate sensitive content. 
FAIL R76/2006/r076-2006-gb1-2012-10: API error for R76/2006/r076-2006-gb1-2012-10: {"contentFilter" => [{"level" => 1, "role" => "assistant"}], "error" => {"code" => "1301", "message" => "System detected potentially unsafe or sensitive content in input or generation. Please avoid using prompts that may generate sensitive content. Thank
15:04:47 [01919/02941] R76/2006/r076-2006-gb1-2012-05 (174.2s, 5 pages)
15:05:11 [01920/02941] R76/2006/r076-2006-gb1-2012-06-rev2 (140.7s, 4 pages)
15:05:24 [01921/02941] R76/2006/r076-2006-gb1-2012-08 (133.2s, 3 pages)
15:05:41 [01922/02941] R76/2006/r076-2006-gb1-2012-12 (56.0s, 3 pages)
15:06:13 [01923/02941] R76/2006/r076-2006-gb1-2012-09 (107.2s, 3 pages)
15:06:26 [01924/02941] R76/2006/r076-2006-gb1-2012-14 (98.8s, 5 pages)
15:06:29 [01925/02941] R76/2006/r076-2006-gb1-2013-03 (48.1s, 3 pages)
15:06:32 [01926/02941] R76/2006/r076-2006-gb1-2012-13 (106.3s, 3 pages)
15:06:56 [01927/02941] R76/2006/r076-2006-gb1-2013-01 (105.5s, 4 pages)
15:06:58 [01928/02941] R76/2006/r076-2006-gb1-2013-04 (44.6s, 3 pages)
15:06:59 [01929/02941] R76/2006/r076-2006-gb1-2012-14-rev2 (132.3s, 5 pages)
15:07:11 [01930/02941] R76/2006/r076-2006-gb1-2012-05-rev2 (319.2s, 7 pages)
15:07:40 [01931/02941] R76/2006/r076-2006-gb1-2013-05 (71.1s, 3 pages)
15:07:43 [01932/02941] R76/2006/r076-2006-gb1-2012-09-rev3 (202.9s, 5 pages)
15:07:44 [01933/02941] R76/2006/r076-2006-gb1-2014-03 (44.9s, 3 pages)
15:07:49 [01934/02941] R76/2006/r076-2006-gb1-2014-01-rev1 (77.2s, 3 pages)
15:07:51 [01935/02941] R76/2006/r076-2006-gb1-2013-05-rev1 (84.8s, 3 pages)
15:07:59 [01936/02941] R76/2006/r076-2006-gb1-2014-02 (61.5s, 3 pages)
15:08:19 [01937/02941] R76/2006/r076-2006-gb1-2014-01 (82.7s, 3 pages)
15:08:49 [01938/02941] R76/2006/r076-2006-gb1-2013-03-rev2 (205.1s, 4 pages)
15:08:50 [01939/02941] R76/2006/r076-2006-gb1-2014-05 (66.7s, 3 pages)
15:08:54 [01940/02941] R76/2006/r076-2006-gb1-2014-05-rev1 (74.1s, 4 pages)
15:09:07 [01941/02941] R76/2006/r076-2006-gb1-2014-09 (67.6s, 3 pages)
15:09:08 [01942/02941] R76/2006/r076-2006-gb1-2014-06 (84.4s, 4 pages)
15:09:10 [01943/02941] R76/2006/r076-2006-gb1-2014-04-rev1 (119.8s, 3 pages)
15:09:56 [01944/02941] R76/2006/r076-2006-gb1-2014-11 (97.5s, 3 pages)
15:10:11 [01945/02941] R76/2006/r076-2006-gb1-2014-08 (140.3s, 4 pages)
15:10:14 [01946/02941] R76/2006/r076-2006-gb1-2012-09-rev1 (409.6s, 4 pages)
15:10:23 [01947/02941] R76/2006/r076-2006-gb1-2015-05 (72.7s, 4 pages)
15:11:10 [01948/02941] R76/2006/r076-2006-gb1-2015-04-rev1 (135.9s, 4 pages)
15:11:29 [01949/02941] R76/2006/r076-2006-gb1-2015-05-rev1 (140.6s, 4 pages)
15:11:40 [01950/02941] R76/2006/r076-2006-gb1-2015-06-rev1 (104.2s, 4 pages)
15:11:51 [01951/02941] R76/2006/r076-2006-gb1-2014-08-rev1 (241.7s, 5 pages)
15:11:54 [01952/02941] R76/2006/r076-2006-gb1-2015-06 (102.9s, 4 pages)
15:12:09 [01953/02941] R76/2006/r076-2006-gb1-2015-02-rev1 (200.3s, 4 pages)
15:12:10 [01954/02941] R76/2006/r076-2006-gb1-2015-07 (115.2s, 4 pages)
15:12:47 [01955/02941] R76/2006/r076-2006-gb1-2015-04 (220.3s, 4 pages)
15:13:06 [01956/02941] R76/2006/r076-2006-gb1-2015-02-rev2 (256.0s, 4 pages)
15:13:11 [01957/02941] R76/2006/r076-2006-gb1-2015-09 (167.8s, 4 pages)
15:13:28 [01958/02941] R76/2006/r076-2006-gb1-2016-04 (78.6s, 3 pages)
15:13:36 [01959/02941] R76/2006/r076-2006-gb1-2016-02 (115.6s, 4 pages)
15:13:44 [01960/02941] R76/2006/r076-2006-gb1-2016-01 (153.7s, 3 pages)
15:13:45 [01961/02941] R76/2006/r076-2006-gb1-2016-12 (33.7s, 3 pages)
15:14:11 [01962/02941] R76/2006/r076-2006-gb1-2016-02-rev2 (161.9s, 4 pages)
15:14:25 [01963/02941] R76/2006/r076-2006-gb1-2016-07-rev1 (97.9s, 4 pages)
15:15:06 [01964/02941] R76/2006/r076-2006-gb1-2017-04 (55.5s, 3 pages)
15:15:19 [01965/02941] R76/2006/r076-2006-gb1-2017-03 (94.0s, 3 pages)
15:15:28 [01966/02941] R76/2006/r076-2006-gb1-2017-02 (104.8s, 4 pages)
15:15:31 [01967/02941] R76/2006/r076-2006-gb1-2016-05 (202.0s, 3 pages)
15:15:35 [01968/02941] R76/2006/r076-2006-gb1-2016-13 (127.2s, 4 pages)
15:15:56 [01969/02941] R76/2006/r076-2006-gb1-2017-05 (90.4s, 3 pages)
15:16:06 [01970/02941] R76/2006/r076-2006-gb1-2016-03 (251.9s, 4 pages)
15:16:11 [01971/02941] R76/2006/r076-2006-gb1-2016-10 (184.8s, 4 pages)
15:16:27 [01972/02941] R76/2006/r076-2006-gb1-2017-08-rev1 (68.4s, 4 pages)
15:16:49 [01973/02941] R76/2006/r076-2006-gb1-2017-12 (73.9s, 3 pages)
15:16:58 [01974/02941] R76/2006/r076-2006-gb1-2016-03-rev1 (307.2s, 5 pages)
15:17:19 [01975/02941] R76/2006/r076-2006-gb1-2017-01 (223.0s, 4 pages)
15:17:22 [01976/02941] R76/2006/r076-2006-gb1-2017-07 (135.5s, 3 pages)
15:17:32 [01977/02941] R76/2006/r076-2006-gb1-2017-08 (123.8s, 3 pages)
15:18:06 [01978/02941] R76/2006/r076-2006-gb1-2017-10 (154.3s, 4 pages)
15:18:15 [01979/02941] R76/2006/r076-2006-gb1-2017-14 (129.0s, 4 pages)
15:18:59 [01980/02941] R76/2006/r076-2006-gb1-2018-03 (100.1s, 5 pages)
15:19:00 [01981/02941] R76/2006/r076-2006-gb1-2017-13 (184.1s, 5 pages)
15:19:01 [01982/02941] R76/2006/r076-2006-gb1-2017-18 (153.6s, 4 pages)
15:19:29 [01983/02941] R76/2006/r076-2006-gb1-2017-17 (198.1s, 3 pages)
15:19:35 [01984/02941] R76/2006/r076-2006-gb1-2018-01 (166.0s, 4 pages)
15:20:33 [01985/02941] R76/2006/r076-2006-gb1-2018-05 (191.8s, 5 pages)
15:21:26 [01986/02941] R76/2006/r076-2006-gb1-2018-09 (191.4s, 4 pages)
15:22:22 [01987/02941] R76/2006/r076-2006-gb1-2018-06 (289.7s, 4 pages)
15:22:29 [01988/02941] R76/2006/r076-2006-gb1-2018-02 (330.7s, 5 pages)
15:22:30 [01989/02941] R76/2006/r076-2006-gb1-2018-13 (180.9s, 5 pages)
15:22:46 [01990/02941] R76/2006/r076-2006-gb1-2018-10 (226.6s, 4 pages)
15:22:57 [01991/02941] R76/2006/r076-2006-gb1-2018-12-rev1 (236.1s, 8 pages)
15:23:54 [01992/02941] R76/2006/r076-2006-gb1-2018-11 (294.6s, 4 pages)
15:25:00 [01993/02941] R76/2006/r076-2006-gb1-2018-14 (324.6s, 4 pages)
15:25:39 [01994/02941] R76/2006/r076-2006-gb1-2019-01-rev1 (190.3s, 7 pages)
15:26:15 [01995/02941] R76/2006/r076-2006-gb1-2018-17 (233.0s, 4 pages)
15:26:18 [01996/02941] R76/2006/r076-2006-gb1-2018-07 (492.4s, 5 pages)
15:26:29 [01997/02941] R76/2006/r076-2006-gb1-2019-02 (212.0s, 6 pages)
15:26:47 [01998/02941] R76/2006/r076-2006-gb1-2019-04 (68.5s, 5 pages)
15:27:00 [01999/02941] R76/2006/r076-2006-gb1-2018-15 (334.0s, 8 pages)
15:27:28 [02000/02941] R76/2006/r076-2006-gb1-2018-15-rev1 (414.6s, 8 pages)
15:27:56 [02001/02941] R76/2006/r076-2006-gb1-2019-04-rev1 (176.1s, 5 pages)
15:29:02 [02002/02941] R76/2006/r076-2006-gb1-2019-09 (121.8s, 4 pages)
15:29:10 [02003/02941] R76/2006/r076-2006-gb1-2019-07 (160.8s, 4 pages)
15:29:18 [02004/02941] R76/2006/r076-2006-gb1-2019-12 (109.5s, 4 pages)
15:29:21 [02005/02941] R76/2006/r076-2006-gb1-2019-01-rev2 (411.2s, 7 pages)
15:29:35 [02006/02941] R76/2006/r076-2006-gb1-2019-05 (199.6s, 6 pages)
15:30:45 [02007/02941] R76/2006/r076-2006-gb1-2019-01 (478.8s, 7 pages)
15:30:48 [02008/02941] R76/2006/r076-2006-gb1-2019-03 (414.0s, 5 pages)
15:30:52 [02009/02941] R76/2006/r076-2006-gb1-2019-07-rev1 (273.4s, 4 pages)
15:32:50 [02010/02941] R76/2006/r076-2006-gb1-2019-14-rev1 (220.9s, 4 pages)
15:33:01 [02011/02941] R76/2006/r076-2006-gb1-2019-13-rev1 (304.8s, 6 pages)
15:33:15 [02012/02941] R76/2006/r076-2006-gb1-2019-13-rev2 (253.5s, 6 pages)
15:33:18 [02013/02941] R76/2006/r076-2006-gb1-2020-02 (149.7s, 5 pages)
15:33:20 [02014/02941] R76/2006/r076-2006-gb1-2019-14 (242.5s, 4 pages)
15:34:12 [02015/02941] R76/2006/r076-2006-gb1-2019-17 (277.3s, 6 pages)
15:35:01 [02016/02941] R76/2006/r076-2006-gb1-2020-05-rev1 (249.6s, 5 pages)
15:35:21 [02017/02941] R76/2006/r076-2006-gb1-2020-01 (276.5s, 4 pages)
15:35:39 [02018/02941] R76/2006/r076-2006-gb1-2019-08 (531.3s, 7 pages)
15:35:49 [02019/02941] R76/2006/r076-2006-gb1-2020-06 (168.3s, 4 pages)
15:35:58 [02020/02941] R76/2006/r076-2006-gb1-2019-16 (396.8s, 4 pages)
15:36:25 [02021/02941] R76/2006/r076-2006-gb1-2020-08 (187.4s, 6 pages)
15:36:30 [02022/02941] R76/2006/r076-2006-gb1-2020-10 (138.0s, 4 pages)
15:36:45 [02023/02941] R76/2006/r076-2006-gb1-2020-09 (204.8s, 5 pages)
15:37:25 [02024/02941] R76/2006/r076-2006-gb1-2021-03 (96.0s, 4 pages)
15:37:30 [02025/02941] R76/2006/r076-2006-gb1-2020-05 (279.6s, 5 pages)
15:37:57 [02026/02941] R76/2006/r076-2006-gb1-2020-11 (175.7s, 4 pages)
15:38:11 [02027/02941] R76/2006/r076-2006-gb1-2021-02 (152.5s, 4 pages)
15:38:27 [02028/02941] R76/2006/r076-2006-gb1-2020-12 (185.8s, 5 pages)
15:38:32 [02029/02941] R76/2006/r076-2006-jp1-2018-02 (106.9s, 3 pages)
15:39:03 [02030/02941] R76/2006/r076-2006-jp1-2018-01 (153.3s, 3 pages)
15:39:22 [02031/02941] R76/2006/r076-2006-gb1-2020-07 (366.3s, 5 pages)
15:39:48 [02032/02941] R76/2006/r076-2006-jp1-2019-02 (111.4s, 3 pages)
15:39:57 [02033/02941] R76/2006/r076-2006-gb1-2021-04 (239.5s, 4 pages)
15:40:22 [02034/02941] R76/2006/r076-2006-jp1-2019-01 (177.4s, 3 pages)
15:40:40 [02035/02941] R76/2006/r076-2006-jp1-2018-01-rev1 (254.3s, 3 pages)
15:41:23 [02036/02941] R76/2006/r076-2006-jp1-2019-02-rev1 (232.6s, 3 pages)
15:41:53 [02037/02941] R76/2006/r076-2006-jp1-2020-02-rev1 (125.0s, 3 pages)
15:42:09 [02038/02941] R76/2006/r076-2006-jp1-2019-04 (216.9s, 3 pages)
15:42:22 [02039/02941] R76/2006/r076-2006-jp1-2019-03-rev1 (250.4s, 3 pages)
15:42:26 [02040/02941] R76/2006/r076-2006-jp1-2020-01-rev1 (202.4s, 3 pages)
15:43:13 [02041/02941] R76/2006/r076-2006-nl1-2009-01 (64.6s, 2 pages)
15:43:17 [02042/02941] R76/2006/r076-2006-nl1-2009-02-rev1 (55.2s, 2 pages)
15:43:24 [02043/02941] R76/2006/r076-2006-nl1-2009-02 (58.5s, 2 pages)
15:43:54 [02044/02941] R76/2006/r076-2006-nl1-2009-11 (41.0s, 2 pages)
15:44:04 [02045/02941] R76/2006/r076-2006-jp1-2020-02 (246.7s, 3 pages)
15:44:06 [02046/02941] R76/2006/r076-2006-jp1-2021-01 (205.8s, 3 pages)
15:44:18 [02047/02941] R76/2006/r076-2006-nl1-2009-21 (53.9s, 2 pages)
15:44:25 [02048/02941] R76/2006/r076-2006-jp1-2020-01 (303.4s, 3 pages)
15:44:31 [02049/02941] R76/2006/r076-2006-nl1-2009-19 (74.4s, 2 pages)
15:44:36 [02050/02941] R76/2006/r076-2006-jp1-2021-03 (162.3s, 3 pages)
15:44:39 [02051/02941] R76/2006/r076-2006-jp1-2019-03-rev2 (371.6s, 3 pages)
15:44:48 [02052/02941] R76/2006/r076-2006-jp1-2021-02 (205.1s, 3 pages)
15:45:05 [02053/02941] R76/2006/r076-2006-jp1-2021-01-rev1 (282.8s, 3 pages)
15:45:11 [02054/02941] R76/2006/r076-2006-nl1-2010-06 (46.2s, 2 pages)
15:45:19 [02055/02941] R76/2006/r076-2006-nl1-2010-13-rev1 (40.9s, 2 pages)
15:45:22 [02056/02941] R76/2006/r076-2006-nl1-2010-13 (34.6s, 2 pages)
15:45:28 [02057/02941] R76/2006/r076-2006-nl1-2010-09 (57.1s, 2 pages)
15:45:47 [02058/02941] R76/2006/r076-2006-nl1-2009-26 (112.6s, 2 pages)
15:45:59 [02059/02941] R76/2006/r076-2006-nl1-2010-25 (47.4s, 2 pages)
15:45:59 [02060/02941] R76/2006/r076-2006-nl1-2010-21 (54.4s, 2 pages)
15:46:00 [02061/02941] R76/2006/r076-2006-nl1-2010-13-rev02 (84.0s, 2 pages)
15:46:05 [02062/02941] R76/2006/r076-2006-nl1-2010-05 (106.9s, 2 pages)
15:47:13 [02063/02941] R76/2006/r076-2006-nl1-2010-43 (73.3s, 2 pages)
15:47:16 [02064/02941] R76/2006/r076-2006-nl1-2010-26 (116.8s, 2 pages)
15:47:19 [02065/02941] R76/2006/r076-2006-nl1-2010-28 (116.6s, 2 pages)
15:47:25 [02066/02941] R76/2006/r076-2006-nl1-2010-39 (85.7s, 2 pages)
15:47:43 [02067/02941] R76/2006/r076-2006-nl1-2010-02 (217.2s, 2 pages)
15:47:59 [02068/02941] R76/2006/r076-2006-nl1-2010-32-rev1 (132.5s, 2 pages)
15:48:06 [02069/02941] R76/2006/r076-2006-nl1-2010-48 (53.1s, 2 pages)
15:48:35 [02070/02941] R76/2006/r076-2006-nl1-2010-31 (186.8s, 2 pages)
15:48:45 [02071/02941] R76/2006/r076-2006-nl1-2010-49 (88.9s, 2 pages)
15:48:46 [02072/02941] R76/2006/r076-2006-nl1-2011-08 (80.8s, 2 pages)
15:48:48 [02073/02941] R76/2006/r076-2006-nl1-2011-03 (89.2s, 2 pages)
15:49:08 [02074/02941] R76/2006/r076-2006-nl1-2011-09 (85.0s, 2 pages)
15:49:14 [02075/02941] R76/2006/r076-2006-nl1-2010-46 (189.4s, 2 pages)
15:49:15 [02076/02941] R76/2006/r076-2006-nl1-2011-12-rev1 (75.9s, 2 pages)
15:49:30 [02077/02941] R76/2006/r076-2006-nl1-2010-34 (211.3s, 2 pages)
15:49:31 [02078/02941] R76/2006/r076-2006-nl1-2011-12 (85.4s, 2 pages)
15:49:36 [02079/02941] R76/2006/r076-2006-nl1-2011-15-rev1 (60.6s, 2 pages)
15:49:39 [02080/02941] R76/2006/r076-2006-nl1-2011-16 (53.0s, 2 pages)
15:49:48 [02081/02941] R76/2006/r076-2006-nl1-2011-20-rev1 (59.6s, 2 pages)
15:50:13 [02082/02941] R76/2006/r076-2006-nl1-2011-15 (88.0s, 2 pages)
15:50:22 [02083/02941] R76/2006/r076-2006-nl1-2011-32 (45.9s, 2 pages)
15:50:31 [02084/02941] R76/2006/r076-2006-nl1-2011-25 (75.7s, 2 pages)
15:50:37 [02085/02941] R76/2006/r076-2006-nl1-2011-29 (67.4s, 2 pages)
15:51:01 [02086/02941] R76/2006/r076-2006-nl1-2011-37-rev1 (39.3s, 2 pages)
15:51:08 [02087/02941] R76/2006/r076-2006-nl1-2011-21 (114.2s, 2 pages)
15:51:13 [02088/02941] R76/2006/r076-2006-nl1-2011-30 (101.2s, 2 pages)
15:51:20 [02089/02941] R76/2006/r076-2006-nl1-2011-35 (92.0s, 2 pages)
15:51:20 [02090/02941] R76/2006/r076-2006-nl1-2011-20 (132.6s, 2 pages)
15:51:29 [02091/02941] R76/2006/r076-2006-nl1-2011-33 (109.9s, 2 pages)
15:51:42 [02092/02941] R76/2006/r076-2006-nl1-2012-06-rev1 (29.1s, 2 pages)
15:51:56 [02093/02941] R76/2006/r076-2006-nl1-2012-06 (36.4s, 2 pages)
15:52:06 [02094/02941] R76/2006/r076-2006-nl1-2012-07-rev1 (45.7s, 2 pages)
15:52:21 [02095/02941] R76/2006/r076-2006-nl1-2012-02 (103.9s, 2 pages)
15:52:37 [02096/02941] R76/2006/r076-2006-nl1-2012-11 (31.2s, 2 pages)
15:52:49 [02097/02941] R76/2006/r076-2006-nl1-2011-37 (137.7s, 2 pages)
15:53:04 [02098/02941] R76/2006/r076-2006-nl1-2012-04 (115.9s, 2 pages)
15:53:04 [02099/02941] R76/2006/r076-2006-nl1-2012-09 (82.8s, 2 pages)
15:53:18 [02100/02941] R76/2006/r076-2006-nl1-2011-36 (184.8s, 2 pages)
15:53:29 [02101/02941] R76/2006/r076-2006-nl1-2012-12 (67.9s, 2 pages)
15:53:44 [02102/02941] R76/2006/r076-2006-nl1-2012-03 (163.2s, 2 pages)
15:54:03 [02103/02941] R76/2006/r076-2006-nl1-2012-19-rev1 (33.7s, 2 pages)
15:54:28 [02104/02941] R76/2006/r076-2006-nl1-2012-17 (83.7s, 2 pages)
15:54:31 [02105/02941] R76/2006/r076-2006-nl1-2012-07 (181.7s, 2 pages)
15:54:37 [02106/02941] R76/2006/r076-2006-nl1-2012-16-rev1 (108.8s, 2 pages)
15:54:41 [02107/02941] R76/2006/r076-2006-nl1-2012-18 (83.2s, 2 pages)
15:54:55 [02108/02941] R76/2006/r076-2006-nl1-2012-16 (111.0s, 2 pages)
15:54:58 [02109/02941] R76/2006/r076-2006-nl1-2012-19 (73.8s, 2 pages)
15:54:58 [02110/02941] R76/2006/r076-2006-nl1-2012-10 (182.2s, 2 pages)
15:55:39 [02111/02941] R76/2006/r076-2006-nl1-2012-22 (70.4s, 2 pages)
15:55:41 [02112/02941] R76/2006/r076-2006-nl1-2012-14 (183.5s, 2 pages)
15:55:48 [02113/02941] R76/2006/r076-2006-nl1-2012-29 (49.8s, 2 pages)
15:55:59 [02114/02941] R76/2006/r076-2006-nl1-2012-26 (81.1s, 2 pages)
15:56:00 [02115/02941] R76/2006/r076-2006-nl1-2009-31 (715.8s, 2 pages)
15:56:01 [02116/02941] R76/2006/r076-2006-nl1-2012-20 (117.8s, 2 pages)
15:56:06 [02117/02941] R76/2006/r076-2006-nl1-2012-28-rev1 (84.7s, 2 pages)
15:56:26 [02118/02941] R76/2006/r076-2006-nl1-2012-34 (26.8s, 2 pages)
15:56:38 [02119/02941] R76/2006/r076-2006-nl1-2012-28-rev2 (102.3s, 2 pages)
15:56:41 [02120/02941] R76/2006/r076-2006-nl1-2012-31 (52.6s, 2 pages)
15:56:41 [02121/02941] R76/2006/r076-2006-nl1-2012-31-rev1 (60.8s, 2 pages)
15:56:53 [02122/02941] R76/2006/r076-2006-nl1-2012-25 (142.5s, 2 pages)
15:56:59 [02123/02941] R76/2006/r076-2006-nl1-2012-35-rev1 (58.0s, 2 pages)
15:57:08 [02124/02941] R76/2006/r076-2006-nl1-2012-37 (27.0s, 2 pages)
15:57:10 [02125/02941] R76/2006/r076-2006-nl1-2012-36-rev1 (43.9s, 2 pages)
15:57:36 [02126/02941] R76/2006/r076-2006-nl1-2012-41 (37.0s, 2 pages)
15:57:40 [02127/02941] R76/2006/r076-2006-nl1-2012-42-rev2 (32.4s, 2 pages)
15:57:41 [02128/02941] R76/2006/r076-2006-nl1-2012-35 (95.5s, 2 pages)
15:57:46 [02129/02941] R76/2006/r076-2006-nl1-2012-44 (35.9s, 2 pages)
15:57:58 [02130/02941] R76/2006/r076-2006-nl1-2012-38 (76.1s, 2 pages)
15:58:11 [02131/02941] R76/2006/r076-2006-nl1-2012-46 (34.9s, 2 pages)
15:58:21 [02132/02941] R76/2006/r076-2006-nl1-2012-30 (162.3s, 2 pages)
15:58:32 [02133/02941] R76/2006/r076-2006-nl1-2012-36-rev2 (114.6s, 2 pages)
15:58:49 [02134/02941] R76/2006/r076-2006-nl1-2012-39 (116.2s, 2 pages)
15:59:10 [02135/02941] R76/2006/r076-2006-nl1-2013-06 (59.5s, 2 pages)
15:59:16 [02136/02941] R76/2006/r076-2006-nl1-2013-09 (26.5s, 2 pages)
15:59:18 [02137/02941] R76/2006/r076-2006-nl1-2012-28 (259.7s, 2 pages)
15:59:25 [02138/02941] R76/2006/r076-2006-nl1-2012-47 (104.9s, 2 pages)
15:59:34 [02139/02941] R76/2006/r076-2006-nl1-2013-05 (96.7s, 2 pages)
16:00:01 [02140/02941] R76/2006/r076-2006-nl1-2013-12 (36.3s, 2 pages)
16:00:06 [02141/02941] R76/2006/r076-2006-nl1-2012-32 (247.9s, 2 pages)
16:00:07 [02142/02941] R76/2006/r076-2006-nl1-2013-11-rev1 (56.5s, 2 pages)
16:00:10 [02143/02941] R76/2006/r076-2006-nl1-2013-08 (98.1s, 2 pages)
16:00:12 [02144/02941] R76/2006/r076-2006-nl1-2013-07-rev1 (111.0s, 3 pages)
16:00:18 [02145/02941] R76/2006/r076-2006-nl1-2013-03 (151.9s, 2 pages)
16:00:38 [02146/02941] R76/2006/r076-2006-nl1-2013-13-rev2 (36.5s, 2 pages)
16:00:52 [02147/02941] R76/2006/r076-2006-nl1-2013-13-rev1 (78.0s, 2 pages)
16:01:03 [02148/02941] R76/2006/r076-2006-nl1-2013-14-rev1 (56.8s, 2 pages)
16:01:09 [02149/02941] R76/2006/r076-2006-nl1-2013-11 (111.5s, 2 pages)
16:01:18 [02150/02941] R76/2006/r076-2006-nl1-2012-48 (216.2s, 2 pages)
16:01:29 [02151/02941] R76/2006/r076-2006-nl1-2013-14 (78.5s, 2 pages)
16:01:30 [02152/02941] R76/2006/r076-2006-nl1-2013-18 (52.4s, 2 pages)
16:01:30 [02153/02941] R76/2006/r076-2006-nl1-2013-11-rev2 (134.6s, 2 pages)
16:01:31 [02154/02941] R76/2006/r076-2006-nl1-2013-13 (84.3s, 2 pages)
16:01:44 [02155/02941] R76/2006/r076-2006-nl1-2013-17 (86.1s, 2 pages)
16:02:00 [02156/02941] R76/2006/r076-2006-nl1-2013-19 (67.4s, 2 pages)
16:02:00 [02157/02941] R76/2006/r076-2006-nl1-2013-15 (108.4s, 2 pages)
16:02:11 [02158/02941] R76/2006/r076-2006-nl1-2013-23 (53.6s, 2 pages)
16:02:12 [02159/02941] R76/2006/r076-2006-nl1-2013-28 (42.2s, 2 pages)
16:02:13 [02160/02941] R76/2006/r076-2006-nl1-2013-30 (41.9s, 2 pages)
16:02:29 [02161/02941] R76/2006/r076-2006-nl1-2013-29 (58.4s, 2 pages)
16:02:48 [02162/02941] R76/2006/r076-2006-nl1-2013-25 (78.9s, 2 pages)
16:02:50 [02163/02941] R76/2006/r076-2006-nl1-2013-32 (66.2s, 2 pages)
16:02:52 [02164/02941] R76/2006/r076-2006-nl1-2013-22 (103.1s, 2 pages)
16:03:10 [02165/02941] R76/2006/r076-2006-nl1-2013-34 (57.5s, 2 pages)
16:03:15 [02166/02941] R76/2006/r076-2006-nl1-2013-21 (131.5s, 3 pages)
16:03:24 [02167/02941] R76/2006/r076-2006-nl1-2013-34-rev1 (72.4s, 2 pages)
16:03:44 [02168/02941] R76/2006/r076-2006-nl1-2013-38 (75.0s, 2 pages)
16:03:46 [02169/02941] R76/2006/r076-2006-nl1-2013-41 (53.6s, 2 pages)
16:03:49 [02170/02941] R76/2006/r076-2006-nl1-2013-43 (39.1s, 2 pages)
16:03:53 [02171/02941] R76/2006/r076-2006-nl1-2013-35 (100.6s, 2 pages)
16:04:00 [02172/02941] R76/2006/r076-2006-nl1-2013-39 (72.4s, 2 pages)
16:04:02 [02173/02941] R76/2006/r076-2006-nl1-2013-33-rev1 (122.6s, 2 pages)
16:04:05 [02174/02941] R76/2006/r076-2006-nl1-2013-33 (125.0s, 2 pages)
16:04:56 [02175/02941] R76/2006/r076-2006-nl1-2013-50 (62.2s, 2 pages)
16:05:03 [02176/02941] R76/2006/r076-2006-nl1-2013-49 (74.3s, 2 pages)
16:05:08 [02177/02941] R76/2006/r076-2006-nl1-2013-47 (81.6s, 2 pages)
16:05:09 [02178/02941] R76/2006/r076-2006-nl1-2014-02 (67.1s, 2 pages)
16:05:37 [02179/02941] R76/2006/r076-2006-nl1-2014-02-rev01 (96.4s, 2 pages)
16:05:43 [02180/02941] R76/2006/r076-2006-nl1-2014-03 (97.5s, 2 pages)
16:05:54 [02181/02941] R76/2006/r076-2006-nl1-2014-08 (44.4s, 2 pages)
16:06:07 [02182/02941] R76/2006/r076-2006-nl1-2014-04 (71.9s, 2 pages)
16:06:10 [02183/02941] R76/2006/r076-2006-nl1-2013-45 (166.0s, 2 pages)
16:06:26 [02184/02941] R76/2006/r076-2006-nl1-2013-46 (162.4s, 2 pages)
16:06:30 [02185/02941] R76/2006/r076-2006-nl1-2013-40 (219.6s, 3 pages)
16:06:31 [02186/02941] R76/2006/r076-2006-nl1-2014-07 (83.4s, 2 pages)
16:06:45 [02187/02941] R76/2006/r076-2006-nl1-2013-44 (210.5s, 2 pages)
16:07:01 [02188/02941] R76/2006/r076-2006-nl1-2014-10 (77.9s, 2 pages)
16:07:11 [02189/02941] R76/2006/r076-2006-nl1-2014-09 (94.4s, 2 pages)
16:07:17 [02190/02941] R76/2006/r076-2006-nl1-2014-11-rev2 (69.7s, 2 pages)
16:07:21 [02191/02941] R76/2006/r076-2006-nl1-2014-11-rev1 (87.2s, 2 pages)
16:07:24 [02192/02941] R76/2006/r076-2006-nl1-2014-14 (52.6s, 2 pages)
16:07:28 [02193/02941] R76/2006/r076-2006-nl1-2014-11 (78.8s, 2 pages)
16:07:56 [02194/02941] R76/2006/r076-2006-nl1-2014-17 (55.9s, 2 pages)
16:07:58 [02195/02941] R76/2006/r076-2006-nl1-2014-15 (72.6s, 2 pages)
16:07:59 [02196/02941] R76/2006/r076-2006-nl1-2014-12 (93.0s, 2 pages)
16:08:05 [02197/02941] R76/2006/r076-2006-nl1-2014-06 (181.2s, 2 pages)
16:08:13 [02198/02941] R76/2006/r076-2006-nl1-2014-20 (52.3s, 2 pages)
16:08:16 [02199/02941] R76/2006/r076-2006-nl1-2014-22 (52.6s, 2 pages)
16:08:22 [02200/02941] R76/2006/r076-2006-nl1-2014-24 (54.1s, 2 pages)
16:08:35 [02201/02941] R76/2006/r076-2006-nl1-2014-13 (125.0s, 3 pages)
16:08:46 [02202/02941] R76/2006/r076-2006-nl1-2014-27 (41.1s, 2 pages)
16:08:46 [02203/02941] R76/2006/r076-2006-nl1-2014-25-rev1 (49.6s, 2 pages)
16:09:02 [02204/02941] R76/2006/r076-2006-nl1-2014-19 (104.6s, 3 pages)
16:09:02 [02205/02941] R76/2006/r076-2006-nl1-2014-25 (63.7s, 2 pages)
16:09:18 [02206/02941] R76/2006/r076-2006-nl1-2014-28 (64.1s, 2 pages)
16:09:23 [02207/02941] R76/2006/r076-2006-nl1-2014-26 (84.1s, 2 pages)
16:09:54 [02208/02941] R76/2006/r076-2006-nl1-2014-35 (52.5s, 2 pages)
16:10:02 [02209/02941] R76/2006/r076-2006-nl1-2014-37-rev1 (59.8s, 2 pages)
16:10:14 [02210/02941] R76/2006/r076-2006-nl1-2014-18 (182.6s, 2 pages)
16:10:14 [02211/02941] R76/2006/r076-2006-nl1-2014-31-rev1 (111.7s, 3 pages)
16:10:19 [02212/02941] R76/2006/r076-2006-nl1-2014-31 (104.1s, 2 pages)
16:10:22 [02213/02941] R76/2006/r076-2006-nl1-2014-37 (64.9s, 2 pages)
16:10:25 [02214/02941] R76/2006/r076-2006-nl1-2014-38 (62.1s, 2 pages)
16:10:27 [02215/02941] R76/2006/r076-2006-nl1-2014-32 (101.2s, 2 pages)
16:10:42 [02216/02941] R76/2006/r076-2006-nl1-2014-30-rev1 (145.5s, 2 pages)
16:10:46 [02217/02941] R76/2006/r076-2006-nl1-2014-55 (26.8s, 2 pages)
16:10:46 [02218/02941] R76/2006/r076-2006-nl1-2014-43 (44.8s, 2 pages)
16:10:50 [02219/02941] R76/2006/r076-2006-nl1-2014-33 (123.5s, 2 pages)
16:11:11 [02220/02941] R76/2006/r076-2006-nl1-2014-51 (56.6s, 2 pages)
16:11:20 [02221/02941] R76/2006/r076-2006-nl1-2014-60 (53.2s, 2 pages)
16:11:22 [02222/02941] R76/2006/r076-2006-nl1-2014-61 (39.9s, 2 pages)
16:11:34 [02223/02941] R76/2006/r076-2006-nl1-2014-58 (68.2s, 2 pages)
16:11:36 [02224/02941] R76/2006/r076-2006-nl1-2014-41 (101.8s, 2 pages)
16:11:41 [02225/02941] R76/2006/r076-2006-nl1-2015-01 (30.2s, 2 pages)
16:11:43 [02226/02941] R76/2006/r076-2006-nl1-2014-63 (56.6s, 2 pages)
16:11:55 [02227/02941] R76/2006/r076-2006-nl1-2014-64 (65.5s, 2 pages)
16:11:55 [02228/02941] R76/2006/r076-2006-nl1-2015-05 (33.6s, 2 pages)
16:11:57 [02229/02941] R76/2006/r076-2006-nl1-2014-57 (94.5s, 2 pages)
16:12:04 [02230/02941] R76/2006/r076-2006-nl1-2014-62 (78.6s, 2 pages)
16:12:14 [02231/02941] R76/2006/r076-2006-nl1-2015-07 (40.4s, 2 pages)
16:12:16 [02232/02941] R76/2006/r076-2006-nl1-2015-12-rev1 (32.5s, 2 pages)
16:12:19 [02233/02941] R76/2006/r076-2006-nl1-2015-04 (58.5s, 2 pages)
16:12:22 [02234/02941] R76/2006/r076-2006-nl1-2015-15 (24.6s, 2 pages)
16:12:34 [02235/02941] R76/2006/r076-2006-nl1-2015-08 (58.3s, 2 pages)
16:12:37 [02236/02941] R76/2006/r076-2006-nl1-2015-11 (56.2s, 2 pages)
16:12:46 [02237/02941] R76/2006/r076-2006-nl1-2015-12 (51.4s, 2 pages)
16:13:03 [02238/02941] R76/2006/r076-2006-nl1-2015-17 (49.5s, 2 pages)
16:13:09 [02239/02941] R76/2006/r076-2006-nl1-2015-22 (47.2s, 2 pages)
16:13:11 [02240/02941] R76/2006/r076-2006-nl1-2015-14 (75.6s, 2 pages)
16:13:19 [02241/02941] R76/2006/r076-2006-nl1-2015-21 (60.4s, 2 pages)
16:13:25 [02242/02941] R76/2006/r076-2006-nl1-2015-23 (50.7s, 2 pages)
16:13:40 [02243/02941] R76/2006/r076-2006-nl1-2015-16 (96.0s, 3 pages)
16:13:53 [02244/02941] R76/2006/r076-2006-nl1-2015-24 (76.2s, 2 pages)
16:13:57 [02245/02941] R76/2006/r076-2006-nl1-2015-28 (37.6s, 2 pages)
16:13:57 [02246/02941] R76/2006/r076-2006-nl1-2015-27 (48.5s, 2 pages)
16:14:13 [02247/02941] R76/2006/r076-2006-nl1-2015-26 (70.0s, 2 pages)
16:14:35 [02248/02941] R76/2006/r076-2006-nl1-2014-44 (261.3s, 2 pages)
16:14:47 [02249/02941] R76/2006/r076-2006-nl1-2015-25 (121.1s, 2 pages)
16:14:50 [02250/02941] R76/2006/r076-2006-nl1-2015-29 (85.2s, 2 pages)
16:14:51 [02251/02941] R76/2006/r076-2006-nl1-2015-32 (57.9s, 2 pages)
16:15:01 [02252/02941] R76/2006/r076-2006-nl1-2015-34 (63.2s, 2 pages)
16:15:07 [02253/02941] R76/2006/r076-2006-nl1-2015-33 (69.9s, 2 pages)
16:15:16 [02254/02941] R76/2006/r076-2006-nl1-2015-28-rev1 (125.3s, 2 pages)
16:15:23 [02255/02941] R76/2006/r076-2006-nl1-2015-19 (187.5s, 2 pages)
16:15:24 [02256/02941] R76/2006/r076-2006-nl1-2015-36 (71.0s, 2 pages)
16:15:39 [02257/02941] R76/2006/r076-2006-nl1-2015-41 (47.3s, 2 pages)
16:15:42 [02258/02941] R76/2006/r076-2006-nl1-2015-30 (121.9s, 2 pages)
16:15:48 [02259/02941] R76/2006/r076-2006-nl1-2015-37 (73.5s, 2 pages)
16:15:50 [02260/02941] R76/2006/r076-2006-nl1-2015-38 (62.8s, 2 pages)
16:15:51 [02261/02941] R76/2006/r076-2006-nl1-2015-39 (61.0s, 2 pages)
16:16:15 [02262/02941] R76/2006/r076-2006-nl1-2015-44 (68.3s, 2 pages)
16:16:21 [02263/02941] R76/2006/r076-2006-nl1-2015-49-rev2 (58.5s, 3 pages)
16:16:28 [02264/02941] R76/2006/r076-2006-nl1-2016-02 (37.1s, 2 pages)
16:16:35 [02265/02941] R76/2006/r076-2006-nl1-2016-01 (44.8s, 2 pages)
16:16:46 [02266/02941] R76/2006/r076-2006-nl1-2015-42 (105.4s, 2 pages)
16:16:49 [02267/02941] R76/2006/r076-2006-nl1-2015-51 (70.4s, 2 pages)
16:16:59 [02268/02941] R76/2006/r076-2006-nl1-2015-49 (94.7s, 2 pages)
16:17:14 [02269/02941] R76/2006/r076-2006-nl1-2016-11 (27.6s, 2 pages)
16:17:15 [02270/02941] R76/2006/r076-2006-nl1-2016-04 (60.2s, 2 pages)
16:17:29 [02271/02941] R76/2006/r076-2006-nl1-2015-53 (100.3s, 2 pages)
16:17:36 [02272/02941] R76/2006/r076-2006-nl1-2016-13 (37.3s, 2 pages)
16:17:45 [02273/02941] R76/2006/r076-2006-nl1-2016-12 (55.7s, 3 pages)
16:17:46 [02274/02941] R76/2006/r076-2006-nl1-2016-15 (31.3s, 2 pages)
16:17:47 [02275/02941] R76/2006/r076-2006-nl1-2016-06 (85.5s, 2 pages)
16:17:48 [02276/02941] R76/2006/r076-2006-nl1-2015-49-rev1 (151.9s, 3 pages)
16:17:49 [02277/02941] R76/2006/r076-2006-nl1-2015-52 (126.7s, 2 pages)
16:18:10 [02278/02941] R76/2006/r076-2006-nl1-2016-14 (56.6s, 2 pages)
16:18:36 [02279/02941] R76/2006/r076-2006-nl1-2016-09 (127.6s, 2 pages)
16:18:43 [02280/02941] R76/2006/r076-2006-nl1-2016-18 (66.5s, 2 pages)
16:18:55 [02281/02941] R76/2006/r076-2006-nl1-2016-19 (70.5s, 2 pages)
16:19:08 [02282/02941] R76/2006/r076-2006-nl1-2016-25 (31.6s, 2 pages)
16:19:12 [02283/02941] R76/2006/r076-2006-nl1-2016-21 (84.9s, 2 pages)
16:19:20 [02284/02941] R76/2006/r076-2006-nl1-2016-20 (94.1s, 2 pages)
16:19:22 [02285/02941] R76/2006/r076-2006-nl1-2016-23 (93.5s, 2 pages)
16:19:25 [02286/02941] R76/2006/r076-2006-nl1-2016-25-rev1 (74.7s, 2 pages)
16:19:30 [02287/02941] R76/2006/r076-2006-nl1-2016-10 (174.6s, 2 pages)
16:19:33 [02288/02941] R76/2006/r076-2006-nl1-2016-22 (105.4s, 2 pages)
16:19:53 [02289/02941] R76/2006/r076-2006-nl1-2016-16 (144.3s, 2 pages)
16:20:04 [02290/02941] R76/2006/r076-2006-nl1-2016-32 (52.3s, 2 pages)
16:20:06 [02291/02941] R76/2006/r076-2006-nl1-2016-34 (43.6s, 2 pages)
16:20:06 [02292/02941] R76/2006/r076-2006-nl1-2016-27 (83.3s, 2 pages)
16:20:12 [02293/02941] R76/2006/r076-2006-nl1-2016-30 (77.0s, 2 pages)
16:20:13 [02294/02941] R76/2006/r076-2006-nl1-2016-31 (65.5s, 2 pages)
16:20:19 [02295/02941] R76/2006/r076-2006-nl1-2016-33 (58.2s, 2 pages)
16:20:21 [02296/02941] R76/2006/r076-2006-nl1-2016-36 (51.4s, 2 pages)
16:20:34 [02297/02941] R76/2006/r076-2006-nl1-2016-44 (21.0s, 2 pages)
16:20:36 [02298/02941] R76/2006/r076-2006-nl1-2016-35 (71.6s, 2 pages)
16:20:47 [02299/02941] R76/2006/r076-2006-nl1-2016-37 (73.6s, 2 pages)
16:21:21 [02300/02941] R76/2006/r076-2006-nl1-2016-45 (62.3s, 2 pages)
16:21:28 [02301/02941] R76/2006/r076-2006-nl1-2016-46-rev1 (66.5s, 2 pages)
16:21:28 [02302/02941] R76/2006/r076-2006-nl1-2016-42 (76.1s, 2 pages)
16:21:29 [02303/02941] R76/2006/r076-2006-nl1-2016-38 (96.2s, 2 pages)
16:21:32 [02304/02941] R76/2006/r076-2006-nl1-2016-39 (88.1s, 2 pages)
16:21:48 [02305/02941] R76/2006/r076-2006-nl1-2016-47 (71.2s, 2 pages)
16:21:56 [02306/02941] R76/2006/r076-2006-nl1-2016-46 (82.1s, 2 pages)
16:22:35 [02307/02941] R76/2006/r076-2006-nl1-2016-40 (149.3s, 2 pages)
16:22:48 [02308/02941] R76/2006/r076-2006-nl1-2016-52 (80.8s, 2 pages)
16:22:51 [02309/02941] R76/2006/r076-2006-nl1-2016-49 (89.9s, 3 pages)
16:23:06 [02310/02941] R76/2006/r076-2006-nl1-2016-59 (70.3s, 2 pages)
16:23:12 [02311/02941] R76/2006/r076-2006-nl1-2016-48 (145.0s, 2 pages)
16:23:27 [02312/02941] R76/2006/r076-2006-nl1-2016-53 (118.8s, 2 pages)
16:23:30 [02313/02941] R76/2006/r076-2006-nl1-2016-56 (120.6s, 2 pages)
16:23:34 [02314/02941] R76/2006/r076-2006-nl1-2016-41 (207.6s, 3 pages)
16:23:35 [02315/02941] R76/2006/r076-2006-nl1-2016-58 (107.3s, 2 pages)
16:23:36 [02316/02941] R76/2006/r076-2006-nl1-2016-61 (47.4s, 2 pages)
16:23:38 [02317/02941] R76/2006/r076-2006-nl1-2016-60 (62.5s, 2 pages)
16:23:56 [02318/02941] R76/2006/r076-2006-nl1-2017-01-rev1-annex1 (44.1s, 1 pages)
16:24:08 [02319/02941] R76/2006/r076-2006-nl1-2017-04-rev1 (33.1s, 2 pages)
16:24:46 [02320/02941] R76/2006/r076-2006-nl1-2017-03 (72.3s, 2 pages)
16:24:54 [02321/02941] R76/2006/r076-2006-nl1-2017-04 (78.3s, 2 pages)
16:25:01 [02322/02941] R76/2006/r076-2006-nl1-2016-63 (114.2s, 3 pages)
16:25:13 [02323/02941] R76/2006/r076-2006-nl1-2017-02 (103.2s, 2 pages)
16:25:30 [02324/02941] R76/2006/r076-2006-nl1-2017-05 (111.8s, 2 pages)
16:25:34 [02325/02941] R76/2006/r076-2006-nl1-2017-07 (97.4s, 2 pages)
16:25:49 [02326/02941] R76/2006/r076-2006-nl1-2016-57 (256.7s, 3 pages)
16:25:51 [02327/02941] R76/2006/r076-2006-nl1-2017-08 (65.0s, 2 pages)
16:25:52 [02328/02941] R76/2006/r076-2006-nl1-2016-63-rev1 (181.5s, 3 pages)
16:25:57 [02329/02941] R76/2006/r076-2006-nl1-2017-08-rev1 (109.1s, 2 pages)
16:26:04 [02330/02941] R76/2006/r076-2006-nl1-2017-09 (63.2s, 2 pages)
16:26:10 [02331/02941] R76/2006/r076-2006-nl1-2017-09-rev1 (76.0s, 2 pages)
16:26:15 [02332/02941] R76/2006/r076-2006-nl1-2017-01 (167.7s, 2 pages)
16:26:48 [02333/02941] R76/2006/r076-2006-nl1-2017-15 (74.8s, 3 pages)
16:26:50 [02334/02941] R76/2006/r076-2006-nl1-2017-19 (46.6s, 2 pages)
16:26:52 [02335/02941] R76/2006/r076-2006-nl1-2017-17 (59.8s, 2 pages)
16:26:57 [02336/02941] R76/2006/r076-2006-nl1-2017-11 (87.1s, 2 pages)
FAIL R76/2006/r076-2006-nl1-2017-22: API error for R76/2006/r076-2006-nl1-2017-22: {"contentFilter" => [{"level" => 1, "role" => "assistant"}], "error" => {"code" => "1301", "message" => "System detected potentially unsafe or sensitive content in input or generation. Please avoid using prompts that may generate sensitive content. Thank
16:26:59 [02338/02941] R76/2006/r076-2006-nl1-2017-20 (49.3s, 2 pages)
16:27:01 [02339/02941] R76/2006/r076-2006-nl1-2017-10 (108.4s, 2 pages)
16:27:12 [02340/02941] R76/2006/r076-2006-nl1-2017-16 (83.3s, 2 pages)
16:27:32 [02341/02941] R76/2006/r076-2006-nl1-2017-21 (77.0s, 2 pages)
16:27:46 [02342/02941] R76/2006/r076-2006-nl1-2017-29 (45.1s, 2 pages)
16:28:01 [02343/02941] R76/2006/r076-2006-nl1-2017-17-rev1 (130.2s, 2 pages)
16:28:02 [02344/02941] R76/2006/r076-2006-nl1-2017-18 (124.7s, 2 pages)
16:28:16 [02345/02941] R76/2006/r076-2006-nl1-2017-30 (63.7s, 2 pages)
16:28:18 [02346/02941] R76/2006/r076-2006-nl1-2017-27 (80.8s, 2 pages)
16:28:26 [02347/02941] R76/2006/r076-2006-nl1-2017-33-annex1 (39.8s, 1 pages)
16:28:26 [02347/02941] R76/2006/r076-2006-nl1-2017-23 (95.8s, 2 pages)
16:28:40 [02349/02941] R76/2006/r076-2006-nl1-2017-28-rev1 (101.0s, 3 pages)
16:28:55 [02350/02941] R76/2006/r076-2006-nl1-2017-32 (83.1s, 2 pages)
16:29:07 [02351/02941] R76/2006/r076-2006-nl1-2017-37 (40.9s, 2 pages)
16:29:11 [02352/02941] R76/2006/r076-2006-nl1-2017-26 (134.7s, 2 pages)
16:29:13 [02353/02941] R76/2006/r076-2006-nl1-2017-35 (57.4s, 2 pages)
16:29:15 [02354/02941] R76/2006/r076-2006-nl1-2017-36 (57.3s, 2 pages)
16:29:39 [02355/02941] R76/2006/r076-2006-nl1-2017-40 (58.5s, 3 pages)
16:29:57 [02356/02941] R76/2006/r076-2006-nl1-2017-33 (116.0s, 2 pages)
16:30:09 [02357/02941] R76/2006/r076-2006-nl1-2017-38 (103.0s, 2 pages)
16:30:14 [02358/02941] R76/2006/r076-2006-nl1-2017-24 (201.9s, 2 pages)
16:30:18 [02359/02941] R76/2006/r076-2006-nl1-2017-42 (66.4s, 2 pages)
16:30:32 [02360/02941] R76/2006/r076-2006-nl1-2017-41 (97.4s, 2 pages)
16:30:34 [02361/02941] R76/2006/r076-2006-nl1-2017-43 (80.8s, 2 pages)
16:30:45 [02362/02941] R76/2006/r076-2006-nl1-2017-44 (89.3s, 2 pages)
16:31:00 [02363/02941] R76/2006/r076-2006-nl1-2017-50 (41.7s, 2 pages)
16:31:06 [02364/02941] R76/2006/r076-2006-nl1-2017-46 (69.0s, 3 pages)
16:31:10 [02365/02941] R76/2006/r076-2006-nl1-2017-49 (56.1s, 3 pages)
16:31:25 [02366/02941] R76/2006/r076-2006-nl1-2017-42-rev1 (137.7s, 2 pages)
16:31:40 [02367/02941] R76/2006/r076-2006-nl1-2017-34 (218.5s, 2 pages)
16:31:41 [02368/02941] R76/2006/r076-2006-nl1-2017-51 (68.4s, 2 pages)
16:31:43 [02369/02941] R76/2006/r076-2006-nl1-2017-56 (32.9s, 2 pages)
16:31:46 [02370/02941] R76/2006/r076-2006-nl1-2017-52 (72.0s, 2 pages)
16:32:10 [02371/02941] R76/2006/r076-2006-nl1-2017-53 (85.7s, 2 pages)
16:32:12 [02372/02941] R76/2006/r076-2006-nl1-2017-48 (123.0s, 2 pages)
16:32:32 [02373/02941] R76/2006/r076-2006-nl1-2017-55 (85.3s, 2 pages)
16:32:58 [02374/02941] R76/2006/r076-2006-nl1-2017-67-annex1 (26.4s, 1 pages)
16:32:59 [02375/02941] R76/2006/r076-2006-nl1-2017-58 (78.3s, 2 pages)
16:33:05 [02376/02941] R76/2006/r076-2006-nl1-2017-54 (125.4s, 2 pages)
16:33:06 [02377/02941] R76/2006/r076-2006-nl1-2017-57 (101.4s, 2 pages)
16:33:37 [02378/02941] R76/2006/r076-2006-nl1-2017-62 (110.5s, 2 pages)
16:33:40 [02379/02941] R76/2006/r076-2006-nl1-2017-61 (117.3s, 3 pages)
16:33:45 [02380/02941] R76/2006/r076-2006-nl1-2017-59 (124.3s, 2 pages)
16:34:03 [02381/02941] R76/2006/r076-2006-nl1-2017-68 (64.2s, 2 pages)
16:34:35 [02382/02941] R76/2006/r076-2006-nl1-2018-05 (49.8s, 2 pages)
16:34:46 [02383/02941] R76/2006/r076-2006-nl1-2018-01-rev1 (100.9s, 2 pages)
16:35:27 [02384/02941] R76/2006/r076-2006-nl1-2017-45 (348.6s, 3 pages)
16:35:29 [02385/02941] R76/2006/r076-2006-nl1-2018-08 (42.6s, 2 pages)
16:35:30 [02386/02941] R76/2006/r076-2006-nl1-2017-67 (151.8s, 2 pages)
16:35:32 [02387/02941] R76/2006/r076-2006-nl1-2017-66 (199.8s, 2 pages)
16:35:44 [02388/02941] R76/2006/r076-2006-nl1-2018-04 (123.2s, 2 pages)
16:35:46 [02389/02941] R76/2006/r076-2006-nl1-2018-06 (103.2s, 2 pages)
16:36:15 [02390/02941] R76/2006/r076-2006-nl1-2018-10 (46.8s, 2 pages)
16:36:18 [02391/02941] R76/2006/r076-2006-nl1-2018-09 (50.3s, 2 pages)
16:36:24 [02392/02941] R76/2006/r076-2006-nl1-2017-63 (254.2s, 2 pages)
16:36:30 [02393/02941] R76/2006/r076-2006-nl1-2018-13 (58.2s, 2 pages)
16:36:31 [02394/02941] R76/2006/r076-2006-nl1-2018-12 (60.7s, 2 pages)
16:36:44 [02395/02941] R76/2006/r076-2006-nl1-2018-16 (58.0s, 2 pages)
16:37:06 [02396/02941] R76/2006/r076-2006-nl1-2018-01-rev2 (239.9s, 3 pages)
16:37:17 [02397/02941] R76/2006/r076-2006-nl1-2018-07 (162.2s, 2 pages)
16:37:38 [02398/02941] R76/2006/r076-2006-nl1-2018-17-rev1 (82.6s, 2 pages)
16:37:42 [02399/02941] R76/2006/r076-2006-nl1-2018-18 (77.1s, 2 pages)
16:37:53 [02400/02941] R76/2006/r076-2006-nl1-2018-19 (83.1s, 3 pages)
16:38:21 [02401/02941] R76/2006/r076-2006-nl1-2018-21 (110.1s, 2 pages)
16:38:23 [02402/02941] R76/2006/r076-2006-nl1-2018-17 (125.7s, 2 pages)
16:38:24 [02403/02941] R76/2006/r076-2006-nl1-2018-24-rev1 (99.5s, 2 pages)
FAIL R76/2006/r076-2006-nl1-2018-29: API error for R76/2006/r076-2006-nl1-2018-29: {"contentFilter" => [{"level" => 1, "role" => "assistant"}], "error" => {"code" => "1301", "message" => "System detected potentially unsafe or sensitive content in input or generation. Please avoid using prompts that may generate sensitive content. Thank
16:38:43 [02405/02941] R76/2006/r076-2006-nl1-2018-28 (49.7s, 2 pages)
16:38:44 [02406/02941] R76/2006/r076-2006-nl1-2018-26 (66.6s, 2 pages)
16:38:49 [02407/02941] R76/2006/r076-2006-nl1-2018-03 (312.7s, 2 pages)
16:38:52 [02408/02941] R76/2006/r076-2006-nl1-2018-24 (105.9s, 2 pages)
16:39:02 [02409/02941] R76/2006/r076-2006-nl1-2018-30 (38.2s, 2 pages)
16:39:37 [02410/02941] R76/2006/r076-2006-nl1-2018-31-rev1 (73.1s, 3 pages)
16:39:39 [02411/02941] R76/2006/r076-2006-nl1-2018-34 (54.8s, 2 pages)
16:39:56 [02412/02941] R76/2006/r076-2006-nl1-2018-36 (66.5s, 2 pages)
16:39:57 [02413/02941] R76/2006/r076-2006-nl1-2018-25 (160.0s, 2 pages)
16:40:00 [02414/02941] R76/2006/r076-2006-nl1-2018-14 (256.2s, 2 pages)
16:40:04 [02415/02941] R76/2006/r076-2006-nl1-2018-32 (81.3s, 2 pages)
16:40:07 [02416/02941] R76/2006/r076-2006-nl1-2018-31 (97.9s, 2 pages)
16:40:26 [02417/02941] R76/2006/r076-2006-nl1-2018-40 (48.9s, 2 pages)
16:40:44 [02418/02941] R76/2006/r076-2006-nl1-2018-37 (112.3s, 2 pages)
16:40:45 [02419/02941] R76/2006/r076-2006-nl1-2018-41-rev1 (65.4s, 3 pages)
16:40:54 [02420/02941] R76/2006/r076-2006-nl1-2018-38 (112.4s, 2 pages)
16:41:02 [02421/02941] R76/2006/r076-2006-nl1-2018-45 (62.1s, 2 pages)
16:41:04 [02422/02941] R76/2006/r076-2006-nl1-2018-42 (66.8s, 2 pages)
16:41:18 [02423/02941] R76/2006/r076-2006-nl1-2018-46 (73.5s, 2 pages)
16:41:30 [02424/02941] R76/2006/r076-2006-nl1-2018-27 (228.7s, 2 pages)
16:41:33 [02425/02941] R76/2006/r076-2006-nl1-2018-48-rev1 (67.3s, 3 pages)
16:41:35 [02426/02941] R76/2006/r076-2006-nl1-2018-47 (87.6s, 2 pages)
16:42:08 [02427/02941] R76/2006/r076-2006-nl1-2018-50 (74.4s, 2 pages)
16:42:10 [02428/02941] R76/2006/r076-2006-nl1-2018-41 (134.1s, 2 pages)
16:42:38 [02429/02941] R76/2006/r076-2006-nl1-2019-02 (80.6s, 2 pages)
16:42:54 [02430/02941] R76/2006/r076-2006-nl1-2019-08 (15.7s, 2 pages)
16:42:54 [02431/02941] R76/2006/r076-2006-nl1-2019-06 (46.0s, 2 pages)
16:42:56 [02432/02941] R76/2006/r076-2006-nl1-2018-51 (112.1s, 2 pages)
16:42:57 [02433/02941] R76/2006/r076-2006-nl1-2019-05 (82.7s, 2 pages)
16:43:05 [02434/02941] R76/2006/r076-2006-nl1-2018-48 (140.8s, 2 pages)
16:43:05 [02435/02941] R76/2006/r076-2006-nl1-2018-51-rev1 (123.3s, 4 pages)
16:43:08 [02436/02941] R76/2006/r076-2006-nl1-2018-49 (143.3s, 2 pages)
16:43:12 [02437/02941] R76/2006/r076-2006-nl1-2019-04 (98.8s, 2 pages)
16:43:33 [02438/02941] R76/2006/r076-2006-nl1-2019-07 (83.3s, 2 pages)
16:43:42 [02439/02941] R76/2006/r076-2006-nl1-2019-09 (47.9s, 2 pages)
16:44:00 [02440/02941] R76/2006/r076-2006-nl1-2019-13 (62.4s, 2 pages)
16:44:07 [02441/02941] R76/2006/r076-2006-nl1-2019-12 (70.9s, 2 pages)
16:44:16 [02442/02941] R76/2006/r076-2006-nl1-2019-17 (64.7s, 2 pages)
16:44:17 [02443/02941] R76/2006/r076-2006-nl1-2019-14 (72.2s, 2 pages)
16:44:25 [02444/02941] R76/2006/r076-2006-nl1-2019-12-rev1 (90.7s, 2 pages)
16:44:35 [02445/02941] R76/2006/r076-2006-nl1-2019-19 (53.3s, 2 pages)
16:44:40 [02446/02941] R76/2006/r076-2006-nl1-2019-18 (66.1s, 2 pages)
16:45:02 [02447/02941] R76/2006/r076-2006-nl1-2019-17-rev1 (113.9s, 2 pages)
16:45:06 [02448/02941] R76/2006/r076-2006-nl1-2019-23 (49.3s, 2 pages)
16:45:12 [02449/02941] R76/2006/r076-2006-nl1-2019-28-rev1 (32.4s, 2 pages)
16:45:14 [02450/02941] R76/2006/r076-2006-nl1-2019-24 (56.4s, 2 pages)
16:45:34 [02451/02941] R76/2006/r076-2006-nl1-2019-22 (86.8s, 2 pages)
16:45:34 [02452/02941] R76/2006/r076-2006-nl1-2019-21 (94.2s, 2 pages)
16:45:48 [02453/02941] R76/2006/r076-2006-nl1-2019-26 (72.2s, 2 pages)
16:45:54 [02454/02941] R76/2006/r076-2006-nl1-2019-29-rev1 (48.3s, 2 pages)
16:46:00 [02455/02941] R76/2006/r076-2006-nl1-2019-30 (48.0s, 2 pages)
16:46:01 [02456/02941] R76/2006/r076-2006-nl1-2019-35 (27.5s, 2 pages)
16:46:10 [02457/02941] R76/2006/r076-2006-nl1-2019-28 (68.1s, 2 pages)
16:46:14 [02458/02941] R76/2006/r076-2006-nl1-2019-03 (283.3s, 3 pages)
16:46:17 [02459/02941] R76/2006/r076-2006-nl1-2019-32 (63.4s, 2 pages)
16:46:29 [02460/02941] R76/2006/r076-2006-nl1-2019-34 (55.3s, 2 pages)
16:46:51 [02461/02941] R76/2006/r076-2006-nl1-2019-38 (37.6s, 2 pages)
16:47:17 [02462/02941] R76/2006/r076-2006-nl1-2019-38-rev2 (66.8s, 2 pages)
16:47:18 [02463/02941] R76/2006/r076-2006-nl1-2019-15 (252.6s, 3 pages)
16:47:26 [02464/02941] R76/2006/r076-2006-nl1-2019-36 (98.2s, 2 pages)
16:47:38 [02465/02941] R76/2006/r076-2006-nl1-2019-37 (97.9s, 2 pages)
16:48:06 [02466/02941] R76/2006/r076-2006-nl1-2019-47 (47.8s, 2 pages)
16:48:10 [02467/02941] R76/2006/r076-2006-nl1-2019-38-rev1 (128.7s, 2 pages)
16:48:10 [02468/02941] R76/2006/r076-2006-nl1-2019-41 (113.0s, 2 pages)
16:48:15 [02469/02941] R76/2006/r076-2006-nl1-2019-45 (57.8s, 2 pages)
16:48:16 [02470/02941] R76/2006/r076-2006-nl1-2019-37-rev1 (141.6s, 3 pages)
16:48:18 [02471/02941] R76/2006/r076-2006-nl1-2019-49 (39.9s, 2 pages)
16:48:27 [02472/02941] R76/2006/r076-2006-nl1-2019-48 (61.2s, 2 pages)
16:48:55 [02473/02941] R76/2006/r076-2006-nl1-2019-25 (270.1s, 3 pages)
16:48:58 [02474/02941] R76/2006/r076-2006-nl1-2019-53 (48.2s, 2 pages)
16:49:05 [02475/02941] R76/2006/r076-2006-nl1-2019-56 (38.3s, 2 pages)
16:49:16 [02476/02941] R76/2006/r076-2006-nl1-2019-54-rev1 (61.7s, 2 pages)
16:49:23 [02477/02941] R76/2006/r076-2006-nl1-2019-52 (72.9s, 2 pages)
16:49:25 [02478/02941] R76/2006/r076-2006-nl1-2019-54 (69.7s, 2 pages)
16:49:41 [02479/02941] R76/2006/r076-2006-nl1-2019-50 (95.7s, 2 pages)
16:50:04 [02480/02941] R76/2006/r076-2006-nl1-2019-60 (58.8s, 2 pages)
16:50:10 [02481/02941] R76/2006/r076-2006-nl1-2019-42 (220.6s, 2 pages)
16:50:11 [02482/02941] R76/2006/r076-2006-nl1-2020-01 (30.2s, 2 pages)
16:50:13 [02483/02941] R76/2006/r076-2006-nl1-2019-59 (74.5s, 2 pages)
16:50:16 [02484/02941] R76/2006/r076-2006-nl1-2019-62 (53.1s, 2 pages)
16:50:25 [02485/02941] R76/2006/r076-2006-nl1-2019-43 (213.5s, 2 pages)
16:50:51 [02486/02941] R76/2006/r076-2006-nl1-2019-58 (115.6s, 2 pages)
16:51:17 [02487/02941] R76/2006/r076-2006-nl1-2020-05 (65.8s, 2 pages)
16:51:22 [02488/02941] R76/2006/r076-2006-nl1-2019-61 (125.4s, 2 pages)
16:51:24 [02489/02941] R76/2006/r076-2006-nl1-2020-04 (74.4s, 2 pages)
16:52:01 [02490/02941] R76/2006/r076-2006-nl1-2020-09 (70.2s, 2 pages)
16:52:01 [02491/02941] R76/2006/r076-2006-nl1-2020-03 (117.1s, 2 pages)
16:52:03 [02492/02941] R76/2006/r076-2006-nl1-2020-06 (110.6s, 2 pages)
16:52:21 [02493/02941] R76/2006/r076-2006-nl1-2020-11 (59.5s, 2 pages)
16:52:22 [02494/02941] R76/2006/r076-2006-nl1-2020-10 (64.5s, 2 pages)
16:52:32 [02495/02941] R76/2006/r076-2006-nl1-2020-07 (136.2s, 4 pages)
16:52:48 [02496/02941] R76/2006/r076-2006-nl1-2020-13-rev1 (47.3s, 2 pages)
16:52:50 [02497/02941] R76/2006/r076-2006-nl1-2020-13 (48.8s, 2 pages)
16:53:01 [02498/02941] R76/2006/r076-2006-nl1-2020-18-rev1 (28.4s, 3 pages)
16:53:29 [02499/02941] R76/2006/r076-2006-nl1-2020-17-rev1 (66.9s, 3 pages)
16:53:29 [02500/02941] R76/2006/r076-2006-nl1-2020-12 (124.6s, 2 pages)
16:53:36 [02501/02941] R76/2006/r076-2006-nl1-2019-56-rev2 (318.1s, 2 pages)
16:53:42 [02502/02941] R76/2006/r076-2006-nl1-2020-16 (80.7s, 2 pages)
16:53:44 [02503/02941] R76/2006/r076-2006-nl1-2020-20 (42.9s, 2 pages)
16:53:48 [02504/02941] R76/2006/r076-2006-nl1-2020-08-rev1 (203.8s, 5 pages)
16:54:15 [02505/02941] R76/2006/r076-2006-nl1-2019-63 (289.9s, 3 pages)
16:54:26 [02506/02941] R76/2006/r076-2006-nl1-2020-18 (97.3s, 2 pages)
16:54:38 [02507/02941] R76/2006/r076-2006-nl1-2020-26 (49.4s, 2 pages)
16:54:51 [02508/02941] R76/2006/r076-2006-nl1-2020-24 (75.1s, 2 pages)
16:54:58 [02509/02941] R76/2006/r076-2006-nl1-2020-19 (127.7s, 2 pages)
16:55:11 [02510/02941] R76/2006/r076-2006-nl1-2020-25 (87.5s, 3 pages)
16:55:31 [02511/02941] R76/2006/r076-2006-nl1-2020-21 (121.9s, 3 pages)
16:55:41 [02512/02941] R76/2006/r076-2006-nl1-2020-22-rev1 (132.8s, 3 pages)
16:55:46 [02513/02941] R76/2006/r076-2006-nl1-2020-15 (222.6s, 2 pages)
16:56:01 [02514/02941] R76/2006/r076-2006-nl1-2020-27 (105.9s, 3 pages)
16:56:12 [02515/02941] R76/2006/r076-2006-nl1-2020-37 (26.1s, 2 pages)
16:56:37 [02516/02941] R76/2006/r076-2006-nl1-2020-36 (56.0s, 2 pages)
16:57:03 [02517/02941] R76/2006/r076-2006-nl1-2020-31-rev1 (125.4s, 4 pages)
16:57:05 [02518/02941] R76/2006/r076-2006-nl1-2020-30 (134.1s, 3 pages)
16:57:09 [02519/02941] R76/2006/r076-2006-nl1-2020-38-rev1 (68.3s, 2 pages)
16:57:35 [02520/02941] R76/2006/r076-2006-nl1-2020-38 (82.7s, 2 pages)
16:58:09 [02521/02941] R76/2006/r076-2006-nl1-2020-35 (158.6s, 2 pages)
16:58:48 [02522/02941] R76/2006/r076-2006-nl1-2020-33 (217.0s, 2 pages)
16:58:53 [02523/02941] R76/2006/r076-2006-nl1-2020-40 (103.4s, 2 pages)
16:59:21 [02524/02941] R76/2006/r076-2006-nl1-2020-39 (136.1s, 3 pages)
16:59:27 [02525/02941] R76/2006/r076-2006-nl1-2020-42 (38.9s, 2 pages)
16:59:31 [02526/02941] R76/2006/r076-2006-nl1-2020-39-rev2 (148.3s, 3 pages)
16:59:33 [02527/02941] R76/2006/r076-2006-nl1-2020-43 (39.8s, 2 pages)
16:59:53 [02528/02941] R76/2006/r076-2006-nl1-2020-29 (315.1s, 4 pages)
17:00:26 [02529/02941] R76/2006/r076-2006-nl1-2020-46 (54.9s, 2 pages)
17:00:57 [02530/02941] R76/2006/r076-2006-nl1-2020-47-rev1 (84.7s, 2 pages)
17:00:59 [02531/02941] R76/2006/r076-2006-nl1-2020-45 (92.0s, 2 pages)
17:01:17 [02532/02941] R76/2006/r076-2006-nl1-2020-44 (115.3s, 2 pages)
17:01:47 [02533/02941] R76/2006/r076-2006-nl1-2020-51 (48.3s, 2 pages)
17:02:12 [02534/02941] R76/2006/r076-2006-nl1-2020-41 (242.9s, 3 pages)
17:03:10 [02535/02941] R76/2006/r076-2006-nl1-2020-54 (83.0s, 3 pages)
17:03:11 [02536/02941] R76/2006/r076-2006-nl1-2020-41-rev1 (335.9s, 3 pages)
17:03:22 [02537/02941] R76/2006/r076-2006-nl1-2020-50 (145.0s, 2 pages)
17:03:47 [02538/02941] R76/2006/r076-2006-nl1-2020-59 (24.9s, 2 pages)
17:04:06 [02539/02941] R76/2006/r076-2006-nl1-2020-48 (219.5s, 2 pages)
17:04:09 [02540/02941] R76/2006/r076-2006-nl1-2020-54-rev1 (172.8s, 3 pages)
17:04:16 [02541/02941] R76/2006/r076-2006-nl1-2020-60 (29.4s, 2 pages)
17:04:23 [02542/02941] R76/2006/r076-2006-nl1-2020-47 (270.2s, 2 pages)
17:04:31 [02543/02941] R76/2006/r076-2006-nl1-2020-58 (80.7s, 3 pages)
17:04:40 [02544/02941] R76/2006/r076-2006-nl1-2020-55 (148.1s, 2 pages)
17:04:56 [02545/02941] R76/2006/r076-2006-nl1-2020-25-rev1 (674.4s, 3 pages)
17:04:58 [02546/02941] R76/2006/r076-2006-nl1-2020-57 (108.2s, 2 pages)
17:05:24 [02547/02941] R76/2006/r076-2006-nl1-2020-62 (78.3s, 2 pages)
17:05:36 [02548/02941] R76/2006/r076-2006-nl1-2020-69-rev2 (79.1s, 3 pages)
17:05:38 [02549/02941] R76/2006/r076-2006-nl1-2020-69-rev1 (89.0s, 3 pages)
17:07:05 [02550/02941] R76/2006/r076-2006-nl1-2021-01 (86.6s, 2 pages)
17:07:10 [02551/02941] R76/2006/r076-2006-nl1-2020-69-rev4 (158.7s, 4 pages)
17:07:17 [02552/02941] R76/2006/r076-2006-nl1-2020-69-rev3 (174.1s, 3 pages)
17:07:23 [02553/02941] R76/2006/r076-2006-nl1-2020-70-rev2 (144.4s, 3 pages)
17:07:44 [02554/02941] R76/2006/r076-2006-nl1-2020-69 (184.1s, 3 pages)
17:07:49 [02555/02941] R76/2006/r076-2006-nl1-2020-70 (133.5s, 3 pages)
17:08:30 [02556/02941] R76/2006/r076-2006-nl1-2020-70-rev1 (214.2s, 3 pages)
17:08:41 [02557/02941] R76/2006/r076-2006-nl1-2021-03 (96.0s, 2 pages)
17:08:43 [02558/02941] R76/2006/r076-2006-nl1-2021-06 (80.6s, 2 pages)
17:08:45 [02559/02941] R76/2006/r076-2006-nl1-2021-05 (87.7s, 2 pages)
17:08:46 [02560/02941] R76/2006/r076-2006-nl1-2021-04 (96.1s, 3 pages)
17:08:50 [02561/02941] R76/2006/r076-2006-nl1-2021-08 (61.3s, 2 pages)
FAIL R76/2006/r076-2006-nl1-2021-15: API error for R76/2006/r076-2006-nl1-2021-15: {"contentFilter" => [{"level" => 1, "role" => "assistant"}], "error" => {"code" => "1301", "message" => "System detected potentially unsafe or sensitive content in input or generation. Please avoid using prompts that may generate sensitive content. Thank
17:09:24 [02563/02941] R76/2006/r076-2006-nl1-2021-11 (40.1s, 2 pages)
17:09:30 [02564/02941] R76/2006/r076-2006-nl1-2020-70-rev3 (246.1s, 4 pages)
17:09:36 [02565/02941] R76/2006/r076-2006-nl1-2021-10 (54.8s, 2 pages)
17:10:16 [02566/02941] R76/2006/r076-2006-nl1-2021-20 (46.2s, 2 pages)
17:10:18 [02567/02941] R76/2006/r076-2006-nl1-2021-13 (91.8s, 2 pages)
17:10:27 [02568/02941] R76/2006/r076-2006-nl1-2021-18 (63.7s, 2 pages)
17:10:31 [02569/02941] R76/2006/r076-2006-nl1-2021-09 (120.4s, 2 pages)
17:10:33 [02570/02941] R76/2006/r076-2006-nl1-2021-16 (95.6s, 2 pages)
17:11:00 [02571/02941] R76/2006/r076-2006-nl1-2021-21 (84.5s, 2 pages)
17:11:02 [02572/02941] R76/2006/r076-2006-nl1-2021-23 (43.7s, 2 pages)
17:11:13 [02573/02941] R76/2006/r076-2006-nl1-2021-22 (56.7s, 2 pages)
17:11:15 [02574/02941] R76/2006/r076-2006-nl1-2021-07 (210.7s, 2 pages)
17:11:15 [02575/02941] R76/2006/r076-2006-nl1-2021-25 (44.3s, 2 pages)
17:11:17 [02576/02941] R76/2006/r076-2006-nl1-2021-27 (15.6s, 2 pages)
17:12:02 [02577/02941] R76/2006/r076-2006-nl1-2021-27-rev1 (61.7s, 2 pages)
17:12:05 [02578/02941] R76/2006/r076-2006-nl1-2021-29-rev1 (50.5s, 2 pages)
17:12:10 [02579/02941] R76/2006/r076-2006-nl1-2020-39-rev1 (933.0s, 4 pages)
17:12:12 [02580/02941] R76/2006/r076-2006-nl1-2021-24 (104.6s, 2 pages)
17:12:16 [02581/02941] R76/2006/r076-2006-nl1-2021-26 (103.4s, 3 pages)
17:12:31 [02582/02941] R76/2006/r076-2006-nl1-2021-29 (75.9s, 2 pages)
17:13:00 [02583/02941] R76/2006/r076-2006-nl1-2021-28-rev1 (106.5s, 2 pages)
17:13:05 [02584/02941] R76/2006/r076-2006-nl1-2021-34 (53.6s, 2 pages)
17:13:15 [02585/02941] R76/2006/r076-2006-nl1-2021-32 (73.2s, 2 pages)
17:13:24 [02586/02941] R76/2006/r076-2006-nl1-2021-33 (73.2s, 2 pages)
17:13:25 [02587/02941] R76/2006/r076-2006-nl1-2021-30 (127.6s, 2 pages)
17:13:25 [02588/02941] R76/2006/r076-2006-nl1-2021-33-rev1 (80.1s, 3 pages)
17:13:53 [02589/02941] R76/2006/r076-2006-nl1-2021-40 (47.9s, 2 pages)
17:14:04 [02590/02941] R76/2006/r076-2006-nl1-2021-35 (107.9s, 2 pages)
17:14:11 [02591/02941] R76/2006/r076-2006-nl1-2021-12 (325.7s, 2 pages)
17:14:24 [02592/02941] R76/2006/r076-2006-nl1-2021-46 (59.3s, 2 pages)
17:14:49 [02593/02941] R76/2006/r076-2006-nl1-2022-06-rev1 (38.6s, 2 pages)
17:14:51 [02594/02941] R76/2006/r076-2006-nl1-2022-06 (27.0s, 2 pages)
17:15:03 [02595/02941] R76/2006/r076-2006-nl1-2021-43 (108.0s, 3 pages)
17:15:27 [02596/02941] R76/2006/r076-2006-nl1-2021-37 (176.3s, 2 pages)
17:15:39 [02597/02941] R76/2006/r076-2006-nl1-2022-07 (49.9s, 2 pages)
17:15:45 [02598/02941] R76/2006/r076-2006-nl1-2021-44 (141.3s, 2 pages)
17:16:04 [02599/02941] R76/2006/r076-2006-nl1-2022-04 (120.1s, 2 pages)
17:16:15 [02600/02941] R76/2006/r076-2006-nl1-2022-08 (83.6s, 2 pages)
17:16:36 [02601/02941] R76/2006/r076-2006-nl1-2022-11-rev0 (56.5s, 2 pages)
17:16:36 [02602/02941] R76/2006/r076-2006-nl1-2022-03-rev0 (162.7s, 3 pages)
17:16:47 [02603/02941] R76/2006/r76-2006-ch1-2018-01-rev1 (32.6s, 2 pages)
17:16:49 [02604/02941] R76/2006/r076-2006-nl1-2021-38 (229.3s, 2 pages)
17:16:57 [02605/02941] R76/2006/r076-2006-nl1-2022-10-rev0 (89.6s, 2 pages)
17:17:09 [02606/02941] R76/2006/r076-2006-nl1-2022-09 (125.9s, 2 pages)
17:17:22 [02607/02941] R76/2006/r076-2006-se1-2017-01 (96.7s, 3 pages)
17:18:02 [02608/02941] R76/2006/r76-2006-ch1-2018-09-rev1 (86.0s, 3 pages)
17:18:09 [02609/02941] R76/2006/r076-2006-se1-2021-02 (124.7s, 3 pages)
17:18:16 [02610/02941] R76/2006/r76-2006-ch1-2018-02-rev2 (100.5s, 2 pages)
17:19:42 [02611/02941] R76/2006/r076-2006-nl1-2022-01 (377.0s, 2 pages)
17:19:45 [02612/02941] R76/2006/r76-2006-ch1-2019-01-rev7 (168.0s, 5 pages)
17:19:51 [02613/02941] R76/2006/r76-2006-ch1-2019-01-rev5 (183.5s, 5 pages)
17:19:53 [02614/02941] R76/2006/r76-2006-ch1-2019-01-rev9 (150.9s, 5 pages)
17:19:53 [02615/02941] R76/2006/r76-2006-ch1-2019-01-rev6 (184.1s, 5 pages)
17:20:06 [02616/02941] R76/2006/r76-2006-ch1-2019-02-rev7 (123.9s, 3 pages)
17:20:38 [02617/02941] R76/2006/r76-2006-ch1-2019-01-rev8 (208.6s, 5 pages)
17:20:47 [02618/02941] R76/2006/r76-2006-ch1-2021-01-rev1 (54.0s, 2 pages)
17:20:55 [02619/02941] R76/2006/r76-2006-ch1-2019-05-rev6 (63.8s, 3 pages)
17:20:58 [02620/02941] R76/2006/r76-2006-ch1-2019-04-rev6 (162.1s, 5 pages)
17:21:26 [02621/02941] R76/2006/r76-2006-ch1-2019-04-rev09 (196.7s, 5 pages)
17:22:05 [02622/02941] R76/2006/r76-2006-cn2-2022-04 (66.6s, 2 pages)
17:22:18 [02623/02941] R76/2006/r76-2006-cn2-2023-01 (52.1s, 2 pages)
17:22:25 [02624/02941] R76/2006/r76-2006-ch1-2019-05-rev7 (152.3s, 3 pages)
17:22:36 [02625/02941] R76/2006/r76-2006-cn2-2022-03 (101.6s, 2 pages)
17:22:56 [02626/02941] R76/2006/r76-2006-ch1-2019-04-rev8 (191.1s, 5 pages)
17:23:07 [02627/02941] R76/2006/r76-2006-cn2-2024-01 (42.6s, 2 pages)
17:23:27 [02628/02941] R76/2006/r76-2006-ch1-2022-01 (201.0s, 2 pages)
17:24:01 [02629/02941] R76/2006/r76-2006-cn2-2023-03 (103.3s, 2 pages)
FAIL R76/2006/r76-2006-cn2-2024-03: API error for R76/2006/r76-2006-cn2-2024-03: {"error" => "Failed to open TCP connection to api.z.ai:443 (getaddrinfo(3): nodename nor servname provided, or not known)"}
FAIL R76/2006/r076-2006-nl1-2020-28: API error for R76/2006/r076-2006-nl1-2020-28: {"error" => "Failed to open TCP connection to api.z.ai:443 (getaddrinfo(3): nodename nor servname provided, or not known)"}
FAIL R76/2006/r76-2006-cn2-2024-04: API error for R76/2006/r76-2006-cn2-2024-04: {"error" => "Failed to open TCP connection to api.z.ai:443 (getaddrinfo(3): nodename nor servname provided, or not known)"}
FAIL R76/2006/r76-2006-cn2-2025-01: API error for R76/2006/r76-2006-cn2-2025-01: {"error" => "Failed to open TCP connection to api.z.ai:443 (getaddrinfo(3): nodename nor servname provided, or not known)"}
