2026-10-06 22:14:25 +0800	R117/2007/r117-2007-nl1-2016-01-rev1	expected ',' or '}' after object value, got: '.replace("\"",' at line 265 column 22
2026-10-06 22:14:25 +0800	R117/2007/r117-2007-nl1-2020-10-rev11	API error for R117/2007/r117-2007-nl1-2020-10-rev11: {"error" => {"code" => "1302", "message" => "Rate limit reached for requests"}}
2026-10-06 22:14:25 +0800	R117/2007/r117-2007-nl1-2020-10-rev3	API error for R117/2007/r117-2007-nl1-2020-10-rev3: {"error" => {"code" => "1302", "message" => "Rate limit reached for requests"}}
2026-10-06 22:14:25 +0800	R117/2007/r117-2007-nl1-2020-08	API error for R117/2007/r117-2007-nl1-2020-08: {"error" => {"code" => "1302", "message" => "Rate limit reached for requests"}}
2026-10-06 22:14:25 +0800	R117/2007/r117-2007-nl1-2020-07-rev3	API error for R117/2007/r117-2007-nl1-2020-07-rev3: {"error" => {"code" => "1302", "message" => "Rate limit reached for requests"}}
2026-10-06 22:14:25 +0800	R117/2007/r117-2007-ru1-2017-01	API error for R117/2007/r117-2007-ru1-2017-01: {"error" => {"code" => "1113", "message" => "Insufficient balance or no resource package. Please recharge."}}
2026-10-06 22:14:25 +0800	R117/2007/r117-2007-ru1-2017-04	API error for R117/2007/r117-2007-ru1-2017-04: {"error" => {"code" => "1113", "message" => "Insufficient balance or no resource package. Please recharge."}}
2026-10-06 22:14:25 +0800	R117/2007/r117-2007-ru1-2017-05-annex01	API error for R117/2007/r117-2007-ru1-2017-05-annex01: {"error" => {"code" => "1113", "message" => "Insufficient balance or no resource package. Please recharge."}}
2026-10-06 22:14:25 +0800	R117/2007/r117-2007-ru1-2017-05	API error for R117/2007/r117-2007-ru1-2017-05: {"error" => {"code" => "1113", "message" => "Insufficient balance or no resource package. Please recharge."}}
2026-10-06 22:14:25 +0800	R129/2000/r129-2000-de1-2005-01-rev1	API error for R129/2000/r129-2000-de1-2005-01-rev1: {"error" => {"code" => "1113", "message" => "Insufficient balance or no resource package. Please recharge."}}
2026-10-06 22:14:25 +0800	R129/2000/r129-2000-de1-2005-01	API error for R129/2000/r129-2000-de1-2005-01: {"error" => {"code" => "1113", "message" => "Insufficient balance or no resource package. Please recharge."}}
2026-10-06 22:14:25 +0800	R129/2000/r129-2000-de1-2007-01	API error for R129/2000/r129-2000-de1-2007-01: {"error" => {"code" => "1113", "message" => "Insufficient balance or no resource package. Please recharge."}}
2026-10-06 22:14:25 +0800	R129/2000/r129-2000-de1-2008-01	API error for R129/2000/r129-2000-de1-2008-01: {"error" => {"code" => "1113", "message" => "Insufficient balance or no resource package. Please recharge."}}
2026-10-06 22:14:25 +0800	R129/2000/r129-2000-de1-2008-02	API error for R129/2000/r129-2000-de1-2008-02: {"error" => {"code" => "1113", "message" => "Insufficient balance or no resource package. Please recharge."}}
2026-10-06 22:14:25 +0800	R129/2000/r129-2000-de1-2009-01	API error for R129/2000/r129-2000-de1-2009-01: {"error" => {"code" => "1113", "message" => "Insufficient balance or no resource package. Please recharge."}}
2026-10-06 22:14:25 +0800	R129/2000/r129-2000-de1-2009-02	API error for R129/2000/r129-2000-de1-2009-02: {"error" => {"code" => "1113", "message" => "Insufficient balance or no resource package. Please recharge."}}
2026-10-06 22:14:25 +0800	R129/2000/r129-2000-de1-2009-03	API error for R129/2000/r129-2000-de1-2009-03: {"error" => {"code" => "1113", "message" => "Insufficient balance or no resource package. Please recharge."}}
2026-10-06 22:14:25 +0800	R129/2000/r129-2000-de1-2009-04	API error for R129/2000/r129-2000-de1-2009-04: {"error" => {"code" => "1113", "message" => "Insufficient balance or no resource package. Please recharge."}}
2026-10-06 22:14:25 +0800	R129/2000/r129-2000-dk1-2005-01	API error for R129/2000/r129-2000-dk1-2005-01: {"error" => {"code" => "1113", "message" => "Insufficient balance or no resource package. Please recharge."}}
2026-10-06 22:14:25 +0800	R129/2000/r129-2000-dk2-2020-01	API error for R129/2000/r129-2000-dk2-2020-01: {"error" => {"code" => "1113", "message" => "Insufficient balance or no resource package. Please recharge."}}
2026-10-06 22:14:25 +0800	R129/2000/r129-2000-dk2-2022-01	API error for R129/2000/r129-2000-dk2-2022-01: {"error" => {"code" => "1113", "message" => "Insufficient balance or no resource package. Please recharge."}}
2026-10-06 22:14:25 +0800	R129/2000/r129-2000-fr2-2017-01-rev0	API error for R129/2000/r129-2000-fr2-2017-01-rev0: {"error" => {"code" => "1113", "message" => "Insufficient balance or no resource package. Please recharge."}}
2026-10-06 22:14:25 +0800	R129/2000/r129-2000-fr2-2017-01-rev2	API error for R129/2000/r129-2000-fr2-2017-01-rev2: {"error" => {"code" => "1113", "message" => "Insufficient balance or no resource package. Please recharge."}}
2026-10-06 22:14:25 +0800	R129/2000/r129-2000-gb1-2012-01	API error for R129/2000/r129-2000-gb1-2012-01: {"error" => {"code" => "1113", "message" => "Insufficient balance or no resource package. Please recharge."}}
2026-10-06 22:14:25 +0800	R129/2000/r129-2000-gb1-2013-01-rev2	API error for R129/2000/r129-2000-gb1-2013-01-rev2: {"error" => {"code" => "1113", "message" => "Insufficient balance or no resource package. Please recharge."}}
2026-10-06 22:14:25 +0800	R129/2000/r129-2000-gb1-2013-01	API error for R129/2000/r129-2000-gb1-2013-01: {"error" => {"code" => "1113", "message" => "Insufficient balance or no resource package. Please recharge."}}
2026-10-06 22:14:25 +0800	R129/2000/r129-2000-nl1-2004-03-rev1	API error for R129/2000/r129-2000-nl1-2004-03-rev1: {"error" => {"code" => "1113", "message" => "Insufficient balance or no resource package. Please recharge."}}
2026-10-06 22:14:25 +0800	R129/2000/r129-2000-nl1-2006-01-rev1	API error for R129/2000/r129-2000-nl1-2006-01-rev1: {"error" => {"code" => "1113", "message" => "Insufficient balance or no resource package. Please recharge."}}
2026-10-06 22:14:25 +0800	R129/2000/r129-2000-nl1-2006-01-rev2	API error for R129/2000/r129-2000-nl1-2006-01-rev2: {"error" => {"code" => "1113", "message" => "Insufficient balance or no resource package. Please recharge."}}
2026-10-06 22:14:25 +0800	R129/2000/r129-2000-nl1-2006-01	API error for R129/2000/r129-2000-nl1-2006-01: {"error" => {"code" => "1113", "message" => "Insufficient balance or no resource package. Please recharge."}}
2026-10-06 22:14:25 +0800	R129/2000/r129-2000-nl1-2007-01-rev1	API error for R129/2000/r129-2000-nl1-2007-01-rev1: {"error" => {"code" => "1113", "message" => "Insufficient balance or no resource package. Please recharge."}}
2026-10-06 22:14:25 +0800	R129/2000/r129-2000-nl1-2007-01-rev2	API error for R129/2000/r129-2000-nl1-2007-01-rev2: {"error" => {"code" => "1113", "message" => "Insufficient balance or no resource package. Please recharge."}}
2026-10-06 22:14:25 +0800	R129/2000/r129-2000-nl1-2007-01	API error for R129/2000/r129-2000-nl1-2007-01: {"error" => {"code" => "1113", "message" => "Insufficient balance or no resource package. Please recharge."}}
2026-10-06 22:14:25 +0800	R129/2000/r129-2000-nl1-2007-02	API error for R129/2000/r129-2000-nl1-2007-02: {"error" => {"code" => "1113", "message" => "Insufficient balance or no resource package. Please recharge."}}
2026-10-06 22:14:25 +0800	R129/2000/r129-2000-nl1-2009-01	API error for R129/2000/r129-2000-nl1-2009-01: {"error" => {"code" => "1113", "message" => "Insufficient balance or no resource package. Please recharge."}}
2026-10-06 22:14:25 +0800	R129/2000/r129-2000-nl1-2010-01-rev1	API error for R129/2000/r129-2000-nl1-2010-01-rev1: {"error" => {"code" => "1113", "message" => "Insufficient balance or no resource package. Please recharge."}}
2026-10-06 22:14:25 +0800	R129/2000/r129-2000-nl1-2010-01	API error for R129/2000/r129-2000-nl1-2010-01: {"error" => {"code" => "1113", "message" => "Insufficient balance or no resource package. Please recharge."}}
2026-10-06 22:14:25 +0800	R129/2000/r129-2000-nl1-2014-01	API error for R129/2000/r129-2000-nl1-2014-01: {"error" => {"code" => "1113", "message" => "Insufficient balance or no resource package. Please recharge."}}
2026-10-06 22:14:25 +0800	R129/2000/r129-2000-nl1-2014-02	API error for R129/2000/r129-2000-nl1-2014-02: {"error" => {"code" => "1113", "message" => "Insufficient balance or no resource package. Please recharge."}}
2026-10-06 22:14:25 +0800	R129/2000/r129-2000-nl1-2015-06	API error for R129/2000/r129-2000-nl1-2015-06: {"error" => {"code" => "1113", "message" => "Insufficient balance or no resource package. Please recharge."}}
2026-10-06 22:14:25 +0800	R129/2000/r129-2000-nl1-2016-01	API error for R129/2000/r129-2000-nl1-2016-01: {"error" => {"code" => "1113", "message" => "Insufficient balance or no resource package. Please recharge."}}
2026-10-06 22:14:25 +0800	R129/2000/r129-2000-nl1-2016-02	API error for R129/2000/r129-2000-nl1-2016-02: {"error" => {"code" => "1113", "message" => "Insufficient balance or no resource package. Please recharge."}}
2026-10-06 22:14:25 +0800	R129/2000/r129-2000-nl1-2016-03	API error for R129/2000/r129-2000-nl1-2016-03: {"error" => {"code" => "1113", "message" => "Insufficient balance or no resource package. Please recharge."}}
2026-10-06 22:14:25 +0800	R129/2000/r129-2000-nl1-2016-04	API error for R129/2000/r129-2000-nl1-2016-04: {"error" => {"code" => "1113", "message" => "Insufficient balance or no resource package. Please recharge."}}
2026-10-06 22:14:25 +0800	R129/2000/r129-2000-nl1-2016-05	API error for R129/2000/r129-2000-nl1-2016-05: {"error" => {"code" => "1113", "message" => "Insufficient balance or no resource package. Please recharge."}}
2026-10-06 22:14:25 +0800	R129/2000/r129-2000-nl1-2016-06	API error for R129/2000/r129-2000-nl1-2016-06: {"error" => {"code" => "1113", "message" => "Insufficient balance or no resource package. Please recharge."}}
2026-10-06 22:14:25 +0800	R129/2000/r129-2000-nl1-2016-07	API error for R129/2000/r129-2000-nl1-2016-07: {"error" => {"code" => "1113", "message" => "Insufficient balance or no resource package. Please recharge."}}
2026-10-06 22:14:25 +0800	R129/2000/r129-2000-nl1-2017-02	API error for R129/2000/r129-2000-nl1-2017-02: {"error" => {"code" => "1113", "message" => "Insufficient balance or no resource package. Please recharge."}}
2026-10-06 22:14:25 +0800	R129/2000/r129-2000-nl1-2017-03	API error for R129/2000/r129-2000-nl1-2017-03: {"error" => {"code" => "1113", "message" => "Insufficient balance or no resource package. Please recharge."}}
2026-10-06 22:14:25 +0800	R129/2000/r129-2000-nl1-2018-01	API error for R129/2000/r129-2000-nl1-2018-01: {"error" => {"code" => "1113", "message" => "Insufficient balance or no resource package. Please recharge."}}
2026-10-06 22:14:25 +0800	R129/2000/r129-2000-nl1-2018-02	API error for R129/2000/r129-2000-nl1-2018-02: {"error" => {"code" => "1113", "message" => "Insufficient balance or no resource package. Please recharge."}}
2026-10-06 22:14:25 +0800	R129/2000/r129-2000-nl1-2019-01	API error for R129/2000/r129-2000-nl1-2019-01: {"error" => {"code" => "1113", "message" => "Insufficient balance or no resource package. Please recharge."}}
2026-10-06 22:14:25 +0800	R129/2000/r129-2000-nl1-2019-02	API error for R129/2000/r129-2000-nl1-2019-02: {"error" => {"code" => "1113", "message" => "Insufficient balance or no resource package. Please recharge."}}
2026-10-06 22:14:25 +0800	R129/2000/r129-2000-nl1-2020-01-rev1	API error for R129/2000/r129-2000-nl1-2020-01-rev1: {"error" => {"code" => "1113", "message" => "Insufficient balance or no resource package. Please recharge."}}
2026-10-06 22:14:25 +0800	R129/2000/r129-2000-nl1-2020-01	API error for R129/2000/r129-2000-nl1-2020-01: {"error" => {"code" => "1113", "message" => "Insufficient balance or no resource package. Please recharge."}}
2026-10-06 22:14:25 +0800	R129/2000/r129-2000-nl1-2020-02	API error for R129/2000/r129-2000-nl1-2020-02: {"error" => {"code" => "1113", "message" => "Insufficient balance or no resource package. Please recharge."}}
2026-10-06 22:14:25 +0800	R129/2000/r129-2000-nl1-2020-03-rev1	API error for R129/2000/r129-2000-nl1-2020-03-rev1: {"error" => {"code" => "1113", "message" => "Insufficient balance or no resource package. Please recharge."}}
2026-10-06 22:14:25 +0800	R129/2000/r129-2000-nl1-2020-03-rev2	API error for R129/2000/r129-2000-nl1-2020-03-rev2: {"error" => {"code" => "1113", "message" => "Insufficient balance or no resource package. Please recharge."}}
2026-10-06 22:14:25 +0800	R129/2000/r129-2000-nl1-2020-03	API error for R129/2000/r129-2000-nl1-2020-03: {"error" => {"code" => "1113", "message" => "Insufficient balance or no resource package. Please recharge."}}
2026-10-06 22:14:25 +0800	R129/2000/r129-2000-nl1-2020-04-rev1	API error for R129/2000/r129-2000-nl1-2020-04-rev1: {"error" => {"code" => "1113", "message" => "Insufficient balance or no resource package. Please recharge."}}
2026-10-06 22:14:25 +0800	R129/2000/r129-2000-nl1-2020-04-rev2	API error for R129/2000/r129-2000-nl1-2020-04-rev2: {"error" => {"code" => "1113", "message" => "Insufficient balance or no resource package. Please recharge."}}
2026-10-06 22:14:25 +0800	R129/2000/r129-2000-nl1-2020-04-rev3	API error for R129/2000/r129-2000-nl1-2020-04-rev3: {"error" => {"code" => "1113", "message" => "Insufficient balance or no resource package. Please recharge."}}
2026-10-06 22:14:25 +0800	R129/2000/r129-2000-nl1-2020-04	API error for R129/2000/r129-2000-nl1-2020-04: {"error" => {"code" => "1113", "message" => "Insufficient balance or no resource package. Please recharge."}}
2026-10-06 22:14:25 +0800	R129/2000/r129-2000-nl1-2020-05-rev1	API error for R129/2000/r129-2000-nl1-2020-05-rev1: {"error" => {"code" => "1113", "message" => "Insufficient balance or no resource package. Please recharge."}}
2026-10-06 22:14:25 +0800	R129/2000/r129-2000-nl1-2020-05	API error for R129/2000/r129-2000-nl1-2020-05: {"error" => {"code" => "1113", "message" => "Insufficient balance or no resource package. Please recharge."}}
2026-10-06 22:14:25 +0800	R129/2000/r129-2000-nl1-2021-01	API error for R129/2000/r129-2000-nl1-2021-01: {"error" => {"code" => "1113", "message" => "Insufficient balance or no resource package. Please recharge."}}
2026-10-06 22:14:25 +0800	R129/2000/r129-2000-nl1-2021-02-rev1	API error for R129/2000/r129-2000-nl1-2021-02-rev1: {"error" => {"code" => "1113", "message" => "Insufficient balance or no resource package. Please recharge."}}
2026-10-06 22:14:25 +0800	R129/2000/r129-2000-nl1-2021-02	API error for R129/2000/r129-2000-nl1-2021-02: {"error" => {"code" => "1113", "message" => "Insufficient balance or no resource package. Please recharge."}}
2026-10-06 22:14:25 +0800	R129/2000/r129-2000-nl1-2021-03	API error for R129/2000/r129-2000-nl1-2021-03: {"error" => {"code" => "1113", "message" => "Insufficient balance or no resource package. Please recharge."}}
2026-10-06 22:14:25 +0800	R129/2000/r129-2000-nl1-2021-04	API error for R129/2000/r129-2000-nl1-2021-04: {"error" => {"code" => "1113", "message" => "Insufficient balance or no resource package. Please recharge."}}
2026-10-06 22:14:25 +0800	R129/2000/r129-2000-nl1-2021-05	API error for R129/2000/r129-2000-nl1-2021-05: {"error" => {"code" => "1113", "message" => "Insufficient balance or no resource package. Please recharge."}}
2026-10-06 22:14:25 +0800	R129/2000/r129-2000-nl1-2021-06	API error for R129/2000/r129-2000-nl1-2021-06: {"error" => {"code" => "1113", "message" => "Insufficient balance or no resource package. Please recharge."}}
2026-10-06 22:14:25 +0800	R129/2000/r129-2000-nl1-2022-01-rev0	API error for R129/2000/r129-2000-nl1-2022-01-rev0: {"error" => {"code" => "1113", "message" => "Insufficient balance or no resource package. Please recharge."}}
2026-10-06 22:14:25 +0800	R129/2000/r129-2000-nl1-2023-01-rev0	API error for R129/2000/r129-2000-nl1-2023-01-rev0: {"error" => {"code" => "1113", "message" => "Insufficient balance or no resource package. Please recharge."}}
2026-10-06 22:14:25 +0800	R129/2000/r129-2000-nl1-2023-02-rev0	API error for R129/2000/r129-2000-nl1-2023-02-rev0: {"error" => {"code" => "1113", "message" => "Insufficient balance or no resource package. Please recharge."}}
2026-10-06 22:14:25 +0800	R129/2000/r129-2000-nl1-2023-02-rev1	API error for R129/2000/r129-2000-nl1-2023-02-rev1: {"error" => {"code" => "1113", "message" => "Insufficient balance or no resource package. Please recharge."}}
2026-10-06 22:14:25 +0800	R129/2000/r129-2000-nl1-2023-03-rev0	API error for R129/2000/r129-2000-nl1-2023-03-rev0: {"error" => {"code" => "1113", "message" => "Insufficient balance or no resource package. Please recharge."}}
2026-10-06 22:14:25 +0800	R129/2000/r129-2000-nl1-2023-04-rev0	API error for R129/2000/r129-2000-nl1-2023-04-rev0: {"error" => {"code" => "1113", "message" => "Insufficient balance or no resource package. Please recharge."}}
2026-10-06 22:14:25 +0800	R129/2000/r129-2000-nl1-2024-01-rev0	API error for R129/2000/r129-2000-nl1-2024-01-rev0: {"error" => {"code" => "1113", "message" => "Insufficient balance or no resource package. Please recharge."}}
2026-10-06 22:14:25 +0800	R129/2000/r129-2000-nl1-2024-01-rev1	API error for R129/2000/r129-2000-nl1-2024-01-rev1: {"error" => {"code" => "1113", "message" => "Insufficient balance or no resource package. Please recharge."}}
2026-10-06 22:14:25 +0800	R129/2000/r129-2000-nl1-2024-02-rev1	API error for R129/2000/r129-2000-nl1-2024-02-rev1: {"error" => {"code" => "1113", "message" => "Insufficient balance or no resource package. Please recharge."}}
2026-10-06 22:14:25 +0800	R129/2000/r129-2000-nl1-2024-04-rev0	API error for R129/2000/r129-2000-nl1-2024-04-rev0: {"error" => {"code" => "1113", "message" => "Insufficient balance or no resource package. Please recharge."}}
2026-10-06 22:14:25 +0800	R129/2000/r129-2000-nl1-2024-04-rev1	API error for R129/2000/r129-2000-nl1-2024-04-rev1: {"error" => {"code" => "1113", "message" => "Insufficient balance or no resource package. Please recharge."}}
2026-10-06 22:14:25 +0800	R129/2000/r129-2000-no1-2006-02	API error for R129/2000/r129-2000-no1-2006-02: {"error" => {"code" => "1113", "message" => "Insufficient balance or no resource package. Please recharge."}}
2026-10-06 22:14:25 +0800	R129/2000/r129-2000-no1-2006-03	API error for R129/2000/r129-2000-no1-2006-03: {"error" => {"code" => "1113", "message" => "Insufficient balance or no resource package. Please recharge."}}
2026-10-06 22:14:25 +0800	R129/2000/r129-2000-no1-2007-01	API error for R129/2000/r129-2000-no1-2007-01: {"error" => {"code" => "1113", "message" => "Insufficient balance or no resource package. Please recharge."}}
2026-10-06 22:14:25 +0800	R129/2000/r129-2000-no1-2007-02	API error for R129/2000/r129-2000-no1-2007-02: {"error" => {"code" => "1113", "message" => "Insufficient balance or no resource package. Please recharge."}}
2026-10-06 22:14:25 +0800	R129/2000/r129-2000-no1-2007-03	API error for R129/2000/r129-2000-no1-2007-03: {"error" => {"code" => "1113", "message" => "Insufficient balance or no resource package. Please recharge."}}
2026-10-06 22:14:25 +0800	R134/2003/r134-2003-dk1-2009-01	API error for R134/2003/r134-2003-dk1-2009-01: {"error" => {"code" => "1113", "message" => "Insufficient balance or no resource package. Please recharge."}}
2026-10-06 22:14:25 +0800	R134/2003/r134-2003-dk3-2011-01	API error for R134/2003/r134-2003-dk3-2011-01: {"error" => {"code" => "1113", "message" => "Insufficient balance or no resource package. Please recharge."}}
2026-10-06 22:14:25 +0800	R134/2003/r134-2003-nl1-2008-01-rev1	API error for R134/2003/r134-2003-nl1-2008-01-rev1: {"error" => {"code" => "1113", "message" => "Insufficient balance or no resource package. Please recharge."}}
2026-10-06 22:14:25 +0800	R134/2003/r134-2003-nl1-2008-01	API error for R134/2003/r134-2003-nl1-2008-01: {"error" => {"code" => "1113", "message" => "Insufficient balance or no resource package. Please recharge."}}
2026-10-06 22:14:25 +0800	R137/2012/r137-2012-cn2-2018-02	API error for R137/2012/r137-2012-cn2-2018-02: {"error" => {"code" => "1113", "message" => "Insufficient balance or no resource package. Please recharge."}}
2026-10-06 22:14:25 +0800	R137/2012/r137-2012-cz1-2022-01-rev1	API error for R137/2012/r137-2012-cz1-2022-01-rev1: {"error" => {"code" => "1113", "message" => "Insufficient balance or no resource package. Please recharge."}}
2026-10-06 22:14:25 +0800	R137/2012/r137-2012-cz1-2023-02	API error for R137/2012/r137-2012-cz1-2023-02: {"error" => {"code" => "1113", "message" => "Insufficient balance or no resource package. Please recharge."}}
2026-10-06 22:14:25 +0800	R137/2012/r137-2012-cz1-2023-03	API error for R137/2012/r137-2012-cz1-2023-03: {"error" => {"code" => "1113", "message" => "Insufficient balance or no resource package. Please recharge."}}
2026-10-06 22:14:25 +0800	R137/2012/r137-2012-cz1-2024-02	API error for R137/2012/r137-2012-cz1-2024-02: {"error" => {"code" => "1113", "message" => "Insufficient balance or no resource package. Please recharge."}}
2026-10-06 22:14:25 +0800	R137/2012/r137-2012-cz1-2024-03	API error for R137/2012/r137-2012-cz1-2024-03: {"error" => {"code" => "1113", "message" => "Insufficient balance or no resource package. Please recharge."}}
2026-10-06 22:14:25 +0800	R137/2012/r137-2012-cz1-2024-04	API error for R137/2012/r137-2012-cz1-2024-04: {"error" => {"code" => "1113", "message" => "Insufficient balance or no resource package. Please recharge."}}
2026-10-06 22:14:25 +0800	R137/2012/r137-2012-it2-2024-01-rev02	API error for R137/2012/r137-2012-it2-2024-01-rev02: {"error" => {"code" => "1113", "message" => "Insufficient balance or no resource package. Please recharge."}}
2026-10-06 22:14:25 +0800	R137/2012/r137-2012-it2-2024-01-rev1	API error for R137/2012/r137-2012-it2-2024-01-rev1: {"error" => {"code" => "1113", "message" => "Insufficient balance or no resource package. Please recharge."}}
2026-10-06 22:14:25 +0800	R137/2012/r137-2012-it2-2025-01-rev1	API error for R137/2012/r137-2012-it2-2025-01-rev1: {"error" => {"code" => "1113", "message" => "Insufficient balance or no resource package. Please recharge."}}
2026-10-06 22:14:25 +0800	R137/2012/r137-2012-it2-2025-02	API error for R137/2012/r137-2012-it2-2025-02: {"error" => {"code" => "1113", "message" => "Insufficient balance or no resource package. Please recharge."}}
2026-10-06 22:14:25 +0800	R137/2012/r137-2012-it2-2025-03	API error for R137/2012/r137-2012-it2-2025-03: {"error" => {"code" => "1113", "message" => "Insufficient balance or no resource package. Please recharge."}}
2026-10-06 22:14:25 +0800	R137/2012/r137-2012-nl1-2014-03-rev1	API error for R137/2012/r137-2012-nl1-2014-03-rev1: {"error" => {"code" => "1113", "message" => "Insufficient balance or no resource package. Please recharge."}}
2026-10-06 22:14:25 +0800	R137/2012/r137-2012-nl1-2015-01	API error for R137/2012/r137-2012-nl1-2015-01: {"error" => {"code" => "1113", "message" => "Insufficient balance or no resource package. Please recharge."}}
2026-10-06 22:14:25 +0800	R137/2012/r137-2012-nl1-2015-03	API error for R137/2012/r137-2012-nl1-2015-03: {"error" => {"code" => "1113", "message" => "Insufficient balance or no resource package. Please recharge."}}
2026-10-06 22:14:25 +0800	R137/2012/r137-2012-nl1-2015-04	API error for R137/2012/r137-2012-nl1-2015-04: {"error" => {"code" => "1113", "message" => "Insufficient balance or no resource package. Please recharge."}}
2026-10-06 22:14:25 +0800	R137/2012/r137-2012-nl1-2015-05	API error for R137/2012/r137-2012-nl1-2015-05: {"error" => {"code" => "1113", "message" => "Insufficient balance or no resource package. Please recharge."}}
2026-10-06 22:14:25 +0800	R137/2012/r137-2012-nl1-2015-06	API error for R137/2012/r137-2012-nl1-2015-06: {"error" => {"code" => "1113", "message" => "Insufficient balance or no resource package. Please recharge."}}
2026-10-06 22:14:25 +0800	R137/2012/r137-2012-nl1-2015-08	API error for R137/2012/r137-2012-nl1-2015-08: {"error" => {"code" => "1113", "message" => "Insufficient balance or no resource package. Please recharge."}}
2026-10-06 22:14:25 +0800	R137/2012/r137-2012-nl1-2015-09-rev3	API error for R137/2012/r137-2012-nl1-2015-09-rev3: {"error" => {"code" => "1113", "message" => "Insufficient balance or no resource package. Please recharge."}}
2026-10-06 22:14:25 +0800	R137/2012/r137-2012-nl1-2015-10	API error for R137/2012/r137-2012-nl1-2015-10: {"error" => {"code" => "1113", "message" => "Insufficient balance or no resource package. Please recharge."}}
2026-10-06 22:14:25 +0800	R137/2012/r137-2012-nl1-2016-01-rev1	API error for R137/2012/r137-2012-nl1-2016-01-rev1: {"error" => {"code" => "1113", "message" => "Insufficient balance or no resource package. Please recharge."}}
2026-10-06 22:14:25 +0800	R137/2012/r137-2012-nl1-2016-06	API error for R137/2012/r137-2012-nl1-2016-06: {"error" => {"code" => "1113", "message" => "Insufficient balance or no resource package. Please recharge."}}
2026-10-06 22:14:25 +0800	R137/2012/r137-2012-nl1-2016-07	API error for R137/2012/r137-2012-nl1-2016-07: {"error" => {"code" => "1113", "message" => "Insufficient balance or no resource package. Please recharge."}}
2026-10-06 22:14:25 +0800	R137/2012/r137-2012-nl1-2016-09-rev2	API error for R137/2012/r137-2012-nl1-2016-09-rev2: {"error" => {"code" => "1113", "message" => "Insufficient balance or no resource package. Please recharge."}}
2026-10-06 22:14:25 +0800	R137/2012/r137-2012-nl1-2016-09	API error for R137/2012/r137-2012-nl1-2016-09: {"error" => {"code" => "1113", "message" => "Insufficient balance or no resource package. Please recharge."}}
2026-10-06 22:14:25 +0800	R137/2012/r137-2012-nl1-2016-10	API error for R137/2012/r137-2012-nl1-2016-10: {"error" => {"code" => "1113", "message" => "Insufficient balance or no resource package. Please recharge."}}
2026-10-06 22:14:25 +0800	R137/2012/r137-2012-nl1-2016-13	API error for R137/2012/r137-2012-nl1-2016-13: {"error" => {"code" => "1113", "message" => "Insufficient balance or no resource package. Please recharge."}}
2026-10-06 22:14:25 +0800	R137/2012/r137-2012-nl1-2016-14	API error for R137/2012/r137-2012-nl1-2016-14: {"error" => {"code" => "1113", "message" => "Insufficient balance or no resource package. Please recharge."}}
2026-10-06 22:14:25 +0800	R137/2012/r137-2012-nl1-2016-15-annex1	API error for R137/2012/r137-2012-nl1-2016-15-annex1: {"error" => {"code" => "1113", "message" => "Insufficient balance or no resource package. Please recharge."}}
2026-10-06 22:14:25 +0800	R137/2012/r137-2012-nl1-2016-18	API error for R137/2012/r137-2012-nl1-2016-18: {"error" => {"code" => "1113", "message" => "Insufficient balance or no resource package. Please recharge."}}
2026-10-06 22:14:25 +0800	R137/2012/r137-2012-nl1-2017-01	API error for R137/2012/r137-2012-nl1-2017-01: {"error" => {"code" => "1113", "message" => "Insufficient balance or no resource package. Please recharge."}}
2026-10-06 22:14:25 +0800	R137/2012/r137-2012-nl1-2017-04	API error for R137/2012/r137-2012-nl1-2017-04: {"error" => {"code" => "1113", "message" => "Insufficient balance or no resource package. Please recharge."}}
2026-10-06 22:14:25 +0800	R137/2012/r137-2012-nl1-2017-05	API error for R137/2012/r137-2012-nl1-2017-05: {"error" => {"code" => "1113", "message" => "Insufficient balance or no resource package. Please recharge."}}
2026-10-06 22:14:25 +0800	R137/2012/r137-2012-nl1-2017-06	API error for R137/2012/r137-2012-nl1-2017-06: {"error" => {"code" => "1113", "message" => "Insufficient balance or no resource package. Please recharge."}}
2026-10-06 22:14:25 +0800	R137/2012/r137-2012-nl1-2017-08-rev1	API error for R137/2012/r137-2012-nl1-2017-08-rev1: {"error" => {"code" => "1113", "message" => "Insufficient balance or no resource package. Please recharge."}}
2026-10-06 22:14:25 +0800	R137/2012/r137-2012-nl1-2017-08-rev2	API error for R137/2012/r137-2012-nl1-2017-08-rev2: {"error" => {"code" => "1113", "message" => "Insufficient balance or no resource package. Please recharge."}}
2026-10-06 22:14:25 +0800	R137/2012/r137-2012-nl1-2017-08	API error for R137/2012/r137-2012-nl1-2017-08: {"error" => {"code" => "1113", "message" => "Insufficient balance or no resource package. Please recharge."}}
2026-10-06 22:14:25 +0800	R137/2012/r137-2012-nl1-2018-02-rev1	API error for R137/2012/r137-2012-nl1-2018-02-rev1: {"error" => {"code" => "1113", "message" => "Insufficient balance or no resource package. Please recharge."}}
2026-10-06 22:14:25 +0800	R137/2012/r137-2012-nl1-2018-02	API error for R137/2012/r137-2012-nl1-2018-02: {"error" => {"code" => "1113", "message" => "Insufficient balance or no resource package. Please recharge."}}
2026-10-06 22:14:25 +0800	R137/2012/r137-2012-nl1-2018-04	API error for R137/2012/r137-2012-nl1-2018-04: {"error" => {"code" => "1113", "message" => "Insufficient balance or no resource package. Please recharge."}}
2026-10-06 22:14:25 +0800	R137/2012/r137-2012-nl1-2018-05	API error for R137/2012/r137-2012-nl1-2018-05: {"error" => {"code" => "1113", "message" => "Insufficient balance or no resource package. Please recharge."}}
2026-10-06 22:14:25 +0800	R137/2012/r137-2012-nl1-2018-06	API error for R137/2012/r137-2012-nl1-2018-06: {"error" => {"code" => "1113", "message" => "Insufficient balance or no resource package. Please recharge."}}
2026-10-06 22:14:25 +0800	R137/2012/r137-2012-nl1-2018-08	API error for R137/2012/r137-2012-nl1-2018-08: {"error" => {"code" => "1113", "message" => "Insufficient balance or no resource package. Please recharge."}}
2026-10-06 22:14:25 +0800	R137/2012/r137-2012-nl1-2018-09-rev1	API error for R137/2012/r137-2012-nl1-2018-09-rev1: {"error" => {"code" => "1113", "message" => "Insufficient balance or no resource package. Please recharge."}}
2026-10-06 22:14:25 +0800	R137/2012/r137-2012-nl1-2018-12	API error for R137/2012/r137-2012-nl1-2018-12: {"error" => {"code" => "1113", "message" => "Insufficient balance or no resource package. Please recharge."}}
2026-10-06 22:14:25 +0800	R137/2012/r137-2012-nl1-2018-14	API error for R137/2012/r137-2012-nl1-2018-14: {"error" => {"code" => "1113", "message" => "Insufficient balance or no resource package. Please recharge."}}
2026-10-06 22:14:25 +0800	R137/2012/r137-2012-nl1-2018-15	API error for R137/2012/r137-2012-nl1-2018-15: {"error" => {"code" => "1113", "message" => "Insufficient balance or no resource package. Please recharge."}}
2026-10-06 22:14:25 +0800	R137/2012/r137-2012-nl1-2018-17	API error for R137/2012/r137-2012-nl1-2018-17: {"error" => {"code" => "1113", "message" => "Insufficient balance or no resource package. Please recharge."}}
2026-10-06 22:14:25 +0800	R137/2012/r137-2012-nl1-2019-01	API error for R137/2012/r137-2012-nl1-2019-01: {"error" => {"code" => "1113", "message" => "Insufficient balance or no resource package. Please recharge."}}
2026-10-06 22:14:25 +0800	R137/2012/r137-2012-nl1-2019-02	API error for R137/2012/r137-2012-nl1-2019-02: {"error" => {"code" => "1113", "message" => "Insufficient balance or no resource package. Please recharge."}}
2026-10-06 22:14:25 +0800	R137/2012/r137-2012-nl1-2019-04	API error for R137/2012/r137-2012-nl1-2019-04: {"error" => {"code" => "1113", "message" => "Insufficient balance or no resource package. Please recharge."}}
2026-10-06 22:14:25 +0800	R137/2012/r137-2012-nl1-2019-06	API error for R137/2012/r137-2012-nl1-2019-06: {"error" => {"code" => "1113", "message" => "Insufficient balance or no resource package. Please recharge."}}
2026-10-06 22:14:25 +0800	R137/2012/r137-2012-nl1-2019-08	API error for R137/2012/r137-2012-nl1-2019-08: {"error" => {"code" => "1113", "message" => "Insufficient balance or no resource package. Please recharge."}}
2026-10-06 22:14:25 +0800	R137/2012/r137-2012-nl1-2019-09	API error for R137/2012/r137-2012-nl1-2019-09: {"error" => {"code" => "1113", "message" => "Insufficient balance or no resource package. Please recharge."}}
2026-10-06 22:14:25 +0800	R137/2012/r137-2012-nl1-2019-12	API error for R137/2012/r137-2012-nl1-2019-12: {"error" => {"code" => "1113", "message" => "Insufficient balance or no resource package. Please recharge."}}
2026-10-06 22:14:25 +0800	R137/2012/r137-2012-nl1-2019-14-rev1	API error for R137/2012/r137-2012-nl1-2019-14-rev1: {"error" => {"code" => "1113", "message" => "Insufficient balance or no resource package. Please recharge."}}
2026-10-06 22:14:25 +0800	R137/2012/r137-2012-nl1-2019-14	API error for R137/2012/r137-2012-nl1-2019-14: {"error" => {"code" => "1113", "message" => "Insufficient balance or no resource package. Please recharge."}}
2026-10-06 22:14:25 +0800	R137/2012/r137-2012-nl1-2020-01	API error for R137/2012/r137-2012-nl1-2020-01: {"error" => {"code" => "1113", "message" => "Insufficient balance or no resource package. Please recharge."}}
2026-10-06 22:14:25 +0800	R137/2012/r137-2012-nl1-2020-03	API error for R137/2012/r137-2012-nl1-2020-03: {"error" => {"code" => "1113", "message" => "Insufficient balance or no resource package. Please recharge."}}
2026-10-06 22:14:25 +0800	R137/2012/r137-2012-nl1-2020-04-rev2	API error for R137/2012/r137-2012-nl1-2020-04-rev2: {"error" => {"code" => "1113", "message" => "Insufficient balance or no resource package. Please recharge."}}
2026-10-06 22:14:25 +0800	R137/2012/r137-2012-nl1-2020-04-rev3	API error for R137/2012/r137-2012-nl1-2020-04-rev3: {"error" => {"code" => "1113", "message" => "Insufficient balance or no resource package. Please recharge."}}
2026-10-06 22:14:25 +0800	R137/2012/r137-2012-nl1-2020-04-rev4	API error for R137/2012/r137-2012-nl1-2020-04-rev4: {"error" => {"code" => "1113", "message" => "Insufficient balance or no resource package. Please recharge."}}
2026-10-06 22:14:25 +0800	R137/2012/r137-2012-nl1-2020-04-rev5	API error for R137/2012/r137-2012-nl1-2020-04-rev5: {"error" => {"code" => "1113", "message" => "Insufficient balance or no resource package. Please recharge."}}
2026-10-06 22:14:25 +0800	R137/2012/r137-2012-nl1-2020-04-rev6	API error for R137/2012/r137-2012-nl1-2020-04-rev6: {"error" => {"code" => "1113", "message" => "Insufficient balance or no resource package. Please recharge."}}
2026-10-06 22:14:25 +0800	R137/2012/r137-2012-nl1-2020-04-rev7	API error for R137/2012/r137-2012-nl1-2020-04-rev7: {"error" => {"code" => "1113", "message" => "Insufficient balance or no resource package. Please recharge."}}
2026-10-06 22:14:25 +0800	R137/2012/r137-2012-nl1-2020-04-rev9	API error for R137/2012/r137-2012-nl1-2020-04-rev9: {"error" => {"code" => "1113", "message" => "Insufficient balance or no resource package. Please recharge."}}
2026-10-06 22:14:25 +0800	R137/2012/r137-2012-nl1-2020-04	API error for R137/2012/r137-2012-nl1-2020-04: {"error" => {"code" => "1113", "message" => "Insufficient balance or no resource package. Please recharge."}}
2026-10-06 22:14:25 +0800	R137/2012/r137-2012-nl1-2020-05	API error for R137/2012/r137-2012-nl1-2020-05: {"error" => {"code" => "1113", "message" => "Insufficient balance or no resource package. Please recharge."}}
2026-10-06 22:14:25 +0800	R137/2012/r137-2012-nl1-2020-07-rev3	API error for R137/2012/r137-2012-nl1-2020-07-rev3: {"error" => {"code" => "1113", "message" => "Insufficient balance or no resource package. Please recharge."}}
2026-10-06 22:14:25 +0800	R137/2012/r137-2012-nl1-2020-07-rev4	API error for R137/2012/r137-2012-nl1-2020-07-rev4: {"error" => {"code" => "1113", "message" => "Insufficient balance or no resource package. Please recharge."}}
2026-10-06 22:14:25 +0800	R137/2012/r137-2012-nl1-2020-07-rev6	API error for R137/2012/r137-2012-nl1-2020-07-rev6: {"error" => {"code" => "1113", "message" => "Insufficient balance or no resource package. Please recharge."}}
2026-10-06 22:14:25 +0800	R137/2012/r137-2012-nl1-2020-07	API error for R137/2012/r137-2012-nl1-2020-07: {"error" => {"code" => "1113", "message" => "Insufficient balance or no resource package. Please recharge."}}
2026-10-06 22:14:25 +0800	R137/2012/r137-2012-nl1-2020-09-rev1	API error for R137/2012/r137-2012-nl1-2020-09-rev1: {"error" => {"code" => "1113", "message" => "Insufficient balance or no resource package. Please recharge."}}
2026-10-06 22:14:25 +0800	R137/2012/r137-2012-nl1-2020-09	API error for R137/2012/r137-2012-nl1-2020-09: {"error" => {"code" => "1113", "message" => "Insufficient balance or no resource package. Please recharge."}}
2026-10-06 22:14:25 +0800	R137/2012/r137-2012-nl1-2020-10-rev11	API error for R137/2012/r137-2012-nl1-2020-10-rev11: {"error" => {"code" => "1113", "message" => "Insufficient balance or no resource package. Please recharge."}}
2026-10-06 22:14:25 +0800	R137/2012/r137-2012-nl1-2020-10-rev12	API error for R137/2012/r137-2012-nl1-2020-10-rev12: {"error" => {"code" => "1113", "message" => "Insufficient balance or no resource package. Please recharge."}}
2026-10-06 22:14:25 +0800	R137/2012/r137-2012-nl1-2020-10-rev13	API error for R137/2012/r137-2012-nl1-2020-10-rev13: {"error" => {"code" => "1113", "message" => "Insufficient balance or no resource package. Please recharge."}}
2026-10-06 22:14:25 +0800	R137/2012/r137-2012-nl1-2020-10-rev14	API error for R137/2012/r137-2012-nl1-2020-10-rev14: {"error" => {"code" => "1113", "message" => "Insufficient balance or no resource package. Please recharge."}}
2026-10-06 22:14:25 +0800	R137/2012/r137-2012-nl1-2020-10-rev5	API error for R137/2012/r137-2012-nl1-2020-10-rev5: {"error" => {"code" => "1113", "message" => "Insufficient balance or no resource package. Please recharge."}}
2026-10-06 22:14:25 +0800	R137/2012/r137-2012-nl1-2020-10-rev7	API error for R137/2012/r137-2012-nl1-2020-10-rev7: {"error" => {"code" => "1113", "message" => "Insufficient balance or no resource package. Please recharge."}}
2026-10-06 22:14:25 +0800	R137/2012/r137-2012-nl1-2020-10-rev8	API error for R137/2012/r137-2012-nl1-2020-10-rev8: {"error" => {"code" => "1113", "message" => "Insufficient balance or no resource package. Please recharge."}}
2026-10-06 22:14:25 +0800	R137/2012/r137-2012-nl1-2020-10-rev9	API error for R137/2012/r137-2012-nl1-2020-10-rev9: {"error" => {"code" => "1113", "message" => "Insufficient balance or no resource package. Please recharge."}}
2026-10-06 22:14:25 +0800	R137/2012/r137-2012-nl1-2020-10	API error for R137/2012/r137-2012-nl1-2020-10: {"error" => {"code" => "1113", "message" => "Insufficient balance or no resource package. Please recharge."}}
2026-10-06 22:14:25 +0800	R137/2012/r137-2012-nl1-2020-11-rev1	API error for R137/2012/r137-2012-nl1-2020-11-rev1: {"error" => {"code" => "1113", "message" => "Insufficient balance or no resource package. Please recharge."}}
2026-10-06 22:14:25 +0800	R137/2012/r137-2012-nl1-2020-11-rev10	API error for R137/2012/r137-2012-nl1-2020-11-rev10: {"error" => {"code" => "1113", "message" => "Insufficient balance or no resource package. Please recharge."}}
2026-10-06 22:14:25 +0800	R137/2012/r137-2012-nl1-2020-11-rev5	API error for R137/2012/r137-2012-nl1-2020-11-rev5: {"error" => {"code" => "1113", "message" => "Insufficient balance or no resource package. Please recharge."}}
2026-10-06 22:14:25 +0800	R137/2012/r137-2012-nl1-2020-12-rev1	API error for R137/2012/r137-2012-nl1-2020-12-rev1: {"error" => {"code" => "1113", "message" => "Insufficient balance or no resource package. Please recharge."}}
2026-10-06 22:14:25 +0800	R137/2012/r137-2012-nl1-2020-12-rev2	API error for R137/2012/r137-2012-nl1-2020-12-rev2: {"error" => {"code" => "1113", "message" => "Insufficient balance or no resource package. Please recharge."}}
2026-10-06 22:14:25 +0800	R137/2012/r137-2012-nl1-2020-12-rev3	API error for R137/2012/r137-2012-nl1-2020-12-rev3: {"error" => {"code" => "1113", "message" => "Insufficient balance or no resource package. Please recharge."}}
2026-10-06 22:14:25 +0800	R137/2012/r137-2012-nl1-2020-12	API error for R137/2012/r137-2012-nl1-2020-12: {"error" => {"code" => "1113", "message" => "Insufficient balance or no resource package. Please recharge."}}
2026-10-06 22:14:25 +0800	R137/2012/r137-2012-nl1-2020-13-rev2	API error for R137/2012/r137-2012-nl1-2020-13-rev2: {"error" => {"code" => "1113", "message" => "Insufficient balance or no resource package. Please recharge."}}
2026-10-06 22:14:25 +0800	R137/2012/r137-2012-nl1-2020-14-rev2	API error for R137/2012/r137-2012-nl1-2020-14-rev2: {"error" => {"code" => "1113", "message" => "Insufficient balance or no resource package. Please recharge."}}
2026-10-06 22:14:25 +0800	R137/2012/r137-2012-nl1-2020-14-rev3	API error for R137/2012/r137-2012-nl1-2020-14-rev3: {"error" => {"code" => "1113", "message" => "Insufficient balance or no resource package. Please recharge."}}
2026-10-06 22:14:25 +0800	R137/2012/r137-2012-nl1-2020-14-rev4	API error for R137/2012/r137-2012-nl1-2020-14-rev4: {"error" => {"code" => "1113", "message" => "Insufficient balance or no resource package. Please recharge."}}
2026-10-06 22:14:25 +0800	R137/2012/r137-2012-nl1-2020-14-rev7	API error for R137/2012/r137-2012-nl1-2020-14-rev7: {"error" => {"code" => "1113", "message" => "Insufficient balance or no resource package. Please recharge."}}
2026-10-06 22:14:25 +0800	R137/2012/r137-2012-nl1-2020-14-rev8	API error for R137/2012/r137-2012-nl1-2020-14-rev8: {"error" => {"code" => "1113", "message" => "Insufficient balance or no resource package. Please recharge."}}
2026-10-06 22:14:25 +0800	R137/2012/r137-2012-nl1-2020-14	API error for R137/2012/r137-2012-nl1-2020-14: {"error" => {"code" => "1113", "message" => "Insufficient balance or no resource package. Please recharge."}}
2026-10-06 22:14:25 +0800	R137/2012/r137-2012-nl1-2020-15-rev1	API error for R137/2012/r137-2012-nl1-2020-15-rev1: {"error" => {"code" => "1113", "message" => "Insufficient balance or no resource package. Please recharge."}}
2026-10-06 22:14:25 +0800	R137/2012/r137-2012-nl1-2020-15-rev3	API error for R137/2012/r137-2012-nl1-2020-15-rev3: {"error" => {"code" => "1113", "message" => "Insufficient balance or no resource package. Please recharge."}}
2026-10-06 22:14:25 +0800	R137/2012/r137-2012-nl1-2020-16-rev3	API error for R137/2012/r137-2012-nl1-2020-16-rev3: {"error" => {"code" => "1113", "message" => "Insufficient balance or no resource package. Please recharge."}}
2026-10-06 22:14:25 +0800	R137/2012/r137-2012-nl1-2020-16	API error for R137/2012/r137-2012-nl1-2020-16: {"error" => {"code" => "1113", "message" => "Insufficient balance or no resource package. Please recharge."}}
2026-10-06 22:14:25 +0800	R137/2012/r137-2012-nl1-2021-01	API error for R137/2012/r137-2012-nl1-2021-01: {"error" => {"code" => "1113", "message" => "Insufficient balance or no resource package. Please recharge."}}
2026-10-06 22:14:25 +0800	R137/2012/r137-2012-nl1-2021-02	API error for R137/2012/r137-2012-nl1-2021-02: {"error" => {"code" => "1113", "message" => "Insufficient balance or no resource package. Please recharge."}}
2026-10-06 22:14:25 +0800	R137/2012/r137-2012-nl1-2021-04	API error for R137/2012/r137-2012-nl1-2021-04: {"error" => {"code" => "1113", "message" => "Insufficient balance or no resource package. Please recharge."}}
2026-10-06 22:14:25 +0800	R137/2012/r137-2012-nl1-2021-06-rev1	API error for R137/2012/r137-2012-nl1-2021-06-rev1: {"error" => {"code" => "1113", "message" => "Insufficient balance or no resource package. Please recharge."}}
2026-10-06 22:14:25 +0800	R137/2012/r137-2012-nl1-2021-06	API error for R137/2012/r137-2012-nl1-2021-06: {"error" => {"code" => "1113", "message" => "Insufficient balance or no resource package. Please recharge."}}
2026-10-06 22:14:25 +0800	R137/2012/r137-2012-nl1-2022-01	API error for R137/2012/r137-2012-nl1-2022-01: {"error" => {"code" => "1113", "message" => "Insufficient balance or no resource package. Please recharge."}}
2026-10-06 22:14:25 +0800	R137/2012/r137-2012-nl1-2022-02	API error for R137/2012/r137-2012-nl1-2022-02: {"error" => {"code" => "1113", "message" => "Insufficient balance or no resource package. Please recharge."}}
2026-10-06 22:14:25 +0800	R137/2012/r137-2012-nl1-2022-03-rev0	API error for R137/2012/r137-2012-nl1-2022-03-rev0: {"error" => {"code" => "1113", "message" => "Insufficient balance or no resource package. Please recharge."}}
2026-10-06 22:14:25 +0800	R137/2012/r137-2012-nl1-2022-03-rev2	API error for R137/2012/r137-2012-nl1-2022-03-rev2: {"error" => {"code" => "1113", "message" => "Insufficient balance or no resource package. Please recharge."}}
2026-10-06 22:14:25 +0800	R137/2012/r137-2012-nl1-2022-04-rev0	API error for R137/2012/r137-2012-nl1-2022-04-rev0: {"error" => {"code" => "1113", "message" => "Insufficient balance or no resource package. Please recharge."}}
2026-10-06 22:14:25 +0800	R137/2012/r137-2012-nl1-2023-01-rev0	API error for R137/2012/r137-2012-nl1-2023-01-rev0: {"error" => {"code" => "1113", "message" => "Insufficient balance or no resource package. Please recharge."}}
2026-10-06 22:14:25 +0800	R137/2012/r137-2012-nl1-2023-01-rev1	API error for R137/2012/r137-2012-nl1-2023-01-rev1: {"error" => {"code" => "1113", "message" => "Insufficient balance or no resource package. Please recharge."}}
2026-10-06 22:14:25 +0800	R137/2012/r137-2012-nl1-2023-01-rev2	API error for R137/2012/r137-2012-nl1-2023-01-rev2: {"error" => {"code" => "1113", "message" => "Insufficient balance or no resource package. Please recharge."}}
2026-10-06 22:14:25 +0800	R137/2012/r137-2012-nl1-2023-02-rev1	API error for R137/2012/r137-2012-nl1-2023-02-rev1: {"error" => {"code" => "1113", "message" => "Insufficient balance or no resource package. Please recharge."}}
2026-10-06 22:14:25 +0800	R137/2012/r137-2012-nl1-2023-04-rev0	API error for R137/2012/r137-2012-nl1-2023-04-rev0: {"error" => {"code" => "1113", "message" => "Insufficient balance or no resource package. Please recharge."}}
2026-10-06 22:14:25 +0800	R137/2012/r137-2012-nl1-2023-04-rev3	API error for R137/2012/r137-2012-nl1-2023-04-rev3: {"error" => {"code" => "1113", "message" => "Insufficient balance or no resource package. Please recharge."}}
2026-10-06 22:14:25 +0800	R137/2012/r137-2012-nl1-2023-05-rev0	API error for R137/2012/r137-2012-nl1-2023-05-rev0: {"error" => {"code" => "1113", "message" => "Insufficient balance or no resource package. Please recharge."}}
2026-10-06 22:14:25 +0800	R117/2007/r117-2007-nl1-2022-02-rev0	API error for R117/2007/r117-2007-nl1-2022-02-rev0: {"error" => {"code" => "1113", "message" => "Insufficient balance or no resource package. Please recharge."}}
2026-10-06 22:14:25 +0800	R137/2012/r137-2012-nl1-2023-06-rev0	API error for R137/2012/r137-2012-nl1-2023-06-rev0: {"error" => {"code" => "1113", "message" => "Insufficient balance or no resource package. Please recharge."}}
2026-10-06 22:14:25 +0800	R137/2012/r137-2012-nl1-2024-01-rev0	API error for R137/2012/r137-2012-nl1-2024-01-rev0: {"error" => {"code" => "1113", "message" => "Insufficient balance or no resource package. Please recharge."}}
2026-10-06 22:14:25 +0800	R137/2012/r137-2012-nl1-2024-04-rev0	API error for R137/2012/r137-2012-nl1-2024-04-rev0: {"error" => {"code" => "1113", "message" => "Insufficient balance or no resource package. Please recharge."}}
2026-10-06 22:14:25 +0800	R137/2012/r137-2012-nl1-2024-07-rev0	API error for R137/2012/r137-2012-nl1-2024-07-rev0: {"error" => {"code" => "1113", "message" => "Insufficient balance or no resource package. Please recharge."}}
2026-10-06 22:14:25 +0800	R137/2012/r137-2012-nl1-2024-08-rev0	API error for R137/2012/r137-2012-nl1-2024-08-rev0: {"error" => {"code" => "1113", "message" => "Insufficient balance or no resource package. Please recharge."}}
2026-10-06 22:14:25 +0800	R137/2012/r137-2012-nl1-2024-10-rev1	API error for R137/2012/r137-2012-nl1-2024-10-rev1: {"error" => {"code" => "1113", "message" => "Insufficient balance or no resource package. Please recharge."}}
2026-10-06 22:14:25 +0800	R137/2012/r137-2012-nl1-2024-10-rev0	API error for R137/2012/r137-2012-nl1-2024-10-rev0: {"error" => {"code" => "1113", "message" => "Insufficient balance or no resource package. Please recharge."}}
2026-10-06 22:14:25 +0800	R137/2012/r137-2012-nl1-2024-12-rev0	API error for R137/2012/r137-2012-nl1-2024-12-rev0: {"error" => {"code" => "1113", "message" => "Insufficient balance or no resource package. Please recharge."}}
2026-10-06 22:14:25 +0800	R137/2012/r137-2012-nl1-2025-01-rev0	API error for R137/2012/r137-2012-nl1-2025-01-rev0: {"error" => {"code" => "1113", "message" => "Insufficient balance or no resource package. Please recharge."}}
2026-10-06 22:14:25 +0800	R137/2012/r137-2012-nl1-2025-03-rev0	API error for R137/2012/r137-2012-nl1-2025-03-rev0: {"error" => {"code" => "1113", "message" => "Insufficient balance or no resource package. Please recharge."}}
2026-10-06 22:14:25 +0800	R137/2012/r137-2012-nl1-2025-04-rev1	API error for R137/2012/r137-2012-nl1-2025-04-rev1: {"error" => {"code" => "1113", "message" => "Insufficient balance or no resource package. Please recharge."}}
2026-10-06 22:14:25 +0800	R137/2012/r137-2012-nl1-2025-05-rev0	API error for R137/2012/r137-2012-nl1-2025-05-rev0: {"error" => {"code" => "1113", "message" => "Insufficient balance or no resource package. Please recharge."}}
2026-10-06 22:14:25 +0800	R137/2012/r137-2012-nl1-2025-07-rev0	API error for R137/2012/r137-2012-nl1-2025-07-rev0: {"error" => {"code" => "1113", "message" => "Insufficient balance or no resource package. Please recharge."}}
2026-10-06 22:14:25 +0800	R137/2012/r137-2012-nl1-2026-02-rev0	API error for R137/2012/r137-2012-nl1-2026-02-rev0: {"error" => {"code" => "1113", "message" => "Insufficient balance or no resource package. Please recharge."}}
2026-10-06 22:14:25 +0800	R139/2014/r139-2014-cz1-2016-01	API error for R139/2014/r139-2014-cz1-2016-01: {"error" => {"code" => "1113", "message" => "Insufficient balance or no resource package. Please recharge."}}
2026-10-06 22:14:25 +0800	R139/2014/r139-2014-cz1-2016-02	API error for R139/2014/r139-2014-cz1-2016-02: {"error" => {"code" => "1113", "message" => "Insufficient balance or no resource package. Please recharge."}}
2026-10-06 22:14:25 +0800	R139/2014/r139-2014-cz1-2018-01-rev2	API error for R139/2014/r139-2014-cz1-2018-01-rev2: {"error" => {"code" => "1113", "message" => "Insufficient balance or no resource package. Please recharge."}}
2026-10-06 22:14:25 +0800	R139/2014/r139-2014-cz1-2020-01	API error for R139/2014/r139-2014-cz1-2020-01: {"error" => {"code" => "1113", "message" => "Insufficient balance or no resource package. Please recharge."}}
2026-10-06 22:14:25 +0800	R139/2014/r139-2014-cz1-2018-01	API error for R139/2014/r139-2014-cz1-2018-01: {"error" => {"code" => "1113", "message" => "Insufficient balance or no resource package. Please recharge."}}
2026-10-06 22:14:25 +0800	R139/2014/r139-2014-nl1-2017-01	API error for R139/2014/r139-2014-nl1-2017-01: {"error" => {"code" => "1113", "message" => "Insufficient balance or no resource package. Please recharge."}}
2026-10-06 22:14:25 +0800	R139/2014/r139-2014-nl1-2017-02-rev1	API error for R139/2014/r139-2014-nl1-2017-02-rev1: {"error" => {"code" => "1113", "message" => "Insufficient balance or no resource package. Please recharge."}}
2026-10-06 22:14:25 +0800	R139/2014/r139-2014-nl1-2017-02	API error for R139/2014/r139-2014-nl1-2017-02: {"error" => {"code" => "1113", "message" => "Insufficient balance or no resource package. Please recharge."}}
2026-10-06 22:14:25 +0800	R139/2014/r139-2014-nl1-2017-03	API error for R139/2014/r139-2014-nl1-2017-03: {"error" => {"code" => "1113", "message" => "Insufficient balance or no resource package. Please recharge."}}
2026-10-06 22:14:25 +0800	R139/2014/r139-2014-nl1-2018-01	API error for R139/2014/r139-2014-nl1-2018-01: {"error" => {"code" => "1113", "message" => "Insufficient balance or no resource package. Please recharge."}}
2026-10-06 22:14:25 +0800	R139/2014/r139-2014-nl1-2018-02	API error for R139/2014/r139-2014-nl1-2018-02: {"error" => {"code" => "1113", "message" => "Insufficient balance or no resource package. Please recharge."}}
2026-10-06 22:14:25 +0800	R49/2003/r049-2003-de1-2006-01-rev1	API error for R49/2003/r049-2003-de1-2006-01-rev1: {"error" => {"code" => "1113", "message" => "Insufficient balance or no resource package. Please recharge."}}
2026-10-06 22:14:25 +0800	R49/2003/r049-2003-de1-2006-01	API error for R49/2003/r049-2003-de1-2006-01: {"error" => {"code" => "1113", "message" => "Insufficient balance or no resource package. Please recharge."}}
2026-10-06 22:14:25 +0800	R49/2003/r049-2003-de1-2007-02	API error for R49/2003/r049-2003-de1-2007-02: {"error" => {"code" => "1113", "message" => "Insufficient balance or no resource package. Please recharge."}}
2026-10-06 22:14:25 +0800	R49/2003/r049-2003-de1-2007-01	API error for R49/2003/r049-2003-de1-2007-01: {"error" => {"code" => "1113", "message" => "Insufficient balance or no resource package. Please recharge."}}
2026-10-06 22:14:25 +0800	R49/2003/r049-2003-fr2-2005-01	API error for R49/2003/r049-2003-fr2-2005-01: {"error" => {"code" => "1113", "message" => "Insufficient balance or no resource package. Please recharge."}}
2026-10-06 22:14:25 +0800	R49/2003/r049-2003-fr2-2006-01	API error for R49/2003/r049-2003-fr2-2006-01: {"error" => {"code" => "1113", "message" => "Insufficient balance or no resource package. Please recharge."}}
2026-10-06 22:14:25 +0800	R49/2003/r049-2003-fr2-2006-02	API error for R49/2003/r049-2003-fr2-2006-02: {"error" => {"code" => "1113", "message" => "Insufficient balance or no resource package. Please recharge."}}
2026-10-06 22:14:25 +0800	R49/2003/r049-2003-fr2-2006-03	API error for R49/2003/r049-2003-fr2-2006-03: {"error" => {"code" => "1113", "message" => "Insufficient balance or no resource package. Please recharge."}}
2026-10-06 22:14:25 +0800	R49/2003/r049-2003-fr2-2006-04	API error for R49/2003/r049-2003-fr2-2006-04: {"error" => {"code" => "1113", "message" => "Insufficient balance or no resource package. Please recharge."}}
2026-10-06 22:14:25 +0800	R49/2003/r049-2003-nl1-2006-01-rev1	API error for R49/2003/r049-2003-nl1-2006-01-rev1: {"error" => {"code" => "1113", "message" => "Insufficient balance or no resource package. Please recharge."}}
2026-10-06 22:14:25 +0800	R49/2003/r049-2003-nl1-2006-01	API error for R49/2003/r049-2003-nl1-2006-01: {"error" => {"code" => "1113", "message" => "Insufficient balance or no resource package. Please recharge."}}
2026-10-06 22:14:25 +0800	R49/2006/r049-2006-au1-2009-01	API error for R49/2006/r049-2006-au1-2009-01: {"error" => {"code" => "1113", "message" => "Insufficient balance or no resource package. Please recharge."}}
2026-10-06 22:14:25 +0800	R49/2003/r049-2003-nl1-2012-04	API error for R49/2003/r049-2003-nl1-2012-04: {"error" => {"code" => "1113", "message" => "Insufficient balance or no resource package. Please recharge."}}
2026-10-06 22:14:25 +0800	R49/2006/r049-2006-ch1-2007-01	API error for R49/2006/r049-2006-ch1-2007-01: {"error" => {"code" => "1113", "message" => "Insufficient balance or no resource package. Please recharge."}}
2026-10-06 22:14:25 +0800	R49/2006/r049-2006-ch1-2007-02	API error for R49/2006/r049-2006-ch1-2007-02: {"error" => {"code" => "1113", "message" => "Insufficient balance or no resource package. Please recharge."}}
2026-10-06 22:14:25 +0800	R49/2006/r049-2006-ch1-2007-03	API error for R49/2006/r049-2006-ch1-2007-03: {"error" => {"code" => "1113", "message" => "Insufficient balance or no resource package. Please recharge."}}
2026-10-06 22:14:25 +0800	R49/2006/r049-2006-ch1-2007-04-rev1	API error for R49/2006/r049-2006-ch1-2007-04-rev1: {"error" => {"code" => "1113", "message" => "Insufficient balance or no resource package. Please recharge."}}
2026-10-06 22:14:25 +0800	R49/2006/r049-2006-ch1-2007-04	API error for R49/2006/r049-2006-ch1-2007-04: {"error" => {"code" => "1113", "message" => "Insufficient balance or no resource package. Please recharge."}}
2026-10-06 22:14:25 +0800	R49/2006/r049-2006-ch1-2007-05-rev1	API error for R49/2006/r049-2006-ch1-2007-05-rev1: {"error" => {"code" => "1113", "message" => "Insufficient balance or no resource package. Please recharge."}}
2026-10-06 22:14:25 +0800	R49/2006/r049-2006-ch1-2007-05	API error for R49/2006/r049-2006-ch1-2007-05: {"error" => {"code" => "1113", "message" => "Insufficient balance or no resource package. Please recharge."}}
2026-10-06 22:14:25 +0800	R49/2006/r049-2006-ch1-2008-01	API error for R49/2006/r049-2006-ch1-2008-01: {"error" => {"code" => "1113", "message" => "Insufficient balance or no resource package. Please recharge."}}
2026-10-06 22:14:25 +0800	R49/2006/r049-2006-ch1-2008-02	API error for R49/2006/r049-2006-ch1-2008-02: {"error" => {"code" => "1113", "message" => "Insufficient balance or no resource package. Please recharge."}}
2026-10-06 22:14:25 +0800	R49/2006/r049-2006-ch1-2008-04	API error for R49/2006/r049-2006-ch1-2008-04: {"error" => {"code" => "1113", "message" => "Insufficient balance or no resource package. Please recharge."}}
2026-10-06 22:14:25 +0800	R49/2006/r049-2006-ch1-2009-01	API error for R49/2006/r049-2006-ch1-2009-01: {"error" => {"code" => "1113", "message" => "Insufficient balance or no resource package. Please recharge."}}
2026-10-06 22:14:25 +0800	R49/2006/r049-2006-ch1-2009-02	API error for R49/2006/r049-2006-ch1-2009-02: {"error" => {"code" => "1113", "message" => "Insufficient balance or no resource package. Please recharge."}}
2026-10-06 22:14:25 +0800	R49/2006/r049-2006-ch1-2009-03	API error for R49/2006/r049-2006-ch1-2009-03: {"error" => {"code" => "1113", "message" => "Insufficient balance or no resource package. Please recharge."}}
2026-10-06 22:14:25 +0800	R49/2006/r049-2006-ch1-2009-04	API error for R49/2006/r049-2006-ch1-2009-04: {"error" => {"code" => "1113", "message" => "Insufficient balance or no resource package. Please recharge."}}
2026-10-06 22:14:25 +0800	R49/2006/r049-2006-ch1-2010-01	API error for R49/2006/r049-2006-ch1-2010-01: {"error" => {"code" => "1113", "message" => "Insufficient balance or no resource package. Please recharge."}}
2026-10-06 22:14:25 +0800	R49/2006/r049-2006-cz1-2010-01	API error for R49/2006/r049-2006-cz1-2010-01: {"error" => {"code" => "1113", "message" => "Insufficient balance or no resource package. Please recharge."}}
2026-10-06 22:14:25 +0800	R49/2006/r049-2006-cz1-2010-02	API error for R49/2006/r049-2006-cz1-2010-02: {"error" => {"code" => "1113", "message" => "Insufficient balance or no resource package. Please recharge."}}
2026-10-06 22:14:25 +0800	R49/2006/r049-2006-cz1-2010-03	API error for R49/2006/r049-2006-cz1-2010-03: {"error" => {"code" => "1113", "message" => "Insufficient balance or no resource package. Please recharge."}}
2026-10-06 22:14:25 +0800	R49/2006/r049-2006-cz1-2010-04	API error for R49/2006/r049-2006-cz1-2010-04: {"error" => {"code" => "1113", "message" => "Insufficient balance or no resource package. Please recharge."}}
2026-10-06 22:14:25 +0800	R49/2006/r049-2006-cz1-2011-01-rev1	API error for R49/2006/r049-2006-cz1-2011-01-rev1: {"error" => {"code" => "1113", "message" => "Insufficient balance or no resource package. Please recharge."}}
2026-10-06 22:14:25 +0800	R49/2006/r049-2006-cz1-2011-01	API error for R49/2006/r049-2006-cz1-2011-01: {"error" => {"code" => "1113", "message" => "Insufficient balance or no resource package. Please recharge."}}
2026-10-06 22:14:25 +0800	R49/2006/r049-2006-cz1-2011-02	API error for R49/2006/r049-2006-cz1-2011-02: {"error" => {"code" => "1113", "message" => "Insufficient balance or no resource package. Please recharge."}}
2026-10-06 22:14:25 +0800	R49/2006/r049-2006-cz1-2011-03	API error for R49/2006/r049-2006-cz1-2011-03: {"error" => {"code" => "1113", "message" => "Insufficient balance or no resource package. Please recharge."}}
2026-10-06 22:14:25 +0800	R49/2006/r049-2006-cz1-2012-01	API error for R49/2006/r049-2006-cz1-2012-01: {"error" => {"code" => "1113", "message" => "Insufficient balance or no resource package. Please recharge."}}
2026-10-06 22:14:25 +0800	R49/2006/r049-2006-cz1-2012-02	API error for R49/2006/r049-2006-cz1-2012-02: {"error" => {"code" => "1113", "message" => "Insufficient balance or no resource package. Please recharge."}}
2026-10-06 22:14:25 +0800	R49/2006/r049-2006-cz1-2012-03	API error for R49/2006/r049-2006-cz1-2012-03: {"error" => {"code" => "1113", "message" => "Insufficient balance or no resource package. Please recharge."}}
2026-10-06 22:14:25 +0800	R49/2006/r049-2006-cz1-2014-01	API error for R49/2006/r049-2006-cz1-2014-01: {"error" => {"code" => "1113", "message" => "Insufficient balance or no resource package. Please recharge."}}
2026-10-06 22:14:25 +0800	R49/2006/r049-2006-cz1-2014-02-rev1	API error for R49/2006/r049-2006-cz1-2014-02-rev1: {"error" => {"code" => "1113", "message" => "Insufficient balance or no resource package. Please recharge."}}
2026-10-06 22:14:25 +0800	R49/2006/r049-2006-cz1-2014-02	API error for R49/2006/r049-2006-cz1-2014-02: {"error" => {"code" => "1113", "message" => "Insufficient balance or no resource package. Please recharge."}}
2026-10-06 22:14:25 +0800	R49/2006/r049-2006-cz1-2014-03	API error for R49/2006/r049-2006-cz1-2014-03: {"error" => {"code" => "1113", "message" => "Insufficient balance or no resource package. Please recharge."}}
2026-10-06 22:14:25 +0800	R49/2006/r049-2006-cz1-2014-04	API error for R49/2006/r049-2006-cz1-2014-04: {"error" => {"code" => "1113", "message" => "Insufficient balance or no resource package. Please recharge."}}
2026-10-06 22:14:25 +0800	R49/2006/r049-2006-cz1-2014-05	API error for R49/2006/r049-2006-cz1-2014-05: {"error" => {"code" => "1113", "message" => "Insufficient balance or no resource package. Please recharge."}}
2026-10-06 22:14:25 +0800	R49/2006/r049-2006-de1-2007-03-rev1	API error for R49/2006/r049-2006-de1-2007-03-rev1: {"error" => {"code" => "1113", "message" => "Insufficient balance or no resource package. Please recharge."}}
2026-10-06 22:14:25 +0800	R49/2006/r049-2006-de1-2007-03-rev2	API error for R49/2006/r049-2006-de1-2007-03-rev2: {"error" => {"code" => "1113", "message" => "Insufficient balance or no resource package. Please recharge."}}
2026-10-06 22:14:25 +0800	R49/2006/r049-2006-de1-2007-03-rev3	API error for R49/2006/r049-2006-de1-2007-03-rev3: {"error" => {"code" => "1113", "message" => "Insufficient balance or no resource package. Please recharge."}}
2026-10-06 22:14:25 +0800	R49/2006/r049-2006-de1-2007-03-rev4	API error for R49/2006/r049-2006-de1-2007-03-rev4: {"error" => {"code" => "1113", "message" => "Insufficient balance or no resource package. Please recharge."}}
2026-10-06 22:14:25 +0800	R49/2006/r049-2006-de1-2007-03	API error for R49/2006/r049-2006-de1-2007-03: {"error" => {"code" => "1113", "message" => "Insufficient balance or no resource package. Please recharge."}}
2026-10-06 22:14:25 +0800	R49/2006/r049-2006-de1-2008-01-rev1	API error for R49/2006/r049-2006-de1-2008-01-rev1: {"error" => {"code" => "1113", "message" => "Insufficient balance or no resource package. Please recharge."}}
2026-10-06 22:14:25 +0800	R49/2006/r049-2006-de1-2008-01-rev2	API error for R49/2006/r049-2006-de1-2008-01-rev2: {"error" => {"code" => "1113", "message" => "Insufficient balance or no resource package. Please recharge."}}
2026-10-06 22:14:25 +0800	R49/2006/r049-2006-de1-2008-02-rev1	API error for R49/2006/r049-2006-de1-2008-02-rev1: {"error" => {"code" => "1113", "message" => "Insufficient balance or no resource package. Please recharge."}}
2026-10-06 22:14:25 +0800	R49/2006/r049-2006-de1-2008-02-rev10	API error for R49/2006/r049-2006-de1-2008-02-rev10: {"error" => {"code" => "1113", "message" => "Insufficient balance or no resource package. Please recharge."}}
2026-10-06 22:14:25 +0800	R49/2006/r049-2006-de1-2008-02-rev2	API error for R49/2006/r049-2006-de1-2008-02-rev2: {"error" => {"code" => "1113", "message" => "Insufficient balance or no resource package. Please recharge."}}
2026-10-06 22:14:25 +0800	R49/2006/r049-2006-de1-2008-02-rev4	API error for R49/2006/r049-2006-de1-2008-02-rev4: {"error" => {"code" => "1113", "message" => "Insufficient balance or no resource package. Please recharge."}}
2026-10-06 22:14:25 +0800	R49/2006/r049-2006-de1-2008-02-rev3	API error for R49/2006/r049-2006-de1-2008-02-rev3: {"error" => {"code" => "1113", "message" => "Insufficient balance or no resource package. Please recharge."}}
2026-10-06 22:14:25 +0800	R49/2006/r049-2006-de1-2008-02-rev5	API error for R49/2006/r049-2006-de1-2008-02-rev5: {"error" => {"code" => "1113", "message" => "Insufficient balance or no resource package. Please recharge."}}
2026-10-06 22:14:25 +0800	R49/2006/r049-2006-de1-2008-02-rev7	API error for R49/2006/r049-2006-de1-2008-02-rev7: {"error" => {"code" => "1113", "message" => "Insufficient balance or no resource package. Please recharge."}}
2026-10-06 22:14:25 +0800	R49/2006/r049-2006-de1-2008-02-rev6	API error for R49/2006/r049-2006-de1-2008-02-rev6: {"error" => {"code" => "1113", "message" => "Insufficient balance or no resource package. Please recharge."}}
2026-10-06 22:14:25 +0800	R49/2006/r049-2006-de1-2008-02-rev8	API error for R49/2006/r049-2006-de1-2008-02-rev8: {"error" => {"code" => "1113", "message" => "Insufficient balance or no resource package. Please recharge."}}
2026-10-06 22:14:25 +0800	R49/2006/r049-2006-de1-2008-02	API error for R49/2006/r049-2006-de1-2008-02: {"error" => {"code" => "1113", "message" => "Insufficient balance or no resource package. Please recharge."}}
2026-10-06 22:14:25 +0800	R49/2006/r049-2006-de1-2008-02-rev9	API error for R49/2006/r049-2006-de1-2008-02-rev9: {"error" => {"code" => "1113", "message" => "Insufficient balance or no resource package. Please recharge."}}
2026-10-06 22:14:25 +0800	R49/2006/r049-2006-de1-2008-03-rev1	API error for R49/2006/r049-2006-de1-2008-03-rev1: {"error" => {"code" => "1113", "message" => "Insufficient balance or no resource package. Please recharge."}}
2026-10-06 22:14:25 +0800	R49/2006/r049-2006-de1-2008-04-rev1	API error for R49/2006/r049-2006-de1-2008-04-rev1: {"error" => {"code" => "1113", "message" => "Insufficient balance or no resource package. Please recharge."}}
2026-10-06 22:14:25 +0800	R49/2006/r049-2006-de1-2009-01-rev01	API error for R49/2006/r049-2006-de1-2009-01-rev01: {"error" => {"code" => "1113", "message" => "Insufficient balance or no resource package. Please recharge."}}
2026-10-06 22:14:25 +0800	R49/2006/r049-2006-de1-2010-01-rev1	API error for R49/2006/r049-2006-de1-2010-01-rev1: {"error" => {"code" => "1113", "message" => "Insufficient balance or no resource package. Please recharge."}}
2026-10-06 22:14:25 +0800	R49/2006/r049-2006-de1-2010-03-rev1	API error for R49/2006/r049-2006-de1-2010-03-rev1: {"error" => {"code" => "1113", "message" => "Insufficient balance or no resource package. Please recharge."}}
2026-10-06 22:14:25 +0800	R49/2006/r049-2006-de1-2010-01	API error for R49/2006/r049-2006-de1-2010-01: {"error" => {"code" => "1113", "message" => "Insufficient balance or no resource package. Please recharge."}}
2026-10-06 22:14:25 +0800	R49/2006/r049-2006-de1-2010-03-rev2	API error for R49/2006/r049-2006-de1-2010-03-rev2: {"error" => {"code" => "1113", "message" => "Insufficient balance or no resource package. Please recharge."}}
2026-10-06 22:14:25 +0800	R49/2006/r049-2006-de1-2010-03-rev3	API error for R49/2006/r049-2006-de1-2010-03-rev3: {"error" => {"code" => "1113", "message" => "Insufficient balance or no resource package. Please recharge."}}
2026-10-06 22:14:25 +0800	R49/2006/r049-2006-de1-2011-02	API error for R49/2006/r049-2006-de1-2011-02: {"error" => {"code" => "1113", "message" => "Insufficient balance or no resource package. Please recharge."}}
2026-10-06 22:14:25 +0800	R49/2006/r049-2006-de1-2012-01	API error for R49/2006/r049-2006-de1-2012-01: {"error" => {"code" => "1113", "message" => "Insufficient balance or no resource package. Please recharge."}}
2026-10-06 22:14:25 +0800	R49/2006/r049-2006-de1-2012-02-rev1	API error for R49/2006/r049-2006-de1-2012-02-rev1: {"error" => {"code" => "1113", "message" => "Insufficient balance or no resource package. Please recharge."}}
2026-10-06 22:14:25 +0800	R49/2006/r049-2006-de1-2012-02	API error for R49/2006/r049-2006-de1-2012-02: {"error" => {"code" => "1113", "message" => "Insufficient balance or no resource package. Please recharge."}}
2026-10-06 22:14:25 +0800	R49/2006/r049-2006-de1-2012-03-rev1	API error for R49/2006/r049-2006-de1-2012-03-rev1: {"error" => {"code" => "1113", "message" => "Insufficient balance or no resource package. Please recharge."}}
2026-10-06 22:14:25 +0800	R49/2006/r049-2006-de1-2012-03	API error for R49/2006/r049-2006-de1-2012-03: {"error" => {"code" => "1113", "message" => "Insufficient balance or no resource package. Please recharge."}}
2026-10-06 22:14:25 +0800	R49/2006/r049-2006-de1-2012-05	API error for R49/2006/r049-2006-de1-2012-05: {"error" => {"code" => "1113", "message" => "Insufficient balance or no resource package. Please recharge."}}
2026-10-06 22:14:25 +0800	R49/2006/r049-2006-de1-2012-06	API error for R49/2006/r049-2006-de1-2012-06: {"error" => {"code" => "1113", "message" => "Insufficient balance or no resource package. Please recharge."}}
2026-10-06 22:14:25 +0800	R49/2006/r049-2006-de1-2013-02-rev1	API error for R49/2006/r049-2006-de1-2013-02-rev1: {"error" => {"code" => "1113", "message" => "Insufficient balance or no resource package. Please recharge."}}
2026-10-06 22:14:25 +0800	R49/2006/r049-2006-de1-2013-01-rev1	API error for R49/2006/r049-2006-de1-2013-01-rev1: {"error" => {"code" => "1113", "message" => "Insufficient balance or no resource package. Please recharge."}}
2026-10-06 22:14:25 +0800	R49/2006/r049-2006-de1-2013-01	API error for R49/2006/r049-2006-de1-2013-01: {"error" => {"code" => "1113", "message" => "Insufficient balance or no resource package. Please recharge."}}
2026-10-06 22:14:25 +0800	R49/2006/r049-2006-de1-2013-02	API error for R49/2006/r049-2006-de1-2013-02: {"error" => {"code" => "1113", "message" => "Insufficient balance or no resource package. Please recharge."}}
2026-10-06 22:14:25 +0800	R49/2006/r049-2006-de1-2014-01	API error for R49/2006/r049-2006-de1-2014-01: {"error" => {"code" => "1113", "message" => "Insufficient balance or no resource package. Please recharge."}}
2026-10-06 22:14:25 +0800	R49/2006/r049-2006-de1-2015-01	API error for R49/2006/r049-2006-de1-2015-01: {"error" => {"code" => "1113", "message" => "Insufficient balance or no resource package. Please recharge."}}
2026-10-06 22:14:25 +0800	R49/2006/r049-2006-de1-2015-02	API error for R49/2006/r049-2006-de1-2015-02: {"error" => {"code" => "1113", "message" => "Insufficient balance or no resource package. Please recharge."}}
2026-10-06 22:14:25 +0800	R49/2006/r049-2006-dk2-2010-01-annex1	API error for R49/2006/r049-2006-dk2-2010-01-annex1: {"error" => {"code" => "1113", "message" => "Insufficient balance or no resource package. Please recharge."}}
2026-10-06 22:14:25 +0800	R49/2006/r049-2006-de1-2015-03	API error for R49/2006/r049-2006-de1-2015-03: {"error" => {"code" => "1113", "message" => "Insufficient balance or no resource package. Please recharge."}}
2026-10-06 22:14:25 +0800	R49/2006/r049-2006-dk2-2010-01	API error for R49/2006/r049-2006-dk2-2010-01: {"error" => {"code" => "1113", "message" => "Insufficient balance or no resource package. Please recharge."}}
2026-10-06 22:14:25 +0800	R49/2006/r049-2006-es1-2010-02	API error for R49/2006/r049-2006-es1-2010-02: {"error" => {"code" => "1113", "message" => "Insufficient balance or no resource package. Please recharge."}}
2026-10-06 22:14:25 +0800	R49/2006/r049-2006-fr2-2008-01	API error for R49/2006/r049-2006-fr2-2008-01: {"error" => {"code" => "1113", "message" => "Insufficient balance or no resource package. Please recharge."}}
2026-10-06 22:14:25 +0800	R49/2006/r049-2006-fr2-2008-02-rev2	API error for R49/2006/r049-2006-fr2-2008-02-rev2: {"error" => {"code" => "1113", "message" => "Insufficient balance or no resource package. Please recharge."}}
2026-10-06 22:14:25 +0800	R49/2006/r049-2006-fr2-2008-02-rev3	API error for R49/2006/r049-2006-fr2-2008-02-rev3: {"error" => {"code" => "1113", "message" => "Insufficient balance or no resource package. Please recharge."}}
2026-10-06 22:14:25 +0800	R49/2006/r049-2006-fr2-2008-03	API error for R49/2006/r049-2006-fr2-2008-03: {"error" => {"code" => "1113", "message" => "Insufficient balance or no resource package. Please recharge."}}
2026-10-06 22:14:25 +0800	R49/2006/r049-2006-fr2-2008-04-rev1	API error for R49/2006/r049-2006-fr2-2008-04-rev1: {"error" => {"code" => "1113", "message" => "Insufficient balance or no resource package. Please recharge."}}
2026-10-06 22:14:25 +0800	R49/2006/r049-2006-fr2-2008-05-rev1	API error for R49/2006/r049-2006-fr2-2008-05-rev1: {"error" => {"code" => "1113", "message" => "Insufficient balance or no resource package. Please recharge."}}
2026-10-06 22:14:25 +0800	R49/2006/r049-2006-fr2-2008-05-rev2	API error for R49/2006/r049-2006-fr2-2008-05-rev2: {"error" => {"code" => "1113", "message" => "Insufficient balance or no resource package. Please recharge."}}
2026-10-06 22:14:25 +0800	R49/2006/r049-2006-fr2-2008-06	API error for R49/2006/r049-2006-fr2-2008-06: {"error" => {"code" => "1113", "message" => "Insufficient balance or no resource package. Please recharge."}}
2026-10-06 22:14:25 +0800	R49/2006/r049-2006-fr2-2009-01-rev1	API error for R49/2006/r049-2006-fr2-2009-01-rev1: {"error" => {"code" => "1113", "message" => "Insufficient balance or no resource package. Please recharge."}}
2026-10-06 22:14:25 +0800	R49/2006/r049-2006-fr2-2009-01-rev2	API error for R49/2006/r049-2006-fr2-2009-01-rev2: {"error" => {"code" => "1113", "message" => "Insufficient balance or no resource package. Please recharge."}}
2026-10-06 22:14:25 +0800	R49/2006/r049-2006-fr2-2009-01-rev3	API error for R49/2006/r049-2006-fr2-2009-01-rev3: {"error" => {"code" => "1113", "message" => "Insufficient balance or no resource package. Please recharge."}}
2026-10-06 22:14:25 +0800	R49/2006/r049-2006-fr2-2009-01	API error for R49/2006/r049-2006-fr2-2009-01: {"error" => {"code" => "1113", "message" => "Insufficient balance or no resource package. Please recharge."}}
2026-10-06 22:14:25 +0800	R49/2006/r049-2006-fr2-2009-02	API error for R49/2006/r049-2006-fr2-2009-02: {"error" => {"code" => "1113", "message" => "Insufficient balance or no resource package. Please recharge."}}
2026-10-06 22:14:25 +0800	R49/2006/r049-2006-fr2-2009-03	API error for R49/2006/r049-2006-fr2-2009-03: {"error" => {"code" => "1113", "message" => "Insufficient balance or no resource package. Please recharge."}}
2026-10-06 22:14:25 +0800	R49/2006/r049-2006-fr2-2009-04	API error for R49/2006/r049-2006-fr2-2009-04: {"error" => {"code" => "1113", "message" => "Insufficient balance or no resource package. Please recharge."}}
2026-10-06 22:14:25 +0800	R49/2006/r049-2006-fr2-2009-05	API error for R49/2006/r049-2006-fr2-2009-05: {"error" => {"code" => "1113", "message" => "Insufficient balance or no resource package. Please recharge."}}
2026-10-06 22:14:25 +0800	R49/2006/r049-2006-fr2-2009-06-rev1	API error for R49/2006/r049-2006-fr2-2009-06-rev1: {"error" => {"code" => "1113", "message" => "Insufficient balance or no resource package. Please recharge."}}
2026-10-06 22:14:25 +0800	R49/2006/r049-2006-fr2-2009-07-rev1	API error for R49/2006/r049-2006-fr2-2009-07-rev1: {"error" => {"code" => "1113", "message" => "Insufficient balance or no resource package. Please recharge."}}
2026-10-06 22:14:25 +0800	R49/2006/r049-2006-fr2-2009-06	API error for R49/2006/r049-2006-fr2-2009-06: {"error" => {"code" => "1113", "message" => "Insufficient balance or no resource package. Please recharge."}}
2026-10-06 22:14:25 +0800	R49/2006/r049-2006-fr2-2009-07-rev2	API error for R49/2006/r049-2006-fr2-2009-07-rev2: {"error" => {"code" => "1113", "message" => "Insufficient balance or no resource package. Please recharge."}}
2026-10-06 22:14:25 +0800	R49/2006/r049-2006-fr2-2010-03-rev1	API error for R49/2006/r049-2006-fr2-2010-03-rev1: {"error" => {"code" => "1113", "message" => "Insufficient balance or no resource package. Please recharge."}}
2026-10-06 22:14:25 +0800	R49/2006/r049-2006-fr2-2010-01-rev1	API error for R49/2006/r049-2006-fr2-2010-01-rev1: {"error" => {"code" => "1113", "message" => "Insufficient balance or no resource package. Please recharge."}}
2026-10-06 22:14:25 +0800	R49/2006/r049-2006-fr2-2010-03	API error for R49/2006/r049-2006-fr2-2010-03: {"error" => {"code" => "1113", "message" => "Insufficient balance or no resource package. Please recharge."}}
2026-10-06 22:14:25 +0800	R49/2006/r049-2006-fr2-2010-05	API error for R49/2006/r049-2006-fr2-2010-05: {"error" => {"code" => "1113", "message" => "Insufficient balance or no resource package. Please recharge."}}
2026-10-06 22:14:25 +0800	R49/2006/r049-2006-fr2-2010-04	API error for R49/2006/r049-2006-fr2-2010-04: {"error" => {"code" => "1113", "message" => "Insufficient balance or no resource package. Please recharge."}}
2026-10-06 22:14:25 +0800	R49/2006/r049-2006-fr2-2010-06	API error for R49/2006/r049-2006-fr2-2010-06: {"error" => {"code" => "1113", "message" => "Insufficient balance or no resource package. Please recharge."}}
2026-10-06 22:14:25 +0800	R49/2006/r049-2006-fr2-2011-04	API error for R49/2006/r049-2006-fr2-2011-04: {"error" => {"code" => "1113", "message" => "Insufficient balance or no resource package. Please recharge."}}
2026-10-06 22:14:25 +0800	R49/2006/r049-2006-fr2-2010-07	API error for R49/2006/r049-2006-fr2-2010-07: {"error" => {"code" => "1113", "message" => "Insufficient balance or no resource package. Please recharge."}}
2026-10-06 22:14:25 +0800	R49/2006/r049-2006-fr2-2011-02-rev1	API error for R49/2006/r049-2006-fr2-2011-02-rev1: {"error" => {"code" => "1113", "message" => "Insufficient balance or no resource package. Please recharge."}}
2026-10-06 22:14:25 +0800	R49/2006/r049-2006-fr2-2012-02-rev0	API error for R49/2006/r049-2006-fr2-2012-02-rev0: {"error" => {"code" => "1113", "message" => "Insufficient balance or no resource package. Please recharge."}}
2026-10-06 22:14:25 +0800	R49/2006/r049-2006-fr2-2012-01	API error for R49/2006/r049-2006-fr2-2012-01: {"error" => {"code" => "1113", "message" => "Insufficient balance or no resource package. Please recharge."}}
2026-10-06 22:14:25 +0800	R49/2006/r049-2006-fr2-2012-02-rev1	API error for R49/2006/r049-2006-fr2-2012-02-rev1: {"error" => {"code" => "1113", "message" => "Insufficient balance or no resource package. Please recharge."}}
2026-10-06 22:14:25 +0800	R49/2006/r049-2006-fr2-2012-04-rev4	API error for R49/2006/r049-2006-fr2-2012-04-rev4: {"error" => {"code" => "1113", "message" => "Insufficient balance or no resource package. Please recharge."}}
2026-10-06 22:14:25 +0800	R49/2006/r049-2006-fr2-2012-03-rev0	API error for R49/2006/r049-2006-fr2-2012-03-rev0: {"error" => {"code" => "1113", "message" => "Insufficient balance or no resource package. Please recharge."}}
2026-10-06 22:14:25 +0800	R49/2006/r049-2006-fr2-2013-01-rev1	API error for R49/2006/r049-2006-fr2-2013-01-rev1: {"error" => {"code" => "1113", "message" => "Insufficient balance or no resource package. Please recharge."}}
2026-10-06 22:14:25 +0800	R49/2006/r049-2006-fr2-2013-02	API error for R49/2006/r049-2006-fr2-2013-02: {"error" => {"code" => "1113", "message" => "Insufficient balance or no resource package. Please recharge."}}
2026-10-06 22:14:25 +0800	R49/2006/r049-2006-fr2-2014-01	API error for R49/2006/r049-2006-fr2-2014-01: {"error" => {"code" => "1113", "message" => "Insufficient balance or no resource package. Please recharge."}}
2026-10-06 22:14:25 +0800	R49/2006/r049-2006-fr2-2014-02	API error for R49/2006/r049-2006-fr2-2014-02: {"error" => {"code" => "1113", "message" => "Insufficient balance or no resource package. Please recharge."}}
2026-10-06 22:14:25 +0800	R49/2006/r049-2006-fr2-2014-03-rev1	API error for R49/2006/r049-2006-fr2-2014-03-rev1: {"error" => {"code" => "1113", "message" => "Insufficient balance or no resource package. Please recharge."}}
2026-10-06 22:14:25 +0800	R49/2006/r049-2006-fr2-2014-03-rev2	API error for R49/2006/r049-2006-fr2-2014-03-rev2: {"error" => {"code" => "1113", "message" => "Insufficient balance or no resource package. Please recharge."}}
2026-10-06 22:14:25 +0800	R49/2006/r049-2006-fr2-2014-03	API error for R49/2006/r049-2006-fr2-2014-03: {"error" => {"code" => "1113", "message" => "Insufficient balance or no resource package. Please recharge."}}
2026-10-06 22:14:25 +0800	R49/2006/r049-2006-fr2-2015-01-rev3	API error for R49/2006/r049-2006-fr2-2015-01-rev3: {"error" => {"code" => "1113", "message" => "Insufficient balance or no resource package. Please recharge."}}
2026-10-06 22:14:25 +0800	R49/2006/r049-2006-fr2-2015-01	API error for R49/2006/r049-2006-fr2-2015-01: {"error" => {"code" => "1113", "message" => "Insufficient balance or no resource package. Please recharge."}}
2026-10-06 22:14:25 +0800	R49/2006/r049-2006-gb1-2007-01-annex1	API error for R49/2006/r049-2006-gb1-2007-01-annex1: {"error" => {"code" => "1113", "message" => "Insufficient balance or no resource package. Please recharge."}}
2026-10-06 22:14:25 +0800	R49/2006/r049-2006-gb1-2007-01-rev1	API error for R49/2006/r049-2006-gb1-2007-01-rev1: {"error" => {"code" => "1113", "message" => "Insufficient balance or no resource package. Please recharge."}}
2026-10-06 22:14:25 +0800	R49/2006/r049-2006-gb1-2007-01-rev2	API error for R49/2006/r049-2006-gb1-2007-01-rev2: {"error" => {"code" => "1113", "message" => "Insufficient balance or no resource package. Please recharge."}}
2026-10-06 22:14:25 +0800	R49/2006/r049-2006-gb1-2007-01-rev3	API error for R49/2006/r049-2006-gb1-2007-01-rev3: {"error" => {"code" => "1113", "message" => "Insufficient balance or no resource package. Please recharge."}}
2026-10-06 22:14:25 +0800	R49/2006/r049-2006-gb1-2007-01-rev4-annex2	API error for R49/2006/r049-2006-gb1-2007-01-rev4-annex2: {"error" => {"code" => "1113", "message" => "Insufficient balance or no resource package. Please recharge."}}
2026-10-06 22:14:25 +0800	R49/2006/r049-2006-gb1-2007-01-rev4	API error for R49/2006/r049-2006-gb1-2007-01-rev4: {"error" => {"code" => "1113", "message" => "Insufficient balance or no resource package. Please recharge."}}
2026-10-06 22:14:25 +0800	R49/2006/r049-2006-gb1-2007-01	API error for R49/2006/r049-2006-gb1-2007-01: {"error" => {"code" => "1113", "message" => "Insufficient balance or no resource package. Please recharge."}}
2026-10-06 22:14:25 +0800	R49/2006/r049-2006-gb1-2008-01-rev1	API error for R49/2006/r049-2006-gb1-2008-01-rev1: {"error" => {"code" => "1113", "message" => "Insufficient balance or no resource package. Please recharge."}}
2026-10-06 22:14:25 +0800	R49/2006/r049-2006-gb1-2008-01-rev2	API error for R49/2006/r049-2006-gb1-2008-01-rev2: {"error" => {"code" => "1113", "message" => "Insufficient balance or no resource package. Please recharge."}}
2026-10-06 22:14:25 +0800	R49/2006/r049-2006-gb1-2008-01	API error for R49/2006/r049-2006-gb1-2008-01: {"error" => {"code" => "1113", "message" => "Insufficient balance or no resource package. Please recharge."}}
2026-10-06 22:14:25 +0800	R49/2006/r049-2006-gb1-2009-01-rev1	API error for R49/2006/r049-2006-gb1-2009-01-rev1: {"error" => {"code" => "1113", "message" => "Insufficient balance or no resource package. Please recharge."}}
2026-10-06 22:14:25 +0800	R49/2006/r049-2006-gb1-2009-01-rev2	API error for R49/2006/r049-2006-gb1-2009-01-rev2: {"error" => {"code" => "1113", "message" => "Insufficient balance or no resource package. Please recharge."}}
2026-10-06 22:14:25 +0800	R49/2006/r049-2006-gb1-2009-01-rev3	API error for R49/2006/r049-2006-gb1-2009-01-rev3: {"error" => {"code" => "1113", "message" => "Insufficient balance or no resource package. Please recharge."}}
2026-10-06 22:14:25 +0800	R49/2006/r049-2006-gb1-2009-01-rev4	API error for R49/2006/r049-2006-gb1-2009-01-rev4: {"error" => {"code" => "1113", "message" => "Insufficient balance or no resource package. Please recharge."}}
2026-10-06 22:14:25 +0800	R49/2006/r049-2006-gb1-2009-01-rev5	API error for R49/2006/r049-2006-gb1-2009-01-rev5: {"error" => {"code" => "1113", "message" => "Insufficient balance or no resource package. Please recharge."}}
2026-10-06 22:14:25 +0800	R49/2006/r049-2006-gb1-2009-01	API error for R49/2006/r049-2006-gb1-2009-01: {"error" => {"code" => "1113", "message" => "Insufficient balance or no resource package. Please recharge."}}
2026-10-06 22:14:25 +0800	R49/2006/r049-2006-gb1-2010-01-rev1	API error for R49/2006/r049-2006-gb1-2010-01-rev1: {"error" => {"code" => "1113", "message" => "Insufficient balance or no resource package. Please recharge."}}
2026-10-06 22:14:25 +0800	R49/2006/r049-2006-gb1-2010-01-rev2	API error for R49/2006/r049-2006-gb1-2010-01-rev2: {"error" => {"code" => "1113", "message" => "Insufficient balance or no resource package. Please recharge."}}
2026-10-06 22:14:25 +0800	R49/2006/r049-2006-gb1-2010-01	API error for R49/2006/r049-2006-gb1-2010-01: {"error" => {"code" => "1113", "message" => "Insufficient balance or no resource package. Please recharge."}}
2026-10-06 22:14:25 +0800	R49/2006/r049-2006-gb1-2010-02	API error for R49/2006/r049-2006-gb1-2010-02: {"error" => {"code" => "1113", "message" => "Insufficient balance or no resource package. Please recharge."}}
2026-10-06 22:14:25 +0800	R49/2006/r049-2006-gb1-2010-03	API error for R49/2006/r049-2006-gb1-2010-03: {"error" => {"code" => "1113", "message" => "Insufficient balance or no resource package. Please recharge."}}
2026-10-06 22:14:25 +0800	R49/2006/r049-2006-gb1-2010-04-rev1	API error for R49/2006/r049-2006-gb1-2010-04-rev1: {"error" => {"code" => "1113", "message" => "Insufficient balance or no resource package. Please recharge."}}
2026-10-06 22:14:25 +0800	R49/2006/r049-2006-gb1-2010-04	API error for R49/2006/r049-2006-gb1-2010-04: {"error" => {"code" => "1113", "message" => "Insufficient balance or no resource package. Please recharge."}}
2026-10-06 22:14:25 +0800	R49/2006/r049-2006-gb1-2010-05-rev1	API error for R49/2006/r049-2006-gb1-2010-05-rev1: {"error" => {"code" => "1113", "message" => "Insufficient balance or no resource package. Please recharge."}}
2026-10-06 22:14:25 +0800	R49/2006/r049-2006-gb1-2011-01	API error for R49/2006/r049-2006-gb1-2011-01: {"error" => {"code" => "1113", "message" => "Insufficient balance or no resource package. Please recharge."}}
2026-10-06 22:14:25 +0800	R49/2006/r049-2006-gb1-2011-02	API error for R49/2006/r049-2006-gb1-2011-02: {"error" => {"code" => "1113", "message" => "Insufficient balance or no resource package. Please recharge."}}
2026-10-06 22:14:25 +0800	R49/2006/r049-2006-gb1-2011-03-rev1	API error for R49/2006/r049-2006-gb1-2011-03-rev1: {"error" => {"code" => "1113", "message" => "Insufficient balance or no resource package. Please recharge."}}
2026-10-06 22:14:25 +0800	R49/2006/r049-2006-gb1-2011-03	API error for R49/2006/r049-2006-gb1-2011-03: {"error" => {"code" => "1113", "message" => "Insufficient balance or no resource package. Please recharge."}}
2026-10-06 22:14:25 +0800	R49/2006/r049-2006-gb1-2011-03-rev2	API error for R49/2006/r049-2006-gb1-2011-03-rev2: {"error" => {"code" => "1113", "message" => "Insufficient balance or no resource package. Please recharge."}}
2026-10-06 22:14:25 +0800	R49/2006/r049-2006-gb1-2014-01	API error for R49/2006/r049-2006-gb1-2014-01: {"error" => {"code" => "1113", "message" => "Insufficient balance or no resource package. Please recharge."}}
2026-10-06 22:14:25 +0800	R49/2006/r049-2006-gb1-2014-02	API error for R49/2006/r049-2006-gb1-2014-02: {"error" => {"code" => "1113", "message" => "Insufficient balance or no resource package. Please recharge."}}
2026-10-06 22:14:25 +0800	R49/2006/r049-2006-gb1-2015-01	API error for R49/2006/r049-2006-gb1-2015-01: {"error" => {"code" => "1113", "message" => "Insufficient balance or no resource package. Please recharge."}}
2026-10-06 22:14:25 +0800	R49/2006/r049-2006-it1-2013-01	API error for R49/2006/r049-2006-it1-2013-01: {"error" => {"code" => "1113", "message" => "Insufficient balance or no resource package. Please recharge."}}
2026-10-06 22:14:25 +0800	R49/2006/r049-2006-it1-2013-02	API error for R49/2006/r049-2006-it1-2013-02: {"error" => {"code" => "1113", "message" => "Insufficient balance or no resource package. Please recharge."}}
2026-10-06 22:14:25 +0800	R49/2006/r049-2006-it1-2014-01	API error for R49/2006/r049-2006-it1-2014-01: {"error" => {"code" => "1113", "message" => "Insufficient balance or no resource package. Please recharge."}}
2026-10-06 22:14:25 +0800	R49/2006/r049-2006-jp1-2014-01	API error for R49/2006/r049-2006-jp1-2014-01: {"error" => {"code" => "1113", "message" => "Insufficient balance or no resource package. Please recharge."}}
2026-10-06 22:14:25 +0800	R49/2006/r049-2006-nl1-2006-01-rev2	API error for R49/2006/r049-2006-nl1-2006-01-rev2: {"error" => {"code" => "1113", "message" => "Insufficient balance or no resource package. Please recharge."}}
2026-10-06 22:14:25 +0800	R49/2006/r049-2006-nl1-2009-01	API error for R49/2006/r049-2006-nl1-2009-01: {"error" => {"code" => "1113", "message" => "Insufficient balance or no resource package. Please recharge."}}
2026-10-06 22:14:25 +0800	R49/2006/r049-2006-nl1-2010-01	API error for R49/2006/r049-2006-nl1-2010-01: {"error" => {"code" => "1113", "message" => "Insufficient balance or no resource package. Please recharge."}}
2026-10-06 22:14:25 +0800	R49/2006/r049-2006-nl1-2011-01	API error for R49/2006/r049-2006-nl1-2011-01: {"error" => {"code" => "1113", "message" => "Insufficient balance or no resource package. Please recharge."}}
2026-10-06 22:14:25 +0800	R49/2006/r049-2006-nl1-2011-02-rev1	API error for R49/2006/r049-2006-nl1-2011-02-rev1: {"error" => {"code" => "1113", "message" => "Insufficient balance or no resource package. Please recharge."}}
2026-10-06 22:14:25 +0800	R49/2006/r049-2006-nl1-2011-02	API error for R49/2006/r049-2006-nl1-2011-02: {"error" => {"code" => "1113", "message" => "Insufficient balance or no resource package. Please recharge."}}
2026-10-06 22:14:25 +0800	R49/2006/r049-2006-nl1-2011-03	API error for R49/2006/r049-2006-nl1-2011-03: {"error" => {"code" => "1113", "message" => "Insufficient balance or no resource package. Please recharge."}}
2026-10-06 22:14:25 +0800	R49/2006/r049-2006-nl1-2012-01-rev1	API error for R49/2006/r049-2006-nl1-2012-01-rev1: {"error" => {"code" => "1113", "message" => "Insufficient balance or no resource package. Please recharge."}}
2026-10-06 22:14:25 +0800	R49/2006/r049-2006-nl1-2012-01-rev2	API error for R49/2006/r049-2006-nl1-2012-01-rev2: {"error" => {"code" => "1113", "message" => "Insufficient balance or no resource package. Please recharge."}}
2026-10-06 22:14:25 +0800	R49/2006/r049-2006-nl1-2012-01-rev3	API error for R49/2006/r049-2006-nl1-2012-01-rev3: {"error" => {"code" => "1113", "message" => "Insufficient balance or no resource package. Please recharge."}}
2026-10-06 22:14:25 +0800	R49/2006/r049-2006-nl1-2012-01-rev4	API error for R49/2006/r049-2006-nl1-2012-01-rev4: {"error" => {"code" => "1113", "message" => "Insufficient balance or no resource package. Please recharge."}}
2026-10-06 22:14:25 +0800	R49/2006/r049-2006-nl1-2012-01-rev5	API error for R49/2006/r049-2006-nl1-2012-01-rev5: {"error" => {"code" => "1113", "message" => "Insufficient balance or no resource package. Please recharge."}}
2026-10-06 22:14:25 +0800	R49/2006/r049-2006-nl1-2012-01-rev6	API error for R49/2006/r049-2006-nl1-2012-01-rev6: {"error" => {"code" => "1113", "message" => "Insufficient balance or no resource package. Please recharge."}}
2026-10-06 22:14:25 +0800	R49/2006/r049-2006-nl1-2012-01-rev7	API error for R49/2006/r049-2006-nl1-2012-01-rev7: {"error" => {"code" => "1113", "message" => "Insufficient balance or no resource package. Please recharge."}}
2026-10-06 22:14:25 +0800	R49/2006/r049-2006-nl1-2012-01-rev8	API error for R49/2006/r049-2006-nl1-2012-01-rev8: {"error" => {"code" => "1113", "message" => "Insufficient balance or no resource package. Please recharge."}}
2026-10-06 22:14:25 +0800	R49/2006/r049-2006-nl1-2012-01-rev9	API error for R49/2006/r049-2006-nl1-2012-01-rev9: {"error" => {"code" => "1113", "message" => "Insufficient balance or no resource package. Please recharge."}}
2026-10-06 22:14:25 +0800	R49/2006/r049-2006-nl1-2012-01	API error for R49/2006/r049-2006-nl1-2012-01: {"error" => {"code" => "1113", "message" => "Insufficient balance or no resource package. Please recharge."}}
2026-10-06 22:14:25 +0800	R49/2006/r049-2006-nl1-2012-02	API error for R49/2006/r049-2006-nl1-2012-02: {"error" => {"code" => "1113", "message" => "Insufficient balance or no resource package. Please recharge."}}
2026-10-06 22:14:25 +0800	R49/2006/r049-2006-nl1-2012-03-rev1	API error for R49/2006/r049-2006-nl1-2012-03-rev1: {"error" => {"code" => "1113", "message" => "Insufficient balance or no resource package. Please recharge."}}
2026-10-06 22:14:25 +0800	R49/2006/r049-2006-nl1-2012-03-rev2	API error for R49/2006/r049-2006-nl1-2012-03-rev2: {"error" => {"code" => "1113", "message" => "Insufficient balance or no resource package. Please recharge."}}
2026-10-06 22:14:25 +0800	R49/2006/r049-2006-nl1-2012-03	API error for R49/2006/r049-2006-nl1-2012-03: {"error" => {"code" => "1113", "message" => "Insufficient balance or no resource package. Please recharge."}}
2026-10-06 22:14:25 +0800	R49/2006/r049-2006-nl1-2012-04-rev1	API error for R49/2006/r049-2006-nl1-2012-04-rev1: {"error" => {"code" => "1113", "message" => "Insufficient balance or no resource package. Please recharge."}}
2026-10-06 22:14:25 +0800	R49/2006/r049-2006-nl1-2013-01-rev10	API error for R49/2006/r049-2006-nl1-2013-01-rev10: {"error" => {"code" => "1113", "message" => "Insufficient balance or no resource package. Please recharge."}}
2026-10-06 22:14:25 +0800	R49/2006/r049-2006-nl1-2013-01-rev1	API error for R49/2006/r049-2006-nl1-2013-01-rev1: {"error" => {"code" => "1113", "message" => "Insufficient balance or no resource package. Please recharge."}}
2026-10-06 22:14:25 +0800	R49/2006/r049-2006-nl1-2013-01-rev2	API error for R49/2006/r049-2006-nl1-2013-01-rev2: {"error" => {"code" => "1113", "message" => "Insufficient balance or no resource package. Please recharge."}}
2026-10-06 22:14:25 +0800	R49/2006/r049-2006-nl1-2013-01-rev3	API error for R49/2006/r049-2006-nl1-2013-01-rev3: {"error" => {"code" => "1113", "message" => "Insufficient balance or no resource package. Please recharge."}}
2026-10-06 22:14:25 +0800	R49/2006/r049-2006-nl1-2013-01-rev4	API error for R49/2006/r049-2006-nl1-2013-01-rev4: {"error" => {"code" => "1113", "message" => "Insufficient balance or no resource package. Please recharge."}}
2026-10-06 22:14:25 +0800	R49/2006/r049-2006-nl1-2013-01-rev5	API error for R49/2006/r049-2006-nl1-2013-01-rev5: {"error" => {"code" => "1113", "message" => "Insufficient balance or no resource package. Please recharge."}}
2026-10-06 22:14:25 +0800	R49/2006/r049-2006-nl1-2013-01-rev6	API error for R49/2006/r049-2006-nl1-2013-01-rev6: {"error" => {"code" => "1113", "message" => "Insufficient balance or no resource package. Please recharge."}}
2026-10-06 22:14:25 +0800	R49/2006/r049-2006-nl1-2013-01-rev7	API error for R49/2006/r049-2006-nl1-2013-01-rev7: {"error" => {"code" => "1113", "message" => "Insufficient balance or no resource package. Please recharge."}}
2026-10-06 22:14:25 +0800	R49/2006/r049-2006-nl1-2013-01-rev8	API error for R49/2006/r049-2006-nl1-2013-01-rev8: {"error" => {"code" => "1113", "message" => "Insufficient balance or no resource package. Please recharge."}}
2026-10-06 22:14:25 +0800	R49/2006/r049-2006-nl1-2014-01	API error for R49/2006/r049-2006-nl1-2014-01: {"error" => {"code" => "1113", "message" => "Insufficient balance or no resource package. Please recharge."}}
2026-10-06 22:14:25 +0800	R49/2006/r049-2006-nl1-2013-01-rev9	API error for R49/2006/r049-2006-nl1-2013-01-rev9: {"error" => {"code" => "1113", "message" => "Insufficient balance or no resource package. Please recharge."}}
2026-10-06 22:14:25 +0800	R49/2006/r049-2006-nl1-2013-01	API error for R49/2006/r049-2006-nl1-2013-01: {"error" => {"code" => "1113", "message" => "Insufficient balance or no resource package. Please recharge."}}
2026-10-06 22:14:25 +0800	R49/2006/r049-2006-nl1-2016-14-rev1	API error for R49/2006/r049-2006-nl1-2016-14-rev1: {"error" => {"code" => "1113", "message" => "Insufficient balance or no resource package. Please recharge."}}
2026-10-06 22:14:25 +0800	R49/2006/r049-2006-nl1-2019-03-rev1	API error for R49/2006/r049-2006-nl1-2019-03-rev1: {"error" => {"code" => "1113", "message" => "Insufficient balance or no resource package. Please recharge."}}
2026-10-06 22:14:25 +0800	R49/2006/r049-2006-sk1-2013-01-rev1	API error for R49/2006/r049-2006-sk1-2013-01-rev1: {"error" => {"code" => "1113", "message" => "Insufficient balance or no resource package. Please recharge."}}
2026-10-06 22:14:25 +0800	R49/2006/r049-2006-nl1-2019-03	API error for R49/2006/r049-2006-nl1-2019-03: {"error" => {"code" => "1113", "message" => "Insufficient balance or no resource package. Please recharge."}}
2026-10-06 22:14:25 +0800	R49/2006/r049-2006-sk1-2013-01	API error for R49/2006/r049-2006-sk1-2013-01: {"error" => {"code" => "1113", "message" => "Insufficient balance or no resource package. Please recharge."}}
2026-10-06 22:14:25 +0800	R49/2006/r049-2006-sk1-2014-01	API error for R49/2006/r049-2006-sk1-2014-01: {"error" => {"code" => "1113", "message" => "Insufficient balance or no resource package. Please recharge."}}
2026-10-06 22:14:25 +0800	R49/2006/r049-2006-sk1-2014-02	API error for R49/2006/r049-2006-sk1-2014-02: {"error" => {"code" => "1113", "message" => "Insufficient balance or no resource package. Please recharge."}}
2026-10-06 22:14:25 +0800	R49/2006/r049-2006-sk1-2014-02-rev1	API error for R49/2006/r049-2006-sk1-2014-02-rev1: {"error" => {"code" => "1113", "message" => "Insufficient balance or no resource package. Please recharge."}}
2026-10-06 22:14:25 +0800	R49/2006/r049-2006-sk1-2014-03-rev1	API error for R49/2006/r049-2006-sk1-2014-03-rev1: {"error" => {"code" => "1113", "message" => "Insufficient balance or no resource package. Please recharge."}}
2026-10-06 22:14:25 +0800	R49/2006/r049-2006-sk1-2014-03	API error for R49/2006/r049-2006-sk1-2014-03: {"error" => {"code" => "1113", "message" => "Insufficient balance or no resource package. Please recharge."}}
2026-10-06 22:14:25 +0800	R49/2006/r49-2006-fr2-2009-07-rev2-annex1	API error for R49/2006/r49-2006-fr2-2009-07-rev2-annex1: {"error" => {"code" => "1113", "message" => "Insufficient balance or no resource package. Please recharge."}}
2026-10-06 22:14:25 +0800	R49/2006/r49-2006-fr2-2011-01-rev0	API error for R49/2006/r49-2006-fr2-2011-01-rev0: {"error" => {"code" => "1113", "message" => "Insufficient balance or no resource package. Please recharge."}}
2026-10-06 22:14:25 +0800	R49/2006/r49-2006-fr2-2011-03-rev0	API error for R49/2006/r49-2006-fr2-2011-03-rev0: {"error" => {"code" => "1113", "message" => "Insufficient balance or no resource package. Please recharge."}}
2026-10-06 22:14:25 +0800	R49/2006/r49-2006-nl1-2026-02-rev0	API error for R49/2006/r49-2006-nl1-2026-02-rev0: {"error" => {"code" => "1113", "message" => "Insufficient balance or no resource package. Please recharge."}}
2026-10-06 22:14:25 +0800	R49/2006/r49-2006-nl1-2026-04-rev0	API error for R49/2006/r49-2006-nl1-2026-04-rev0: {"error" => {"code" => "1113", "message" => "Insufficient balance or no resource package. Please recharge."}}
2026-10-06 22:14:25 +0800	R49/2006/r49-2006-nl1-2026-03-rev0	API error for R49/2006/r49-2006-nl1-2026-03-rev0: {"error" => {"code" => "1113", "message" => "Insufficient balance or no resource package. Please recharge."}}
2026-10-06 22:14:25 +0800	R49/2006/r49-2006-nl1-2026-05-rev0	API error for R49/2006/r49-2006-nl1-2026-05-rev0: {"error" => {"code" => "1113", "message" => "Insufficient balance or no resource package. Please recharge."}}
2026-10-06 22:14:25 +0800	R49/2006/r49-2006-nl1-2026-06-rev0	API error for R49/2006/r49-2006-nl1-2026-06-rev0: {"error" => {"code" => "1113", "message" => "Insufficient balance or no resource package. Please recharge."}}
2026-10-06 22:14:25 +0800	R49/2013/r049-2013-cz1-2015-01-rev1	API error for R49/2013/r049-2013-cz1-2015-01-rev1: {"error" => {"code" => "1113", "message" => "Insufficient balance or no resource package. Please recharge."}}
2026-10-06 22:14:25 +0800	R49/2013/r049-2013-cz1-2015-01-rev2	API error for R49/2013/r049-2013-cz1-2015-01-rev2: {"error" => {"code" => "1113", "message" => "Insufficient balance or no resource package. Please recharge."}}
2026-10-06 22:14:25 +0800	R49/2013/r049-2013-cz1-2015-01-rev3	API error for R49/2013/r049-2013-cz1-2015-01-rev3: {"error" => {"code" => "1113", "message" => "Insufficient balance or no resource package. Please recharge."}}
2026-10-06 22:14:25 +0800	R49/2013/r049-2013-cz1-2015-01	API error for R49/2013/r049-2013-cz1-2015-01: {"error" => {"code" => "1113", "message" => "Insufficient balance or no resource package. Please recharge."}}
2026-10-06 22:14:25 +0800	R49/2013/r049-2013-cz1-2015-02	API error for R49/2013/r049-2013-cz1-2015-02: {"error" => {"code" => "1113", "message" => "Insufficient balance or no resource package. Please recharge."}}
2026-10-06 22:14:25 +0800	R49/2013/r049-2013-cz1-2015-03	API error for R49/2013/r049-2013-cz1-2015-03: {"error" => {"code" => "1113", "message" => "Insufficient balance or no resource package. Please recharge."}}
2026-10-06 22:14:25 +0800	R49/2013/r049-2013-cz1-2016-01-rev1	API error for R49/2013/r049-2013-cz1-2016-01-rev1: {"error" => {"code" => "1113", "message" => "Insufficient balance or no resource package. Please recharge."}}
2026-10-06 22:14:25 +0800	R49/2013/r049-2013-cz1-2016-01	API error for R49/2013/r049-2013-cz1-2016-01: {"error" => {"code" => "1113", "message" => "Insufficient balance or no resource package. Please recharge."}}
2026-10-06 22:14:25 +0800	R49/2013/r049-2013-cz1-2016-01-rev2	API error for R49/2013/r049-2013-cz1-2016-01-rev2: {"error" => {"code" => "1113", "message" => "Insufficient balance or no resource package. Please recharge."}}
2026-10-06 22:14:25 +0800	R49/2013/r049-2013-cz1-2016-02	API error for R49/2013/r049-2013-cz1-2016-02: {"error" => {"code" => "1113", "message" => "Insufficient balance or no resource package. Please recharge."}}
2026-10-06 22:14:25 +0800	R49/2013/r049-2013-cz1-2016-03-rev1	API error for R49/2013/r049-2013-cz1-2016-03-rev1: {"error" => {"code" => "1113", "message" => "Insufficient balance or no resource package. Please recharge."}}
2026-10-06 22:14:25 +0800	R49/2013/r049-2013-cz1-2016-03	API error for R49/2013/r049-2013-cz1-2016-03: {"error" => {"code" => "1113", "message" => "Insufficient balance or no resource package. Please recharge."}}
2026-10-06 22:14:25 +0800	R49/2013/r049-2013-cz1-2016-04-annex1	API error for R49/2013/r049-2013-cz1-2016-04-annex1: {"error" => {"code" => "1113", "message" => "Insufficient balance or no resource package. Please recharge."}}
2026-10-06 22:14:25 +0800	R49/2013/r049-2013-cz1-2016-04-rev1	API error for R49/2013/r049-2013-cz1-2016-04-rev1: {"error" => {"code" => "1113", "message" => "Insufficient balance or no resource package. Please recharge."}}
2026-10-06 22:14:25 +0800	R49/2013/r049-2013-cz1-2016-04	API error for R49/2013/r049-2013-cz1-2016-04: {"error" => {"code" => "1113", "message" => "Insufficient balance or no resource package. Please recharge."}}
2026-10-06 22:14:25 +0800	R49/2013/r049-2013-cz1-2017-01	API error for R49/2013/r049-2013-cz1-2017-01: {"error" => {"code" => "1113", "message" => "Insufficient balance or no resource package. Please recharge."}}
2026-10-06 22:14:25 +0800	R49/2013/r049-2013-cz1-2017-02	API error for R49/2013/r049-2013-cz1-2017-02: {"error" => {"code" => "1113", "message" => "Insufficient balance or no resource package. Please recharge."}}
2026-10-06 22:14:25 +0800	R49/2013/r049-2013-cz1-2017-03-annex1	API error for R49/2013/r049-2013-cz1-2017-03-annex1: {"error" => {"code" => "1113", "message" => "Insufficient balance or no resource package. Please recharge."}}
2026-10-06 22:14:25 +0800	R49/2013/r049-2013-cz1-2017-03	API error for R49/2013/r049-2013-cz1-2017-03: {"error" => {"code" => "1113", "message" => "Insufficient balance or no resource package. Please recharge."}}
2026-10-06 22:14:25 +0800	R49/2013/r049-2013-cz1-2017-04	API error for R49/2013/r049-2013-cz1-2017-04: {"error" => {"code" => "1113", "message" => "Insufficient balance or no resource package. Please recharge."}}
2026-10-06 22:14:25 +0800	R49/2013/r049-2013-cz1-2017-06	API error for R49/2013/r049-2013-cz1-2017-06: {"error" => {"code" => "1113", "message" => "Insufficient balance or no resource package. Please recharge."}}
2026-10-06 22:14:25 +0800	R49/2013/r049-2013-cz1-2020-01	API error for R49/2013/r049-2013-cz1-2020-01: {"error" => {"code" => "1113", "message" => "Insufficient balance or no resource package. Please recharge."}}
2026-10-06 22:14:25 +0800	R49/2013/r049-2013-cz1-2021-01-rev1	API error for R49/2013/r049-2013-cz1-2021-01-rev1: {"error" => {"code" => "1113", "message" => "Insufficient balance or no resource package. Please recharge."}}
2026-10-06 22:14:25 +0800	R49/2013/r049-2013-cz1-2021-03	API error for R49/2013/r049-2013-cz1-2021-03: {"error" => {"code" => "1113", "message" => "Insufficient balance or no resource package. Please recharge."}}
2026-10-06 22:14:25 +0800	R49/2013/r049-2013-cz1-2021-02	API error for R49/2013/r049-2013-cz1-2021-02: {"error" => {"code" => "1113", "message" => "Insufficient balance or no resource package. Please recharge."}}
2026-10-06 22:14:25 +0800	R49/2013/r049-2013-cz1-2021-01	API error for R49/2013/r049-2013-cz1-2021-01: {"error" => {"code" => "1113", "message" => "Insufficient balance or no resource package. Please recharge."}}
2026-10-06 22:14:25 +0800	R49/2013/r049-2013-cz1-2021-04	API error for R49/2013/r049-2013-cz1-2021-04: {"error" => {"code" => "1113", "message" => "Insufficient balance or no resource package. Please recharge."}}
2026-10-06 22:14:25 +0800	R49/2013/r049-2013-cz1-2021-06	API error for R49/2013/r049-2013-cz1-2021-06: {"error" => {"code" => "1113", "message" => "Insufficient balance or no resource package. Please recharge."}}
2026-10-06 22:14:25 +0800	R49/2013/r049-2013-cz1-2021-05	API error for R49/2013/r049-2013-cz1-2021-05: {"error" => {"code" => "1113", "message" => "Insufficient balance or no resource package. Please recharge."}}
2026-10-06 22:14:25 +0800	R49/2013/r049-2013-cz1-2021-07	API error for R49/2013/r049-2013-cz1-2021-07: {"error" => {"code" => "1113", "message" => "Insufficient balance or no resource package. Please recharge."}}
2026-10-06 22:14:25 +0800	R49/2013/r049-2013-cz1-2022-01	API error for R49/2013/r049-2013-cz1-2022-01: {"error" => {"code" => "1113", "message" => "Insufficient balance or no resource package. Please recharge."}}
2026-10-06 22:14:25 +0800	R49/2013/r049-2013-cz1-2022-03	API error for R49/2013/r049-2013-cz1-2022-03: {"error" => {"code" => "1113", "message" => "Insufficient balance or no resource package. Please recharge."}}
2026-10-06 22:14:25 +0800	R49/2013/r049-2013-cz1-2022-04	API error for R49/2013/r049-2013-cz1-2022-04: {"error" => {"code" => "1113", "message" => "Insufficient balance or no resource package. Please recharge."}}
2026-10-06 22:14:25 +0800	R49/2013/r049-2013-cz1-2022-02	API error for R49/2013/r049-2013-cz1-2022-02: {"error" => {"code" => "1113", "message" => "Insufficient balance or no resource package. Please recharge."}}
2026-10-06 22:14:25 +0800	R49/2013/r049-2013-de1-2015-04	API error for R49/2013/r049-2013-de1-2015-04: {"error" => {"code" => "1113", "message" => "Insufficient balance or no resource package. Please recharge."}}
2026-10-06 22:14:25 +0800	R49/2013/r049-2013-de1-2016-02	API error for R49/2013/r049-2013-de1-2016-02: {"error" => {"code" => "1113", "message" => "Insufficient balance or no resource package. Please recharge."}}
2026-10-06 22:14:25 +0800	R49/2013/r049-2013-de1-2015-05	API error for R49/2013/r049-2013-de1-2015-05: {"error" => {"code" => "1113", "message" => "Insufficient balance or no resource package. Please recharge."}}
2026-10-06 22:14:25 +0800	R49/2013/r049-2013-de1-2016-01	API error for R49/2013/r049-2013-de1-2016-01: {"error" => {"code" => "1113", "message" => "Insufficient balance or no resource package. Please recharge."}}
2026-10-06 22:14:25 +0800	R49/2013/r049-2013-de1-2016-03	API error for R49/2013/r049-2013-de1-2016-03: {"error" => {"code" => "1113", "message" => "Insufficient balance or no resource package. Please recharge."}}
2026-10-06 22:14:25 +0800	R49/2013/r049-2013-dk2-2022-01	API error for R49/2013/r049-2013-dk2-2022-01: {"error" => {"code" => "1113", "message" => "Insufficient balance or no resource package. Please recharge."}}
2026-10-06 22:14:25 +0800	R49/2013/r049-2013-dk2-2021-02	API error for R49/2013/r049-2013-dk2-2021-02: {"error" => {"code" => "1113", "message" => "Insufficient balance or no resource package. Please recharge."}}
2026-10-06 22:14:25 +0800	R49/2013/r049-2013-dk2-2021-01	API error for R49/2013/r049-2013-dk2-2021-01: {"error" => {"code" => "1113", "message" => "Insufficient balance or no resource package. Please recharge."}}
2026-10-06 22:14:25 +0800	R49/2013/r049-2013-fr2-2015-01-rev1	API error for R49/2013/r049-2013-fr2-2015-01-rev1: {"error" => {"code" => "1113", "message" => "Insufficient balance or no resource package. Please recharge."}}
2026-10-06 22:14:25 +0800	R49/2013/r049-2013-fr2-2015-01-rev2	API error for R49/2013/r049-2013-fr2-2015-01-rev2: {"error" => {"code" => "1113", "message" => "Insufficient balance or no resource package. Please recharge."}}
2026-10-06 22:14:25 +0800	R49/2013/r049-2013-fr2-2014-03-rev2	API error for R49/2013/r049-2013-fr2-2014-03-rev2: {"error" => {"code" => "1113", "message" => "Insufficient balance or no resource package. Please recharge."}}
2026-10-06 22:14:25 +0800	R49/2013/r049-2013-fr2-2015-01	API error for R49/2013/r049-2013-fr2-2015-01: {"error" => {"code" => "1113", "message" => "Insufficient balance or no resource package. Please recharge."}}
2026-10-06 22:14:25 +0800	R49/2013/r049-2013-fr2-2016-02-annex1	API error for R49/2013/r049-2013-fr2-2016-02-annex1: {"error" => {"code" => "1113", "message" => "Insufficient balance or no resource package. Please recharge."}}
2026-10-06 22:14:25 +0800	R49/2013/r049-2013-fr2-2015-02	API error for R49/2013/r049-2013-fr2-2015-02: {"error" => {"code" => "1113", "message" => "Insufficient balance or no resource package. Please recharge."}}
2026-10-06 22:14:25 +0800	R49/2013/r049-2013-fr2-2016-02-rev1	API error for R49/2013/r049-2013-fr2-2016-02-rev1: {"error" => {"code" => "1113", "message" => "Insufficient balance or no resource package. Please recharge."}}
2026-10-06 22:14:25 +0800	R49/2013/r049-2013-fr2-2016-02	API error for R49/2013/r049-2013-fr2-2016-02: {"error" => {"code" => "1113", "message" => "Insufficient balance or no resource package. Please recharge."}}
2026-10-06 22:14:25 +0800	R49/2013/r049-2013-fr2-2016-03-rev2	API error for R49/2013/r049-2013-fr2-2016-03-rev2: {"error" => {"code" => "1113", "message" => "Insufficient balance or no resource package. Please recharge."}}
2026-10-06 22:14:25 +0800	R49/2013/r049-2013-fr2-2017-03-rev1	API error for R49/2013/r049-2013-fr2-2017-03-rev1: {"error" => {"code" => "1113", "message" => "Insufficient balance or no resource package. Please recharge."}}
2026-10-06 22:14:25 +0800	R49/2013/r049-2013-fr2-2017-01	API error for R49/2013/r049-2013-fr2-2017-01: {"error" => {"code" => "1113", "message" => "Insufficient balance or no resource package. Please recharge."}}
2026-10-06 22:14:25 +0800	R49/2013/r049-2013-fr2-2016-03	API error for R49/2013/r049-2013-fr2-2016-03: {"error" => {"code" => "1113", "message" => "Insufficient balance or no resource package. Please recharge."}}
2026-10-06 22:14:25 +0800	R49/2013/r049-2013-fr2-2018-0	API error for R49/2013/r049-2013-fr2-2018-0: {"error" => {"code" => "1113", "message" => "Insufficient balance or no resource package. Please recharge."}}
2026-10-06 22:14:25 +0800	R49/2013/r049-2013-fr2-2018-02	API error for R49/2013/r049-2013-fr2-2018-02: {"error" => {"code" => "1113", "message" => "Insufficient balance or no resource package. Please recharge."}}
2026-10-06 22:14:25 +0800	R49/2013/r049-2013-fr2-2018-01	API error for R49/2013/r049-2013-fr2-2018-01: {"error" => {"code" => "1113", "message" => "Insufficient balance or no resource package. Please recharge."}}
2026-10-06 22:14:25 +0800	R49/2013/r049-2013-fr2-2018-03	API error for R49/2013/r049-2013-fr2-2018-03: {"error" => {"code" => "1113", "message" => "Insufficient balance or no resource package. Please recharge."}}
2026-10-06 22:14:25 +0800	R49/2013/r049-2013-gb1-2017-01	API error for R49/2013/r049-2013-gb1-2017-01: {"error" => {"code" => "1113", "message" => "Insufficient balance or no resource package. Please recharge."}}
2026-10-06 22:14:25 +0800	R49/2013/r049-2013-gb1-2017-03	API error for R49/2013/r049-2013-gb1-2017-03: {"error" => {"code" => "1113", "message" => "Insufficient balance or no resource package. Please recharge."}}
2026-10-06 22:14:25 +0800	R49/2013/r049-2013-gb1-2017-02	API error for R49/2013/r049-2013-gb1-2017-02: {"error" => {"code" => "1113", "message" => "Insufficient balance or no resource package. Please recharge."}}
2026-10-06 22:14:25 +0800	R49/2013/r049-2013-jp1-2017-01	API error for R49/2013/r049-2013-jp1-2017-01: {"error" => {"code" => "1113", "message" => "Insufficient balance or no resource package. Please recharge."}}
2026-10-06 22:14:25 +0800	R49/2013/r049-2013-nl1-2015-01-rev2	API error for R49/2013/r049-2013-nl1-2015-01-rev2: {"error" => {"code" => "1113", "message" => "Insufficient balance or no resource package. Please recharge."}}
2026-10-06 22:14:25 +0800	R49/2013/r049-2013-nl1-2015-01	API error for R49/2013/r049-2013-nl1-2015-01: {"error" => {"code" => "1113", "message" => "Insufficient balance or no resource package. Please recharge."}}
2026-10-06 22:14:25 +0800	R49/2013/r049-2013-nl1-2016-01	API error for R49/2013/r049-2013-nl1-2016-01: {"error" => {"code" => "1113", "message" => "Insufficient balance or no resource package. Please recharge."}}
2026-10-06 22:14:25 +0800	R49/2013/r049-2013-nl1-2016-02-rev1	API error for R49/2013/r049-2013-nl1-2016-02-rev1: {"error" => {"code" => "1113", "message" => "Insufficient balance or no resource package. Please recharge."}}
2026-10-06 22:14:25 +0800	R49/2013/r049-2013-nl1-2016-02	API error for R49/2013/r049-2013-nl1-2016-02: {"error" => {"code" => "1113", "message" => "Insufficient balance or no resource package. Please recharge."}}
2026-10-06 22:14:25 +0800	R49/2013/r049-2013-nl1-2016-03-rev1-annex1	API error for R49/2013/r049-2013-nl1-2016-03-rev1-annex1: {"error" => {"code" => "1113", "message" => "Insufficient balance or no resource package. Please recharge."}}
2026-10-06 22:14:25 +0800	R49/2013/r049-2013-nl1-2016-03-rev1	API error for R49/2013/r049-2013-nl1-2016-03-rev1: {"error" => {"code" => "1113", "message" => "Insufficient balance or no resource package. Please recharge."}}
2026-10-06 22:14:25 +0800	R49/2013/r049-2013-nl1-2016-03	API error for R49/2013/r049-2013-nl1-2016-03: {"error" => {"code" => "1113", "message" => "Insufficient balance or no resource package. Please recharge."}}
2026-10-06 22:14:25 +0800	R49/2013/r049-2013-nl1-2017-01	API error for R49/2013/r049-2013-nl1-2017-01: {"error" => {"code" => "1113", "message" => "Insufficient balance or no resource package. Please recharge."}}
2026-10-06 22:14:25 +0800	R49/2013/r049-2013-nl1-2017-03	API error for R49/2013/r049-2013-nl1-2017-03: {"error" => {"code" => "1113", "message" => "Insufficient balance or no resource package. Please recharge."}}
2026-10-06 22:14:25 +0800	R49/2013/r049-2013-nl1-2017-02	API error for R49/2013/r049-2013-nl1-2017-02: {"error" => {"code" => "1113", "message" => "Insufficient balance or no resource package. Please recharge."}}
2026-10-06 22:14:25 +0800	R49/2013/r049-2013-nl1-2018-01	API error for R49/2013/r049-2013-nl1-2018-01: {"error" => {"code" => "1113", "message" => "Insufficient balance or no resource package. Please recharge."}}
2026-10-06 22:14:25 +0800	R49/2013/r049-2013-nl1-2018-02	API error for R49/2013/r049-2013-nl1-2018-02: {"error" => {"code" => "1113", "message" => "Insufficient balance or no resource package. Please recharge."}}
2026-10-06 22:14:25 +0800	R49/2013/r049-2013-nl1-2019-01-rev1	API error for R49/2013/r049-2013-nl1-2019-01-rev1: {"error" => {"code" => "1113", "message" => "Insufficient balance or no resource package. Please recharge."}}
2026-10-06 22:14:25 +0800	R49/2013/r049-2013-nl1-2019-01-rev2	API error for R49/2013/r049-2013-nl1-2019-01-rev2: {"error" => {"code" => "1113", "message" => "Insufficient balance or no resource package. Please recharge."}}
2026-10-06 22:14:25 +0800	R49/2013/r049-2013-nl1-2019-01	API error for R49/2013/r049-2013-nl1-2019-01: {"error" => {"code" => "1113", "message" => "Insufficient balance or no resource package. Please recharge."}}
2026-10-06 22:14:25 +0800	R49/2013/r049-2013-nl1-2019-02	API error for R49/2013/r049-2013-nl1-2019-02: {"error" => {"code" => "1113", "message" => "Insufficient balance or no resource package. Please recharge."}}
2026-10-06 22:14:25 +0800	R49/2013/r049-2013-nl1-2019-06-rev1	API error for R49/2013/r049-2013-nl1-2019-06-rev1: {"error" => {"code" => "1113", "message" => "Insufficient balance or no resource package. Please recharge."}}
2026-10-06 22:14:25 +0800	R49/2013/r049-2013-nl1-2019-06	API error for R49/2013/r049-2013-nl1-2019-06: {"error" => {"code" => "1113", "message" => "Insufficient balance or no resource package. Please recharge."}}
2026-10-06 22:14:25 +0800	R49/2013/r049-2013-nl1-2020-01-rev1	API error for R49/2013/r049-2013-nl1-2020-01-rev1: {"error" => {"code" => "1113", "message" => "Insufficient balance or no resource package. Please recharge."}}
2026-10-06 22:14:25 +0800	R49/2013/r049-2013-nl1-2020-01-rev2	API error for R49/2013/r049-2013-nl1-2020-01-rev2: {"error" => {"code" => "1113", "message" => "Insufficient balance or no resource package. Please recharge."}}
2026-10-06 22:14:25 +0800	R49/2013/r049-2013-nl1-2020-01-rev3	API error for R49/2013/r049-2013-nl1-2020-01-rev3: {"error" => {"code" => "1113", "message" => "Insufficient balance or no resource package. Please recharge."}}
2026-10-06 22:14:25 +0800	R49/2013/r049-2013-nl1-2020-01-rev4	API error for R49/2013/r049-2013-nl1-2020-01-rev4: {"error" => {"code" => "1113", "message" => "Insufficient balance or no resource package. Please recharge."}}
2026-10-06 22:14:25 +0800	R49/2013/r049-2013-nl1-2020-01-rev5	API error for R49/2013/r049-2013-nl1-2020-01-rev5: {"error" => {"code" => "1113", "message" => "Insufficient balance or no resource package. Please recharge."}}
2026-10-06 22:14:25 +0800	R49/2013/r049-2013-nl1-2020-01-rev6	API error for R49/2013/r049-2013-nl1-2020-01-rev6: {"error" => {"code" => "1113", "message" => "Insufficient balance or no resource package. Please recharge."}}
2026-10-06 22:14:25 +0800	R49/2013/r049-2013-nl1-2020-01	API error for R49/2013/r049-2013-nl1-2020-01: {"error" => {"code" => "1113", "message" => "Insufficient balance or no resource package. Please recharge."}}
2026-10-06 22:14:25 +0800	R49/2013/r049-2013-nl1-2020-02-rev1	API error for R49/2013/r049-2013-nl1-2020-02-rev1: {"error" => {"code" => "1113", "message" => "Insufficient balance or no resource package. Please recharge."}}
2026-10-06 22:14:25 +0800	R49/2013/r049-2013-nl1-2020-02	API error for R49/2013/r049-2013-nl1-2020-02: {"error" => {"code" => "1113", "message" => "Insufficient balance or no resource package. Please recharge."}}
2026-10-06 22:14:25 +0800	R49/2013/r049-2013-nl1-2021-01-rev1	API error for R49/2013/r049-2013-nl1-2021-01-rev1: {"error" => {"code" => "1113", "message" => "Insufficient balance or no resource package. Please recharge."}}
2026-10-06 22:14:25 +0800	R49/2013/r049-2013-nl1-2021-02	API error for R49/2013/r049-2013-nl1-2021-02: {"error" => {"code" => "1113", "message" => "Insufficient balance or no resource package. Please recharge."}}
2026-10-06 22:14:25 +0800	R49/2013/r049-2013-nl1-2021-02-rev1	API error for R49/2013/r049-2013-nl1-2021-02-rev1: {"error" => {"code" => "1113", "message" => "Insufficient balance or no resource package. Please recharge."}}
2026-10-06 22:14:25 +0800	R49/2013/r049-2013-nl1-2021-03-rev1	API error for R49/2013/r049-2013-nl1-2021-03-rev1: {"error" => {"code" => "1113", "message" => "Insufficient balance or no resource package. Please recharge."}}
2026-10-06 22:14:25 +0800	R49/2013/r049-2013-nl1-2021-04	API error for R49/2013/r049-2013-nl1-2021-04: {"error" => {"code" => "1113", "message" => "Insufficient balance or no resource package. Please recharge."}}
2026-10-06 22:14:25 +0800	R49/2013/r049-2013-nl1-2021-05-rev2	API error for R49/2013/r049-2013-nl1-2021-05-rev2: {"error" => {"code" => "1113", "message" => "Insufficient balance or no resource package. Please recharge."}}
2026-10-06 22:14:25 +0800	R49/2013/r049-2013-nl1-2021-06	API error for R49/2013/r049-2013-nl1-2021-06: {"error" => {"code" => "1113", "message" => "Insufficient balance or no resource package. Please recharge."}}
2026-10-06 22:14:25 +0800	R49/2013/r049-2013-nl1-2022-01-rev0	API error for R49/2013/r049-2013-nl1-2022-01-rev0: {"error" => {"code" => "1113", "message" => "Insufficient balance or no resource package. Please recharge."}}
2026-10-06 22:14:25 +0800	R49/2013/r049-2013-nl1-2022-02	API error for R49/2013/r049-2013-nl1-2022-02: {"error" => {"code" => "1113", "message" => "Insufficient balance or no resource package. Please recharge."}}
2026-10-06 22:14:25 +0800	R49/2013/r049-2013-nl1-2022-03-rev0	API error for R49/2013/r049-2013-nl1-2022-03-rev0: {"error" => {"code" => "1113", "message" => "Insufficient balance or no resource package. Please recharge."}}
2026-10-06 22:14:25 +0800	R49/2013/r049-2013-sk1-2014-02-rev2	API error for R49/2013/r049-2013-sk1-2014-02-rev2: {"error" => {"code" => "1113", "message" => "Insufficient balance or no resource package. Please recharge."}}
2026-10-06 22:14:25 +0800	R49/2013/r049-2013-sk1-2014-03	API error for R49/2013/r049-2013-sk1-2014-03: {"error" => {"code" => "1113", "message" => "Insufficient balance or no resource package. Please recharge."}}
2026-10-06 22:14:25 +0800	R49/2013/r049-2013-sk1-2014-04	API error for R49/2013/r049-2013-sk1-2014-04: {"error" => {"code" => "1113", "message" => "Insufficient balance or no resource package. Please recharge."}}
2026-10-06 22:14:25 +0800	R49/2013/r049-2013-sk1-2014-05	API error for R49/2013/r049-2013-sk1-2014-05: {"error" => {"code" => "1113", "message" => "Insufficient balance or no resource package. Please recharge."}}
2026-10-06 22:14:25 +0800	R49/2013/r049-2013-sk1-2016-01	API error for R49/2013/r049-2013-sk1-2016-01: {"error" => {"code" => "1113", "message" => "Insufficient balance or no resource package. Please recharge."}}
2026-10-06 22:14:25 +0800	R49/2013/r049-2013-sk1-2016-02-rev1	API error for R49/2013/r049-2013-sk1-2016-02-rev1: {"error" => {"code" => "1113", "message" => "Insufficient balance or no resource package. Please recharge."}}
2026-10-06 22:14:25 +0800	R49/2013/r049-2013-sk1-2016-02	API error for R49/2013/r049-2013-sk1-2016-02: {"error" => {"code" => "1113", "message" => "Insufficient balance or no resource package. Please recharge."}}
2026-10-06 22:14:25 +0800	R49/2013/r049-2013-sk1-2016-03-rev1	API error for R49/2013/r049-2013-sk1-2016-03-rev1: {"error" => {"code" => "1113", "message" => "Insufficient balance or no resource package. Please recharge."}}
2026-10-06 22:14:25 +0800	R49/2013/r049-2013-sk1-2016-03	API error for R49/2013/r049-2013-sk1-2016-03: {"error" => {"code" => "1113", "message" => "Insufficient balance or no resource package. Please recharge."}}
2026-10-06 22:14:25 +0800	R49/2013/r049-2013-sk1-2016-04	API error for R49/2013/r049-2013-sk1-2016-04: {"error" => {"code" => "1113", "message" => "Insufficient balance or no resource package. Please recharge."}}
2026-10-06 22:14:25 +0800	R49/2013/r049-2013-sk1-2017-01	API error for R49/2013/r049-2013-sk1-2017-01: {"error" => {"code" => "1113", "message" => "Insufficient balance or no resource package. Please recharge."}}
2026-10-06 22:14:25 +0800	R49/2013/r049-2013-sk1-2017-02	API error for R49/2013/r049-2013-sk1-2017-02: {"error" => {"code" => "1113", "message" => "Insufficient balance or no resource package. Please recharge."}}
2026-10-06 22:14:25 +0800	R49/2013/r049-2013-sk1-2018-01	API error for R49/2013/r049-2013-sk1-2018-01: {"error" => {"code" => "1113", "message" => "Insufficient balance or no resource package. Please recharge."}}
2026-10-06 22:14:25 +0800	R49/2013/r049-2013-sk1-2018-02	API error for R49/2013/r049-2013-sk1-2018-02: {"error" => {"code" => "1113", "message" => "Insufficient balance or no resource package. Please recharge."}}
2026-10-06 22:14:25 +0800	R49/2013/r049-2013-sk1-2018-03	API error for R49/2013/r049-2013-sk1-2018-03: {"error" => {"code" => "1113", "message" => "Insufficient balance or no resource package. Please recharge."}}
2026-10-06 22:14:25 +0800	R49/2013/r049-2013-sk1-2020-01	API error for R49/2013/r049-2013-sk1-2020-01: {"error" => {"code" => "1113", "message" => "Insufficient balance or no resource package. Please recharge."}}
2026-10-06 22:14:25 +0800	R49/2013/r049-2013-sk1-2020-02	API error for R49/2013/r049-2013-sk1-2020-02: {"error" => {"code" => "1113", "message" => "Insufficient balance or no resource package. Please recharge."}}
2026-10-06 22:14:25 +0800	R49/2013/r049-2013-sk1-2021-01	API error for R49/2013/r049-2013-sk1-2021-01: {"error" => {"code" => "1113", "message" => "Insufficient balance or no resource package. Please recharge."}}
2026-10-06 22:14:25 +0800	R49/2013/r049-2013-sk1-2022-01	API error for R49/2013/r049-2013-sk1-2022-01: {"error" => {"code" => "1113", "message" => "Insufficient balance or no resource package. Please recharge."}}
2026-10-06 22:14:25 +0800	R49/2013/r49-2013-cz1-2015-01-annex2	API error for R49/2013/r49-2013-cz1-2015-01-annex2: {"error" => {"code" => "1113", "message" => "Insufficient balance or no resource package. Please recharge."}}
2026-10-06 22:14:25 +0800	R49/2013/r049-2013-sk1-2022-02	API error for R49/2013/r049-2013-sk1-2022-02: {"error" => {"code" => "1113", "message" => "Insufficient balance or no resource package. Please recharge."}}
2026-10-06 22:14:25 +0800	R49/2013/r49-2013-cz1-2017-01-annex1	API error for R49/2013/r49-2013-cz1-2017-01-annex1: {"error" => {"code" => "1113", "message" => "Insufficient balance or no resource package. Please recharge."}}
2026-10-06 22:14:25 +0800	R49/2013/r49-2013-cz1-2017-06-annex2	API error for R49/2013/r49-2013-cz1-2017-06-annex2: {"error" => {"code" => "1113", "message" => "Insufficient balance or no resource package. Please recharge."}}
2026-10-06 22:14:25 +0800	R49/2013/r49-2013-cz1-2020-01-rev3	API error for R49/2013/r49-2013-cz1-2020-01-rev3: {"error" => {"code" => "1113", "message" => "Insufficient balance or no resource package. Please recharge."}}
2026-10-06 22:14:25 +0800	R49/2013/r49-2013-cz1-2020-01-rev2	API error for R49/2013/r49-2013-cz1-2020-01-rev2: {"error" => {"code" => "1113", "message" => "Insufficient balance or no resource package. Please recharge."}}
2026-10-06 22:14:25 +0800	R49/2013/r49-2013-cz1-2020-02	API error for R49/2013/r49-2013-cz1-2020-02: {"error" => {"code" => "1113", "message" => "Insufficient balance or no resource package. Please recharge."}}
2026-10-06 22:14:25 +0800	R49/2013/r49-2013-cz1-2020-03	API error for R49/2013/r49-2013-cz1-2020-03: {"error" => {"code" => "1113", "message" => "Insufficient balance or no resource package. Please recharge."}}
2026-10-06 22:14:25 +0800	R49/2013/r49-2013-cz1-2021-06-rev1	API error for R49/2013/r49-2013-cz1-2021-06-rev1: {"error" => {"code" => "1113", "message" => "Insufficient balance or no resource package. Please recharge."}}
2026-10-06 22:14:25 +0800	R49/2013/r49-2013-cz1-2021-01-rev1	API error for R49/2013/r49-2013-cz1-2021-01-rev1: {"error" => {"code" => "1113", "message" => "Insufficient balance or no resource package. Please recharge."}}
2026-10-06 22:14:25 +0800	R49/2013/r49-2013-cz1-2021-01-rev2	API error for R49/2013/r49-2013-cz1-2021-01-rev2: {"error" => {"code" => "1113", "message" => "Insufficient balance or no resource package. Please recharge."}}
2026-10-06 22:14:25 +0800	R49/2013/r49-2013-cz1-2021-07-rev1	API error for R49/2013/r49-2013-cz1-2021-07-rev1: {"error" => {"code" => "1113", "message" => "Insufficient balance or no resource package. Please recharge."}}
2026-10-06 22:14:25 +0800	R49/2013/r49-2013-cz1-2022-02-rev1	API error for R49/2013/r49-2013-cz1-2022-02-rev1: {"error" => {"code" => "1113", "message" => "Insufficient balance or no resource package. Please recharge."}}
2026-10-06 22:14:25 +0800	R49/2013/r49-2013-cz1-2022-02-rev2	API error for R49/2013/r49-2013-cz1-2022-02-rev2: {"error" => {"code" => "1113", "message" => "Insufficient balance or no resource package. Please recharge."}}
2026-10-06 22:14:25 +0800	R49/2013/r49-2013-cz1-2021-07-rev2	API error for R49/2013/r49-2013-cz1-2021-07-rev2: {"error" => {"code" => "1113", "message" => "Insufficient balance or no resource package. Please recharge."}}
2026-10-06 22:14:25 +0800	R49/2013/r49-2013-cz1-2022-02-rev3	API error for R49/2013/r49-2013-cz1-2022-02-rev3: {"error" => {"code" => "1113", "message" => "Insufficient balance or no resource package. Please recharge."}}
2026-10-06 22:14:25 +0800	R49/2013/r49-2013-cz1-2022-02-rev4	API error for R49/2013/r49-2013-cz1-2022-02-rev4: {"error" => {"code" => "1113", "message" => "Insufficient balance or no resource package. Please recharge."}}
2026-10-06 22:14:25 +0800	R49/2013/r49-2013-cz1-2022-02-rev5	API error for R49/2013/r49-2013-cz1-2022-02-rev5: {"error" => {"code" => "1113", "message" => "Insufficient balance or no resource package. Please recharge."}}
2026-10-06 22:14:25 +0800	R49/2013/r49-2013-cz1-2023-01	API error for R49/2013/r49-2013-cz1-2023-01: {"error" => {"code" => "1113", "message" => "Insufficient balance or no resource package. Please recharge."}}
2026-10-06 22:14:25 +0800	R49/2013/r49-2013-cz1-2023-02-rev1	API error for R49/2013/r49-2013-cz1-2023-02-rev1: {"error" => {"code" => "1113", "message" => "Insufficient balance or no resource package. Please recharge."}}
2026-10-06 22:14:25 +0800	R49/2013/r49-2013-cz1-2023-02	API error for R49/2013/r49-2013-cz1-2023-02: {"error" => {"code" => "1113", "message" => "Insufficient balance or no resource package. Please recharge."}}
2026-10-06 22:14:25 +0800	R49/2013/r49-2013-cz1-2024-01-rev1	API error for R49/2013/r49-2013-cz1-2024-01-rev1: {"error" => {"code" => "1113", "message" => "Insufficient balance or no resource package. Please recharge."}}
2026-10-06 22:14:25 +0800	R49/2013/r49-2013-cz1-2023-03	API error for R49/2013/r49-2013-cz1-2023-03: {"error" => {"code" => "1113", "message" => "Insufficient balance or no resource package. Please recharge."}}
2026-10-06 22:14:25 +0800	R49/2013/r49-2013-cz1-2024-02-rev1	API error for R49/2013/r49-2013-cz1-2024-02-rev1: {"error" => {"code" => "1113", "message" => "Insufficient balance or no resource package. Please recharge."}}
2026-10-06 22:14:25 +0800	R49/2013/r49-2013-cz1-2024-02-rev2	API error for R49/2013/r49-2013-cz1-2024-02-rev2: {"error" => {"code" => "1113", "message" => "Insufficient balance or no resource package. Please recharge."}}
2026-10-06 22:14:25 +0800	R49/2013/r49-2013-cz1-2024-02	API error for R49/2013/r49-2013-cz1-2024-02: {"error" => {"code" => "1113", "message" => "Insufficient balance or no resource package. Please recharge."}}
2026-10-06 22:14:25 +0800	R49/2013/r49-2013-cz1-2024-02-rev3	API error for R49/2013/r49-2013-cz1-2024-02-rev3: {"error" => {"code" => "1113", "message" => "Insufficient balance or no resource package. Please recharge."}}
2026-10-06 22:14:25 +0800	R49/2013/r49-2013-cz1-2024-04-rev2	API error for R49/2013/r49-2013-cz1-2024-04-rev2: {"error" => {"code" => "1113", "message" => "Insufficient balance or no resource package. Please recharge."}}
2026-10-06 22:14:25 +0800	R49/2013/r49-2013-cz1-2024-04-rev3	API error for R49/2013/r49-2013-cz1-2024-04-rev3: {"error" => {"code" => "1113", "message" => "Insufficient balance or no resource package. Please recharge."}}
2026-10-06 22:14:25 +0800	R49/2013/r49-2013-cz1-2024-06-rev1	API error for R49/2013/r49-2013-cz1-2024-06-rev1: {"error" => {"code" => "1113", "message" => "Insufficient balance or no resource package. Please recharge."}}
2026-10-06 22:14:25 +0800	R49/2013/r49-2013-cz1-2024-05	API error for R49/2013/r49-2013-cz1-2024-05: {"error" => {"code" => "1113", "message" => "Insufficient balance or no resource package. Please recharge."}}
2026-10-06 22:14:25 +0800	R49/2013/r49-2013-cz1-2024-06	API error for R49/2013/r49-2013-cz1-2024-06: {"error" => {"code" => "1113", "message" => "Insufficient balance or no resource package. Please recharge."}}
2026-10-06 22:14:25 +0800	R49/2013/r49-2013-cz1-2024-07	API error for R49/2013/r49-2013-cz1-2024-07: {"error" => {"code" => "1113", "message" => "Insufficient balance or no resource package. Please recharge."}}
2026-10-06 22:14:25 +0800	R49/2013/r49-2013-cz1-2025-01-rev1	API error for R49/2013/r49-2013-cz1-2025-01-rev1: {"error" => {"code" => "1113", "message" => "Insufficient balance or no resource package. Please recharge."}}
2026-10-06 22:14:25 +0800	R49/2013/r49-2013-cz1-2025-01	API error for R49/2013/r49-2013-cz1-2025-01: {"error" => {"code" => "1113", "message" => "Insufficient balance or no resource package. Please recharge."}}
2026-10-06 22:14:25 +0800	R49/2013/r49-2013-cz1-2025-03	API error for R49/2013/r49-2013-cz1-2025-03: {"error" => {"code" => "1113", "message" => "Insufficient balance or no resource package. Please recharge."}}
2026-10-06 22:14:25 +0800	R49/2013/r49-2013-cz1-2025-04	API error for R49/2013/r49-2013-cz1-2025-04: {"error" => {"code" => "1113", "message" => "Insufficient balance or no resource package. Please recharge."}}
2026-10-06 22:14:25 +0800	R49/2013/r49-2013-cz1-2026-01	API error for R49/2013/r49-2013-cz1-2026-01: {"error" => {"code" => "1113", "message" => "Insufficient balance or no resource package. Please recharge."}}
2026-10-06 22:14:25 +0800	R49/2013/r49-2013-cz1-2025-07	API error for R49/2013/r49-2013-cz1-2025-07: {"error" => {"code" => "1113", "message" => "Insufficient balance or no resource package. Please recharge."}}
2026-10-06 22:14:25 +0800	R49/2013/r49-2013-cz1-2026-02	API error for R49/2013/r49-2013-cz1-2026-02: {"error" => {"code" => "1113", "message" => "Insufficient balance or no resource package. Please recharge."}}
2026-10-06 22:14:25 +0800	R49/2013/r49-2013-de1-2023-01	API error for R49/2013/r49-2013-de1-2023-01: {"error" => {"code" => "1113", "message" => "Insufficient balance or no resource package. Please recharge."}}
2026-10-06 22:14:25 +0800	R49/2013/r49-2013-de1-2024-02	API error for R49/2013/r49-2013-de1-2024-02: {"error" => {"code" => "1113", "message" => "Insufficient balance or no resource package. Please recharge."}}
2026-10-06 22:14:25 +0800	R49/2013/r49-2013-de1-2024-01	API error for R49/2013/r49-2013-de1-2024-01: {"error" => {"code" => "1113", "message" => "Insufficient balance or no resource package. Please recharge."}}
2026-10-06 22:14:25 +0800	R49/2013/r49-2013-de1-2024-03	API error for R49/2013/r49-2013-de1-2024-03: {"error" => {"code" => "1113", "message" => "Insufficient balance or no resource package. Please recharge."}}
2026-10-06 22:14:25 +0800	R49/2013/r49-2013-dk2-2022-02-rev1	API error for R49/2013/r49-2013-dk2-2022-02-rev1: {"error" => {"code" => "1113", "message" => "Insufficient balance or no resource package. Please recharge."}}
2026-10-06 22:14:25 +0800	R49/2013/r49-2013-dk2-2021-04-rev5	API error for R49/2013/r49-2013-dk2-2021-04-rev5: {"error" => {"code" => "1113", "message" => "Insufficient balance or no resource package. Please recharge."}}
2026-10-06 22:14:25 +0800	R49/2013/r49-2013-dk2-2025-01-rev2	API error for R49/2013/r49-2013-dk2-2025-01-rev2: {"error" => {"code" => "1113", "message" => "Insufficient balance or no resource package. Please recharge."}}
2026-10-06 22:14:25 +0800	R49/2013/r49-2013-dk2-2025-03	API error for R49/2013/r49-2013-dk2-2025-03: {"error" => {"code" => "1113", "message" => "Insufficient balance or no resource package. Please recharge."}}
2026-10-06 22:14:25 +0800	R49/2013/r49-2013-dk2-2025-02-rev2	API error for R49/2013/r49-2013-dk2-2025-02-rev2: {"error" => {"code" => "1113", "message" => "Insufficient balance or no resource package. Please recharge."}}
2026-10-06 22:14:25 +0800	R49/2013/r49-2013-fr2-2022-02-rev0	API error for R49/2013/r49-2013-fr2-2022-02-rev0: {"error" => {"code" => "1113", "message" => "Insufficient balance or no resource package. Please recharge."}}
2026-10-06 22:14:25 +0800	R49/2013/r49-2013-fr2-2022-01-rev0	API error for R49/2013/r49-2013-fr2-2022-01-rev0: {"error" => {"code" => "1113", "message" => "Insufficient balance or no resource package. Please recharge."}}
2026-10-06 22:14:25 +0800	R49/2013/r49-2013-fr2-2023-02-rev0	API error for R49/2013/r49-2013-fr2-2023-02-rev0: {"error" => {"code" => "1113", "message" => "Insufficient balance or no resource package. Please recharge."}}
2026-10-06 22:14:25 +0800	R49/2013/r49-2013-fr2-2023-01-rev0	API error for R49/2013/r49-2013-fr2-2023-01-rev0: {"error" => {"code" => "1113", "message" => "Insufficient balance or no resource package. Please recharge."}}
2026-10-06 22:14:25 +0800	R49/2013/r49-2013-fr2-2022-03-rev2	API error for R49/2013/r49-2013-fr2-2022-03-rev2: {"error" => {"code" => "1113", "message" => "Insufficient balance or no resource package. Please recharge."}}
2026-10-06 22:14:25 +0800	R49/2013/r49-2013-fr2-2022-03-rev0	API error for R49/2013/r49-2013-fr2-2022-03-rev0: {"error" => {"code" => "1113", "message" => "Insufficient balance or no resource package. Please recharge."}}
2026-10-06 22:14:25 +0800	R49/2013/r49-2013-fr2-2023-03-rev0	API error for R49/2013/r49-2013-fr2-2023-03-rev0: {"error" => {"code" => "1113", "message" => "Insufficient balance or no resource package. Please recharge."}}
2026-10-06 22:14:25 +0800	R49/2013/r49-2013-fr2-2023-04-rev0	API error for R49/2013/r49-2013-fr2-2023-04-rev0: {"error" => {"code" => "1113", "message" => "Insufficient balance or no resource package. Please recharge."}}
2026-10-06 22:14:25 +0800	R49/2013/r49-2013-fr2-2023-05-rev3	API error for R49/2013/r49-2013-fr2-2023-05-rev3: {"error" => {"code" => "1113", "message" => "Insufficient balance or no resource package. Please recharge."}}
2026-10-06 22:14:25 +0800	R49/2013/r49-2013-fr2-2023-05-rev1	API error for R49/2013/r49-2013-fr2-2023-05-rev1: {"error" => {"code" => "1113", "message" => "Insufficient balance or no resource package. Please recharge."}}
2026-10-06 22:14:25 +0800	R49/2013/r49-2013-fr2-2023-05-rev4	API error for R49/2013/r49-2013-fr2-2023-05-rev4: {"error" => {"code" => "1113", "message" => "Insufficient balance or no resource package. Please recharge."}}
2026-10-06 22:14:25 +0800	R49/2013/r49-2013-nl1-2019-01-rev3	API error for R49/2013/r49-2013-nl1-2019-01-rev3: {"error" => {"code" => "1113", "message" => "Insufficient balance or no resource package. Please recharge."}}
2026-10-06 22:14:25 +0800	R49/2013/r49-2013-nl1-2019-01-rev5	API error for R49/2013/r49-2013-nl1-2019-01-rev5: {"error" => {"code" => "1113", "message" => "Insufficient balance or no resource package. Please recharge."}}
2026-10-06 22:14:25 +0800	R49/2013/r49-2013-nl1-2019-01-rev4	API error for R49/2013/r49-2013-nl1-2019-01-rev4: {"error" => {"code" => "1113", "message" => "Insufficient balance or no resource package. Please recharge."}}
2026-10-06 22:14:25 +0800	R49/2013/r49-2013-nl1-2019-02-rev1	API error for R49/2013/r49-2013-nl1-2019-02-rev1: {"error" => {"code" => "1113", "message" => "Insufficient balance or no resource package. Please recharge."}}
2026-10-06 22:14:25 +0800	R49/2013/r49-2013-nl1-2019-02-rev2	API error for R49/2013/r49-2013-nl1-2019-02-rev2: {"error" => {"code" => "1113", "message" => "Insufficient balance or no resource package. Please recharge."}}
2026-10-06 22:14:25 +0800	R49/2013/r49-2013-nl1-2019-02-rev3	API error for R49/2013/r49-2013-nl1-2019-02-rev3: {"error" => {"code" => "1113", "message" => "Insufficient balance or no resource package. Please recharge."}}
2026-10-06 22:14:25 +0800	R49/2013/r49-2013-nl1-2019-06-rev2	API error for R49/2013/r49-2013-nl1-2019-06-rev2: {"error" => {"code" => "1113", "message" => "Insufficient balance or no resource package. Please recharge."}}
2026-10-06 22:14:25 +0800	R49/2013/r49-2013-nl1-2019-06-rev3	API error for R49/2013/r49-2013-nl1-2019-06-rev3: {"error" => {"code" => "1113", "message" => "Insufficient balance or no resource package. Please recharge."}}
2026-10-06 22:14:25 +0800	R49/2013/r49-2013-nl1-2019-06-rev4	API error for R49/2013/r49-2013-nl1-2019-06-rev4: {"error" => {"code" => "1113", "message" => "Insufficient balance or no resource package. Please recharge."}}
2026-10-06 22:14:25 +0800	R49/2013/r49-2013-nl1-2020-01-rev10	API error for R49/2013/r49-2013-nl1-2020-01-rev10: {"error" => {"code" => "1113", "message" => "Insufficient balance or no resource package. Please recharge."}}
2026-10-06 22:14:25 +0800	R49/2013/r49-2013-nl1-2020-01-rev11	API error for R49/2013/r49-2013-nl1-2020-01-rev11: {"error" => {"code" => "1113", "message" => "Insufficient balance or no resource package. Please recharge."}}
2026-10-06 22:14:25 +0800	R49/2013/r49-2013-nl1-2020-01-rev12	API error for R49/2013/r49-2013-nl1-2020-01-rev12: {"error" => {"code" => "1113", "message" => "Insufficient balance or no resource package. Please recharge."}}
2026-10-06 22:14:25 +0800	R49/2013/r49-2013-nl1-2020-01-rev13	API error for R49/2013/r49-2013-nl1-2020-01-rev13: {"error" => {"code" => "1113", "message" => "Insufficient balance or no resource package. Please recharge."}}
2026-10-06 22:14:25 +0800	R49/2013/r49-2013-nl1-2020-01-rev15	API error for R49/2013/r49-2013-nl1-2020-01-rev15: {"error" => {"code" => "1113", "message" => "Insufficient balance or no resource package. Please recharge."}}
2026-10-06 22:14:25 +0800	R49/2013/r49-2013-nl1-2020-01-rev14	API error for R49/2013/r49-2013-nl1-2020-01-rev14: {"error" => {"code" => "1113", "message" => "Insufficient balance or no resource package. Please recharge."}}
2026-10-06 22:14:25 +0800	R49/2013/r49-2013-nl1-2020-01-rev7	API error for R49/2013/r49-2013-nl1-2020-01-rev7: {"error" => {"code" => "1113", "message" => "Insufficient balance or no resource package. Please recharge."}}
2026-10-06 22:14:25 +0800	R49/2013/r49-2013-nl1-2020-01-rev8	API error for R49/2013/r49-2013-nl1-2020-01-rev8: {"error" => {"code" => "1113", "message" => "Insufficient balance or no resource package. Please recharge."}}
2026-10-06 22:14:25 +0800	R49/2013/r49-2013-nl1-2020-02-rev2	API error for R49/2013/r49-2013-nl1-2020-02-rev2: {"error" => {"code" => "1113", "message" => "Insufficient balance or no resource package. Please recharge."}}
2026-10-06 22:14:25 +0800	R49/2013/r49-2013-nl1-2020-01-rev9	API error for R49/2013/r49-2013-nl1-2020-01-rev9: {"error" => {"code" => "1113", "message" => "Insufficient balance or no resource package. Please recharge."}}
2026-10-06 22:14:25 +0800	R49/2013/r49-2013-nl1-2020-02-rev3	API error for R49/2013/r49-2013-nl1-2020-02-rev3: {"error" => {"code" => "1113", "message" => "Insufficient balance or no resource package. Please recharge."}}
2026-10-06 22:14:25 +0800	R49/2013/r49-2013-nl1-2021-02-rev3	API error for R49/2013/r49-2013-nl1-2021-02-rev3: {"error" => {"code" => "1113", "message" => "Insufficient balance or no resource package. Please recharge."}}
2026-10-06 22:14:25 +0800	R49/2013/r49-2013-nl1-2021-02-rev2	API error for R49/2013/r49-2013-nl1-2021-02-rev2: {"error" => {"code" => "1113", "message" => "Insufficient balance or no resource package. Please recharge."}}
2026-10-06 22:14:25 +0800	R49/2013/r49-2013-nl1-2021-02-rev4	API error for R49/2013/r49-2013-nl1-2021-02-rev4: {"error" => {"code" => "1113", "message" => "Insufficient balance or no resource package. Please recharge."}}
2026-10-06 22:14:25 +0800	R49/2013/r49-2013-nl1-2021-03-rev10	API error for R49/2013/r49-2013-nl1-2021-03-rev10: {"error" => {"code" => "1113", "message" => "Insufficient balance or no resource package. Please recharge."}}
2026-10-06 22:14:25 +0800	R49/2013/r49-2013-nl1-2021-03-rev2	API error for R49/2013/r49-2013-nl1-2021-03-rev2: {"error" => {"code" => "1113", "message" => "Insufficient balance or no resource package. Please recharge."}}
2026-10-06 22:14:25 +0800	R49/2013/r49-2013-nl1-2021-03-rev3	API error for R49/2013/r49-2013-nl1-2021-03-rev3: {"error" => {"code" => "1113", "message" => "Insufficient balance or no resource package. Please recharge."}}
2026-10-06 22:14:25 +0800	R49/2013/r49-2013-nl1-2021-03-rev4	API error for R49/2013/r49-2013-nl1-2021-03-rev4: {"error" => {"code" => "1113", "message" => "Insufficient balance or no resource package. Please recharge."}}
2026-10-06 22:14:25 +0800	R49/2013/r49-2013-nl1-2021-03-rev5	API error for R49/2013/r49-2013-nl1-2021-03-rev5: {"error" => {"code" => "1113", "message" => "Insufficient balance or no resource package. Please recharge."}}
2026-10-06 22:14:25 +0800	R49/2013/r49-2013-nl1-2021-03-rev6	API error for R49/2013/r49-2013-nl1-2021-03-rev6: {"error" => {"code" => "1113", "message" => "Insufficient balance or no resource package. Please recharge."}}
2026-10-06 22:14:25 +0800	R49/2013/r49-2013-nl1-2021-03-rev7	API error for R49/2013/r49-2013-nl1-2021-03-rev7: {"error" => {"code" => "1113", "message" => "Insufficient balance or no resource package. Please recharge."}}
2026-10-06 22:14:25 +0800	R49/2013/r49-2013-nl1-2021-03-rev8	API error for R49/2013/r49-2013-nl1-2021-03-rev8: {"error" => {"code" => "1113", "message" => "Insufficient balance or no resource package. Please recharge."}}
2026-10-06 22:14:25 +0800	R49/2013/r49-2013-nl1-2021-04-rev2	API error for R49/2013/r49-2013-nl1-2021-04-rev2: {"error" => {"code" => "1113", "message" => "Insufficient balance or no resource package. Please recharge."}}
2026-10-06 22:14:25 +0800	R49/2013/r49-2013-nl1-2021-04-rev4	API error for R49/2013/r49-2013-nl1-2021-04-rev4: {"error" => {"code" => "1113", "message" => "Insufficient balance or no resource package. Please recharge."}}
2026-10-06 22:14:25 +0800	R49/2013/r49-2013-nl1-2021-04-rev3	API error for R49/2013/r49-2013-nl1-2021-04-rev3: {"error" => {"code" => "1113", "message" => "Insufficient balance or no resource package. Please recharge."}}
2026-10-06 22:14:25 +0800	R49/2013/r49-2013-nl1-2021-03-rev9	API error for R49/2013/r49-2013-nl1-2021-03-rev9: {"error" => {"code" => "1113", "message" => "Insufficient balance or no resource package. Please recharge."}}
2026-10-06 22:14:25 +0800	R49/2013/r49-2013-nl1-2024-02-rev0	API error for R49/2013/r49-2013-nl1-2024-02-rev0: {"error" => {"code" => "1113", "message" => "Insufficient balance or no resource package. Please recharge."}}
2026-10-06 22:14:25 +0800	R49/2013/r49-2013-nl1-2021-05-rev3	API error for R49/2013/r49-2013-nl1-2021-05-rev3: {"error" => {"code" => "1113", "message" => "Insufficient balance or no resource package. Please recharge."}}
2026-10-06 22:14:25 +0800	R49/2013/r49-2013-nl1-2022-02-rev1	API error for R49/2013/r49-2013-nl1-2022-02-rev1: {"error" => {"code" => "1113", "message" => "Insufficient balance or no resource package. Please recharge."}}
2026-10-06 22:14:25 +0800	R49/2013/r49-2013-nl1-2022-01-rev1	API error for R49/2013/r49-2013-nl1-2022-01-rev1: {"error" => {"code" => "1113", "message" => "Insufficient balance or no resource package. Please recharge."}}
2026-10-06 22:14:25 +0800	R49/2013/r49-2013-nl1-2025-01-rev0	API error for R49/2013/r49-2013-nl1-2025-01-rev0: {"error" => {"code" => "1113", "message" => "Insufficient balance or no resource package. Please recharge."}}
2026-10-06 22:14:25 +0800	R49/2013/r49-2013-nl1-2025-02-rev0	API error for R49/2013/r49-2013-nl1-2025-02-rev0: {"error" => {"code" => "1113", "message" => "Insufficient balance or no resource package. Please recharge."}}
2026-10-06 22:14:25 +0800	R49/2013/r49-2013-nl1-2026-01-rev0	API error for R49/2013/r49-2013-nl1-2026-01-rev0: {"error" => {"code" => "1113", "message" => "Insufficient balance or no resource package. Please recharge."}}
2026-10-06 22:14:25 +0800	R49/2013/r49-2013-nl1-2026-09-rev0	API error for R49/2013/r49-2013-nl1-2026-09-rev0: {"error" => {"code" => "1113", "message" => "Insufficient balance or no resource package. Please recharge."}}
2026-10-06 22:14:25 +0800	R49/2013/r49-2013-sk1-2020-02-rev1	API error for R49/2013/r49-2013-sk1-2020-02-rev1: {"error" => {"code" => "1113", "message" => "Insufficient balance or no resource package. Please recharge."}}
2026-10-06 22:14:25 +0800	R49/2013/r49-2013-sk1-2023-01	API error for R49/2013/r49-2013-sk1-2023-01: {"error" => {"code" => "1113", "message" => "Insufficient balance or no resource package. Please recharge."}}
2026-10-06 22:14:25 +0800	R49/2013/r49-2013-sk1-2023-02-rev1	API error for R49/2013/r49-2013-sk1-2023-02-rev1: {"error" => {"code" => "1113", "message" => "Insufficient balance or no resource package. Please recharge."}}
2026-10-06 22:14:25 +0800	R49/2013/r49-2013-sk1-2023-02-rev3	API error for R49/2013/r49-2013-sk1-2023-02-rev3: {"error" => {"code" => "1113", "message" => "Insufficient balance or no resource package. Please recharge."}}
2026-10-06 22:14:25 +0800	R49/2013/r49-2013-sk1-2023-02	API error for R49/2013/r49-2013-sk1-2023-02: {"error" => {"code" => "1113", "message" => "Insufficient balance or no resource package. Please recharge."}}
2026-10-06 22:14:25 +0800	R49/2013/r49-2013-sk1-2023-03-rev1	API error for R49/2013/r49-2013-sk1-2023-03-rev1: {"error" => {"code" => "1113", "message" => "Insufficient balance or no resource package. Please recharge."}}
2026-10-06 22:14:25 +0800	R49/2013/r49-2013-sk1-2023-04-rev2	API error for R49/2013/r49-2013-sk1-2023-04-rev2: {"error" => {"code" => "1113", "message" => "Insufficient balance or no resource package. Please recharge."}}
2026-10-06 22:14:25 +0800	R49/2013/r49-2013-sk1-2023-03	API error for R49/2013/r49-2013-sk1-2023-03: {"error" => {"code" => "1113", "message" => "Insufficient balance or no resource package. Please recharge."}}
2026-10-06 22:14:25 +0800	R49/2013/r49-2013-sk1-2023-04-rev3	API error for R49/2013/r49-2013-sk1-2023-04-rev3: {"error" => {"code" => "1113", "message" => "Insufficient balance or no resource package. Please recharge."}}
2026-10-06 22:14:25 +0800	R49/2013/r49-2013-sk1-2023-04	API error for R49/2013/r49-2013-sk1-2023-04: {"error" => {"code" => "1113", "message" => "Insufficient balance or no resource package. Please recharge."}}
2026-10-06 22:14:25 +0800	R49/2013/r49-2013-sk1-2023-06	API error for R49/2013/r49-2013-sk1-2023-06: {"error" => {"code" => "1113", "message" => "Insufficient balance or no resource package. Please recharge."}}
2026-10-06 22:14:25 +0800	R49/2013/r49-2013-sk1-2023-05	API error for R49/2013/r49-2013-sk1-2023-05: {"error" => {"code" => "1113", "message" => "Insufficient balance or no resource package. Please recharge."}}
2026-10-06 22:14:25 +0800	R49/2013/r49-2013-sk1-2024-01-rev1	API error for R49/2013/r49-2013-sk1-2024-01-rev1: {"error" => {"code" => "1113", "message" => "Insufficient balance or no resource package. Please recharge."}}
2026-10-06 22:14:25 +0800	R49/2013/r49-2013-sk1-2024-02	API error for R49/2013/r49-2013-sk1-2024-02: {"error" => {"code" => "1113", "message" => "Insufficient balance or no resource package. Please recharge."}}
2026-10-06 22:14:25 +0800	R49/2013/r49-2013-sk1-2024-01-rev2	API error for R49/2013/r49-2013-sk1-2024-01-rev2: {"error" => {"code" => "1113", "message" => "Insufficient balance or no resource package. Please recharge."}}
2026-10-06 22:14:25 +0800	R49/2013/r49-2013-sk1-2024-01	API error for R49/2013/r49-2013-sk1-2024-01: {"error" => {"code" => "1113", "message" => "Insufficient balance or no resource package. Please recharge."}}
2026-10-06 22:14:25 +0800	R49/2013/r49-2013-sk1-2024-03-rev1	API error for R49/2013/r49-2013-sk1-2024-03-rev1: {"error" => {"code" => "1113", "message" => "Insufficient balance or no resource package. Please recharge."}}
2026-10-06 22:14:25 +0800	R49/2013/r49-2013-sk1-2024-03	API error for R49/2013/r49-2013-sk1-2024-03: {"error" => {"code" => "1113", "message" => "Insufficient balance or no resource package. Please recharge."}}
2026-10-06 22:14:25 +0800	R49/2013/r49-2013-sk1-2024-03-rev2	API error for R49/2013/r49-2013-sk1-2024-03-rev2: {"error" => {"code" => "1113", "message" => "Insufficient balance or no resource package. Please recharge."}}
2026-10-06 22:14:25 +0800	R49/2013/r49-2013-sk1-2024-04	API error for R49/2013/r49-2013-sk1-2024-04: {"error" => {"code" => "1113", "message" => "Insufficient balance or no resource package. Please recharge."}}
2026-10-06 22:14:25 +0800	R49/2013/r49-2013-sk1-2024-05	API error for R49/2013/r49-2013-sk1-2024-05: {"error" => {"code" => "1113", "message" => "Insufficient balance or no resource package. Please recharge."}}
2026-10-06 22:14:25 +0800	R49/2013/r49-2013-sk1-2024-07-rev1	API error for R49/2013/r49-2013-sk1-2024-07-rev1: {"error" => {"code" => "1113", "message" => "Insufficient balance or no resource package. Please recharge."}}
2026-10-06 22:14:25 +0800	R49/2013/r49-2013-sk1-2024-06	API error for R49/2013/r49-2013-sk1-2024-06: {"error" => {"code" => "1113", "message" => "Insufficient balance or no resource package. Please recharge."}}
2026-10-06 22:14:25 +0800	R49/2013/r49-2013-sk1-2024-07	API error for R49/2013/r49-2013-sk1-2024-07: {"error" => {"code" => "1113", "message" => "Insufficient balance or no resource package. Please recharge."}}
2026-10-06 22:14:25 +0800	R49/2013/r49-2013-sk1-2025-01	API error for R49/2013/r49-2013-sk1-2025-01: {"error" => {"code" => "1113", "message" => "Insufficient balance or no resource package. Please recharge."}}
2026-10-06 22:14:25 +0800	R49/2013/r49-2013-sk1-2025-03	API error for R49/2013/r49-2013-sk1-2025-03: {"error" => {"code" => "1113", "message" => "Insufficient balance or no resource package. Please recharge."}}
2026-10-06 22:14:25 +0800	R49/2013/r49-2013-sk1-2025-02	API error for R49/2013/r49-2013-sk1-2025-02: {"error" => {"code" => "1113", "message" => "Insufficient balance or no resource package. Please recharge."}}
2026-10-06 22:14:25 +0800	R49/2013/r49-2013-sk1-2025-04	API error for R49/2013/r49-2013-sk1-2025-04: {"error" => {"code" => "1113", "message" => "Insufficient balance or no resource package. Please recharge."}}
2026-10-06 22:14:25 +0800	R49/2013/r49-2013-sk1-2025-05	API error for R49/2013/r49-2013-sk1-2025-05: {"error" => {"code" => "1113", "message" => "Insufficient balance or no resource package. Please recharge."}}
2026-10-06 22:14:25 +0800	R49/2013/r49-2013-sk1-2025-06	API error for R49/2013/r49-2013-sk1-2025-06: {"error" => {"code" => "1113", "message" => "Insufficient balance or no resource package. Please recharge."}}
2026-10-06 22:14:25 +0800	R49/2013/r49-2013-sk1-2025-07	API error for R49/2013/r49-2013-sk1-2025-07: {"error" => {"code" => "1113", "message" => "Insufficient balance or no resource package. Please recharge."}}
2026-10-06 22:14:25 +0800	R49/2013/r49-2013-sk1-2025-08	API error for R49/2013/r49-2013-sk1-2025-08: {"error" => {"code" => "1113", "message" => "Insufficient balance or no resource package. Please recharge."}}
2026-10-06 22:14:25 +0800	R49/2013/r49-2013-sk1-2025-09	API error for R49/2013/r49-2013-sk1-2025-09: {"error" => {"code" => "1113", "message" => "Insufficient balance or no resource package. Please recharge."}}
2026-10-06 22:14:25 +0800	R49/2013/r49-2013-sk1-2025-10	API error for R49/2013/r49-2013-sk1-2025-10: {"error" => {"code" => "1113", "message" => "Insufficient balance or no resource package. Please recharge."}}
2026-10-06 22:14:25 +0800	R49/2013/r49-2013-sk1-2025-11	API error for R49/2013/r49-2013-sk1-2025-11: {"error" => {"code" => "1113", "message" => "Insufficient balance or no resource package. Please recharge."}}
2026-10-06 22:14:25 +0800	R49/2013/r49-2013-sk1-2025-12	API error for R49/2013/r49-2013-sk1-2025-12: {"error" => {"code" => "1113", "message" => "Insufficient balance or no resource package. Please recharge."}}
2026-10-06 22:14:25 +0800	R49/2013/r49-2013-sk1-2025-14	API error for R49/2013/r49-2013-sk1-2025-14: {"error" => {"code" => "1113", "message" => "Insufficient balance or no resource package. Please recharge."}}
2026-10-06 22:14:25 +0800	R49/2013/r49-2013-sk1-2026-02	API error for R49/2013/r49-2013-sk1-2026-02: {"error" => {"code" => "1113", "message" => "Insufficient balance or no resource package. Please recharge."}}
2026-10-06 22:14:25 +0800	R49/2013/r49-2013-sk1-2026-04	API error for R49/2013/r49-2013-sk1-2026-04: {"error" => {"code" => "1113", "message" => "Insufficient balance or no resource package. Please recharge."}}
2026-10-06 22:14:25 +0800	R50/1997/r050-1997-dk3-2012-01	API error for R50/1997/r050-1997-dk3-2012-01: {"error" => {"code" => "1113", "message" => "Insufficient balance or no resource package. Please recharge."}}
2026-10-06 22:14:25 +0800	R49/2013/r49-2013-sk1-2026-05	API error for R49/2013/r49-2013-sk1-2026-05: {"error" => {"code" => "1113", "message" => "Insufficient balance or no resource package. Please recharge."}}
2026-10-06 22:14:25 +0800	R50/1997/r050-1997-gb1-2009-01-rev1	API error for R50/1997/r050-1997-gb1-2009-01-rev1: {"error" => {"code" => "1113", "message" => "Insufficient balance or no resource package. Please recharge."}}
2026-10-06 22:14:25 +0800	R50/1997/r050-1997-gb1-2009-01-rev2	API error for R50/1997/r050-1997-gb1-2009-01-rev2: {"error" => {"code" => "1113", "message" => "Insufficient balance or no resource package. Please recharge."}}
2026-10-06 22:14:25 +0800	R50/1997/r050-1997-gb1-2009-01	API error for R50/1997/r050-1997-gb1-2009-01: {"error" => {"code" => "1113", "message" => "Insufficient balance or no resource package. Please recharge."}}
2026-10-06 22:14:25 +0800	R51/1996/r051-1996-cn1-2014-01	API error for R51/1996/r051-1996-cn1-2014-01: {"error" => {"code" => "1113", "message" => "Insufficient balance or no resource package. Please recharge."}}
2026-10-06 22:14:25 +0800	R51/1996/r051-1996-de1-1998-01-rev4	API error for R51/1996/r051-1996-de1-1998-01-rev4: {"error" => {"code" => "1113", "message" => "Insufficient balance or no resource package. Please recharge."}}
2026-10-06 22:14:25 +0800	R51/1996/r051-1996-de1-2003-03-rev1	API error for R51/1996/r051-1996-de1-2003-03-rev1: {"error" => {"code" => "1113", "message" => "Insufficient balance or no resource package. Please recharge."}}
2026-10-06 22:14:25 +0800	R51/1996/r051-1996-de1-1999-03-rev2	API error for R51/1996/r051-1996-de1-1999-03-rev2: {"error" => {"code" => "1113", "message" => "Insufficient balance or no resource package. Please recharge."}}
2026-10-06 22:14:25 +0800	R51/1996/r051-1996-de1-2003-07-rev1	API error for R51/1996/r051-1996-de1-2003-07-rev1: {"error" => {"code" => "1113", "message" => "Insufficient balance or no resource package. Please recharge."}}
2026-10-06 22:14:25 +0800	R51/1996/r051-1996-de1-2003-11-rev1	API error for R51/1996/r051-1996-de1-2003-11-rev1: {"error" => {"code" => "1113", "message" => "Insufficient balance or no resource package. Please recharge."}}
2026-10-06 22:14:25 +0800	R51/1996/r051-1996-de1-2004-01-rev1	API error for R51/1996/r051-1996-de1-2004-01-rev1: {"error" => {"code" => "1113", "message" => "Insufficient balance or no resource package. Please recharge."}}
2026-10-06 22:14:25 +0800	R51/1996/r051-1996-de1-2004-06	API error for R51/1996/r051-1996-de1-2004-06: {"error" => {"code" => "1113", "message" => "Insufficient balance or no resource package. Please recharge."}}
2026-10-06 22:14:25 +0800	R51/1996/r051-1996-de1-2003-13-rev1	API error for R51/1996/r051-1996-de1-2003-13-rev1: {"error" => {"code" => "1113", "message" => "Insufficient balance or no resource package. Please recharge."}}
2026-10-06 22:14:25 +0800	R51/1996/r051-1996-de1-2005-01	API error for R51/1996/r051-1996-de1-2005-01: {"error" => {"code" => "1113", "message" => "Insufficient balance or no resource package. Please recharge."}}
2026-10-06 22:14:25 +0800	R51/1996/r051-1996-de1-2005-03	API error for R51/1996/r051-1996-de1-2005-03: {"error" => {"code" => "1113", "message" => "Insufficient balance or no resource package. Please recharge."}}
2026-10-06 22:14:25 +0800	R51/1996/r051-1996-de1-2005-02	API error for R51/1996/r051-1996-de1-2005-02: {"error" => {"code" => "1113", "message" => "Insufficient balance or no resource package. Please recharge."}}
2026-10-06 22:14:25 +0800	R51/1996/r051-1996-de1-2005-04	API error for R51/1996/r051-1996-de1-2005-04: {"error" => {"code" => "1113", "message" => "Insufficient balance or no resource package. Please recharge."}}
2026-10-06 22:14:25 +0800	R51/1996/r051-1996-de1-2005-05	API error for R51/1996/r051-1996-de1-2005-05: {"error" => {"code" => "1113", "message" => "Insufficient balance or no resource package. Please recharge."}}
2026-10-06 22:14:25 +0800	R51/1996/r051-1996-gb1-2006-01	API error for R51/1996/r051-1996-gb1-2006-01: {"error" => {"code" => "1113", "message" => "Insufficient balance or no resource package. Please recharge."}}
2026-10-06 22:14:25 +0800	R51/1996/r051-1996-dk1-2005-01	API error for R51/1996/r051-1996-dk1-2005-01: {"error" => {"code" => "1113", "message" => "Insufficient balance or no resource package. Please recharge."}}
2026-10-06 22:14:25 +0800	R51/1996/r051-1996-fr2-2005-01	API error for R51/1996/r051-1996-fr2-2005-01: {"error" => {"code" => "1113", "message" => "Insufficient balance or no resource package. Please recharge."}}
2026-10-06 22:14:25 +0800	R51/1996/r051-1996-gb1-2007-01	API error for R51/1996/r051-1996-gb1-2007-01: {"error" => {"code" => "1113", "message" => "Insufficient balance or no resource package. Please recharge."}}
2026-10-06 22:14:25 +0800	R51/1996/r051-1996-gb1-2008-02-rev1	API error for R51/1996/r051-1996-gb1-2008-02-rev1: {"error" => {"code" => "1113", "message" => "Insufficient balance or no resource package. Please recharge."}}
2026-10-06 22:14:25 +0800	R51/1996/r051-1996-gb1-2008-01-rev12	API error for R51/1996/r051-1996-gb1-2008-01-rev12: {"error" => {"code" => "1113", "message" => "Insufficient balance or no resource package. Please recharge."}}
2026-10-06 22:14:25 +0800	R51/1996/r051-1996-gb1-2008-02	API error for R51/1996/r051-1996-gb1-2008-02: {"error" => {"code" => "1113", "message" => "Insufficient balance or no resource package. Please recharge."}}
2026-10-06 22:14:25 +0800	R51/1996/r051-1996-nl1-2004-05-rev1	API error for R51/1996/r051-1996-nl1-2004-05-rev1: {"error" => {"code" => "1113", "message" => "Insufficient balance or no resource package. Please recharge."}}
2026-10-06 22:14:25 +0800	R51/1996/r051-1996-nl1-2005-01	API error for R51/1996/r051-1996-nl1-2005-01: {"error" => {"code" => "1113", "message" => "Insufficient balance or no resource package. Please recharge."}}
2026-10-06 22:14:25 +0800	R51/1996/r051-1996-gb1-2014-03-rev1	API error for R51/1996/r051-1996-gb1-2014-03-rev1: {"error" => {"code" => "1113", "message" => "Insufficient balance or no resource package. Please recharge."}}
2026-10-06 22:14:25 +0800	R51/1996/r051-1996-nl1-2005-01-rev1	API error for R51/1996/r051-1996-nl1-2005-01-rev1: {"error" => {"code" => "1113", "message" => "Insufficient balance or no resource package. Please recharge."}}
2026-10-06 22:14:25 +0800	R51/1996/r051-1996-nl1-2005-02	API error for R51/1996/r051-1996-nl1-2005-02: {"error" => {"code" => "1113", "message" => "Insufficient balance or no resource package. Please recharge."}}
2026-10-06 22:14:25 +0800	R51/1996/r051-1996-nl1-2006-02	API error for R51/1996/r051-1996-nl1-2006-02: {"error" => {"code" => "1113", "message" => "Insufficient balance or no resource package. Please recharge."}}
2026-10-06 22:14:25 +0800	R51/1996/r051-1996-nl1-2006-01	API error for R51/1996/r051-1996-nl1-2006-01: {"error" => {"code" => "1113", "message" => "Insufficient balance or no resource package. Please recharge."}}
2026-10-06 22:14:25 +0800	R51/1996/r051-1996-nl1-2005-02-rev1	API error for R51/1996/r051-1996-nl1-2005-02-rev1: {"error" => {"code" => "1113", "message" => "Insufficient balance or no resource package. Please recharge."}}
2026-10-06 22:14:25 +0800	R51/1996/r051-1996-nl1-2012-02	API error for R51/1996/r051-1996-nl1-2012-02: {"error" => {"code" => "1113", "message" => "Insufficient balance or no resource package. Please recharge."}}
2026-10-06 22:14:25 +0800	R51/1996/r051-1996-nl1-2006-03	API error for R51/1996/r051-1996-nl1-2006-03: {"error" => {"code" => "1113", "message" => "Insufficient balance or no resource package. Please recharge."}}
2026-10-06 22:14:25 +0800	R51/1996/r051-1996-nl1-2006-04	API error for R51/1996/r051-1996-nl1-2006-04: {"error" => {"code" => "1113", "message" => "Insufficient balance or no resource package. Please recharge."}}
2026-10-06 22:14:25 +0800	R51/1996/r051-1996-nl1-2013-06	API error for R51/1996/r051-1996-nl1-2013-06: {"error" => {"code" => "1113", "message" => "Insufficient balance or no resource package. Please recharge."}}
2026-10-06 22:14:25 +0800	R51/2006/r051-2006-cn2-2018-01-rev1	API error for R51/2006/r051-2006-cn2-2018-01-rev1: {"error" => {"code" => "1113", "message" => "Insufficient balance or no resource package. Please recharge."}}
2026-10-06 22:14:25 +0800	R51/2006/r051-2006-de1-2007-03	API error for R51/2006/r051-2006-de1-2007-03: {"error" => {"code" => "1113", "message" => "Insufficient balance or no resource package. Please recharge."}}
2026-10-06 22:14:25 +0800	R51/2006/r051-2006-de1-2007-06	API error for R51/2006/r051-2006-de1-2007-06: {"error" => {"code" => "1113", "message" => "Insufficient balance or no resource package. Please recharge."}}
2026-10-06 22:14:25 +0800	R51/2006/r051-2006-de1-2007-05	API error for R51/2006/r051-2006-de1-2007-05: {"error" => {"code" => "1113", "message" => "Insufficient balance or no resource package. Please recharge."}}
2026-10-06 22:14:25 +0800	R51/2006/r051-2006-de1-2007-07-rev2	API error for R51/2006/r051-2006-de1-2007-07-rev2: {"error" => {"code" => "1113", "message" => "Insufficient balance or no resource package. Please recharge."}}
2026-10-06 22:14:25 +0800	R51/2006/r051-2006-de1-2007-07-rev1	API error for R51/2006/r051-2006-de1-2007-07-rev1: {"error" => {"code" => "1113", "message" => "Insufficient balance or no resource package. Please recharge."}}
2026-10-06 22:14:25 +0800	R51/2006/r051-2006-de1-2008-01-rev1	API error for R51/2006/r051-2006-de1-2008-01-rev1: {"error" => {"code" => "1113", "message" => "Insufficient balance or no resource package. Please recharge."}}
2026-10-06 22:14:25 +0800	R51/2006/r051-2006-de1-2008-01	API error for R51/2006/r051-2006-de1-2008-01: {"error" => {"code" => "1113", "message" => "Insufficient balance or no resource package. Please recharge."}}
2026-10-06 22:14:25 +0800	R51/2006/r051-2006-de1-2010-01	API error for R51/2006/r051-2006-de1-2010-01: {"error" => {"code" => "1113", "message" => "Insufficient balance or no resource package. Please recharge."}}
2026-10-06 22:14:25 +0800	R51/2006/r051-2006-de1-2009-01	API error for R51/2006/r051-2006-de1-2009-01: {"error" => {"code" => "1113", "message" => "Insufficient balance or no resource package. Please recharge."}}
2026-10-06 22:14:25 +0800	R51/2006/r051-2006-de1-2008-02	API error for R51/2006/r051-2006-de1-2008-02: {"error" => {"code" => "1113", "message" => "Insufficient balance or no resource package. Please recharge."}}
2026-10-06 22:14:25 +0800	R51/2006/r051-2006-de1-2013-01	API error for R51/2006/r051-2006-de1-2013-01: {"error" => {"code" => "1113", "message" => "Insufficient balance or no resource package. Please recharge."}}
2026-10-06 22:14:25 +0800	R51/2006/r051-2006-de1-2015-02	API error for R51/2006/r051-2006-de1-2015-02: {"error" => {"code" => "1113", "message" => "Insufficient balance or no resource package. Please recharge."}}
2026-10-06 22:14:25 +0800	R51/2006/r051-2006-de1-2022-02	API error for R51/2006/r051-2006-de1-2022-02: {"error" => {"code" => "1113", "message" => "Insufficient balance or no resource package. Please recharge."}}
2026-10-06 22:14:25 +0800	R51/2006/r051-2006-gb1-2008-01-rev1	API error for R51/2006/r051-2006-gb1-2008-01-rev1: {"error" => {"code" => "1113", "message" => "Insufficient balance or no resource package. Please recharge."}}
2026-10-06 22:14:25 +0800	R51/2006/r051-2006-gb1-2008-01-rev10	API error for R51/2006/r051-2006-gb1-2008-01-rev10: {"error" => {"code" => "1113", "message" => "Insufficient balance or no resource package. Please recharge."}}
2026-10-06 22:14:25 +0800	R51/2006/r051-2006-gb1-2008-01-rev3	API error for R51/2006/r051-2006-gb1-2008-01-rev3: {"error" => {"code" => "1113", "message" => "Insufficient balance or no resource package. Please recharge."}}
2026-10-06 22:14:25 +0800	R51/2006/r051-2006-gb1-2008-01-rev5	API error for R51/2006/r051-2006-gb1-2008-01-rev5: {"error" => {"code" => "1113", "message" => "Insufficient balance or no resource package. Please recharge."}}
2026-10-06 22:14:25 +0800	R51/2006/r051-2006-gb1-2008-01-rev7	API error for R51/2006/r051-2006-gb1-2008-01-rev7: {"error" => {"code" => "1113", "message" => "Insufficient balance or no resource package. Please recharge."}}
2026-10-06 22:14:25 +0800	R51/2006/r051-2006-gb1-2009-01	API error for R51/2006/r051-2006-gb1-2009-01: {"error" => {"code" => "1113", "message" => "Insufficient balance or no resource package. Please recharge."}}
2026-10-06 22:14:25 +0800	R51/2006/r051-2006-gb1-2009-03-rev1	API error for R51/2006/r051-2006-gb1-2009-03-rev1: {"error" => {"code" => "1113", "message" => "Insufficient balance or no resource package. Please recharge."}}
2026-10-06 22:14:25 +0800	R51/2006/r051-2006-gb1-2009-03-rev2	API error for R51/2006/r051-2006-gb1-2009-03-rev2: {"error" => {"code" => "1113", "message" => "Insufficient balance or no resource package. Please recharge."}}
2026-10-06 22:14:25 +0800	R51/2006/r051-2006-gb1-2009-03-rev3	API error for R51/2006/r051-2006-gb1-2009-03-rev3: {"error" => {"code" => "1113", "message" => "Insufficient balance or no resource package. Please recharge."}}
2026-10-06 22:14:25 +0800	R51/2006/r051-2006-gb1-2009-04-rev2	API error for R51/2006/r051-2006-gb1-2009-04-rev2: {"error" => {"code" => "1113", "message" => "Insufficient balance or no resource package. Please recharge."}}
2026-10-06 22:14:25 +0800	R51/2006/r051-2006-gb1-2009-04	API error for R51/2006/r051-2006-gb1-2009-04: {"error" => {"code" => "1113", "message" => "Insufficient balance or no resource package. Please recharge."}}
2026-10-06 22:14:25 +0800	R51/2006/r051-2006-gb1-2009-05-rev2	API error for R51/2006/r051-2006-gb1-2009-05-rev2: {"error" => {"code" => "1113", "message" => "Insufficient balance or no resource package. Please recharge."}}
2026-10-06 22:14:25 +0800	R51/2006/r051-2006-gb1-2009-05-rev4	API error for R51/2006/r051-2006-gb1-2009-05-rev4: {"error" => {"code" => "1113", "message" => "Insufficient balance or no resource package. Please recharge."}}
2026-10-06 22:14:25 +0800	R51/2006/r051-2006-gb1-2009-05	API error for R51/2006/r051-2006-gb1-2009-05: {"error" => {"code" => "1113", "message" => "Insufficient balance or no resource package. Please recharge."}}
2026-10-06 22:14:25 +0800	R51/2006/r051-2006-gb1-2009-07-rev1	API error for R51/2006/r051-2006-gb1-2009-07-rev1: {"error" => {"code" => "1113", "message" => "Insufficient balance or no resource package. Please recharge."}}
2026-10-06 22:14:25 +0800	R51/2006/r051-2006-gb1-2010-01-rev1	API error for R51/2006/r051-2006-gb1-2010-01-rev1: {"error" => {"code" => "1113", "message" => "Insufficient balance or no resource package. Please recharge."}}
2026-10-06 22:14:25 +0800	R51/2006/r051-2006-gb1-2010-01	API error for R51/2006/r051-2006-gb1-2010-01: {"error" => {"code" => "1113", "message" => "Insufficient balance or no resource package. Please recharge."}}
2026-10-06 22:14:25 +0800	R51/2006/r051-2006-gb1-2011-02-rev2	API error for R51/2006/r051-2006-gb1-2011-02-rev2: {"error" => {"code" => "1113", "message" => "Insufficient balance or no resource package. Please recharge."}}
2026-10-06 22:14:25 +0800	R51/2006/r051-2006-gb1-2011-02	API error for R51/2006/r051-2006-gb1-2011-02: {"error" => {"code" => "1113", "message" => "Insufficient balance or no resource package. Please recharge."}}
2026-10-06 22:14:25 +0800	R51/2006/r051-2006-gb1-2012-02	API error for R51/2006/r051-2006-gb1-2012-02: {"error" => {"code" => "1113", "message" => "Insufficient balance or no resource package. Please recharge."}}
2026-10-06 22:14:25 +0800	R51/2006/r051-2006-gb1-2012-01-rev2	API error for R51/2006/r051-2006-gb1-2012-01-rev2: {"error" => {"code" => "1113", "message" => "Insufficient balance or no resource package. Please recharge."}}
2026-10-06 22:14:25 +0800	R51/2006/r051-2006-gb1-2012-03	API error for R51/2006/r051-2006-gb1-2012-03: {"error" => {"code" => "1113", "message" => "Insufficient balance or no resource package. Please recharge."}}
2026-10-06 22:14:25 +0800	R51/2006/r051-2006-gb1-2013-01-rev1	API error for R51/2006/r051-2006-gb1-2013-01-rev1: {"error" => {"code" => "1113", "message" => "Insufficient balance or no resource package. Please recharge."}}
2026-10-06 22:14:25 +0800	R51/2006/r051-2006-gb1-2013-01-rev3	API error for R51/2006/r051-2006-gb1-2013-01-rev3: {"error" => {"code" => "1113", "message" => "Insufficient balance or no resource package. Please recharge."}}
2026-10-06 22:14:25 +0800	R51/2006/r051-2006-gb1-2013-01-rev4	API error for R51/2006/r051-2006-gb1-2013-01-rev4: {"error" => {"code" => "1113", "message" => "Insufficient balance or no resource package. Please recharge."}}
2026-10-06 22:14:25 +0800	R51/2006/r051-2006-gb1-2013-02	API error for R51/2006/r051-2006-gb1-2013-02: {"error" => {"code" => "1113", "message" => "Insufficient balance or no resource package. Please recharge."}}
2026-10-06 22:14:25 +0800	R51/2006/r051-2006-gb1-2013-04-rev1	API error for R51/2006/r051-2006-gb1-2013-04-rev1: {"error" => {"code" => "1113", "message" => "Insufficient balance or no resource package. Please recharge."}}
2026-10-06 22:14:25 +0800	R51/2006/r051-2006-gb1-2014-02	API error for R51/2006/r051-2006-gb1-2014-02: {"error" => {"code" => "1113", "message" => "Insufficient balance or no resource package. Please recharge."}}
2026-10-06 22:14:25 +0800	R51/2006/r051-2006-gb1-2014-03	API error for R51/2006/r051-2006-gb1-2014-03: {"error" => {"code" => "1113", "message" => "Insufficient balance or no resource package. Please recharge."}}
2026-10-06 22:14:25 +0800	R51/2006/r051-2006-gb1-2014-03-rev1	API error for R51/2006/r051-2006-gb1-2014-03-rev1: {"error" => {"code" => "1113", "message" => "Insufficient balance or no resource package. Please recharge."}}
2026-10-06 22:14:25 +0800	R51/2006/r051-2006-gb1-2014-04-rev1	API error for R51/2006/r051-2006-gb1-2014-04-rev1: {"error" => {"code" => "1113", "message" => "Insufficient balance or no resource package. Please recharge."}}
2026-10-06 22:14:25 +0800	R51/2006/r051-2006-gb1-2014-04-rev2	API error for R51/2006/r051-2006-gb1-2014-04-rev2: {"error" => {"code" => "1113", "message" => "Insufficient balance or no resource package. Please recharge."}}
2026-10-06 22:14:25 +0800	R51/2006/r051-2006-gb1-2017-01-rev1	API error for R51/2006/r051-2006-gb1-2017-01-rev1: {"error" => {"code" => "1113", "message" => "Insufficient balance or no resource package. Please recharge."}}
2026-10-06 22:14:25 +0800	R51/2006/r051-2006-gb1-2014-04-rev3	API error for R51/2006/r051-2006-gb1-2014-04-rev3: {"error" => {"code" => "1113", "message" => "Insufficient balance or no resource package. Please recharge."}}
2026-10-06 22:14:25 +0800	R51/2006/r051-2006-gb1-2017-01	API error for R51/2006/r051-2006-gb1-2017-01: {"error" => {"code" => "1113", "message" => "Insufficient balance or no resource package. Please recharge."}}
2026-10-06 22:14:25 +0800	R51/2006/r051-2006-gb1-2017-02-rev1	API error for R51/2006/r051-2006-gb1-2017-02-rev1: {"error" => {"code" => "1113", "message" => "Insufficient balance or no resource package. Please recharge."}}
2026-10-06 22:14:25 +0800	R51/2006/r051-2006-gb1-2017-03-rev1	API error for R51/2006/r051-2006-gb1-2017-03-rev1: {"error" => {"code" => "1113", "message" => "Insufficient balance or no resource package. Please recharge."}}
2026-10-06 22:14:25 +0800	R51/2006/r051-2006-gb1-2017-02	API error for R51/2006/r051-2006-gb1-2017-02: {"error" => {"code" => "1113", "message" => "Insufficient balance or no resource package. Please recharge."}}
2026-10-06 22:14:25 +0800	R51/2006/r051-2006-gb1-2018-01	API error for R51/2006/r051-2006-gb1-2018-01: {"error" => {"code" => "1113", "message" => "Insufficient balance or no resource package. Please recharge."}}
2026-10-06 22:14:25 +0800	R51/2006/r051-2006-gb1-2018-04	API error for R51/2006/r051-2006-gb1-2018-04: {"error" => {"code" => "1113", "message" => "Insufficient balance or no resource package. Please recharge."}}
2026-10-06 22:14:25 +0800	R51/2006/r051-2006-gb1-2019-03-rev5	API error for R51/2006/r051-2006-gb1-2019-03-rev5: {"error" => {"code" => "1113", "message" => "Insufficient balance or no resource package. Please recharge."}}
2026-10-06 22:14:25 +0800	R51/2006/r051-2006-gb1-2022-01	API error for R51/2006/r051-2006-gb1-2022-01: {"error" => {"code" => "1113", "message" => "Insufficient balance or no resource package. Please recharge."}}
2026-10-06 22:14:25 +0800	R51/2006/r051-2006-nl1-2009-01	API error for R51/2006/r051-2006-nl1-2009-01: {"error" => {"code" => "1113", "message" => "Insufficient balance or no resource package. Please recharge."}}
2026-10-06 22:14:25 +0800	R51/2006/r051-2006-nl1-2010-02	API error for R51/2006/r051-2006-nl1-2010-02: {"error" => {"code" => "1113", "message" => "Insufficient balance or no resource package. Please recharge."}}
2026-10-06 22:14:25 +0800	R51/2006/r051-2006-nl1-2012-01	API error for R51/2006/r051-2006-nl1-2012-01: {"error" => {"code" => "1113", "message" => "Insufficient balance or no resource package. Please recharge."}}
2026-10-06 22:14:25 +0800	R51/2006/r051-2006-nl1-2011-03	API error for R51/2006/r051-2006-nl1-2011-03: {"error" => {"code" => "1113", "message" => "Insufficient balance or no resource package. Please recharge."}}
2026-10-06 22:14:25 +0800	R51/2006/r051-2006-nl1-2012-03	API error for R51/2006/r051-2006-nl1-2012-03: {"error" => {"code" => "1113", "message" => "Insufficient balance or no resource package. Please recharge."}}
2026-10-06 22:14:25 +0800	R51/2006/r051-2006-nl1-2012-04-rev1	API error for R51/2006/r051-2006-nl1-2012-04-rev1: {"error" => {"code" => "1113", "message" => "Insufficient balance or no resource package. Please recharge."}}
2026-10-06 22:14:25 +0800	R51/2006/r051-2006-nl1-2013-01	API error for R51/2006/r051-2006-nl1-2013-01: {"error" => {"code" => "1113", "message" => "Insufficient balance or no resource package. Please recharge."}}
2026-10-06 22:14:25 +0800	R51/2006/r051-2006-nl1-2012-04-rev2	API error for R51/2006/r051-2006-nl1-2012-04-rev2: {"error" => {"code" => "1113", "message" => "Insufficient balance or no resource package. Please recharge."}}
2026-10-06 22:14:25 +0800	R51/2006/r051-2006-nl1-2013-04	API error for R51/2006/r051-2006-nl1-2013-04: {"error" => {"code" => "1113", "message" => "Insufficient balance or no resource package. Please recharge."}}
2026-10-06 22:14:25 +0800	R51/2006/r051-2006-nl1-2013-07	API error for R51/2006/r051-2006-nl1-2013-07: {"error" => {"code" => "1113", "message" => "Insufficient balance or no resource package. Please recharge."}}
2026-10-06 22:14:25 +0800	R51/2006/r051-2006-nl1-2014-01	API error for R51/2006/r051-2006-nl1-2014-01: {"error" => {"code" => "1113", "message" => "Insufficient balance or no resource package. Please recharge."}}
2026-10-06 22:14:25 +0800	R51/2006/r051-2006-nl1-2014-03	API error for R51/2006/r051-2006-nl1-2014-03: {"error" => {"code" => "1113", "message" => "Insufficient balance or no resource package. Please recharge."}}
2026-10-06 22:14:25 +0800	R51/2006/r051-2006-nl1-2014-04-rev1	API error for R51/2006/r051-2006-nl1-2014-04-rev1: {"error" => {"code" => "1113", "message" => "Insufficient balance or no resource package. Please recharge."}}
2026-10-06 22:14:25 +0800	R51/2006/r051-2006-nl1-2015-02	API error for R51/2006/r051-2006-nl1-2015-02: {"error" => {"code" => "1113", "message" => "Insufficient balance or no resource package. Please recharge."}}
2026-10-06 22:14:25 +0800	R51/2006/r051-2006-nl1-2015-05-rev1	API error for R51/2006/r051-2006-nl1-2015-05-rev1: {"error" => {"code" => "1113", "message" => "Insufficient balance or no resource package. Please recharge."}}
2026-10-06 22:14:25 +0800	R51/2006/r051-2006-nl1-2016-01	API error for R51/2006/r051-2006-nl1-2016-01: {"error" => {"code" => "1113", "message" => "Insufficient balance or no resource package. Please recharge."}}
2026-10-06 22:14:25 +0800	R51/2006/r051-2006-nl1-2016-03	API error for R51/2006/r051-2006-nl1-2016-03: {"error" => {"code" => "1113", "message" => "Insufficient balance or no resource package. Please recharge."}}
2026-10-06 22:14:25 +0800	R51/2006/r051-2006-nl1-2016-05	API error for R51/2006/r051-2006-nl1-2016-05: {"error" => {"code" => "1113", "message" => "Insufficient balance or no resource package. Please recharge."}}
2026-10-06 22:14:25 +0800	R51/2006/r051-2006-nl1-2017-03	API error for R51/2006/r051-2006-nl1-2017-03: {"error" => {"code" => "1113", "message" => "Insufficient balance or no resource package. Please recharge."}}
2026-10-06 22:14:25 +0800	R51/2006/r051-2006-nl1-2017-05	API error for R51/2006/r051-2006-nl1-2017-05: {"error" => {"code" => "1113", "message" => "Insufficient balance or no resource package. Please recharge."}}
2026-10-06 22:14:25 +0800	R51/2006/r051-2006-nl1-2017-06	API error for R51/2006/r051-2006-nl1-2017-06: {"error" => {"code" => "1113", "message" => "Insufficient balance or no resource package. Please recharge."}}
2026-10-06 22:14:25 +0800	R51/2006/r051-2006-nl1-2018-02	API error for R51/2006/r051-2006-nl1-2018-02: {"error" => {"code" => "1113", "message" => "Insufficient balance or no resource package. Please recharge."}}
2026-10-06 22:14:25 +0800	R51/2006/r051-2006-nl1-2018-03	API error for R51/2006/r051-2006-nl1-2018-03: {"error" => {"code" => "1113", "message" => "Insufficient balance or no resource package. Please recharge."}}
2026-10-06 22:14:25 +0800	R51/2006/r051-2006-nl1-2018-05	API error for R51/2006/r051-2006-nl1-2018-05: {"error" => {"code" => "1113", "message" => "Insufficient balance or no resource package. Please recharge."}}
2026-10-06 22:14:25 +0800	R51/2006/r051-2006-nl1-2019-02	API error for R51/2006/r051-2006-nl1-2019-02: {"error" => {"code" => "1113", "message" => "Insufficient balance or no resource package. Please recharge."}}
2026-10-06 22:14:25 +0800	R51/2006/r051-2006-nl1-2019-03-rev2	API error for R51/2006/r051-2006-nl1-2019-03-rev2: {"error" => {"code" => "1113", "message" => "Insufficient balance or no resource package. Please recharge."}}
2026-10-06 22:14:25 +0800	R51/2006/r051-2006-nl1-2019-03	API error for R51/2006/r051-2006-nl1-2019-03: {"error" => {"code" => "1113", "message" => "Insufficient balance or no resource package. Please recharge."}}
2026-10-06 22:14:25 +0800	R51/2006/r051-2006-nl1-2019-04	API error for R51/2006/r051-2006-nl1-2019-04: {"error" => {"code" => "1113", "message" => "Insufficient balance or no resource package. Please recharge."}}
2026-10-06 22:14:25 +0800	R51/2006/r051-2006-nl1-2020-02	API error for R51/2006/r051-2006-nl1-2020-02: {"error" => {"code" => "1113", "message" => "Insufficient balance or no resource package. Please recharge."}}
2026-10-06 22:14:25 +0800	R51/2006/r051-2006-nl1-2020-04	API error for R51/2006/r051-2006-nl1-2020-04: {"error" => {"code" => "1113", "message" => "Insufficient balance or no resource package. Please recharge."}}
2026-10-06 22:14:25 +0800	R51/2006/r051-2006-nl1-2021-01	API error for R51/2006/r051-2006-nl1-2021-01: {"error" => {"code" => "1113", "message" => "Insufficient balance or no resource package. Please recharge."}}
2026-10-06 22:14:25 +0800	R51/2006/r051-2006-nl1-2021-02	API error for R51/2006/r051-2006-nl1-2021-02: {"error" => {"code" => "1113", "message" => "Insufficient balance or no resource package. Please recharge."}}
2026-10-06 22:14:25 +0800	R51/2006/r051-2006-nl1-2021-04	API error for R51/2006/r051-2006-nl1-2021-04: {"error" => {"code" => "1113", "message" => "Insufficient balance or no resource package. Please recharge."}}
2026-10-06 22:14:25 +0800	R51/2006/r051-2006-nl1-2021-10	API error for R51/2006/r051-2006-nl1-2021-10: {"error" => {"code" => "1113", "message" => "Insufficient balance or no resource package. Please recharge."}}
2026-10-06 22:14:25 +0800	R51/2006/r051-2006-nl1-2022-02-rev0	API error for R51/2006/r051-2006-nl1-2022-02-rev0: {"error" => {"code" => "1113", "message" => "Insufficient balance or no resource package. Please recharge."}}
2026-10-06 22:14:25 +0800	R51/2006/r051-2006-se1-2019-01	API error for R51/2006/r051-2006-se1-2019-01: {"error" => {"code" => "1113", "message" => "Insufficient balance or no resource package. Please recharge."}}
2026-10-06 22:14:25 +0800	R51/2006/r051-2006-se1-2019-02	API error for R51/2006/r051-2006-se1-2019-02: {"error" => {"code" => "1113", "message" => "Insufficient balance or no resource package. Please recharge."}}
2026-10-06 22:14:25 +0800	R51/2006/r51-2006-cn2-2023-01	API error for R51/2006/r51-2006-cn2-2023-01: {"error" => {"code" => "1113", "message" => "Insufficient balance or no resource package. Please recharge."}}
2026-10-06 22:14:25 +0800	R51/2006/r51-2006-cn2-2024-01	API error for R51/2006/r51-2006-cn2-2024-01: {"error" => {"code" => "1113", "message" => "Insufficient balance or no resource package. Please recharge."}}
2026-10-06 22:14:25 +0800	R51/2006/r51-2006-de1-2023-01	API error for R51/2006/r51-2006-de1-2023-01: {"error" => {"code" => "1113", "message" => "Insufficient balance or no resource package. Please recharge."}}
2026-10-06 22:14:25 +0800	R51/2006/r51-2006-de1-2023-04-rev1	API error for R51/2006/r51-2006-de1-2023-04-rev1: {"error" => {"code" => "1113", "message" => "Insufficient balance or no resource package. Please recharge."}}
2026-10-06 22:14:25 +0800	R51/2006/r51-2006-de1-2023-04	API error for R51/2006/r51-2006-de1-2023-04: {"error" => {"code" => "1113", "message" => "Insufficient balance or no resource package. Please recharge."}}
2026-10-06 22:14:25 +0800	R51/2006/r51-2006-de1-2025-01	API error for R51/2006/r51-2006-de1-2025-01: {"error" => {"code" => "1113", "message" => "Insufficient balance or no resource package. Please recharge."}}
2026-10-06 22:14:25 +0800	R51/2006/r51-2006-dk2-2022-01-rev1	API error for R51/2006/r51-2006-dk2-2022-01-rev1: {"error" => {"code" => "1113", "message" => "Insufficient balance or no resource package. Please recharge."}}
2026-10-06 22:14:25 +0800	R51/2006/r51-2006-dk2-2023-01	API error for R51/2006/r51-2006-dk2-2023-01: {"error" => {"code" => "1113", "message" => "Insufficient balance or no resource package. Please recharge."}}
2026-10-06 22:14:25 +0800	R51/2006/r51-2006-dk2-2023-02-rev1	API error for R51/2006/r51-2006-dk2-2023-02-rev1: {"error" => {"code" => "1113", "message" => "Insufficient balance or no resource package. Please recharge."}}
2026-10-06 22:14:25 +0800	R51/2006/r51-2006-dk2-2024-01	API error for R51/2006/r51-2006-dk2-2024-01: {"error" => {"code" => "1113", "message" => "Insufficient balance or no resource package. Please recharge."}}
2026-10-06 22:14:25 +0800	R51/2006/r51-2006-fr2-2023-01-rev0	API error for R51/2006/r51-2006-fr2-2023-01-rev0: {"error" => {"code" => "1113", "message" => "Insufficient balance or no resource package. Please recharge."}}
2026-10-06 22:14:25 +0800	R51/2006/r51-2006-fr2-2023-01-rev1	API error for R51/2006/r51-2006-fr2-2023-01-rev1: {"error" => {"code" => "1113", "message" => "Insufficient balance or no resource package. Please recharge."}}
2026-10-06 22:14:25 +0800	R51/2006/r51-2006-gb1-2023-01	API error for R51/2006/r51-2006-gb1-2023-01: {"error" => {"code" => "1113", "message" => "Insufficient balance or no resource package. Please recharge."}}
2026-10-06 22:14:25 +0800	R51/2006/r51-2006-nl1-2021-05-rev2	API error for R51/2006/r51-2006-nl1-2021-05-rev2: {"error" => {"code" => "1113", "message" => "Insufficient balance or no resource package. Please recharge."}}
2026-10-06 22:14:25 +0800	R51/2006/r51-2006-nl1-2021-10-rev1	API error for R51/2006/r51-2006-nl1-2021-10-rev1: {"error" => {"code" => "1113", "message" => "Insufficient balance or no resource package. Please recharge."}}
2026-10-06 22:14:25 +0800	R51/2006/r51-2006-nl1-2023-01-rev0	API error for R51/2006/r51-2006-nl1-2023-01-rev0: {"error" => {"code" => "1113", "message" => "Insufficient balance or no resource package. Please recharge."}}
2026-10-06 22:14:25 +0800	R51/2006/r51-2006-nl1-2023-03-rev0	API error for R51/2006/r51-2006-nl1-2023-03-rev0: {"error" => {"code" => "1113", "message" => "Insufficient balance or no resource package. Please recharge."}}
2026-10-06 22:14:25 +0800	R51/2006/r51-2006-nl1-2023-03-rev1	API error for R51/2006/r51-2006-nl1-2023-03-rev1: {"error" => {"code" => "1113", "message" => "Insufficient balance or no resource package. Please recharge."}}
2026-10-06 22:14:25 +0800	R51/2006/r51-2006-nl1-2023-04-rev1	API error for R51/2006/r51-2006-nl1-2023-04-rev1: {"error" => {"code" => "1113", "message" => "Insufficient balance or no resource package. Please recharge."}}
2026-10-06 22:14:25 +0800	R51/2006/r51-2006-nl1-2023-05-rev0	API error for R51/2006/r51-2006-nl1-2023-05-rev0: {"error" => {"code" => "1113", "message" => "Insufficient balance or no resource package. Please recharge."}}
2026-10-06 22:14:25 +0800	R51/2006/r51-2006-nl1-2023-06-rev0	API error for R51/2006/r51-2006-nl1-2023-06-rev0: {"error" => {"code" => "1113", "message" => "Insufficient balance or no resource package. Please recharge."}}
2026-10-06 22:14:25 +0800	R51/2006/r51-2006-nl1-2024-02-rev1	API error for R51/2006/r51-2006-nl1-2024-02-rev1: {"error" => {"code" => "1113", "message" => "Insufficient balance or no resource package. Please recharge."}}
2026-10-06 22:14:25 +0800	R51/2006/r51-2006-nl1-2024-03-rev0	API error for R51/2006/r51-2006-nl1-2024-03-rev0: {"error" => {"code" => "1113", "message" => "Insufficient balance or no resource package. Please recharge."}}
2026-10-06 22:14:25 +0800	R60/1991/r060-1991-gb1-1995-01-rev1	API error for R60/1991/r060-1991-gb1-1995-01-rev1: {"error" => {"code" => "1113", "message" => "Insufficient balance or no resource package. Please recharge."}}
2026-10-06 22:14:25 +0800	R60/1991/r060-1991-gb1-2000-05-rev1	API error for R60/1991/r060-1991-gb1-2000-05-rev1: {"error" => {"code" => "1113", "message" => "Insufficient balance or no resource package. Please recharge."}}
2026-10-06 22:14:25 +0800	R60/1991/r060-1991-nl1-1998-23-rev1	API error for R60/1991/r060-1991-nl1-1998-23-rev1: {"error" => {"code" => "1113", "message" => "Insufficient balance or no resource package. Please recharge."}}
2026-10-06 22:14:25 +0800	R60/2000/r060-2000-cn1-2005-01	API error for R60/2000/r060-2000-cn1-2005-01: {"error" => {"code" => "1113", "message" => "Insufficient balance or no resource package. Please recharge."}}
2026-10-06 22:14:25 +0800	R60/2000/r060-2000-cn1-2005-02	API error for R60/2000/r060-2000-cn1-2005-02: {"error" => {"code" => "1113", "message" => "Insufficient balance or no resource package. Please recharge."}}
2026-10-06 22:14:25 +0800	R60/2000/r060-2000-cn1-2005-03	API error for R60/2000/r060-2000-cn1-2005-03: {"error" => {"code" => "1113", "message" => "Insufficient balance or no resource package. Please recharge."}}
2026-10-06 22:14:25 +0800	R60/2000/r060-2000-cn1-2005-05	API error for R60/2000/r060-2000-cn1-2005-05: {"error" => {"code" => "1113", "message" => "Insufficient balance or no resource package. Please recharge."}}
2026-10-06 22:14:25 +0800	R60/2000/r060-2000-cn1-2005-04	API error for R60/2000/r060-2000-cn1-2005-04: {"error" => {"code" => "1113", "message" => "Insufficient balance or no resource package. Please recharge."}}
2026-10-06 22:14:25 +0800	R60/2000/r060-2000-cn1-2006-01	API error for R60/2000/r060-2000-cn1-2006-01: {"error" => {"code" => "1113", "message" => "Insufficient balance or no resource package. Please recharge."}}
2026-10-06 22:14:25 +0800	R60/2000/r060-2000-cn1-2006-02	API error for R60/2000/r060-2000-cn1-2006-02: {"error" => {"code" => "1113", "message" => "Insufficient balance or no resource package. Please recharge."}}
2026-10-06 22:14:25 +0800	R60/2000/r060-2000-cn1-2006-03	API error for R60/2000/r060-2000-cn1-2006-03: {"error" => {"code" => "1113", "message" => "Insufficient balance or no resource package. Please recharge."}}
2026-10-06 22:14:25 +0800	R60/2000/r060-2000-cn1-2006-04	API error for R60/2000/r060-2000-cn1-2006-04: {"error" => {"code" => "1113", "message" => "Insufficient balance or no resource package. Please recharge."}}
2026-10-06 22:14:25 +0800	R60/2000/r060-2000-cn1-2006-05	API error for R60/2000/r060-2000-cn1-2006-05: {"error" => {"code" => "1113", "message" => "Insufficient balance or no resource package. Please recharge."}}
2026-10-06 22:14:25 +0800	R60/2000/r060-2000-cn1-2006-06	API error for R60/2000/r060-2000-cn1-2006-06: {"error" => {"code" => "1113", "message" => "Insufficient balance or no resource package. Please recharge."}}
2026-10-06 22:14:25 +0800	R60/2000/r060-2000-cn1-2006-08	API error for R60/2000/r060-2000-cn1-2006-08: {"error" => {"code" => "1113", "message" => "Insufficient balance or no resource package. Please recharge."}}
2026-10-06 22:14:25 +0800	R60/2000/r060-2000-cn1-2006-07	API error for R60/2000/r060-2000-cn1-2006-07: {"error" => {"code" => "1113", "message" => "Insufficient balance or no resource package. Please recharge."}}
2026-10-06 22:14:25 +0800	R60/2000/r060-2000-cn1-2006-10	API error for R60/2000/r060-2000-cn1-2006-10: {"error" => {"code" => "1113", "message" => "Insufficient balance or no resource package. Please recharge."}}
2026-10-06 22:14:25 +0800	R60/2000/r060-2000-cn1-2006-09	API error for R60/2000/r060-2000-cn1-2006-09: {"error" => {"code" => "1113", "message" => "Insufficient balance or no resource package. Please recharge."}}
2026-10-06 22:14:25 +0800	R60/2000/r060-2000-cn1-2007-01	API error for R60/2000/r060-2000-cn1-2007-01: {"error" => {"code" => "1113", "message" => "Insufficient balance or no resource package. Please recharge."}}
2026-10-06 22:14:25 +0800	R60/2000/r060-2000-cn1-2007-02	API error for R60/2000/r060-2000-cn1-2007-02: {"error" => {"code" => "1113", "message" => "Insufficient balance or no resource package. Please recharge."}}
2026-10-06 22:14:25 +0800	R60/2000/r060-2000-cn1-2007-03	API error for R60/2000/r060-2000-cn1-2007-03: {"error" => {"code" => "1113", "message" => "Insufficient balance or no resource package. Please recharge."}}
2026-10-06 22:14:25 +0800	R60/2000/r060-2000-cn1-2007-04	API error for R60/2000/r060-2000-cn1-2007-04: {"error" => {"code" => "1113", "message" => "Insufficient balance or no resource package. Please recharge."}}
2026-10-06 22:14:25 +0800	R60/2000/r060-2000-cn1-2007-05	API error for R60/2000/r060-2000-cn1-2007-05: {"error" => {"code" => "1113", "message" => "Insufficient balance or no resource package. Please recharge."}}
2026-10-06 22:14:25 +0800	R60/2000/r060-2000-cn1-2007-06	API error for R60/2000/r060-2000-cn1-2007-06: {"error" => {"code" => "1113", "message" => "Insufficient balance or no resource package. Please recharge."}}
2026-10-06 22:14:25 +0800	R60/2000/r060-2000-cn1-2008-02	API error for R60/2000/r060-2000-cn1-2008-02: {"error" => {"code" => "1113", "message" => "Insufficient balance or no resource package. Please recharge."}}
2026-10-06 22:14:25 +0800	R60/2000/r060-2000-cn1-2008-01	API error for R60/2000/r060-2000-cn1-2008-01: {"error" => {"code" => "1113", "message" => "Insufficient balance or no resource package. Please recharge."}}
2026-10-06 22:14:25 +0800	R60/2000/r060-2000-cn1-2008-13	API error for R60/2000/r060-2000-cn1-2008-13: {"error" => {"code" => "1113", "message" => "Insufficient balance or no resource package. Please recharge."}}
2026-10-06 22:14:25 +0800	R60/2000/r060-2000-cn1-2008-14	API error for R60/2000/r060-2000-cn1-2008-14: {"error" => {"code" => "1113", "message" => "Insufficient balance or no resource package. Please recharge."}}
2026-10-06 22:14:25 +0800	R60/2000/r060-2000-cn1-2008-15	API error for R60/2000/r060-2000-cn1-2008-15: {"error" => {"code" => "1113", "message" => "Insufficient balance or no resource package. Please recharge."}}
2026-10-06 22:14:25 +0800	R60/2000/r060-2000-cn1-2008-16	API error for R60/2000/r060-2000-cn1-2008-16: {"error" => {"code" => "1113", "message" => "Insufficient balance or no resource package. Please recharge."}}
2026-10-06 22:14:25 +0800	R60/2000/r060-2000-cn1-2009-01	API error for R60/2000/r060-2000-cn1-2009-01: {"error" => {"code" => "1113", "message" => "Insufficient balance or no resource package. Please recharge."}}
2026-10-06 22:14:25 +0800	R60/2000/r060-2000-cn1-2009-02-rev1	API error for R60/2000/r060-2000-cn1-2009-02-rev1: {"error" => {"code" => "1113", "message" => "Insufficient balance or no resource package. Please recharge."}}
2026-10-06 22:14:25 +0800	R60/2000/r060-2000-cn1-2009-02	API error for R60/2000/r060-2000-cn1-2009-02: {"error" => {"code" => "1113", "message" => "Insufficient balance or no resource package. Please recharge."}}
2026-10-06 22:14:25 +0800	R60/2000/r060-2000-cn1-2009-03	API error for R60/2000/r060-2000-cn1-2009-03: {"error" => {"code" => "1113", "message" => "Insufficient balance or no resource package. Please recharge."}}
2026-10-06 22:14:25 +0800	R60/2000/r060-2000-cn1-2009-04	API error for R60/2000/r060-2000-cn1-2009-04: {"error" => {"code" => "1113", "message" => "Insufficient balance or no resource package. Please recharge."}}
2026-10-06 22:14:25 +0800	R60/2000/r060-2000-cn1-2010-01	API error for R60/2000/r060-2000-cn1-2010-01: {"error" => {"code" => "1113", "message" => "Insufficient balance or no resource package. Please recharge."}}
2026-10-06 22:14:25 +0800	R60/2000/r060-2000-cn1-2010-02	API error for R60/2000/r060-2000-cn1-2010-02: {"error" => {"code" => "1113", "message" => "Insufficient balance or no resource package. Please recharge."}}
2026-10-06 22:14:25 +0800	R60/2000/r060-2000-cn1-2011-01	API error for R60/2000/r060-2000-cn1-2011-01: {"error" => {"code" => "1113", "message" => "Insufficient balance or no resource package. Please recharge."}}
2026-10-06 22:14:25 +0800	R60/2000/r060-2000-cn1-2013-01	API error for R60/2000/r060-2000-cn1-2013-01: {"error" => {"code" => "1113", "message" => "Insufficient balance or no resource package. Please recharge."}}
2026-10-06 22:14:25 +0800	R60/2000/r060-2000-cn1-2010-03	API error for R60/2000/r060-2000-cn1-2010-03: {"error" => {"code" => "1113", "message" => "Insufficient balance or no resource package. Please recharge."}}
2026-10-06 22:14:25 +0800	R60/2000/r060-2000-cn1-2014-01	API error for R60/2000/r060-2000-cn1-2014-01: {"error" => {"code" => "1113", "message" => "Insufficient balance or no resource package. Please recharge."}}
2026-10-06 22:14:25 +0800	R60/2000/r060-2000-cn1-2015-01	API error for R60/2000/r060-2000-cn1-2015-01: {"error" => {"code" => "1113", "message" => "Insufficient balance or no resource package. Please recharge."}}
2026-10-06 22:14:25 +0800	R60/2000/r060-2000-cn1-2015-02	API error for R60/2000/r060-2000-cn1-2015-02: {"error" => {"code" => "1113", "message" => "Insufficient balance or no resource package. Please recharge."}}
2026-10-06 22:14:25 +0800	R60/2000/r060-2000-cn1-2015-03	API error for R60/2000/r060-2000-cn1-2015-03: {"error" => {"code" => "1113", "message" => "Insufficient balance or no resource package. Please recharge."}}
2026-10-06 22:14:25 +0800	R60/2000/r060-2000-cn1-2016-01	API error for R60/2000/r060-2000-cn1-2016-01: {"error" => {"code" => "1113", "message" => "Insufficient balance or no resource package. Please recharge."}}
2026-10-06 22:14:25 +0800	R60/2000/r060-2000-cn1-2017-01	API error for R60/2000/r060-2000-cn1-2017-01: {"error" => {"code" => "1113", "message" => "Insufficient balance or no resource package. Please recharge."}}
2026-10-06 22:14:25 +0800	R60/2000/r060-2000-cn2-2018-01	API error for R60/2000/r060-2000-cn2-2018-01: {"error" => {"code" => "1113", "message" => "Insufficient balance or no resource package. Please recharge."}}
2026-10-06 22:14:25 +0800	R60/2000/r060-2000-de1-2002-01-rev2	API error for R60/2000/r060-2000-de1-2002-01-rev2: {"error" => {"code" => "1113", "message" => "Insufficient balance or no resource package. Please recharge."}}
2026-10-06 22:14:25 +0800	R60/2000/r060-2000-de1-2005-01	API error for R60/2000/r060-2000-de1-2005-01: {"error" => {"code" => "1113", "message" => "Insufficient balance or no resource package. Please recharge."}}
2026-10-06 22:14:25 +0800	R60/2000/r060-2000-de1-2005-02	API error for R60/2000/r060-2000-de1-2005-02: {"error" => {"code" => "1113", "message" => "Insufficient balance or no resource package. Please recharge."}}
2026-10-06 22:14:25 +0800	R60/2000/r060-2000-de1-2006-01	API error for R60/2000/r060-2000-de1-2006-01: {"error" => {"code" => "1113", "message" => "Insufficient balance or no resource package. Please recharge."}}
2026-10-06 22:14:25 +0800	R60/2000/r060-2000-de1-2005-02-rev1	API error for R60/2000/r060-2000-de1-2005-02-rev1: {"error" => {"code" => "1113", "message" => "Insufficient balance or no resource package. Please recharge."}}
2026-10-06 22:14:25 +0800	R60/2000/r060-2000-de1-2006-02-rev1	API error for R60/2000/r060-2000-de1-2006-02-rev1: {"error" => {"code" => "1113", "message" => "Insufficient balance or no resource package. Please recharge."}}
2026-10-06 22:14:25 +0800	R60/2000/r060-2000-de1-2006-03-rev2	API error for R60/2000/r060-2000-de1-2006-03-rev2: {"error" => {"code" => "1113", "message" => "Insufficient balance or no resource package. Please recharge."}}
2026-10-06 22:14:25 +0800	R60/2000/r060-2000-de1-2006-02	API error for R60/2000/r060-2000-de1-2006-02: {"error" => {"code" => "1113", "message" => "Insufficient balance or no resource package. Please recharge."}}
2026-10-06 22:14:25 +0800	R60/2000/r060-2000-de1-2006-02-rev2	API error for R60/2000/r060-2000-de1-2006-02-rev2: {"error" => {"code" => "1113", "message" => "Insufficient balance or no resource package. Please recharge."}}
2026-10-06 22:14:25 +0800	R60/2000/r060-2000-de1-2006-03	API error for R60/2000/r060-2000-de1-2006-03: {"error" => {"code" => "1113", "message" => "Insufficient balance or no resource package. Please recharge."}}
2026-10-06 22:14:25 +0800	R60/2000/r060-2000-de1-2008-02	API error for R60/2000/r060-2000-de1-2008-02: {"error" => {"code" => "1113", "message" => "Insufficient balance or no resource package. Please recharge."}}
2026-10-06 22:14:25 +0800	R60/2000/r060-2000-de1-2008-01	API error for R60/2000/r060-2000-de1-2008-01: {"error" => {"code" => "1113", "message" => "Insufficient balance or no resource package. Please recharge."}}
2026-10-06 22:14:25 +0800	R60/2000/r060-2000-de1-2008-04	API error for R60/2000/r060-2000-de1-2008-04: {"error" => {"code" => "1113", "message" => "Insufficient balance or no resource package. Please recharge."}}
2026-10-06 22:14:25 +0800	R60/2000/r060-2000-de1-2008-03	API error for R60/2000/r060-2000-de1-2008-03: {"error" => {"code" => "1113", "message" => "Insufficient balance or no resource package. Please recharge."}}
2026-10-06 22:14:25 +0800	R60/2000/r060-2000-de1-2008-05-rev1	API error for R60/2000/r060-2000-de1-2008-05-rev1: {"error" => {"code" => "1113", "message" => "Insufficient balance or no resource package. Please recharge."}}
2026-10-06 22:14:25 +0800	R60/2000/r060-2000-de1-2008-05	API error for R60/2000/r060-2000-de1-2008-05: {"error" => {"code" => "1113", "message" => "Insufficient balance or no resource package. Please recharge."}}
2026-10-06 22:14:25 +0800	R60/2000/r060-2000-de1-2008-06	API error for R60/2000/r060-2000-de1-2008-06: {"error" => {"code" => "1113", "message" => "Insufficient balance or no resource package. Please recharge."}}
2026-10-06 22:14:25 +0800	R60/2000/r060-2000-de1-2008-07	API error for R60/2000/r060-2000-de1-2008-07: {"error" => {"code" => "1113", "message" => "Insufficient balance or no resource package. Please recharge."}}
2026-10-06 22:14:25 +0800	R60/2000/r060-2000-de1-2008-09	API error for R60/2000/r060-2000-de1-2008-09: {"error" => {"code" => "1113", "message" => "Insufficient balance or no resource package. Please recharge."}}
2026-10-06 22:14:25 +0800	R60/2000/r060-2000-de1-2008-10	API error for R60/2000/r060-2000-de1-2008-10: {"error" => {"code" => "1113", "message" => "Insufficient balance or no resource package. Please recharge."}}
2026-10-06 22:14:25 +0800	R60/2000/r060-2000-de1-2008-08	API error for R60/2000/r060-2000-de1-2008-08: {"error" => {"code" => "1113", "message" => "Insufficient balance or no resource package. Please recharge."}}
2026-10-06 22:14:25 +0800	R60/2000/r060-2000-de1-2008-11-rev1	API error for R60/2000/r060-2000-de1-2008-11-rev1: {"error" => {"code" => "1113", "message" => "Insufficient balance or no resource package. Please recharge."}}
2026-10-06 22:14:25 +0800	R60/2000/r060-2000-de1-2008-12	API error for R60/2000/r060-2000-de1-2008-12: {"error" => {"code" => "1113", "message" => "Insufficient balance or no resource package. Please recharge."}}
2026-10-06 22:14:25 +0800	R60/2000/r060-2000-de1-2008-11	API error for R60/2000/r060-2000-de1-2008-11: {"error" => {"code" => "1113", "message" => "Insufficient balance or no resource package. Please recharge."}}
2026-10-06 22:14:25 +0800	R60/2000/r060-2000-de1-2008-13	API error for R60/2000/r060-2000-de1-2008-13: {"error" => {"code" => "1113", "message" => "Insufficient balance or no resource package. Please recharge."}}
2026-10-06 22:14:25 +0800	R60/2000/r060-2000-de1-2008-14	API error for R60/2000/r060-2000-de1-2008-14: {"error" => {"code" => "1113", "message" => "Insufficient balance or no resource package. Please recharge."}}
2026-10-06 22:14:25 +0800	R60/2000/r060-2000-de1-2009-01	API error for R60/2000/r060-2000-de1-2009-01: {"error" => {"code" => "1113", "message" => "Insufficient balance or no resource package. Please recharge."}}
2026-10-06 22:14:25 +0800	R60/2000/r060-2000-de1-2009-02	API error for R60/2000/r060-2000-de1-2009-02: {"error" => {"code" => "1113", "message" => "Insufficient balance or no resource package. Please recharge."}}
2026-10-06 22:14:25 +0800	R60/2000/r060-2000-de1-2009-03	API error for R60/2000/r060-2000-de1-2009-03: {"error" => {"code" => "1113", "message" => "Insufficient balance or no resource package. Please recharge."}}
2026-10-06 22:14:25 +0800	R60/2000/r060-2000-de1-2009-04	API error for R60/2000/r060-2000-de1-2009-04: {"error" => {"code" => "1113", "message" => "Insufficient balance or no resource package. Please recharge."}}
2026-10-06 22:14:25 +0800	R60/2000/r060-2000-de1-2009-06	API error for R60/2000/r060-2000-de1-2009-06: {"error" => {"code" => "1113", "message" => "Insufficient balance or no resource package. Please recharge."}}
2026-10-06 22:14:25 +0800	R60/2000/r060-2000-de1-2009-07	API error for R60/2000/r060-2000-de1-2009-07: {"error" => {"code" => "1113", "message" => "Insufficient balance or no resource package. Please recharge."}}
2026-10-06 22:14:25 +0800	R60/2000/r060-2000-de1-2009-05	API error for R60/2000/r060-2000-de1-2009-05: {"error" => {"code" => "1113", "message" => "Insufficient balance or no resource package. Please recharge."}}
2026-10-06 22:14:25 +0800	R60/2000/r060-2000-de1-2009-08	API error for R60/2000/r060-2000-de1-2009-08: {"error" => {"code" => "1113", "message" => "Insufficient balance or no resource package. Please recharge."}}
2026-10-06 22:14:25 +0800	R60/2000/r060-2000-de1-2009-09	API error for R60/2000/r060-2000-de1-2009-09: {"error" => {"code" => "1113", "message" => "Insufficient balance or no resource package. Please recharge."}}
2026-10-06 22:14:25 +0800	R60/2000/r060-2000-de1-2009-10	API error for R60/2000/r060-2000-de1-2009-10: {"error" => {"code" => "1113", "message" => "Insufficient balance or no resource package. Please recharge."}}
2026-10-06 22:14:25 +0800	R60/2000/r060-2000-de1-2009-09-rev1	API error for R60/2000/r060-2000-de1-2009-09-rev1: {"error" => {"code" => "1113", "message" => "Insufficient balance or no resource package. Please recharge."}}
2026-10-06 22:14:25 +0800	R60/2000/r060-2000-de1-2009-11-rev1	API error for R60/2000/r060-2000-de1-2009-11-rev1: {"error" => {"code" => "1113", "message" => "Insufficient balance or no resource package. Please recharge."}}
2026-10-06 22:14:25 +0800	R60/2000/r060-2000-de1-2009-12	API error for R60/2000/r060-2000-de1-2009-12: {"error" => {"code" => "1113", "message" => "Insufficient balance or no resource package. Please recharge."}}
2026-10-06 22:14:25 +0800	R60/2000/r060-2000-de1-2009-13	API error for R60/2000/r060-2000-de1-2009-13: {"error" => {"code" => "1113", "message" => "Insufficient balance or no resource package. Please recharge."}}
2026-10-06 22:14:25 +0800	R60/2000/r060-2000-de1-2009-11	API error for R60/2000/r060-2000-de1-2009-11: {"error" => {"code" => "1113", "message" => "Insufficient balance or no resource package. Please recharge."}}
2026-10-06 22:14:25 +0800	R60/2000/r060-2000-de1-2009-14	API error for R60/2000/r060-2000-de1-2009-14: {"error" => {"code" => "1113", "message" => "Insufficient balance or no resource package. Please recharge."}}
2026-10-06 22:14:25 +0800	R60/2000/r060-2000-de1-2009-18	API error for R60/2000/r060-2000-de1-2009-18: {"error" => {"code" => "1113", "message" => "Insufficient balance or no resource package. Please recharge."}}
2026-10-06 22:14:25 +0800	R60/2000/r060-2000-de1-2009-19	API error for R60/2000/r060-2000-de1-2009-19: {"error" => {"code" => "1113", "message" => "Insufficient balance or no resource package. Please recharge."}}
2026-10-06 22:14:25 +0800	R60/2000/r060-2000-de1-2009-16	API error for R60/2000/r060-2000-de1-2009-16: {"error" => {"code" => "1113", "message" => "Insufficient balance or no resource package. Please recharge."}}
2026-10-06 22:14:25 +0800	R60/2000/r060-2000-de1-2009-17	API error for R60/2000/r060-2000-de1-2009-17: {"error" => {"code" => "1113", "message" => "Insufficient balance or no resource package. Please recharge."}}
2026-10-06 22:14:25 +0800	R60/2000/r060-2000-de1-2010-02	API error for R60/2000/r060-2000-de1-2010-02: {"error" => {"code" => "1113", "message" => "Insufficient balance or no resource package. Please recharge."}}
2026-10-06 22:14:25 +0800	R60/2000/r060-2000-de1-2010-02-rev1	API error for R60/2000/r060-2000-de1-2010-02-rev1: {"error" => {"code" => "1113", "message" => "Insufficient balance or no resource package. Please recharge."}}
2026-10-06 22:14:25 +0800	R60/2000/r060-2000-de1-2010-01	API error for R60/2000/r060-2000-de1-2010-01: {"error" => {"code" => "1113", "message" => "Insufficient balance or no resource package. Please recharge."}}
2026-10-06 22:14:25 +0800	R60/2000/r060-2000-de1-2010-03	API error for R60/2000/r060-2000-de1-2010-03: {"error" => {"code" => "1113", "message" => "Insufficient balance or no resource package. Please recharge."}}
2026-10-06 22:14:25 +0800	R60/2000/r060-2000-de1-2010-05	API error for R60/2000/r060-2000-de1-2010-05: {"error" => {"code" => "1113", "message" => "Insufficient balance or no resource package. Please recharge."}}
2026-10-06 22:14:25 +0800	R60/2000/r060-2000-de1-2010-05-rev1	API error for R60/2000/r060-2000-de1-2010-05-rev1: {"error" => {"code" => "1113", "message" => "Insufficient balance or no resource package. Please recharge."}}
2026-10-06 22:14:25 +0800	R60/2000/r060-2000-de1-2010-06	API error for R60/2000/r060-2000-de1-2010-06: {"error" => {"code" => "1113", "message" => "Insufficient balance or no resource package. Please recharge."}}
2026-10-06 22:14:25 +0800	R60/2000/r060-2000-de1-2010-07	API error for R60/2000/r060-2000-de1-2010-07: {"error" => {"code" => "1113", "message" => "Insufficient balance or no resource package. Please recharge."}}
2026-10-06 22:14:25 +0800	R60/2000/r060-2000-de1-2010-08	API error for R60/2000/r060-2000-de1-2010-08: {"error" => {"code" => "1113", "message" => "Insufficient balance or no resource package. Please recharge."}}
2026-10-06 22:14:25 +0800	R60/2000/r060-2000-de1-2010-11	API error for R60/2000/r060-2000-de1-2010-11: {"error" => {"code" => "1113", "message" => "Insufficient balance or no resource package. Please recharge."}}
2026-10-06 22:14:25 +0800	R60/2000/r060-2000-de1-2010-10	API error for R60/2000/r060-2000-de1-2010-10: {"error" => {"code" => "1113", "message" => "Insufficient balance or no resource package. Please recharge."}}
2026-10-06 22:14:25 +0800	R60/2000/r060-2000-de1-2010-09	API error for R60/2000/r060-2000-de1-2010-09: {"error" => {"code" => "1113", "message" => "Insufficient balance or no resource package. Please recharge."}}
2026-10-06 22:14:25 +0800	R60/2000/r060-2000-de1-2010-12	API error for R60/2000/r060-2000-de1-2010-12: {"error" => {"code" => "1113", "message" => "Insufficient balance or no resource package. Please recharge."}}
2026-10-06 22:14:25 +0800	R60/2000/r060-2000-de1-2011-03	API error for R60/2000/r060-2000-de1-2011-03: {"error" => {"code" => "1113", "message" => "Insufficient balance or no resource package. Please recharge."}}
2026-10-06 22:14:25 +0800	R60/2000/r060-2000-de1-2011-02	API error for R60/2000/r060-2000-de1-2011-02: {"error" => {"code" => "1113", "message" => "Insufficient balance or no resource package. Please recharge."}}
2026-10-06 22:14:25 +0800	R60/2000/r060-2000-de1-2012-01-rev1	API error for R60/2000/r060-2000-de1-2012-01-rev1: {"error" => {"code" => "1113", "message" => "Insufficient balance or no resource package. Please recharge."}}
2026-10-06 22:14:25 +0800	R60/2000/r060-2000-de1-2012-01	API error for R60/2000/r060-2000-de1-2012-01: {"error" => {"code" => "1113", "message" => "Insufficient balance or no resource package. Please recharge."}}
2026-10-06 22:14:25 +0800	R60/2000/r060-2000-de1-2013-02	API error for R60/2000/r060-2000-de1-2013-02: {"error" => {"code" => "1113", "message" => "Insufficient balance or no resource package. Please recharge."}}
2026-10-06 22:14:25 +0800	R60/2000/r060-2000-de1-2015-01-rev1	API error for R60/2000/r060-2000-de1-2015-01-rev1: {"error" => {"code" => "1113", "message" => "Insufficient balance or no resource package. Please recharge."}}
2026-10-06 22:14:25 +0800	R60/2000/r060-2000-de1-2014-01	API error for R60/2000/r060-2000-de1-2014-01: {"error" => {"code" => "1113", "message" => "Insufficient balance or no resource package. Please recharge."}}
2026-10-06 22:14:25 +0800	R60/2000/r060-2000-de1-2015-01	API error for R60/2000/r060-2000-de1-2015-01: {"error" => {"code" => "1113", "message" => "Insufficient balance or no resource package. Please recharge."}}
2026-10-06 22:14:25 +0800	R60/2000/r060-2000-de1-2017-15	API error for R60/2000/r060-2000-de1-2017-15: {"error" => {"code" => "1113", "message" => "Insufficient balance or no resource package. Please recharge."}}
2026-10-06 22:14:25 +0800	R60/2000/r060-2000-de1-2019-02	API error for R60/2000/r060-2000-de1-2019-02: {"error" => {"code" => "1113", "message" => "Insufficient balance or no resource package. Please recharge."}}
2026-10-06 22:14:25 +0800	R60/2000/r060-2000-de1-2019-01	API error for R60/2000/r060-2000-de1-2019-01: {"error" => {"code" => "1113", "message" => "Insufficient balance or no resource package. Please recharge."}}
2026-10-06 22:14:25 +0800	R60/2000/r060-2000-de1-2019-03	API error for R60/2000/r060-2000-de1-2019-03: {"error" => {"code" => "1113", "message" => "Insufficient balance or no resource package. Please recharge."}}
2026-10-06 22:14:25 +0800	R60/2000/r060-2000-de1-2019-04	API error for R60/2000/r060-2000-de1-2019-04: {"error" => {"code" => "1113", "message" => "Insufficient balance or no resource package. Please recharge."}}
2026-10-06 22:14:25 +0800	R60/2000/r060-2000-de1-2020-02	API error for R60/2000/r060-2000-de1-2020-02: {"error" => {"code" => "1113", "message" => "Insufficient balance or no resource package. Please recharge."}}
2026-10-06 22:14:25 +0800	R60/2000/r060-2000-de1-2022-01	API error for R60/2000/r060-2000-de1-2022-01: {"error" => {"code" => "1113", "message" => "Insufficient balance or no resource package. Please recharge."}}
2026-10-06 22:14:25 +0800	R60/2000/r060-2000-dk1-2004-01-rev2	API error for R60/2000/r060-2000-dk1-2004-01-rev2: {"error" => {"code" => "1113", "message" => "Insufficient balance or no resource package. Please recharge."}}
2026-10-06 22:14:25 +0800	R60/2000/r060-2000-dk1-2004-01-rev1	API error for R60/2000/r060-2000-dk1-2004-01-rev1: {"error" => {"code" => "1113", "message" => "Insufficient balance or no resource package. Please recharge."}}
2026-10-06 22:14:25 +0800	R60/2000/r060-2000-dk1-2006-01-rev1	API error for R60/2000/r060-2000-dk1-2006-01-rev1: {"error" => {"code" => "1113", "message" => "Insufficient balance or no resource package. Please recharge."}}
2026-10-06 22:14:25 +0800	R60/2000/r060-2000-dk1-2006-01	API error for R60/2000/r060-2000-dk1-2006-01: {"error" => {"code" => "1113", "message" => "Insufficient balance or no resource package. Please recharge."}}
2026-10-06 22:14:25 +0800	R60/2000/r060-2000-dk1-2006-03-rev1	API error for R60/2000/r060-2000-dk1-2006-03-rev1: {"error" => {"code" => "1113", "message" => "Insufficient balance or no resource package. Please recharge."}}
2026-10-06 22:14:25 +0800	R60/2000/r060-2000-dk1-2006-04	API error for R60/2000/r060-2000-dk1-2006-04: {"error" => {"code" => "1113", "message" => "Insufficient balance or no resource package. Please recharge."}}
2026-10-06 22:14:25 +0800	R60/2000/r060-2000-dk1-2008-01-rev1	API error for R60/2000/r060-2000-dk1-2008-01-rev1: {"error" => {"code" => "1113", "message" => "Insufficient balance or no resource package. Please recharge."}}
2026-10-06 22:14:25 +0800	R60/2000/r060-2000-dk1-2008-01	API error for R60/2000/r060-2000-dk1-2008-01: {"error" => {"code" => "1113", "message" => "Insufficient balance or no resource package. Please recharge."}}
2026-10-06 22:14:25 +0800	R60/2000/r060-2000-dk1-2009-01	API error for R60/2000/r060-2000-dk1-2009-01: {"error" => {"code" => "1113", "message" => "Insufficient balance or no resource package. Please recharge."}}
2026-10-06 22:14:25 +0800	R60/2000/r060-2000-dk2-2022-01	API error for R60/2000/r060-2000-dk2-2022-01: {"error" => {"code" => "1113", "message" => "Insufficient balance or no resource package. Please recharge."}}
2026-10-06 22:14:25 +0800	R60/2000/r060-2000-dk3-2011-01-rev1	API error for R60/2000/r060-2000-dk3-2011-01-rev1: {"error" => {"code" => "1113", "message" => "Insufficient balance or no resource package. Please recharge."}}
2026-10-06 22:14:25 +0800	R60/2000/r060-2000-dk3-2011-01	API error for R60/2000/r060-2000-dk3-2011-01: {"error" => {"code" => "1113", "message" => "Insufficient balance or no resource package. Please recharge."}}
2026-10-06 22:14:25 +0800	R60/2000/r060-2000-dk3-2016-01	API error for R60/2000/r060-2000-dk3-2016-01: {"error" => {"code" => "1113", "message" => "Insufficient balance or no resource package. Please recharge."}}
2026-10-06 22:14:25 +0800	R60/2000/r060-2000-dk3-2013-01	API error for R60/2000/r060-2000-dk3-2013-01: {"error" => {"code" => "1113", "message" => "Insufficient balance or no resource package. Please recharge."}}
2026-10-06 22:14:25 +0800	R60/2000/r060-2000-dk3-2017-01	API error for R60/2000/r060-2000-dk3-2017-01: {"error" => {"code" => "1113", "message" => "Insufficient balance or no resource package. Please recharge."}}
2026-10-06 22:14:25 +0800	R60/2000/r060-2000-dk3-2017-02	API error for R60/2000/r060-2000-dk3-2017-02: {"error" => {"code" => "1113", "message" => "Insufficient balance or no resource package. Please recharge."}}
2026-10-06 22:14:25 +0800	R60/2000/r060-2000-es1-2009-01	API error for R60/2000/r060-2000-es1-2009-01: {"error" => {"code" => "1113", "message" => "Insufficient balance or no resource package. Please recharge."}}
2026-10-06 22:14:25 +0800	R60/2000/r060-2000-dk3-2017-03	API error for R60/2000/r060-2000-dk3-2017-03: {"error" => {"code" => "1113", "message" => "Insufficient balance or no resource package. Please recharge."}}
2026-10-06 22:14:25 +0800	R60/2000/r060-2000-es1-2010-01	API error for R60/2000/r060-2000-es1-2010-01: {"error" => {"code" => "1113", "message" => "Insufficient balance or no resource package. Please recharge."}}
2026-10-06 22:14:25 +0800	R60/2000/r060-2000-es1-2010-03	API error for R60/2000/r060-2000-es1-2010-03: {"error" => {"code" => "1113", "message" => "Insufficient balance or no resource package. Please recharge."}}
2026-10-06 22:14:25 +0800	R60/2000/r060-2000-es1-2010-04	API error for R60/2000/r060-2000-es1-2010-04: {"error" => {"code" => "1113", "message" => "Insufficient balance or no resource package. Please recharge."}}
2026-10-06 22:14:25 +0800	R60/2000/r060-2000-es1-2011-01	API error for R60/2000/r060-2000-es1-2011-01: {"error" => {"code" => "1113", "message" => "Insufficient balance or no resource package. Please recharge."}}
2026-10-06 22:14:25 +0800	R60/2000/r060-2000-es1-2013-01	API error for R60/2000/r060-2000-es1-2013-01: {"error" => {"code" => "1113", "message" => "Insufficient balance or no resource package. Please recharge."}}
2026-10-06 22:14:25 +0800	R60/2000/r060-2000-es1-2013-02	API error for R60/2000/r060-2000-es1-2013-02: {"error" => {"code" => "1113", "message" => "Insufficient balance or no resource package. Please recharge."}}
2026-10-06 22:14:25 +0800	R60/2000/r060-2000-es1-2013-03	API error for R60/2000/r060-2000-es1-2013-03: {"error" => {"code" => "1113", "message" => "Insufficient balance or no resource package. Please recharge."}}
2026-10-06 22:14:25 +0800	R60/2000/r060-2000-fr2-2009-02-rev1	API error for R60/2000/r060-2000-fr2-2009-02-rev1: {"error" => {"code" => "1113", "message" => "Insufficient balance or no resource package. Please recharge."}}
2026-10-06 22:14:25 +0800	R60/2000/r060-2000-fr2-2011-01-rev1	API error for R60/2000/r060-2000-fr2-2011-01-rev1: {"error" => {"code" => "1113", "message" => "Insufficient balance or no resource package. Please recharge."}}
2026-10-06 22:14:25 +0800	R60/2000/r060-2000-fr2-2009-02	API error for R60/2000/r060-2000-fr2-2009-02: {"error" => {"code" => "1113", "message" => "Insufficient balance or no resource package. Please recharge."}}
2026-10-06 22:14:25 +0800	R60/2000/r060-2000-fr2-2011-01	API error for R60/2000/r060-2000-fr2-2011-01: {"error" => {"code" => "1113", "message" => "Insufficient balance or no resource package. Please recharge."}}
2026-10-06 22:14:25 +0800	R60/2000/r060-2000-fr2-2012-01	API error for R60/2000/r060-2000-fr2-2012-01: {"error" => {"code" => "1113", "message" => "Insufficient balance or no resource package. Please recharge."}}
2026-10-06 22:14:25 +0800	R60/2000/r060-2000-gb1-2004-03-rev1	API error for R60/2000/r060-2000-gb1-2004-03-rev1: {"error" => {"code" => "1113", "message" => "Insufficient balance or no resource package. Please recharge."}}
2026-10-06 22:14:25 +0800	R60/2000/r060-2000-fr2-2017-01-rev0	API error for R60/2000/r060-2000-fr2-2017-01-rev0: {"error" => {"code" => "1113", "message" => "Insufficient balance or no resource package. Please recharge."}}
2026-10-06 22:14:25 +0800	R60/2000/r060-2000-gb1-2005-01	API error for R60/2000/r060-2000-gb1-2005-01: {"error" => {"code" => "1113", "message" => "Insufficient balance or no resource package. Please recharge."}}
2026-10-06 22:14:25 +0800	R60/2000/r060-2000-gb1-2005-02-rev1	API error for R60/2000/r060-2000-gb1-2005-02-rev1: {"error" => {"code" => "1113", "message" => "Insufficient balance or no resource package. Please recharge."}}
2026-10-06 22:14:25 +0800	R60/2000/r060-2000-gb1-2005-03-rev1	API error for R60/2000/r060-2000-gb1-2005-03-rev1: {"error" => {"code" => "1113", "message" => "Insufficient balance or no resource package. Please recharge."}}
2026-10-06 22:14:25 +0800	R60/2000/r060-2000-gb1-2005-03	API error for R60/2000/r060-2000-gb1-2005-03: {"error" => {"code" => "1113", "message" => "Insufficient balance or no resource package. Please recharge."}}
2026-10-06 22:14:25 +0800	R60/2000/r060-2000-gb1-2005-04-rev1	API error for R60/2000/r060-2000-gb1-2005-04-rev1: {"error" => {"code" => "1113", "message" => "Insufficient balance or no resource package. Please recharge."}}
2026-10-06 22:14:25 +0800	R60/2000/r060-2000-gb1-2005-06-rev1	API error for R60/2000/r060-2000-gb1-2005-06-rev1: {"error" => {"code" => "1113", "message" => "Insufficient balance or no resource package. Please recharge."}}
2026-10-06 22:14:25 +0800	R60/2000/r060-2000-gb1-2005-05-rev1	API error for R60/2000/r060-2000-gb1-2005-05-rev1: {"error" => {"code" => "1113", "message" => "Insufficient balance or no resource package. Please recharge."}}
2026-10-06 22:14:25 +0800	R60/2000/r060-2000-gb1-2005-06-rev2-annex01	API error for R60/2000/r060-2000-gb1-2005-06-rev2-annex01: {"error" => {"code" => "1113", "message" => "Insufficient balance or no resource package. Please recharge."}}
2026-10-06 22:14:25 +0800	R60/2000/r060-2000-gb1-2005-06-rev2	API error for R60/2000/r060-2000-gb1-2005-06-rev2: {"error" => {"code" => "1113", "message" => "Insufficient balance or no resource package. Please recharge."}}
2026-10-06 22:14:25 +0800	R60/2000/r060-2000-gb1-2005-06	API error for R60/2000/r060-2000-gb1-2005-06: {"error" => {"code" => "1113", "message" => "Insufficient balance or no resource package. Please recharge."}}
2026-10-06 22:14:25 +0800	R60/2000/r060-2000-gb1-2005-07-rev1	API error for R60/2000/r060-2000-gb1-2005-07-rev1: {"error" => {"code" => "1113", "message" => "Insufficient balance or no resource package. Please recharge."}}
2026-10-06 22:14:25 +0800	R60/2000/r060-2000-gb1-2005-07-rev2	API error for R60/2000/r060-2000-gb1-2005-07-rev2: {"error" => {"code" => "1113", "message" => "Insufficient balance or no resource package. Please recharge."}}
2026-10-06 22:14:25 +0800	R60/2000/r060-2000-gb1-2005-07-rev3	API error for R60/2000/r060-2000-gb1-2005-07-rev3: {"error" => {"code" => "1113", "message" => "Insufficient balance or no resource package. Please recharge."}}
2026-10-06 22:14:25 +0800	R60/2000/r060-2000-gb1-2006-01	API error for R60/2000/r060-2000-gb1-2006-01: {"error" => {"code" => "1113", "message" => "Insufficient balance or no resource package. Please recharge."}}
2026-10-06 22:14:25 +0800	R60/2000/r060-2000-gb1-2005-07	API error for R60/2000/r060-2000-gb1-2005-07: {"error" => {"code" => "1113", "message" => "Insufficient balance or no resource package. Please recharge."}}
2026-10-06 22:14:25 +0800	R60/2000/r060-2000-gb1-2006-02	API error for R60/2000/r060-2000-gb1-2006-02: {"error" => {"code" => "1113", "message" => "Insufficient balance or no resource package. Please recharge."}}
2026-10-06 22:14:25 +0800	R60/2000/r060-2000-gb1-2006-03	API error for R60/2000/r060-2000-gb1-2006-03: {"error" => {"code" => "1113", "message" => "Insufficient balance or no resource package. Please recharge."}}
2026-10-06 22:14:25 +0800	R60/2000/r060-2000-gb1-2006-04	API error for R60/2000/r060-2000-gb1-2006-04: {"error" => {"code" => "1113", "message" => "Insufficient balance or no resource package. Please recharge."}}
2026-10-06 22:14:25 +0800	R60/2000/r060-2000-gb1-2007-01	API error for R60/2000/r060-2000-gb1-2007-01: {"error" => {"code" => "1113", "message" => "Insufficient balance or no resource package. Please recharge."}}
2026-10-06 22:14:25 +0800	R60/2000/r060-2000-gb1-2007-02	API error for R60/2000/r060-2000-gb1-2007-02: {"error" => {"code" => "1113", "message" => "Insufficient balance or no resource package. Please recharge."}}
2026-10-06 22:14:25 +0800	R60/2000/r060-2000-gb1-2007-03	API error for R60/2000/r060-2000-gb1-2007-03: {"error" => {"code" => "1113", "message" => "Insufficient balance or no resource package. Please recharge."}}
2026-10-06 22:14:25 +0800	R60/2000/r060-2000-gb1-2007-04	API error for R60/2000/r060-2000-gb1-2007-04: {"error" => {"code" => "1113", "message" => "Insufficient balance or no resource package. Please recharge."}}
2026-10-06 22:14:25 +0800	R60/2000/r060-2000-gb1-2007-05	API error for R60/2000/r060-2000-gb1-2007-05: {"error" => {"code" => "1113", "message" => "Insufficient balance or no resource package. Please recharge."}}
2026-10-06 22:14:25 +0800	R60/2000/r060-2000-gb1-2007-05-rev1	API error for R60/2000/r060-2000-gb1-2007-05-rev1: {"error" => {"code" => "1113", "message" => "Insufficient balance or no resource package. Please recharge."}}
2026-10-06 22:14:25 +0800	R60/2000/r060-2000-gb1-2007-06	API error for R60/2000/r060-2000-gb1-2007-06: {"error" => {"code" => "1113", "message" => "Insufficient balance or no resource package. Please recharge."}}
2026-10-06 22:14:25 +0800	R60/2000/r060-2000-gb1-2008-02	API error for R60/2000/r060-2000-gb1-2008-02: {"error" => {"code" => "1113", "message" => "Insufficient balance or no resource package. Please recharge."}}
2026-10-06 22:14:25 +0800	R60/2000/r060-2000-gb1-2008-01	API error for R60/2000/r060-2000-gb1-2008-01: {"error" => {"code" => "1113", "message" => "Insufficient balance or no resource package. Please recharge."}}
2026-10-06 22:14:25 +0800	R60/2000/r060-2000-gb1-2008-03	API error for R60/2000/r060-2000-gb1-2008-03: {"error" => {"code" => "1113", "message" => "Insufficient balance or no resource package. Please recharge."}}
2026-10-06 22:14:25 +0800	R60/2000/r060-2000-gb1-2008-04	API error for R60/2000/r060-2000-gb1-2008-04: {"error" => {"code" => "1113", "message" => "Insufficient balance or no resource package. Please recharge."}}
2026-10-06 22:14:25 +0800	R60/2000/r060-2000-gb1-2008-06	API error for R60/2000/r060-2000-gb1-2008-06: {"error" => {"code" => "1113", "message" => "Insufficient balance or no resource package. Please recharge."}}
2026-10-06 22:14:25 +0800	R60/2000/r060-2000-gb1-2008-07	API error for R60/2000/r060-2000-gb1-2008-07: {"error" => {"code" => "1113", "message" => "Insufficient balance or no resource package. Please recharge."}}
2026-10-06 22:14:25 +0800	R60/2000/r060-2000-gb1-2008-08	API error for R60/2000/r060-2000-gb1-2008-08: {"error" => {"code" => "1113", "message" => "Insufficient balance or no resource package. Please recharge."}}
2026-10-06 22:14:25 +0800	R60/2000/r060-2000-gb1-2009-02	API error for R60/2000/r060-2000-gb1-2009-02: {"error" => {"code" => "1113", "message" => "Insufficient balance or no resource package. Please recharge."}}
2026-10-06 22:14:25 +0800	R60/2000/r060-2000-gb1-2009-03	API error for R60/2000/r060-2000-gb1-2009-03: {"error" => {"code" => "1113", "message" => "Insufficient balance or no resource package. Please recharge."}}
2026-10-06 22:14:25 +0800	R60/2000/r060-2000-gb1-2009-04	API error for R60/2000/r060-2000-gb1-2009-04: {"error" => {"code" => "1113", "message" => "Insufficient balance or no resource package. Please recharge."}}
2026-10-06 22:14:25 +0800	R60/2000/r060-2000-gb1-2009-05	API error for R60/2000/r060-2000-gb1-2009-05: {"error" => {"code" => "1113", "message" => "Insufficient balance or no resource package. Please recharge."}}
2026-10-06 22:14:25 +0800	R60/2000/r060-2000-gb1-2009-06	API error for R60/2000/r060-2000-gb1-2009-06: {"error" => {"code" => "1113", "message" => "Insufficient balance or no resource package. Please recharge."}}
2026-10-06 22:14:25 +0800	R60/2000/r060-2000-gb1-2009-07	API error for R60/2000/r060-2000-gb1-2009-07: {"error" => {"code" => "1113", "message" => "Insufficient balance or no resource package. Please recharge."}}
2026-10-06 22:14:25 +0800	R60/2000/r060-2000-gb1-2009-08	API error for R60/2000/r060-2000-gb1-2009-08: {"error" => {"code" => "1113", "message" => "Insufficient balance or no resource package. Please recharge."}}
2026-10-06 22:14:25 +0800	R60/2000/r060-2000-gb1-2009-09	API error for R60/2000/r060-2000-gb1-2009-09: {"error" => {"code" => "1113", "message" => "Insufficient balance or no resource package. Please recharge."}}
2026-10-06 22:14:25 +0800	R60/2000/r060-2000-gb1-2009-10-rev1	API error for R60/2000/r060-2000-gb1-2009-10-rev1: {"error" => {"code" => "1113", "message" => "Insufficient balance or no resource package. Please recharge."}}
2026-10-06 22:14:25 +0800	R60/2000/r060-2000-gb1-2009-10-rev2	API error for R60/2000/r060-2000-gb1-2009-10-rev2: {"error" => {"code" => "1113", "message" => "Insufficient balance or no resource package. Please recharge."}}
2026-10-06 22:14:25 +0800	R60/2000/r060-2000-gb1-2009-10	API error for R60/2000/r060-2000-gb1-2009-10: {"error" => {"code" => "1113", "message" => "Insufficient balance or no resource package. Please recharge."}}
2026-10-06 22:14:25 +0800	R60/2000/r060-2000-gb1-2009-11	API error for R60/2000/r060-2000-gb1-2009-11: {"error" => {"code" => "1113", "message" => "Insufficient balance or no resource package. Please recharge."}}
2026-10-06 22:14:25 +0800	R60/2000/r060-2000-gb1-2010-01	API error for R60/2000/r060-2000-gb1-2010-01: {"error" => {"code" => "1113", "message" => "Insufficient balance or no resource package. Please recharge."}}
2026-10-06 22:14:25 +0800	R60/2000/r060-2000-gb1-2010-02	API error for R60/2000/r060-2000-gb1-2010-02: {"error" => {"code" => "1113", "message" => "Insufficient balance or no resource package. Please recharge."}}
2026-10-06 22:14:25 +0800	R60/2000/r060-2000-gb1-2010-04	API error for R60/2000/r060-2000-gb1-2010-04: {"error" => {"code" => "1113", "message" => "Insufficient balance or no resource package. Please recharge."}}
2026-10-06 22:14:25 +0800	R60/2000/r060-2000-gb1-2010-03	API error for R60/2000/r060-2000-gb1-2010-03: {"error" => {"code" => "1113", "message" => "Insufficient balance or no resource package. Please recharge."}}
2026-10-06 22:14:25 +0800	R60/2000/r060-2000-gb1-2010-05	API error for R60/2000/r060-2000-gb1-2010-05: {"error" => {"code" => "1113", "message" => "Insufficient balance or no resource package. Please recharge."}}
2026-10-06 22:14:25 +0800	R60/2000/r060-2000-gb1-2010-06-rev1	API error for R60/2000/r060-2000-gb1-2010-06-rev1: {"error" => {"code" => "1113", "message" => "Insufficient balance or no resource package. Please recharge."}}
2026-10-06 22:14:25 +0800	R60/2000/r060-2000-gb1-2010-06	API error for R60/2000/r060-2000-gb1-2010-06: {"error" => {"code" => "1113", "message" => "Insufficient balance or no resource package. Please recharge."}}
2026-10-06 22:14:25 +0800	R60/2000/r060-2000-gb1-2010-07	API error for R60/2000/r060-2000-gb1-2010-07: {"error" => {"code" => "1113", "message" => "Insufficient balance or no resource package. Please recharge."}}
2026-10-06 22:14:25 +0800	R60/2000/r060-2000-gb1-2011-01	API error for R60/2000/r060-2000-gb1-2011-01: {"error" => {"code" => "1113", "message" => "Insufficient balance or no resource package. Please recharge."}}
2026-10-06 22:14:25 +0800	R60/2000/r060-2000-gb1-2010-08	API error for R60/2000/r060-2000-gb1-2010-08: {"error" => {"code" => "1113", "message" => "Insufficient balance or no resource package. Please recharge."}}
2026-10-06 22:14:25 +0800	R60/2000/r060-2000-gb1-2011-02-rev02	API error for R60/2000/r060-2000-gb1-2011-02-rev02: {"error" => {"code" => "1113", "message" => "Insufficient balance or no resource package. Please recharge."}}
2026-10-06 22:14:25 +0800	R60/2000/r060-2000-gb1-2011-02-rev1	API error for R60/2000/r060-2000-gb1-2011-02-rev1: {"error" => {"code" => "1113", "message" => "Insufficient balance or no resource package. Please recharge."}}
2026-10-06 22:14:25 +0800	R60/2000/r060-2000-gb1-2011-02	API error for R60/2000/r060-2000-gb1-2011-02: {"error" => {"code" => "1113", "message" => "Insufficient balance or no resource package. Please recharge."}}
2026-10-06 22:14:25 +0800	R60/2000/r060-2000-gb1-2011-03	API error for R60/2000/r060-2000-gb1-2011-03: {"error" => {"code" => "1113", "message" => "Insufficient balance or no resource package. Please recharge."}}
2026-10-06 22:14:25 +0800	R60/2000/r060-2000-gb1-2011-04	API error for R60/2000/r060-2000-gb1-2011-04: {"error" => {"code" => "1113", "message" => "Insufficient balance or no resource package. Please recharge."}}
2026-10-06 22:14:25 +0800	R60/2000/r060-2000-gb1-2011-05-rev1	API error for R60/2000/r060-2000-gb1-2011-05-rev1: {"error" => {"code" => "1113", "message" => "Insufficient balance or no resource package. Please recharge."}}
2026-10-06 22:14:25 +0800	R60/2000/r060-2000-gb1-2011-05	API error for R60/2000/r060-2000-gb1-2011-05: {"error" => {"code" => "1113", "message" => "Insufficient balance or no resource package. Please recharge."}}
2026-10-06 22:14:25 +0800	R60/2000/r060-2000-gb1-2011-06	API error for R60/2000/r060-2000-gb1-2011-06: {"error" => {"code" => "1113", "message" => "Insufficient balance or no resource package. Please recharge."}}
2026-10-06 22:14:25 +0800	R60/2000/r060-2000-gb1-2011-07	API error for R60/2000/r060-2000-gb1-2011-07: {"error" => {"code" => "1113", "message" => "Insufficient balance or no resource package. Please recharge."}}
2026-10-06 22:14:25 +0800	R60/2000/r060-2000-gb1-2012-01	API error for R60/2000/r060-2000-gb1-2012-01: {"error" => {"code" => "1113", "message" => "Insufficient balance or no resource package. Please recharge."}}
2026-10-06 22:14:25 +0800	R60/2000/r060-2000-gb1-2012-02	API error for R60/2000/r060-2000-gb1-2012-02: {"error" => {"code" => "1113", "message" => "Insufficient balance or no resource package. Please recharge."}}
2026-10-06 22:14:25 +0800	R60/2000/r060-2000-gb1-2012-03	API error for R60/2000/r060-2000-gb1-2012-03: {"error" => {"code" => "1113", "message" => "Insufficient balance or no resource package. Please recharge."}}
2026-10-06 22:14:25 +0800	R60/2000/r060-2000-gb1-2012-04	API error for R60/2000/r060-2000-gb1-2012-04: {"error" => {"code" => "1113", "message" => "Insufficient balance or no resource package. Please recharge."}}
2026-10-06 22:14:25 +0800	R60/2000/r060-2000-gb1-2012-05	API error for R60/2000/r060-2000-gb1-2012-05: {"error" => {"code" => "1113", "message" => "Insufficient balance or no resource package. Please recharge."}}
2026-10-06 22:14:25 +0800	R60/2000/r060-2000-gb1-2012-07-rev1	API error for R60/2000/r060-2000-gb1-2012-07-rev1: {"error" => {"code" => "1113", "message" => "Insufficient balance or no resource package. Please recharge."}}
2026-10-06 22:14:25 +0800	R60/2000/r060-2000-gb1-2012-07-rev2	API error for R60/2000/r060-2000-gb1-2012-07-rev2: {"error" => {"code" => "1113", "message" => "Insufficient balance or no resource package. Please recharge."}}
2026-10-06 22:14:25 +0800	R60/2000/r060-2000-gb1-2012-07	API error for R60/2000/r060-2000-gb1-2012-07: {"error" => {"code" => "1113", "message" => "Insufficient balance or no resource package. Please recharge."}}
2026-10-06 22:14:25 +0800	R60/2000/r060-2000-gb1-2012-08	API error for R60/2000/r060-2000-gb1-2012-08: {"error" => {"code" => "1113", "message" => "Insufficient balance or no resource package. Please recharge."}}
2026-10-06 22:14:25 +0800	R60/2000/r060-2000-gb1-2013-01-rev1	API error for R60/2000/r060-2000-gb1-2013-01-rev1: {"error" => {"code" => "1113", "message" => "Insufficient balance or no resource package. Please recharge."}}
2026-10-06 22:14:25 +0800	R60/2000/r060-2000-gb1-2013-01	API error for R60/2000/r060-2000-gb1-2013-01: {"error" => {"code" => "1113", "message" => "Insufficient balance or no resource package. Please recharge."}}
2026-10-06 22:14:25 +0800	R60/2000/r060-2000-gb1-2013-02	API error for R60/2000/r060-2000-gb1-2013-02: {"error" => {"code" => "1113", "message" => "Insufficient balance or no resource package. Please recharge."}}
2026-10-06 22:14:25 +0800	R60/2000/r060-2000-gb1-2014-01	API error for R60/2000/r060-2000-gb1-2014-01: {"error" => {"code" => "1113", "message" => "Insufficient balance or no resource package. Please recharge."}}
2026-10-06 22:14:25 +0800	R60/2000/r060-2000-gb1-2014-02	API error for R60/2000/r060-2000-gb1-2014-02: {"error" => {"code" => "1113", "message" => "Insufficient balance or no resource package. Please recharge."}}
2026-10-06 22:14:25 +0800	R60/2000/r060-2000-gb1-2014-03	API error for R60/2000/r060-2000-gb1-2014-03: {"error" => {"code" => "1113", "message" => "Insufficient balance or no resource package. Please recharge."}}
2026-10-06 22:14:25 +0800	R60/2000/r060-2000-gb1-2014-04	API error for R60/2000/r060-2000-gb1-2014-04: {"error" => {"code" => "1113", "message" => "Insufficient balance or no resource package. Please recharge."}}
2026-10-06 22:14:25 +0800	R60/2000/r060-2000-gb1-2015-01	API error for R60/2000/r060-2000-gb1-2015-01: {"error" => {"code" => "1113", "message" => "Insufficient balance or no resource package. Please recharge."}}
2026-10-06 22:14:25 +0800	R60/2000/r060-2000-gb1-2015-02	API error for R60/2000/r060-2000-gb1-2015-02: {"error" => {"code" => "1113", "message" => "Insufficient balance or no resource package. Please recharge."}}
2026-10-06 22:14:25 +0800	R60/2000/r060-2000-gb1-2015-03	API error for R60/2000/r060-2000-gb1-2015-03: {"error" => {"code" => "1113", "message" => "Insufficient balance or no resource package. Please recharge."}}
2026-10-06 22:14:25 +0800	R60/2000/r060-2000-gb1-2015-04	API error for R60/2000/r060-2000-gb1-2015-04: {"error" => {"code" => "1113", "message" => "Insufficient balance or no resource package. Please recharge."}}
2026-10-06 22:14:25 +0800	R60/2000/r060-2000-gb1-2016-01	API error for R60/2000/r060-2000-gb1-2016-01: {"error" => {"code" => "1113", "message" => "Insufficient balance or no resource package. Please recharge."}}
2026-10-06 22:14:25 +0800	R60/2000/r060-2000-gb1-2016-02	API error for R60/2000/r060-2000-gb1-2016-02: {"error" => {"code" => "1113", "message" => "Insufficient balance or no resource package. Please recharge."}}
2026-10-06 22:14:25 +0800	R60/2000/r060-2000-gb1-2016-03	API error for R60/2000/r060-2000-gb1-2016-03: {"error" => {"code" => "1113", "message" => "Insufficient balance or no resource package. Please recharge."}}
2026-10-06 22:14:25 +0800	R60/2000/r060-2000-gb1-2016-04	API error for R60/2000/r060-2000-gb1-2016-04: {"error" => {"code" => "1113", "message" => "Insufficient balance or no resource package. Please recharge."}}
2026-10-06 22:14:25 +0800	R60/2000/r060-2000-gb1-2016-07	API error for R60/2000/r060-2000-gb1-2016-07: {"error" => {"code" => "1113", "message" => "Insufficient balance or no resource package. Please recharge."}}
2026-10-06 22:14:25 +0800	R60/2000/r060-2000-gb1-2016-05	API error for R60/2000/r060-2000-gb1-2016-05: {"error" => {"code" => "1113", "message" => "Insufficient balance or no resource package. Please recharge."}}
2026-10-06 22:14:25 +0800	R60/2000/r060-2000-gb1-2016-08	API error for R60/2000/r060-2000-gb1-2016-08: {"error" => {"code" => "1113", "message" => "Insufficient balance or no resource package. Please recharge."}}
2026-10-06 22:14:25 +0800	R60/2000/r060-2000-gb1-2017-01	API error for R60/2000/r060-2000-gb1-2017-01: {"error" => {"code" => "1113", "message" => "Insufficient balance or no resource package. Please recharge."}}
2026-10-06 22:14:25 +0800	R60/2000/r060-2000-gb1-2017-02	API error for R60/2000/r060-2000-gb1-2017-02: {"error" => {"code" => "1113", "message" => "Insufficient balance or no resource package. Please recharge."}}
2026-10-06 22:14:25 +0800	R60/2000/r060-2000-gb1-2017-04	API error for R60/2000/r060-2000-gb1-2017-04: {"error" => {"code" => "1113", "message" => "Insufficient balance or no resource package. Please recharge."}}
2026-10-06 22:14:25 +0800	R60/2000/r060-2000-gb1-2017-03	API error for R60/2000/r060-2000-gb1-2017-03: {"error" => {"code" => "1113", "message" => "Insufficient balance or no resource package. Please recharge."}}
2026-10-06 22:14:25 +0800	R60/2000/r060-2000-gb1-2017-05	API error for R60/2000/r060-2000-gb1-2017-05: {"error" => {"code" => "1113", "message" => "Insufficient balance or no resource package. Please recharge."}}
2026-10-06 22:14:25 +0800	R60/2000/r060-2000-gb1-2017-07	API error for R60/2000/r060-2000-gb1-2017-07: {"error" => {"code" => "1113", "message" => "Insufficient balance or no resource package. Please recharge."}}
2026-10-06 22:14:25 +0800	R60/2000/r060-2000-gb1-2017-06	API error for R60/2000/r060-2000-gb1-2017-06: {"error" => {"code" => "1113", "message" => "Insufficient balance or no resource package. Please recharge."}}
2026-10-06 22:14:25 +0800	R60/2000/r060-2000-gb1-2017-09	API error for R60/2000/r060-2000-gb1-2017-09: {"error" => {"code" => "1113", "message" => "Insufficient balance or no resource package. Please recharge."}}
2026-10-06 22:14:25 +0800	R60/2000/r060-2000-gb1-2017-10	API error for R60/2000/r060-2000-gb1-2017-10: {"error" => {"code" => "1113", "message" => "Insufficient balance or no resource package. Please recharge."}}
2026-10-06 22:14:25 +0800	R60/2000/r060-2000-gb1-2017-12	API error for R60/2000/r060-2000-gb1-2017-12: {"error" => {"code" => "1113", "message" => "Insufficient balance or no resource package. Please recharge."}}
2026-10-06 22:14:25 +0800	R60/2000/r060-2000-gb1-2017-13	API error for R60/2000/r060-2000-gb1-2017-13: {"error" => {"code" => "1113", "message" => "Insufficient balance or no resource package. Please recharge."}}
2026-10-06 22:14:25 +0800	R60/2000/r060-2000-gb1-2017-14-rev1	API error for R60/2000/r060-2000-gb1-2017-14-rev1: {"error" => {"code" => "1113", "message" => "Insufficient balance or no resource package. Please recharge."}}
2026-10-06 22:14:25 +0800	R60/2000/r060-2000-gb1-2017-14	API error for R60/2000/r060-2000-gb1-2017-14: {"error" => {"code" => "1113", "message" => "Insufficient balance or no resource package. Please recharge."}}
2026-10-06 22:14:25 +0800	R60/2000/r060-2000-gb1-2017-15	API error for R60/2000/r060-2000-gb1-2017-15: {"error" => {"code" => "1113", "message" => "Insufficient balance or no resource package. Please recharge."}}
2026-10-06 22:14:25 +0800	R60/2000/r060-2000-gb1-2017-16	API error for R60/2000/r060-2000-gb1-2017-16: {"error" => {"code" => "1113", "message" => "Insufficient balance or no resource package. Please recharge."}}
2026-10-06 22:14:25 +0800	R60/2000/r060-2000-gb1-2017-17	API error for R60/2000/r060-2000-gb1-2017-17: {"error" => {"code" => "1113", "message" => "Insufficient balance or no resource package. Please recharge."}}
2026-10-06 22:14:25 +0800	R60/2000/r060-2000-gb1-2017-18	API error for R60/2000/r060-2000-gb1-2017-18: {"error" => {"code" => "1113", "message" => "Insufficient balance or no resource package. Please recharge."}}
2026-10-06 22:14:25 +0800	R60/2000/r060-2000-gb1-2018-01	API error for R60/2000/r060-2000-gb1-2018-01: {"error" => {"code" => "1113", "message" => "Insufficient balance or no resource package. Please recharge."}}
2026-10-06 22:14:25 +0800	R60/2000/r060-2000-gb1-2018-02-rev1	API error for R60/2000/r060-2000-gb1-2018-02-rev1: {"error" => {"code" => "1113", "message" => "Insufficient balance or no resource package. Please recharge."}}
2026-10-06 22:14:25 +0800	R60/2000/r060-2000-gb1-2018-02-rev2	API error for R60/2000/r060-2000-gb1-2018-02-rev2: {"error" => {"code" => "1113", "message" => "Insufficient balance or no resource package. Please recharge."}}
2026-10-06 22:14:25 +0800	R60/2000/r060-2000-gb1-2018-02	API error for R60/2000/r060-2000-gb1-2018-02: {"error" => {"code" => "1113", "message" => "Insufficient balance or no resource package. Please recharge."}}
2026-10-06 22:14:25 +0800	R60/2000/r060-2000-gb1-2018-03-rev1	API error for R60/2000/r060-2000-gb1-2018-03-rev1: {"error" => {"code" => "1113", "message" => "Insufficient balance or no resource package. Please recharge."}}
2026-10-06 22:14:25 +0800	R60/2000/r060-2000-gb1-2018-03-rev2	API error for R60/2000/r060-2000-gb1-2018-03-rev2: {"error" => {"code" => "1113", "message" => "Insufficient balance or no resource package. Please recharge."}}
2026-10-06 22:14:25 +0800	R60/2000/r060-2000-gb1-2018-03	API error for R60/2000/r060-2000-gb1-2018-03: {"error" => {"code" => "1113", "message" => "Insufficient balance or no resource package. Please recharge."}}
2026-10-06 22:14:25 +0800	R60/2000/r060-2000-gb1-2018-04	API error for R60/2000/r060-2000-gb1-2018-04: {"error" => {"code" => "1113", "message" => "Insufficient balance or no resource package. Please recharge."}}
2026-10-06 22:14:25 +0800	R60/2000/r060-2000-gb1-2018-05-rev1	API error for R60/2000/r060-2000-gb1-2018-05-rev1: {"error" => {"code" => "1113", "message" => "Insufficient balance or no resource package. Please recharge."}}
2026-10-06 22:14:25 +0800	R60/2000/r060-2000-gb1-2018-05	API error for R60/2000/r060-2000-gb1-2018-05: {"error" => {"code" => "1113", "message" => "Insufficient balance or no resource package. Please recharge."}}
2026-10-06 22:14:25 +0800	R60/2000/r060-2000-gb1-2020-01	API error for R60/2000/r060-2000-gb1-2020-01: {"error" => {"code" => "1113", "message" => "Insufficient balance or no resource package. Please recharge."}}
2026-10-06 22:14:25 +0800	R60/2000/r060-2000-gb1-2020-02	API error for R60/2000/r060-2000-gb1-2020-02: {"error" => {"code" => "1113", "message" => "Insufficient balance or no resource package. Please recharge."}}
2026-10-06 22:14:25 +0800	R60/2000/r060-2000-gb1-2020-03	API error for R60/2000/r060-2000-gb1-2020-03: {"error" => {"code" => "1113", "message" => "Insufficient balance or no resource package. Please recharge."}}
2026-10-06 22:14:25 +0800	R60/2000/r060-2000-gb1-2021-01	API error for R60/2000/r060-2000-gb1-2021-01: {"error" => {"code" => "1113", "message" => "Insufficient balance or no resource package. Please recharge."}}
2026-10-06 22:14:25 +0800	R60/2000/r060-2000-gb1-2022-01	API error for R60/2000/r060-2000-gb1-2022-01: {"error" => {"code" => "1113", "message" => "Insufficient balance or no resource package. Please recharge."}}
2026-10-06 22:14:25 +0800	R60/2000/r060-2000-jp1-2006-01	API error for R60/2000/r060-2000-jp1-2006-01: {"error" => {"code" => "1113", "message" => "Insufficient balance or no resource package. Please recharge."}}
2026-10-06 22:14:25 +0800	R60/2000/r060-2000-jp1-2005-01	API error for R60/2000/r060-2000-jp1-2005-01: {"error" => {"code" => "1113", "message" => "Insufficient balance or no resource package. Please recharge."}}
2026-10-06 22:14:25 +0800	R60/2000/r060-2000-jp1-2010-01-rev1	API error for R60/2000/r060-2000-jp1-2010-01-rev1: {"error" => {"code" => "1113", "message" => "Insufficient balance or no resource package. Please recharge."}}
2026-10-06 22:14:25 +0800	R60/2000/r060-2000-jp1-2010-02-rev1	API error for R60/2000/r060-2000-jp1-2010-02-rev1: {"error" => {"code" => "1113", "message" => "Insufficient balance or no resource package. Please recharge."}}
2026-10-06 22:14:25 +0800	R60/2000/r060-2000-jp1-2010-01	API error for R60/2000/r060-2000-jp1-2010-01: {"error" => {"code" => "1113", "message" => "Insufficient balance or no resource package. Please recharge."}}
2026-10-06 22:14:25 +0800	R60/2000/r060-2000-jp1-2010-02	API error for R60/2000/r060-2000-jp1-2010-02: {"error" => {"code" => "1113", "message" => "Insufficient balance or no resource package. Please recharge."}}
2026-10-06 22:14:25 +0800	R60/2000/r060-2000-jp1-2010-04-rev1	API error for R60/2000/r060-2000-jp1-2010-04-rev1: {"error" => {"code" => "1113", "message" => "Insufficient balance or no resource package. Please recharge."}}
2026-10-06 22:14:25 +0800	R60/2000/r060-2000-jp1-2010-04	API error for R60/2000/r060-2000-jp1-2010-04: {"error" => {"code" => "1113", "message" => "Insufficient balance or no resource package. Please recharge."}}
2026-10-06 22:14:25 +0800	R60/2000/r060-2000-jp1-2010-05	API error for R60/2000/r060-2000-jp1-2010-05: {"error" => {"code" => "1113", "message" => "Insufficient balance or no resource package. Please recharge."}}
2026-10-06 22:14:25 +0800	R60/2000/r060-2000-jp1-2010-06-rev1	API error for R60/2000/r060-2000-jp1-2010-06-rev1: {"error" => {"code" => "1113", "message" => "Insufficient balance or no resource package. Please recharge."}}
2026-10-06 22:14:25 +0800	R60/2000/r060-2000-jp1-2010-06	API error for R60/2000/r060-2000-jp1-2010-06: {"error" => {"code" => "1113", "message" => "Insufficient balance or no resource package. Please recharge."}}
2026-10-06 22:14:25 +0800	R60/2000/r060-2000-jp1-2010-08	API error for R60/2000/r060-2000-jp1-2010-08: {"error" => {"code" => "1113", "message" => "Insufficient balance or no resource package. Please recharge."}}
2026-10-06 22:14:25 +0800	R60/2000/r060-2000-jp1-2010-09	API error for R60/2000/r060-2000-jp1-2010-09: {"error" => {"code" => "1113", "message" => "Insufficient balance or no resource package. Please recharge."}}
2026-10-06 22:14:25 +0800	R60/2000/r060-2000-jp1-2010-10	API error for R60/2000/r060-2000-jp1-2010-10: {"error" => {"code" => "1113", "message" => "Insufficient balance or no resource package. Please recharge."}}
2026-10-06 22:14:25 +0800	R60/2000/r060-2000-jp1-2010-11	API error for R60/2000/r060-2000-jp1-2010-11: {"error" => {"code" => "1113", "message" => "Insufficient balance or no resource package. Please recharge."}}
2026-10-06 22:14:25 +0800	R60/2000/r060-2000-jp1-2010-12	API error for R60/2000/r060-2000-jp1-2010-12: {"error" => {"code" => "1113", "message" => "Insufficient balance or no resource package. Please recharge."}}
2026-10-06 22:14:25 +0800	R60/2000/r060-2000-jp1-2010-12-rev1	API error for R60/2000/r060-2000-jp1-2010-12-rev1: {"error" => {"code" => "1113", "message" => "Insufficient balance or no resource package. Please recharge."}}
2026-10-06 22:14:25 +0800	R60/2000/r060-2000-jp1-2010-13	API error for R60/2000/r060-2000-jp1-2010-13: {"error" => {"code" => "1113", "message" => "Insufficient balance or no resource package. Please recharge."}}
2026-10-06 22:14:25 +0800	R60/2000/r060-2000-jp1-2010-14-rev1	API error for R60/2000/r060-2000-jp1-2010-14-rev1: {"error" => {"code" => "1113", "message" => "Insufficient balance or no resource package. Please recharge."}}
2026-10-06 22:14:25 +0800	R60/2000/r060-2000-jp1-2010-14-rev2	API error for R60/2000/r060-2000-jp1-2010-14-rev2: {"error" => {"code" => "1113", "message" => "Insufficient balance or no resource package. Please recharge."}}
2026-10-06 22:14:25 +0800	R60/2000/r060-2000-jp1-2010-14	API error for R60/2000/r060-2000-jp1-2010-14: {"error" => {"code" => "1113", "message" => "Insufficient balance or no resource package. Please recharge."}}
2026-10-06 22:14:25 +0800	R60/2000/r060-2000-jp1-2010-15	API error for R60/2000/r060-2000-jp1-2010-15: {"error" => {"code" => "1113", "message" => "Insufficient balance or no resource package. Please recharge."}}
2026-10-06 22:14:25 +0800	R60/2000/r060-2000-jp1-2010-16-rev1	API error for R60/2000/r060-2000-jp1-2010-16-rev1: {"error" => {"code" => "1113", "message" => "Insufficient balance or no resource package. Please recharge."}}
2026-10-06 22:14:25 +0800	R60/2000/r060-2000-jp1-2010-16-rev2	API error for R60/2000/r060-2000-jp1-2010-16-rev2: {"error" => {"code" => "1113", "message" => "Insufficient balance or no resource package. Please recharge."}}
2026-10-06 22:14:25 +0800	R60/2000/r060-2000-jp1-2010-16	API error for R60/2000/r060-2000-jp1-2010-16: {"error" => {"code" => "1113", "message" => "Insufficient balance or no resource package. Please recharge."}}
2026-10-06 22:14:25 +0800	R60/2000/r060-2000-jp1-2010-17	API error for R60/2000/r060-2000-jp1-2010-17: {"error" => {"code" => "1113", "message" => "Insufficient balance or no resource package. Please recharge."}}
2026-10-06 22:14:25 +0800	R60/2000/r060-2000-jp1-2010-18	API error for R60/2000/r060-2000-jp1-2010-18: {"error" => {"code" => "1113", "message" => "Insufficient balance or no resource package. Please recharge."}}
2026-10-06 22:14:25 +0800	R60/2000/r060-2000-jp1-2010-19-rev1	API error for R60/2000/r060-2000-jp1-2010-19-rev1: {"error" => {"code" => "1113", "message" => "Insufficient balance or no resource package. Please recharge."}}
2026-10-06 22:14:25 +0800	R60/2000/r060-2000-jp1-2010-19	API error for R60/2000/r060-2000-jp1-2010-19: {"error" => {"code" => "1113", "message" => "Insufficient balance or no resource package. Please recharge."}}
2026-10-06 22:14:25 +0800	R60/2000/r060-2000-jp1-2010-20-rev1	API error for R60/2000/r060-2000-jp1-2010-20-rev1: {"error" => {"code" => "1113", "message" => "Insufficient balance or no resource package. Please recharge."}}
2026-10-06 22:14:25 +0800	R60/2000/r060-2000-jp1-2010-20	API error for R60/2000/r060-2000-jp1-2010-20: {"error" => {"code" => "1113", "message" => "Insufficient balance or no resource package. Please recharge."}}
2026-10-06 22:14:25 +0800	R60/2000/r060-2000-jp1-2011-01-rev2	API error for R60/2000/r060-2000-jp1-2011-01-rev2: {"error" => {"code" => "1113", "message" => "Insufficient balance or no resource package. Please recharge."}}
2026-10-06 22:14:25 +0800	R60/2000/r060-2000-jp1-2011-01-rev1	API error for R60/2000/r060-2000-jp1-2011-01-rev1: {"error" => {"code" => "1113", "message" => "Insufficient balance or no resource package. Please recharge."}}
2026-10-06 22:14:25 +0800	R60/2000/r060-2000-jp1-2011-01	API error for R60/2000/r060-2000-jp1-2011-01: {"error" => {"code" => "1113", "message" => "Insufficient balance or no resource package. Please recharge."}}
2026-10-06 22:14:25 +0800	R60/2000/r060-2000-jp1-2011-02	API error for R60/2000/r060-2000-jp1-2011-02: {"error" => {"code" => "1113", "message" => "Insufficient balance or no resource package. Please recharge."}}
2026-10-06 22:14:25 +0800	R60/2000/r060-2000-jp1-2011-03-rev2	API error for R60/2000/r060-2000-jp1-2011-03-rev2: {"error" => {"code" => "1113", "message" => "Insufficient balance or no resource package. Please recharge."}}
2026-10-06 22:14:25 +0800	R60/2000/r060-2000-jp1-2011-03-rev1	API error for R60/2000/r060-2000-jp1-2011-03-rev1: {"error" => {"code" => "1113", "message" => "Insufficient balance or no resource package. Please recharge."}}
2026-10-06 22:14:25 +0800	R60/2000/r060-2000-jp1-2011-03	API error for R60/2000/r060-2000-jp1-2011-03: {"error" => {"code" => "1113", "message" => "Insufficient balance or no resource package. Please recharge."}}
2026-10-06 22:14:25 +0800	R60/2000/r060-2000-jp1-2011-04	API error for R60/2000/r060-2000-jp1-2011-04: {"error" => {"code" => "1113", "message" => "Insufficient balance or no resource package. Please recharge."}}
2026-10-06 22:14:25 +0800	R60/2000/r060-2000-jp1-2011-05-rev1	API error for R60/2000/r060-2000-jp1-2011-05-rev1: {"error" => {"code" => "1113", "message" => "Insufficient balance or no resource package. Please recharge."}}
2026-10-06 22:14:25 +0800	R60/2000/r060-2000-jp1-2011-05	API error for R60/2000/r060-2000-jp1-2011-05: {"error" => {"code" => "1113", "message" => "Insufficient balance or no resource package. Please recharge."}}
2026-10-06 22:14:25 +0800	R60/2000/r060-2000-jp1-2011-06	API error for R60/2000/r060-2000-jp1-2011-06: {"error" => {"code" => "1113", "message" => "Insufficient balance or no resource package. Please recharge."}}
2026-10-06 22:14:25 +0800	R60/2000/r060-2000-jp1-2011-07	API error for R60/2000/r060-2000-jp1-2011-07: {"error" => {"code" => "1113", "message" => "Insufficient balance or no resource package. Please recharge."}}
2026-10-06 22:14:25 +0800	R60/2000/r060-2000-jp1-2011-08	API error for R60/2000/r060-2000-jp1-2011-08: {"error" => {"code" => "1113", "message" => "Insufficient balance or no resource package. Please recharge."}}
2026-10-06 22:14:25 +0800	R60/2000/r060-2000-jp1-2011-08-rev1	API error for R60/2000/r060-2000-jp1-2011-08-rev1: {"error" => {"code" => "1113", "message" => "Insufficient balance or no resource package. Please recharge."}}
2026-10-06 22:14:25 +0800	R60/2000/r060-2000-jp1-2011-09-rev1	API error for R60/2000/r060-2000-jp1-2011-09-rev1: {"error" => {"code" => "1113", "message" => "Insufficient balance or no resource package. Please recharge."}}
2026-10-06 22:14:25 +0800	R60/2000/r060-2000-jp1-2011-09	API error for R60/2000/r060-2000-jp1-2011-09: {"error" => {"code" => "1113", "message" => "Insufficient balance or no resource package. Please recharge."}}
2026-10-06 22:14:25 +0800	R60/2000/r060-2000-jp1-2011-10-rev1	API error for R60/2000/r060-2000-jp1-2011-10-rev1: {"error" => {"code" => "1113", "message" => "Insufficient balance or no resource package. Please recharge."}}
2026-10-06 22:14:25 +0800	R60/2000/r060-2000-jp1-2011-10-rev2	API error for R60/2000/r060-2000-jp1-2011-10-rev2: {"error" => {"code" => "1113", "message" => "Insufficient balance or no resource package. Please recharge."}}
2026-10-06 22:14:25 +0800	R60/2000/r060-2000-jp1-2011-10	API error for R60/2000/r060-2000-jp1-2011-10: {"error" => {"code" => "1113", "message" => "Insufficient balance or no resource package. Please recharge."}}
2026-10-06 22:14:25 +0800	R60/2000/r060-2000-jp1-2012-01	API error for R60/2000/r060-2000-jp1-2012-01: {"error" => {"code" => "1113", "message" => "Insufficient balance or no resource package. Please recharge."}}
2026-10-06 22:14:25 +0800	R60/2000/r060-2000-jp1-2012-02	API error for R60/2000/r060-2000-jp1-2012-02: {"error" => {"code" => "1113", "message" => "Insufficient balance or no resource package. Please recharge."}}
2026-10-06 22:14:25 +0800	R60/2000/r060-2000-jp1-2012-03	API error for R60/2000/r060-2000-jp1-2012-03: {"error" => {"code" => "1113", "message" => "Insufficient balance or no resource package. Please recharge."}}
2026-10-06 22:14:25 +0800	R60/2000/r060-2000-jp1-2012-04-rev1	API error for R60/2000/r060-2000-jp1-2012-04-rev1: {"error" => {"code" => "1113", "message" => "Insufficient balance or no resource package. Please recharge."}}
2026-10-06 22:14:25 +0800	R60/2000/r060-2000-jp1-2012-04-rev2	API error for R60/2000/r060-2000-jp1-2012-04-rev2: {"error" => {"code" => "1113", "message" => "Insufficient balance or no resource package. Please recharge."}}
2026-10-06 22:14:25 +0800	R60/2000/r060-2000-jp1-2012-04	API error for R60/2000/r060-2000-jp1-2012-04: {"error" => {"code" => "1113", "message" => "Insufficient balance or no resource package. Please recharge."}}
2026-10-06 22:14:25 +0800	R60/2000/r060-2000-jp1-2012-05-rev1	API error for R60/2000/r060-2000-jp1-2012-05-rev1: {"error" => {"code" => "1113", "message" => "Insufficient balance or no resource package. Please recharge."}}
2026-10-06 22:14:25 +0800	R60/2000/r060-2000-jp1-2012-05	API error for R60/2000/r060-2000-jp1-2012-05: {"error" => {"code" => "1113", "message" => "Insufficient balance or no resource package. Please recharge."}}
2026-10-06 22:14:25 +0800	R60/2000/r060-2000-jp1-2012-12-rev2	API error for R60/2000/r060-2000-jp1-2012-12-rev2: {"error" => {"code" => "1113", "message" => "Insufficient balance or no resource package. Please recharge."}}
2026-10-06 22:14:25 +0800	R60/2000/r060-2000-jp1-2013-01	API error for R60/2000/r060-2000-jp1-2013-01: {"error" => {"code" => "1113", "message" => "Insufficient balance or no resource package. Please recharge."}}
2026-10-06 22:14:25 +0800	R60/2000/r060-2000-jp1-2013-01-rev1	API error for R60/2000/r060-2000-jp1-2013-01-rev1: {"error" => {"code" => "1113", "message" => "Insufficient balance or no resource package. Please recharge."}}
2026-10-06 22:14:25 +0800	R60/2000/r060-2000-jp1-2013-02	API error for R60/2000/r060-2000-jp1-2013-02: {"error" => {"code" => "1113", "message" => "Insufficient balance or no resource package. Please recharge."}}
2026-10-06 22:14:25 +0800	R60/2000/r060-2000-jp1-2017-01	API error for R60/2000/r060-2000-jp1-2017-01: {"error" => {"code" => "1113", "message" => "Insufficient balance or no resource package. Please recharge."}}
2026-10-06 22:14:25 +0800	R60/2000/r060-2000-jp1-2017-02	API error for R60/2000/r060-2000-jp1-2017-02: {"error" => {"code" => "1113", "message" => "Insufficient balance or no resource package. Please recharge."}}
2026-10-06 22:14:25 +0800	R60/2000/r060-2000-jp1-2022-01	API error for R60/2000/r060-2000-jp1-2022-01: {"error" => {"code" => "1113", "message" => "Insufficient balance or no resource package. Please recharge."}}
2026-10-06 22:14:25 +0800	R60/2000/r060-2000-jp1-2022-02	API error for R60/2000/r060-2000-jp1-2022-02: {"error" => {"code" => "1113", "message" => "Insufficient balance or no resource package. Please recharge."}}
2026-10-06 22:14:25 +0800	R60/2000/r060-2000-nl1-2001-20-rev01	API error for R60/2000/r060-2000-nl1-2001-20-rev01: {"error" => {"code" => "1113", "message" => "Insufficient balance or no resource package. Please recharge."}}
2026-10-06 22:14:25 +0800	R60/2000/r060-2000-nl1-2003-09-rev1	API error for R60/2000/r060-2000-nl1-2003-09-rev1: {"error" => {"code" => "1113", "message" => "Insufficient balance or no resource package. Please recharge."}}
2026-10-06 22:14:25 +0800	R60/2000/r060-2000-nl1-2004-16-rev1	API error for R60/2000/r060-2000-nl1-2004-16-rev1: {"error" => {"code" => "1113", "message" => "Insufficient balance or no resource package. Please recharge."}}
2026-10-06 22:14:25 +0800	R60/2000/r060-2000-nl1-2005-01	API error for R60/2000/r060-2000-nl1-2005-01: {"error" => {"code" => "1113", "message" => "Insufficient balance or no resource package. Please recharge."}}
2026-10-06 22:14:25 +0800	R60/2000/r060-2000-nl1-2004-16-rev2	API error for R60/2000/r060-2000-nl1-2004-16-rev2: {"error" => {"code" => "1113", "message" => "Insufficient balance or no resource package. Please recharge."}}
2026-10-06 22:14:25 +0800	R60/2000/r060-2000-nl1-2005-03	API error for R60/2000/r060-2000-nl1-2005-03: {"error" => {"code" => "1113", "message" => "Insufficient balance or no resource package. Please recharge."}}
2026-10-06 22:14:25 +0800	R60/2000/r060-2000-nl1-2005-02	API error for R60/2000/r060-2000-nl1-2005-02: {"error" => {"code" => "1113", "message" => "Insufficient balance or no resource package. Please recharge."}}
2026-10-06 22:14:25 +0800	R60/2000/r060-2000-nl1-2005-04	API error for R60/2000/r060-2000-nl1-2005-04: {"error" => {"code" => "1113", "message" => "Insufficient balance or no resource package. Please recharge."}}
2026-10-06 22:14:25 +0800	R60/2000/r060-2000-nl1-2005-05	API error for R60/2000/r060-2000-nl1-2005-05: {"error" => {"code" => "1113", "message" => "Insufficient balance or no resource package. Please recharge."}}
2026-10-06 22:14:25 +0800	R60/2000/r060-2000-nl1-2005-06-rev1	API error for R60/2000/r060-2000-nl1-2005-06-rev1: {"error" => {"code" => "1113", "message" => "Insufficient balance or no resource package. Please recharge."}}
2026-10-06 22:14:25 +0800	R60/2000/r060-2000-nl1-2005-06	API error for R60/2000/r060-2000-nl1-2005-06: {"error" => {"code" => "1113", "message" => "Insufficient balance or no resource package. Please recharge."}}
2026-10-06 22:14:25 +0800	R60/2000/r060-2000-nl1-2005-08	API error for R60/2000/r060-2000-nl1-2005-08: {"error" => {"code" => "1113", "message" => "Insufficient balance or no resource package. Please recharge."}}
2026-10-06 22:14:25 +0800	R60/2000/r060-2000-nl1-2005-07	API error for R60/2000/r060-2000-nl1-2005-07: {"error" => {"code" => "1113", "message" => "Insufficient balance or no resource package. Please recharge."}}
2026-10-06 22:14:25 +0800	R60/2000/r060-2000-nl1-2005-09	API error for R60/2000/r060-2000-nl1-2005-09: {"error" => {"code" => "1113", "message" => "Insufficient balance or no resource package. Please recharge."}}
2026-10-06 22:14:25 +0800	R60/2000/r060-2000-nl1-2005-10	API error for R60/2000/r060-2000-nl1-2005-10: {"error" => {"code" => "1113", "message" => "Insufficient balance or no resource package. Please recharge."}}
2026-10-06 22:14:25 +0800	R60/2000/r060-2000-nl1-2005-11	API error for R60/2000/r060-2000-nl1-2005-11: {"error" => {"code" => "1113", "message" => "Insufficient balance or no resource package. Please recharge."}}
2026-10-06 22:14:25 +0800	R60/2000/r060-2000-nl1-2005-12	API error for R60/2000/r060-2000-nl1-2005-12: {"error" => {"code" => "1113", "message" => "Insufficient balance or no resource package. Please recharge."}}
2026-10-06 22:14:25 +0800	R60/2000/r060-2000-nl1-2005-13	API error for R60/2000/r060-2000-nl1-2005-13: {"error" => {"code" => "1113", "message" => "Insufficient balance or no resource package. Please recharge."}}
2026-10-06 22:14:25 +0800	R60/2000/r060-2000-nl1-2005-14	API error for R60/2000/r060-2000-nl1-2005-14: {"error" => {"code" => "1113", "message" => "Insufficient balance or no resource package. Please recharge."}}
2026-10-06 22:14:25 +0800	R60/2000/r060-2000-nl1-2005-16-rev1	API error for R60/2000/r060-2000-nl1-2005-16-rev1: {"error" => {"code" => "1113", "message" => "Insufficient balance or no resource package. Please recharge."}}
2026-10-06 22:14:25 +0800	R60/2000/r060-2000-nl1-2005-15	API error for R60/2000/r060-2000-nl1-2005-15: {"error" => {"code" => "1113", "message" => "Insufficient balance or no resource package. Please recharge."}}
2026-10-06 22:14:25 +0800	R60/2000/r060-2000-nl1-2005-16	API error for R60/2000/r060-2000-nl1-2005-16: {"error" => {"code" => "1113", "message" => "Insufficient balance or no resource package. Please recharge."}}
2026-10-06 22:14:25 +0800	R60/2000/r060-2000-nl1-2005-17-rev1	API error for R60/2000/r060-2000-nl1-2005-17-rev1: {"error" => {"code" => "1113", "message" => "Insufficient balance or no resource package. Please recharge."}}
2026-10-06 22:14:25 +0800	R60/2000/r060-2000-nl1-2005-18	API error for R60/2000/r060-2000-nl1-2005-18: {"error" => {"code" => "1113", "message" => "Insufficient balance or no resource package. Please recharge."}}
2026-10-06 22:14:25 +0800	R60/2000/r060-2000-nl1-2005-19	API error for R60/2000/r060-2000-nl1-2005-19: {"error" => {"code" => "1113", "message" => "Insufficient balance or no resource package. Please recharge."}}
2026-10-06 22:14:25 +0800	R60/2000/r060-2000-nl1-2005-20-rev1	API error for R60/2000/r060-2000-nl1-2005-20-rev1: {"error" => {"code" => "1113", "message" => "Insufficient balance or no resource package. Please recharge."}}
2026-10-06 22:14:25 +0800	R60/2000/r060-2000-nl1-2005-20	API error for R60/2000/r060-2000-nl1-2005-20: {"error" => {"code" => "1113", "message" => "Insufficient balance or no resource package. Please recharge."}}
2026-10-06 22:14:25 +0800	R60/2000/r060-2000-nl1-2005-21	API error for R60/2000/r060-2000-nl1-2005-21: {"error" => {"code" => "1113", "message" => "Insufficient balance or no resource package. Please recharge."}}
2026-10-06 22:14:25 +0800	R60/2000/r060-2000-nl1-2005-22-rev1	API error for R60/2000/r060-2000-nl1-2005-22-rev1: {"error" => {"code" => "1113", "message" => "Insufficient balance or no resource package. Please recharge."}}
2026-10-06 22:14:25 +0800	R60/2000/r060-2000-nl1-2005-23	API error for R60/2000/r060-2000-nl1-2005-23: {"error" => {"code" => "1113", "message" => "Insufficient balance or no resource package. Please recharge."}}
2026-10-06 22:14:25 +0800	R60/2000/r060-2000-nl1-2006-01	API error for R60/2000/r060-2000-nl1-2006-01: {"error" => {"code" => "1113", "message" => "Insufficient balance or no resource package. Please recharge."}}
2026-10-06 22:14:25 +0800	R60/2000/r060-2000-nl1-2006-02-rev1	API error for R60/2000/r060-2000-nl1-2006-02-rev1: {"error" => {"code" => "1113", "message" => "Insufficient balance or no resource package. Please recharge."}}
2026-10-06 22:14:25 +0800	R60/2000/r060-2000-nl1-2006-02	API error for R60/2000/r060-2000-nl1-2006-02: {"error" => {"code" => "1113", "message" => "Insufficient balance or no resource package. Please recharge."}}
2026-10-06 22:14:25 +0800	R60/2000/r060-2000-nl1-2006-03	API error for R60/2000/r060-2000-nl1-2006-03: {"error" => {"code" => "1113", "message" => "Insufficient balance or no resource package. Please recharge."}}
2026-10-06 22:14:25 +0800	R60/2000/r060-2000-nl1-2006-04	API error for R60/2000/r060-2000-nl1-2006-04: {"error" => {"code" => "1113", "message" => "Insufficient balance or no resource package. Please recharge."}}
2026-10-06 22:14:25 +0800	R60/2000/r060-2000-nl1-2006-06	API error for R60/2000/r060-2000-nl1-2006-06: {"error" => {"code" => "1113", "message" => "Insufficient balance or no resource package. Please recharge."}}
2026-10-06 22:14:25 +0800	R60/2000/r060-2000-nl1-2006-05	API error for R60/2000/r060-2000-nl1-2006-05: {"error" => {"code" => "1113", "message" => "Insufficient balance or no resource package. Please recharge."}}
2026-10-06 22:14:25 +0800	R60/2000/r060-2000-nl1-2006-07	API error for R60/2000/r060-2000-nl1-2006-07: {"error" => {"code" => "1113", "message" => "Insufficient balance or no resource package. Please recharge."}}
2026-10-06 22:14:25 +0800	R60/2000/r060-2000-nl1-2006-08	API error for R60/2000/r060-2000-nl1-2006-08: {"error" => {"code" => "1113", "message" => "Insufficient balance or no resource package. Please recharge."}}
2026-10-06 22:14:25 +0800	R60/2000/r060-2000-nl1-2006-09-rev1	API error for R60/2000/r060-2000-nl1-2006-09-rev1: {"error" => {"code" => "1113", "message" => "Insufficient balance or no resource package. Please recharge."}}
2026-10-06 22:14:25 +0800	R60/2000/r060-2000-nl1-2006-10	API error for R60/2000/r060-2000-nl1-2006-10: {"error" => {"code" => "1113", "message" => "Insufficient balance or no resource package. Please recharge."}}
2026-10-06 22:14:25 +0800	R60/2000/r060-2000-nl1-2006-09	API error for R60/2000/r060-2000-nl1-2006-09: {"error" => {"code" => "1113", "message" => "Insufficient balance or no resource package. Please recharge."}}
2026-10-06 22:14:25 +0800	R60/2000/r060-2000-nl1-2006-11	API error for R60/2000/r060-2000-nl1-2006-11: {"error" => {"code" => "1113", "message" => "Insufficient balance or no resource package. Please recharge."}}
2026-10-06 22:14:25 +0800	R60/2000/r060-2000-nl1-2006-12-rev1	API error for R60/2000/r060-2000-nl1-2006-12-rev1: {"error" => {"code" => "1113", "message" => "Insufficient balance or no resource package. Please recharge."}}
2026-10-06 22:14:25 +0800	R60/2000/r060-2000-nl1-2006-12	API error for R60/2000/r060-2000-nl1-2006-12: {"error" => {"code" => "1113", "message" => "Insufficient balance or no resource package. Please recharge."}}
2026-10-06 22:14:25 +0800	R60/2000/r060-2000-nl1-2006-13	API error for R60/2000/r060-2000-nl1-2006-13: {"error" => {"code" => "1113", "message" => "Insufficient balance or no resource package. Please recharge."}}
2026-10-06 22:14:25 +0800	R60/2000/r060-2000-nl1-2006-14	API error for R60/2000/r060-2000-nl1-2006-14: {"error" => {"code" => "1113", "message" => "Insufficient balance or no resource package. Please recharge."}}
2026-10-06 22:14:25 +0800	R60/2000/r060-2000-nl1-2006-15	API error for R60/2000/r060-2000-nl1-2006-15: {"error" => {"code" => "1113", "message" => "Insufficient balance or no resource package. Please recharge."}}
2026-10-06 22:14:25 +0800	R60/2000/r060-2000-nl1-2006-16	API error for R60/2000/r060-2000-nl1-2006-16: {"error" => {"code" => "1113", "message" => "Insufficient balance or no resource package. Please recharge."}}
2026-10-06 22:14:25 +0800	R60/2000/r060-2000-nl1-2006-17	API error for R60/2000/r060-2000-nl1-2006-17: {"error" => {"code" => "1113", "message" => "Insufficient balance or no resource package. Please recharge."}}
2026-10-06 22:14:25 +0800	R60/2000/r060-2000-nl1-2006-18-rev1	API error for R60/2000/r060-2000-nl1-2006-18-rev1: {"error" => {"code" => "1113", "message" => "Insufficient balance or no resource package. Please recharge."}}
2026-10-06 22:14:25 +0800	R60/2000/r060-2000-nl1-2006-19	API error for R60/2000/r060-2000-nl1-2006-19: {"error" => {"code" => "1113", "message" => "Insufficient balance or no resource package. Please recharge."}}
2026-10-06 22:14:25 +0800	R60/2000/r060-2000-nl1-2006-20	API error for R60/2000/r060-2000-nl1-2006-20: {"error" => {"code" => "1113", "message" => "Insufficient balance or no resource package. Please recharge."}}
2026-10-06 22:14:25 +0800	R60/2000/r060-2000-nl1-2006-21-rev1	API error for R60/2000/r060-2000-nl1-2006-21-rev1: {"error" => {"code" => "1113", "message" => "Insufficient balance or no resource package. Please recharge."}}
2026-10-06 22:14:25 +0800	R60/2000/r060-2000-nl1-2006-21	API error for R60/2000/r060-2000-nl1-2006-21: {"error" => {"code" => "1113", "message" => "Insufficient balance or no resource package. Please recharge."}}
2026-10-06 22:14:25 +0800	R60/2000/r060-2000-nl1-2007-01	API error for R60/2000/r060-2000-nl1-2007-01: {"error" => {"code" => "1113", "message" => "Insufficient balance or no resource package. Please recharge."}}
2026-10-06 22:14:25 +0800	R60/2000/r060-2000-nl1-2007-03	API error for R60/2000/r060-2000-nl1-2007-03: {"error" => {"code" => "1113", "message" => "Insufficient balance or no resource package. Please recharge."}}
2026-10-06 22:14:25 +0800	R60/2000/r060-2000-nl1-2006-22	API error for R60/2000/r060-2000-nl1-2006-22: {"error" => {"code" => "1113", "message" => "Insufficient balance or no resource package. Please recharge."}}
2026-10-06 22:14:25 +0800	R60/2000/r060-2000-nl1-2007-02	API error for R60/2000/r060-2000-nl1-2007-02: {"error" => {"code" => "1113", "message" => "Insufficient balance or no resource package. Please recharge."}}
2026-10-06 22:14:25 +0800	R60/2000/r060-2000-nl1-2007-04	API error for R60/2000/r060-2000-nl1-2007-04: {"error" => {"code" => "1113", "message" => "Insufficient balance or no resource package. Please recharge."}}
2026-10-06 22:14:25 +0800	R60/2000/r060-2000-nl1-2007-06	API error for R60/2000/r060-2000-nl1-2007-06: {"error" => {"code" => "1113", "message" => "Insufficient balance or no resource package. Please recharge."}}
2026-10-06 22:14:25 +0800	R60/2000/r060-2000-nl1-2007-05	API error for R60/2000/r060-2000-nl1-2007-05: {"error" => {"code" => "1113", "message" => "Insufficient balance or no resource package. Please recharge."}}
2026-10-06 22:14:25 +0800	R60/2000/r060-2000-nl1-2007-07	API error for R60/2000/r060-2000-nl1-2007-07: {"error" => {"code" => "1113", "message" => "Insufficient balance or no resource package. Please recharge."}}
2026-10-06 22:14:25 +0800	R60/2000/r060-2000-nl1-2007-08	API error for R60/2000/r060-2000-nl1-2007-08: {"error" => {"code" => "1113", "message" => "Insufficient balance or no resource package. Please recharge."}}
2026-10-06 22:14:25 +0800	R60/2000/r060-2000-nl1-2007-09	API error for R60/2000/r060-2000-nl1-2007-09: {"error" => {"code" => "1113", "message" => "Insufficient balance or no resource package. Please recharge."}}
2026-10-06 22:14:25 +0800	R60/2000/r060-2000-nl1-2007-10	API error for R60/2000/r060-2000-nl1-2007-10: {"error" => {"code" => "1113", "message" => "Insufficient balance or no resource package. Please recharge."}}
2026-10-06 22:14:25 +0800	R60/2000/r060-2000-nl1-2007-12	API error for R60/2000/r060-2000-nl1-2007-12: {"error" => {"code" => "1113", "message" => "Insufficient balance or no resource package. Please recharge."}}
2026-10-06 22:14:25 +0800	R60/2000/r060-2000-nl1-2007-14	API error for R60/2000/r060-2000-nl1-2007-14: {"error" => {"code" => "1113", "message" => "Insufficient balance or no resource package. Please recharge."}}
2026-10-06 22:14:25 +0800	R60/2000/r060-2000-nl1-2007-15	API error for R60/2000/r060-2000-nl1-2007-15: {"error" => {"code" => "1113", "message" => "Insufficient balance or no resource package. Please recharge."}}
2026-10-06 22:14:25 +0800	R60/2000/r060-2000-nl1-2007-17	API error for R60/2000/r060-2000-nl1-2007-17: {"error" => {"code" => "1113", "message" => "Insufficient balance or no resource package. Please recharge."}}
2026-10-06 22:14:25 +0800	R60/2000/r060-2000-nl1-2007-16	API error for R60/2000/r060-2000-nl1-2007-16: {"error" => {"code" => "1113", "message" => "Insufficient balance or no resource package. Please recharge."}}
2026-10-06 22:14:25 +0800	R60/2000/r060-2000-nl1-2007-18-rev1	API error for R60/2000/r060-2000-nl1-2007-18-rev1: {"error" => {"code" => "1113", "message" => "Insufficient balance or no resource package. Please recharge."}}
2026-10-06 22:14:25 +0800	R60/2000/r060-2000-nl1-2008-01	API error for R60/2000/r060-2000-nl1-2008-01: {"error" => {"code" => "1113", "message" => "Insufficient balance or no resource package. Please recharge."}}
2026-10-06 22:14:25 +0800	R60/2000/r060-2000-nl1-2007-18	API error for R60/2000/r060-2000-nl1-2007-18: {"error" => {"code" => "1113", "message" => "Insufficient balance or no resource package. Please recharge."}}
2026-10-06 22:14:25 +0800	R60/2000/r060-2000-nl1-2008-02	API error for R60/2000/r060-2000-nl1-2008-02: {"error" => {"code" => "1113", "message" => "Insufficient balance or no resource package. Please recharge."}}
2026-10-06 22:14:25 +0800	R60/2000/r060-2000-nl1-2008-03-rev1	API error for R60/2000/r060-2000-nl1-2008-03-rev1: {"error" => {"code" => "1113", "message" => "Insufficient balance or no resource package. Please recharge."}}
2026-10-06 22:14:25 +0800	R60/2000/r060-2000-nl1-2008-03	API error for R60/2000/r060-2000-nl1-2008-03: {"error" => {"code" => "1113", "message" => "Insufficient balance or no resource package. Please recharge."}}
2026-10-06 22:14:25 +0800	R60/2000/r060-2000-nl1-2008-05	API error for R60/2000/r060-2000-nl1-2008-05: {"error" => {"code" => "1113", "message" => "Insufficient balance or no resource package. Please recharge."}}
2026-10-06 22:14:25 +0800	R60/2000/r060-2000-nl1-2008-04	API error for R60/2000/r060-2000-nl1-2008-04: {"error" => {"code" => "1113", "message" => "Insufficient balance or no resource package. Please recharge."}}
2026-10-06 22:14:25 +0800	R60/2000/r060-2000-nl1-2008-06	API error for R60/2000/r060-2000-nl1-2008-06: {"error" => {"code" => "1113", "message" => "Insufficient balance or no resource package. Please recharge."}}
2026-10-06 22:14:25 +0800	R60/2000/r060-2000-nl1-2008-07	API error for R60/2000/r060-2000-nl1-2008-07: {"error" => {"code" => "1113", "message" => "Insufficient balance or no resource package. Please recharge."}}
2026-10-06 22:14:25 +0800	R60/2000/r060-2000-nl1-2008-08	API error for R60/2000/r060-2000-nl1-2008-08: {"error" => {"code" => "1113", "message" => "Insufficient balance or no resource package. Please recharge."}}
2026-10-06 22:14:25 +0800	R60/2000/r060-2000-nl1-2008-09	API error for R60/2000/r060-2000-nl1-2008-09: {"error" => {"code" => "1113", "message" => "Insufficient balance or no resource package. Please recharge."}}
2026-10-06 22:14:25 +0800	R60/2000/r060-2000-nl1-2008-11	API error for R60/2000/r060-2000-nl1-2008-11: {"error" => {"code" => "1113", "message" => "Insufficient balance or no resource package. Please recharge."}}
2026-10-06 22:14:25 +0800	R60/2000/r060-2000-nl1-2009-02	API error for R60/2000/r060-2000-nl1-2009-02: {"error" => {"code" => "1113", "message" => "Insufficient balance or no resource package. Please recharge."}}
2026-10-06 22:14:25 +0800	R60/2000/r060-2000-nl1-2008-10-rev1	API error for R60/2000/r060-2000-nl1-2008-10-rev1: {"error" => {"code" => "1113", "message" => "Insufficient balance or no resource package. Please recharge."}}
2026-10-06 22:14:25 +0800	R60/2000/r060-2000-nl1-2009-01	API error for R60/2000/r060-2000-nl1-2009-01: {"error" => {"code" => "1113", "message" => "Insufficient balance or no resource package. Please recharge."}}
2026-10-06 22:14:25 +0800	R60/2000/r060-2000-nl1-2009-03	API error for R60/2000/r060-2000-nl1-2009-03: {"error" => {"code" => "1113", "message" => "Insufficient balance or no resource package. Please recharge."}}
2026-10-06 22:14:25 +0800	R60/2000/r060-2000-nl1-2009-04	API error for R60/2000/r060-2000-nl1-2009-04: {"error" => {"code" => "1113", "message" => "Insufficient balance or no resource package. Please recharge."}}
2026-10-06 22:14:25 +0800	R60/2000/r060-2000-nl1-2009-05	API error for R60/2000/r060-2000-nl1-2009-05: {"error" => {"code" => "1113", "message" => "Insufficient balance or no resource package. Please recharge."}}
2026-10-06 22:14:25 +0800	R60/2000/r060-2000-nl1-2009-06	API error for R60/2000/r060-2000-nl1-2009-06: {"error" => {"code" => "1113", "message" => "Insufficient balance or no resource package. Please recharge."}}
2026-10-06 22:14:25 +0800	R60/2000/r060-2000-nl1-2009-07-rev2	API error for R60/2000/r060-2000-nl1-2009-07-rev2: {"error" => {"code" => "1113", "message" => "Insufficient balance or no resource package. Please recharge."}}
2026-10-06 22:14:25 +0800	R60/2000/r060-2000-nl1-2009-07-rev1	API error for R60/2000/r060-2000-nl1-2009-07-rev1: {"error" => {"code" => "1113", "message" => "Insufficient balance or no resource package. Please recharge."}}
2026-10-06 22:14:25 +0800	R60/2000/r060-2000-nl1-2009-07	API error for R60/2000/r060-2000-nl1-2009-07: {"error" => {"code" => "1113", "message" => "Insufficient balance or no resource package. Please recharge."}}
2026-10-06 22:14:25 +0800	R60/2000/r060-2000-nl1-2009-08	API error for R60/2000/r060-2000-nl1-2009-08: {"error" => {"code" => "1113", "message" => "Insufficient balance or no resource package. Please recharge."}}
2026-10-06 22:14:25 +0800	R60/2000/r060-2000-nl1-2009-11	API error for R60/2000/r060-2000-nl1-2009-11: {"error" => {"code" => "1113", "message" => "Insufficient balance or no resource package. Please recharge."}}
2026-10-06 22:14:25 +0800	R60/2000/r060-2000-nl1-2009-09	API error for R60/2000/r060-2000-nl1-2009-09: {"error" => {"code" => "1113", "message" => "Insufficient balance or no resource package. Please recharge."}}
2026-10-06 22:14:25 +0800	R60/2000/r060-2000-nl1-2009-10	API error for R60/2000/r060-2000-nl1-2009-10: {"error" => {"code" => "1113", "message" => "Insufficient balance or no resource package. Please recharge."}}
2026-10-06 22:14:25 +0800	R60/2000/r060-2000-nl1-2009-11-rev1	API error for R60/2000/r060-2000-nl1-2009-11-rev1: {"error" => {"code" => "1113", "message" => "Insufficient balance or no resource package. Please recharge."}}
2026-10-06 22:14:25 +0800	R60/2000/r060-2000-nl1-2009-13	API error for R60/2000/r060-2000-nl1-2009-13: {"error" => {"code" => "1113", "message" => "Insufficient balance or no resource package. Please recharge."}}
2026-10-06 22:14:25 +0800	R60/2000/r060-2000-nl1-2009-12	API error for R60/2000/r060-2000-nl1-2009-12: {"error" => {"code" => "1113", "message" => "Insufficient balance or no resource package. Please recharge."}}
2026-10-06 22:14:25 +0800	R60/2000/r060-2000-nl1-2009-14-rev1	API error for R60/2000/r060-2000-nl1-2009-14-rev1: {"error" => {"code" => "1113", "message" => "Insufficient balance or no resource package. Please recharge."}}
2026-10-06 22:14:25 +0800	R60/2000/r060-2000-nl1-2009-15	API error for R60/2000/r060-2000-nl1-2009-15: {"error" => {"code" => "1113", "message" => "Insufficient balance or no resource package. Please recharge."}}
2026-10-06 22:14:25 +0800	R60/2000/r060-2000-nl1-2009-16	API error for R60/2000/r060-2000-nl1-2009-16: {"error" => {"code" => "1113", "message" => "Insufficient balance or no resource package. Please recharge."}}
2026-10-06 22:14:25 +0800	R60/2000/r060-2000-nl1-2009-17	API error for R60/2000/r060-2000-nl1-2009-17: {"error" => {"code" => "1113", "message" => "Insufficient balance or no resource package. Please recharge."}}
2026-10-06 22:14:25 +0800	R60/2000/r060-2000-nl1-2010-01	API error for R60/2000/r060-2000-nl1-2010-01: {"error" => {"code" => "1113", "message" => "Insufficient balance or no resource package. Please recharge."}}
2026-10-06 22:14:25 +0800	R60/2000/r060-2000-nl1-2009-18	API error for R60/2000/r060-2000-nl1-2009-18: {"error" => {"code" => "1113", "message" => "Insufficient balance or no resource package. Please recharge."}}
2026-10-06 22:14:25 +0800	R60/2000/r060-2000-nl1-2010-02	API error for R60/2000/r060-2000-nl1-2010-02: {"error" => {"code" => "1113", "message" => "Insufficient balance or no resource package. Please recharge."}}
2026-10-06 22:14:25 +0800	R60/2000/r060-2000-nl1-2010-03	API error for R60/2000/r060-2000-nl1-2010-03: {"error" => {"code" => "1113", "message" => "Insufficient balance or no resource package. Please recharge."}}
2026-10-06 22:14:25 +0800	R60/2000/r060-2000-nl1-2010-04	API error for R60/2000/r060-2000-nl1-2010-04: {"error" => {"code" => "1113", "message" => "Insufficient balance or no resource package. Please recharge."}}
2026-10-06 22:14:25 +0800	R60/2000/r060-2000-nl1-2010-05	API error for R60/2000/r060-2000-nl1-2010-05: {"error" => {"code" => "1113", "message" => "Insufficient balance or no resource package. Please recharge."}}
2026-10-06 22:14:25 +0800	R60/2000/r060-2000-nl1-2010-06	API error for R60/2000/r060-2000-nl1-2010-06: {"error" => {"code" => "1113", "message" => "Insufficient balance or no resource package. Please recharge."}}
2026-10-06 22:14:25 +0800	R60/2000/r060-2000-nl1-2010-08	API error for R60/2000/r060-2000-nl1-2010-08: {"error" => {"code" => "1113", "message" => "Insufficient balance or no resource package. Please recharge."}}
2026-10-06 22:14:25 +0800	R60/2000/r060-2000-nl1-2010-09	API error for R60/2000/r060-2000-nl1-2010-09: {"error" => {"code" => "1113", "message" => "Insufficient balance or no resource package. Please recharge."}}
2026-10-06 22:14:25 +0800	R60/2000/r060-2000-nl1-2010-10	API error for R60/2000/r060-2000-nl1-2010-10: {"error" => {"code" => "1113", "message" => "Insufficient balance or no resource package. Please recharge."}}
2026-10-06 22:14:25 +0800	R60/2000/r060-2000-nl1-2010-11-rev1	API error for R60/2000/r060-2000-nl1-2010-11-rev1: {"error" => {"code" => "1113", "message" => "Insufficient balance or no resource package. Please recharge."}}
2026-10-06 22:14:25 +0800	R60/2000/r060-2000-nl1-2010-11-rev2	API error for R60/2000/r060-2000-nl1-2010-11-rev2: {"error" => {"code" => "1113", "message" => "Insufficient balance or no resource package. Please recharge."}}
2026-10-06 22:14:25 +0800	R60/2000/r060-2000-nl1-2010-07	API error for R60/2000/r060-2000-nl1-2010-07: {"error" => {"code" => "1113", "message" => "Insufficient balance or no resource package. Please recharge."}}
2026-10-06 22:14:25 +0800	R60/2000/r060-2000-nl1-2010-12	API error for R60/2000/r060-2000-nl1-2010-12: {"error" => {"code" => "1113", "message" => "Insufficient balance or no resource package. Please recharge."}}
2026-10-06 22:14:25 +0800	R60/2000/r060-2000-nl1-2010-13	API error for R60/2000/r060-2000-nl1-2010-13: {"error" => {"code" => "1113", "message" => "Insufficient balance or no resource package. Please recharge."}}
2026-10-06 22:14:25 +0800	R60/2000/r060-2000-nl1-2010-14	API error for R60/2000/r060-2000-nl1-2010-14: {"error" => {"code" => "1113", "message" => "Insufficient balance or no resource package. Please recharge."}}
2026-10-06 22:14:25 +0800	R60/2000/r060-2000-nl1-2010-15	API error for R60/2000/r060-2000-nl1-2010-15: {"error" => {"code" => "1113", "message" => "Insufficient balance or no resource package. Please recharge."}}
2026-10-06 22:14:25 +0800	R60/2000/r060-2000-nl1-2010-16	API error for R60/2000/r060-2000-nl1-2010-16: {"error" => {"code" => "1113", "message" => "Insufficient balance or no resource package. Please recharge."}}
2026-10-06 22:14:25 +0800	R60/2000/r060-2000-nl1-2010-17	API error for R60/2000/r060-2000-nl1-2010-17: {"error" => {"code" => "1113", "message" => "Insufficient balance or no resource package. Please recharge."}}
2026-10-06 22:14:25 +0800	R60/2000/r060-2000-nl1-2010-19	API error for R60/2000/r060-2000-nl1-2010-19: {"error" => {"code" => "1113", "message" => "Insufficient balance or no resource package. Please recharge."}}
2026-10-06 22:14:25 +0800	R60/2000/r060-2000-nl1-2010-18	API error for R60/2000/r060-2000-nl1-2010-18: {"error" => {"code" => "1113", "message" => "Insufficient balance or no resource package. Please recharge."}}
2026-10-06 22:14:25 +0800	R60/2000/r060-2000-nl1-2010-20	API error for R60/2000/r060-2000-nl1-2010-20: {"error" => {"code" => "1113", "message" => "Insufficient balance or no resource package. Please recharge."}}
2026-10-06 22:14:25 +0800	R60/2000/r060-2000-nl1-2010-21	API error for R60/2000/r060-2000-nl1-2010-21: {"error" => {"code" => "1113", "message" => "Insufficient balance or no resource package. Please recharge."}}
2026-10-06 22:14:25 +0800	R60/2000/r060-2000-nl1-2010-22	API error for R60/2000/r060-2000-nl1-2010-22: {"error" => {"code" => "1113", "message" => "Insufficient balance or no resource package. Please recharge."}}
2026-10-06 22:14:25 +0800	R60/2000/r060-2000-nl1-2010-23	API error for R60/2000/r060-2000-nl1-2010-23: {"error" => {"code" => "1113", "message" => "Insufficient balance or no resource package. Please recharge."}}
2026-10-06 22:14:25 +0800	R60/2000/r060-2000-nl1-2010-24	API error for R60/2000/r060-2000-nl1-2010-24: {"error" => {"code" => "1113", "message" => "Insufficient balance or no resource package. Please recharge."}}
2026-10-06 22:14:25 +0800	R60/2000/r060-2000-nl1-2010-25	API error for R60/2000/r060-2000-nl1-2010-25: {"error" => {"code" => "1113", "message" => "Insufficient balance or no resource package. Please recharge."}}
2026-10-06 22:14:25 +0800	R60/2000/r060-2000-nl1-2010-26	API error for R60/2000/r060-2000-nl1-2010-26: {"error" => {"code" => "1113", "message" => "Insufficient balance or no resource package. Please recharge."}}
2026-10-06 22:14:25 +0800	R60/2000/r060-2000-nl1-2010-27	API error for R60/2000/r060-2000-nl1-2010-27: {"error" => {"code" => "1113", "message" => "Insufficient balance or no resource package. Please recharge."}}
2026-10-06 22:14:25 +0800	R60/2000/r060-2000-nl1-2010-28	API error for R60/2000/r060-2000-nl1-2010-28: {"error" => {"code" => "1113", "message" => "Insufficient balance or no resource package. Please recharge."}}
2026-10-06 22:14:25 +0800	R60/2000/r060-2000-nl1-2010-29	API error for R60/2000/r060-2000-nl1-2010-29: {"error" => {"code" => "1113", "message" => "Insufficient balance or no resource package. Please recharge."}}
2026-10-06 22:14:25 +0800	R60/2000/r060-2000-nl1-2010-31	API error for R60/2000/r060-2000-nl1-2010-31: {"error" => {"code" => "1113", "message" => "Insufficient balance or no resource package. Please recharge."}}
2026-10-06 22:14:25 +0800	R60/2000/r060-2000-nl1-2010-30	API error for R60/2000/r060-2000-nl1-2010-30: {"error" => {"code" => "1113", "message" => "Insufficient balance or no resource package. Please recharge."}}
2026-10-06 22:14:25 +0800	R60/2000/r060-2000-nl1-2010-32	API error for R60/2000/r060-2000-nl1-2010-32: {"error" => {"code" => "1113", "message" => "Insufficient balance or no resource package. Please recharge."}}
2026-10-06 22:14:25 +0800	R60/2000/r060-2000-nl1-2010-33	API error for R60/2000/r060-2000-nl1-2010-33: {"error" => {"code" => "1113", "message" => "Insufficient balance or no resource package. Please recharge."}}
2026-10-06 22:14:25 +0800	R60/2000/r060-2000-nl1-2010-34	API error for R60/2000/r060-2000-nl1-2010-34: {"error" => {"code" => "1113", "message" => "Insufficient balance or no resource package. Please recharge."}}
2026-10-06 22:14:25 +0800	R60/2000/r060-2000-nl1-2010-35	API error for R60/2000/r060-2000-nl1-2010-35: {"error" => {"code" => "1113", "message" => "Insufficient balance or no resource package. Please recharge."}}
2026-10-06 22:14:25 +0800	R60/2000/r060-2000-nl1-2010-36	API error for R60/2000/r060-2000-nl1-2010-36: {"error" => {"code" => "1113", "message" => "Insufficient balance or no resource package. Please recharge."}}
2026-10-06 22:14:25 +0800	R60/2000/r060-2000-nl1-2011-01	API error for R60/2000/r060-2000-nl1-2011-01: {"error" => {"code" => "1113", "message" => "Insufficient balance or no resource package. Please recharge."}}
2026-10-06 22:14:25 +0800	R60/2000/r060-2000-nl1-2011-02	API error for R60/2000/r060-2000-nl1-2011-02: {"error" => {"code" => "1113", "message" => "Insufficient balance or no resource package. Please recharge."}}
2026-10-06 22:14:25 +0800	R60/2000/r060-2000-nl1-2011-03	API error for R60/2000/r060-2000-nl1-2011-03: {"error" => {"code" => "1113", "message" => "Insufficient balance or no resource package. Please recharge."}}
2026-10-06 22:14:25 +0800	R60/2000/r060-2000-nl1-2011-04	API error for R60/2000/r060-2000-nl1-2011-04: {"error" => {"code" => "1113", "message" => "Insufficient balance or no resource package. Please recharge."}}
2026-10-06 22:14:25 +0800	R60/2000/r060-2000-nl1-2011-05	API error for R60/2000/r060-2000-nl1-2011-05: {"error" => {"code" => "1113", "message" => "Insufficient balance or no resource package. Please recharge."}}
2026-10-06 22:14:25 +0800	R60/2000/r060-2000-nl1-2011-06	API error for R60/2000/r060-2000-nl1-2011-06: {"error" => {"code" => "1113", "message" => "Insufficient balance or no resource package. Please recharge."}}
2026-10-06 22:14:25 +0800	R60/2000/r060-2000-nl1-2011-07	API error for R60/2000/r060-2000-nl1-2011-07: {"error" => {"code" => "1113", "message" => "Insufficient balance or no resource package. Please recharge."}}
2026-10-06 22:14:25 +0800	R60/2000/r060-2000-nl1-2011-08	API error for R60/2000/r060-2000-nl1-2011-08: {"error" => {"code" => "1113", "message" => "Insufficient balance or no resource package. Please recharge."}}
2026-10-06 22:14:25 +0800	R60/2000/r060-2000-nl1-2011-09	API error for R60/2000/r060-2000-nl1-2011-09: {"error" => {"code" => "1113", "message" => "Insufficient balance or no resource package. Please recharge."}}
2026-10-06 22:14:25 +0800	R60/2000/r060-2000-nl1-2011-10	API error for R60/2000/r060-2000-nl1-2011-10: {"error" => {"code" => "1113", "message" => "Insufficient balance or no resource package. Please recharge."}}
2026-10-06 22:14:25 +0800	R60/2000/r060-2000-nl1-2011-11	API error for R60/2000/r060-2000-nl1-2011-11: {"error" => {"code" => "1113", "message" => "Insufficient balance or no resource package. Please recharge."}}
2026-10-06 22:14:25 +0800	R60/2000/r060-2000-nl1-2011-12	API error for R60/2000/r060-2000-nl1-2011-12: {"error" => {"code" => "1113", "message" => "Insufficient balance or no resource package. Please recharge."}}
2026-10-06 22:14:25 +0800	R60/2000/r060-2000-nl1-2011-13	API error for R60/2000/r060-2000-nl1-2011-13: {"error" => {"code" => "1113", "message" => "Insufficient balance or no resource package. Please recharge."}}
2026-10-06 22:14:25 +0800	R60/2000/r060-2000-nl1-2011-14	API error for R60/2000/r060-2000-nl1-2011-14: {"error" => {"code" => "1113", "message" => "Insufficient balance or no resource package. Please recharge."}}
2026-10-06 22:14:25 +0800	R60/2000/r060-2000-nl1-2011-16	API error for R60/2000/r060-2000-nl1-2011-16: {"error" => {"code" => "1113", "message" => "Insufficient balance or no resource package. Please recharge."}}
2026-10-06 22:14:25 +0800	R60/2000/r060-2000-nl1-2011-15	API error for R60/2000/r060-2000-nl1-2011-15: {"error" => {"code" => "1113", "message" => "Insufficient balance or no resource package. Please recharge."}}
2026-10-06 22:14:25 +0800	R60/2000/r060-2000-nl1-2011-17	API error for R60/2000/r060-2000-nl1-2011-17: {"error" => {"code" => "1113", "message" => "Insufficient balance or no resource package. Please recharge."}}
2026-10-06 22:14:25 +0800	R60/2000/r060-2000-nl1-2011-18	API error for R60/2000/r060-2000-nl1-2011-18: {"error" => {"code" => "1113", "message" => "Insufficient balance or no resource package. Please recharge."}}
2026-10-06 22:14:25 +0800	R60/2000/r060-2000-nl1-2011-19	API error for R60/2000/r060-2000-nl1-2011-19: {"error" => {"code" => "1113", "message" => "Insufficient balance or no resource package. Please recharge."}}
2026-10-06 22:14:25 +0800	R60/2000/r060-2000-nl1-2011-20	API error for R60/2000/r060-2000-nl1-2011-20: {"error" => {"code" => "1113", "message" => "Insufficient balance or no resource package. Please recharge."}}
2026-10-06 22:14:25 +0800	R60/2000/r060-2000-nl1-2011-21-rev1	API error for R60/2000/r060-2000-nl1-2011-21-rev1: {"error" => {"code" => "1113", "message" => "Insufficient balance or no resource package. Please recharge."}}
2026-10-06 22:14:25 +0800	R60/2000/r060-2000-nl1-2011-21	API error for R60/2000/r060-2000-nl1-2011-21: {"error" => {"code" => "1113", "message" => "Insufficient balance or no resource package. Please recharge."}}
2026-10-06 22:14:25 +0800	R60/2000/r060-2000-nl1-2011-22	API error for R60/2000/r060-2000-nl1-2011-22: {"error" => {"code" => "1113", "message" => "Insufficient balance or no resource package. Please recharge."}}
2026-10-06 22:14:25 +0800	R60/2000/r060-2000-nl1-2011-23	API error for R60/2000/r060-2000-nl1-2011-23: {"error" => {"code" => "1113", "message" => "Insufficient balance or no resource package. Please recharge."}}
2026-10-06 22:14:25 +0800	R60/2000/r060-2000-nl1-2011-24	API error for R60/2000/r060-2000-nl1-2011-24: {"error" => {"code" => "1113", "message" => "Insufficient balance or no resource package. Please recharge."}}
2026-10-06 22:14:25 +0800	R60/2000/r060-2000-nl1-2011-25	API error for R60/2000/r060-2000-nl1-2011-25: {"error" => {"code" => "1113", "message" => "Insufficient balance or no resource package. Please recharge."}}
2026-10-06 22:14:25 +0800	R60/2000/r060-2000-nl1-2011-26	API error for R60/2000/r060-2000-nl1-2011-26: {"error" => {"code" => "1113", "message" => "Insufficient balance or no resource package. Please recharge."}}
2026-10-06 22:14:25 +0800	R60/2000/r060-2000-nl1-2011-27	API error for R60/2000/r060-2000-nl1-2011-27: {"error" => {"code" => "1113", "message" => "Insufficient balance or no resource package. Please recharge."}}
2026-10-06 22:14:25 +0800	R60/2000/r060-2000-nl1-2011-28	API error for R60/2000/r060-2000-nl1-2011-28: {"error" => {"code" => "1113", "message" => "Insufficient balance or no resource package. Please recharge."}}
2026-10-06 22:14:25 +0800	R60/2000/r060-2000-nl1-2011-29	API error for R60/2000/r060-2000-nl1-2011-29: {"error" => {"code" => "1113", "message" => "Insufficient balance or no resource package. Please recharge."}}
2026-10-06 22:14:25 +0800	R60/2000/r060-2000-nl1-2011-30	API error for R60/2000/r060-2000-nl1-2011-30: {"error" => {"code" => "1113", "message" => "Insufficient balance or no resource package. Please recharge."}}
2026-10-06 22:14:25 +0800	R60/2000/r060-2000-nl1-2011-31	API error for R60/2000/r060-2000-nl1-2011-31: {"error" => {"code" => "1113", "message" => "Insufficient balance or no resource package. Please recharge."}}
2026-10-06 22:14:25 +0800	R60/2000/r060-2000-nl1-2011-32	API error for R60/2000/r060-2000-nl1-2011-32: {"error" => {"code" => "1113", "message" => "Insufficient balance or no resource package. Please recharge."}}
2026-10-06 22:14:25 +0800	R60/2000/r060-2000-nl1-2011-33	API error for R60/2000/r060-2000-nl1-2011-33: {"error" => {"code" => "1113", "message" => "Insufficient balance or no resource package. Please recharge."}}
2026-10-06 22:14:25 +0800	R60/2000/r060-2000-nl1-2011-34	API error for R60/2000/r060-2000-nl1-2011-34: {"error" => {"code" => "1113", "message" => "Insufficient balance or no resource package. Please recharge."}}
2026-10-06 22:14:25 +0800	R60/2000/r060-2000-nl1-2011-35	API error for R60/2000/r060-2000-nl1-2011-35: {"error" => {"code" => "1113", "message" => "Insufficient balance or no resource package. Please recharge."}}
2026-10-06 22:14:25 +0800	R60/2000/r060-2000-nl1-2011-36	API error for R60/2000/r060-2000-nl1-2011-36: {"error" => {"code" => "1113", "message" => "Insufficient balance or no resource package. Please recharge."}}
2026-10-06 22:14:25 +0800	R60/2000/r060-2000-nl1-2011-37	API error for R60/2000/r060-2000-nl1-2011-37: {"error" => {"code" => "1113", "message" => "Insufficient balance or no resource package. Please recharge."}}
2026-10-06 22:14:25 +0800	R60/2000/r060-2000-nl1-2011-39	API error for R60/2000/r060-2000-nl1-2011-39: {"error" => {"code" => "1113", "message" => "Insufficient balance or no resource package. Please recharge."}}
2026-10-06 22:14:25 +0800	R60/2000/r060-2000-nl1-2011-40	API error for R60/2000/r060-2000-nl1-2011-40: {"error" => {"code" => "1113", "message" => "Insufficient balance or no resource package. Please recharge."}}
2026-10-06 22:14:25 +0800	R60/2000/r060-2000-nl1-2012-01	API error for R60/2000/r060-2000-nl1-2012-01: {"error" => {"code" => "1113", "message" => "Insufficient balance or no resource package. Please recharge."}}
2026-10-06 22:14:25 +0800	R60/2000/r060-2000-nl1-2012-02-rev1	API error for R60/2000/r060-2000-nl1-2012-02-rev1: {"error" => {"code" => "1113", "message" => "Insufficient balance or no resource package. Please recharge."}}
2026-10-06 22:14:25 +0800	R60/2000/r060-2000-nl1-2012-02	API error for R60/2000/r060-2000-nl1-2012-02: {"error" => {"code" => "1113", "message" => "Insufficient balance or no resource package. Please recharge."}}
2026-10-06 22:14:25 +0800	R60/2000/r060-2000-nl1-2012-03	API error for R60/2000/r060-2000-nl1-2012-03: {"error" => {"code" => "1113", "message" => "Insufficient balance or no resource package. Please recharge."}}
2026-10-06 22:14:25 +0800	R60/2000/r060-2000-nl1-2012-04	API error for R60/2000/r060-2000-nl1-2012-04: {"error" => {"code" => "1113", "message" => "Insufficient balance or no resource package. Please recharge."}}
2026-10-06 22:14:25 +0800	R60/2000/r060-2000-nl1-2012-05	API error for R60/2000/r060-2000-nl1-2012-05: {"error" => {"code" => "1113", "message" => "Insufficient balance or no resource package. Please recharge."}}
2026-10-06 22:14:25 +0800	R60/2000/r060-2000-nl1-2012-07	API error for R60/2000/r060-2000-nl1-2012-07: {"error" => {"code" => "1113", "message" => "Insufficient balance or no resource package. Please recharge."}}
2026-10-06 22:14:25 +0800	R60/2000/r060-2000-nl1-2012-06	API error for R60/2000/r060-2000-nl1-2012-06: {"error" => {"code" => "1113", "message" => "Insufficient balance or no resource package. Please recharge."}}
2026-10-06 22:14:25 +0800	R60/2000/r060-2000-nl1-2012-08	API error for R60/2000/r060-2000-nl1-2012-08: {"error" => {"code" => "1113", "message" => "Insufficient balance or no resource package. Please recharge."}}
2026-10-06 22:14:25 +0800	R60/2000/r060-2000-nl1-2012-09	API error for R60/2000/r060-2000-nl1-2012-09: {"error" => {"code" => "1113", "message" => "Insufficient balance or no resource package. Please recharge."}}
2026-10-06 22:14:25 +0800	R60/2000/r060-2000-nl1-2012-10	API error for R60/2000/r060-2000-nl1-2012-10: {"error" => {"code" => "1113", "message" => "Insufficient balance or no resource package. Please recharge."}}
2026-10-06 22:14:25 +0800	R60/2000/r060-2000-nl1-2012-11-rev1	API error for R60/2000/r060-2000-nl1-2012-11-rev1: {"error" => {"code" => "1113", "message" => "Insufficient balance or no resource package. Please recharge."}}
2026-10-06 22:14:25 +0800	R60/2000/r060-2000-nl1-2012-11	API error for R60/2000/r060-2000-nl1-2012-11: {"error" => {"code" => "1113", "message" => "Insufficient balance or no resource package. Please recharge."}}
2026-10-06 22:14:25 +0800	R60/2000/r060-2000-nl1-2012-12	API error for R60/2000/r060-2000-nl1-2012-12: {"error" => {"code" => "1113", "message" => "Insufficient balance or no resource package. Please recharge."}}
2026-10-06 22:14:25 +0800	R60/2000/r060-2000-nl1-2012-14	API error for R60/2000/r060-2000-nl1-2012-14: {"error" => {"code" => "1113", "message" => "Insufficient balance or no resource package. Please recharge."}}
2026-10-06 22:14:25 +0800	R60/2000/r060-2000-nl1-2012-13	API error for R60/2000/r060-2000-nl1-2012-13: {"error" => {"code" => "1113", "message" => "Insufficient balance or no resource package. Please recharge."}}
2026-10-06 22:14:25 +0800	R60/2000/r060-2000-nl1-2012-15	API error for R60/2000/r060-2000-nl1-2012-15: {"error" => {"code" => "1113", "message" => "Insufficient balance or no resource package. Please recharge."}}
2026-10-06 22:14:25 +0800	R60/2000/r060-2000-nl1-2012-16-rev1	API error for R60/2000/r060-2000-nl1-2012-16-rev1: {"error" => {"code" => "1113", "message" => "Insufficient balance or no resource package. Please recharge."}}
2026-10-06 22:14:25 +0800	R60/2000/r060-2000-nl1-2012-17	API error for R60/2000/r060-2000-nl1-2012-17: {"error" => {"code" => "1113", "message" => "Insufficient balance or no resource package. Please recharge."}}
2026-10-06 22:14:25 +0800	R60/2000/r060-2000-nl1-2012-16	API error for R60/2000/r060-2000-nl1-2012-16: {"error" => {"code" => "1113", "message" => "Insufficient balance or no resource package. Please recharge."}}
2026-10-06 22:14:25 +0800	R60/2000/r060-2000-nl1-2012-18	API error for R60/2000/r060-2000-nl1-2012-18: {"error" => {"code" => "1113", "message" => "Insufficient balance or no resource package. Please recharge."}}
2026-10-06 22:14:25 +0800	R60/2000/r060-2000-nl1-2012-19	API error for R60/2000/r060-2000-nl1-2012-19: {"error" => {"code" => "1113", "message" => "Insufficient balance or no resource package. Please recharge."}}
2026-10-06 22:14:25 +0800	R60/2000/r060-2000-nl1-2012-21	API error for R60/2000/r060-2000-nl1-2012-21: {"error" => {"code" => "1113", "message" => "Insufficient balance or no resource package. Please recharge."}}
2026-10-06 22:14:25 +0800	R60/2000/r060-2000-nl1-2012-20	API error for R60/2000/r060-2000-nl1-2012-20: {"error" => {"code" => "1113", "message" => "Insufficient balance or no resource package. Please recharge."}}
2026-10-06 22:14:25 +0800	R60/2000/r060-2000-nl1-2012-22	API error for R60/2000/r060-2000-nl1-2012-22: {"error" => {"code" => "1113", "message" => "Insufficient balance or no resource package. Please recharge."}}
2026-10-06 22:14:25 +0800	R60/2000/r060-2000-nl1-2012-23	API error for R60/2000/r060-2000-nl1-2012-23: {"error" => {"code" => "1113", "message" => "Insufficient balance or no resource package. Please recharge."}}
2026-10-06 22:14:25 +0800	R60/2000/r060-2000-nl1-2012-24	API error for R60/2000/r060-2000-nl1-2012-24: {"error" => {"code" => "1113", "message" => "Insufficient balance or no resource package. Please recharge."}}
2026-10-06 22:14:25 +0800	R60/2000/r060-2000-nl1-2012-25	API error for R60/2000/r060-2000-nl1-2012-25: {"error" => {"code" => "1113", "message" => "Insufficient balance or no resource package. Please recharge."}}
2026-10-06 22:14:25 +0800	R60/2000/r060-2000-nl1-2012-26	API error for R60/2000/r060-2000-nl1-2012-26: {"error" => {"code" => "1113", "message" => "Insufficient balance or no resource package. Please recharge."}}
2026-10-06 22:14:25 +0800	R60/2000/r060-2000-nl1-2012-27	API error for R60/2000/r060-2000-nl1-2012-27: {"error" => {"code" => "1113", "message" => "Insufficient balance or no resource package. Please recharge."}}
2026-10-06 22:14:25 +0800	R60/2000/r060-2000-nl1-2012-30	API error for R60/2000/r060-2000-nl1-2012-30: {"error" => {"code" => "1113", "message" => "Insufficient balance or no resource package. Please recharge."}}
2026-10-06 22:14:25 +0800	R60/2000/r060-2000-nl1-2012-29	API error for R60/2000/r060-2000-nl1-2012-29: {"error" => {"code" => "1113", "message" => "Insufficient balance or no resource package. Please recharge."}}
2026-10-06 22:14:25 +0800	R60/2000/r060-2000-nl1-2012-28	API error for R60/2000/r060-2000-nl1-2012-28: {"error" => {"code" => "1113", "message" => "Insufficient balance or no resource package. Please recharge."}}
2026-10-06 22:14:25 +0800	R60/2000/r060-2000-nl1-2012-31	API error for R60/2000/r060-2000-nl1-2012-31: {"error" => {"code" => "1113", "message" => "Insufficient balance or no resource package. Please recharge."}}
2026-10-06 22:14:25 +0800	R60/2000/r060-2000-nl1-2012-32	API error for R60/2000/r060-2000-nl1-2012-32: {"error" => {"code" => "1113", "message" => "Insufficient balance or no resource package. Please recharge."}}
2026-10-06 22:14:25 +0800	R60/2000/r060-2000-nl1-2012-33	API error for R60/2000/r060-2000-nl1-2012-33: {"error" => {"code" => "1113", "message" => "Insufficient balance or no resource package. Please recharge."}}
2026-10-06 22:14:25 +0800	R60/2000/r060-2000-nl1-2012-34	API error for R60/2000/r060-2000-nl1-2012-34: {"error" => {"code" => "1113", "message" => "Insufficient balance or no resource package. Please recharge."}}
2026-10-06 22:14:25 +0800	R60/2000/r060-2000-nl1-2012-35	API error for R60/2000/r060-2000-nl1-2012-35: {"error" => {"code" => "1113", "message" => "Insufficient balance or no resource package. Please recharge."}}
2026-10-06 22:14:25 +0800	R60/2000/r060-2000-nl1-2012-38	API error for R60/2000/r060-2000-nl1-2012-38: {"error" => {"code" => "1113", "message" => "Insufficient balance or no resource package. Please recharge."}}
2026-10-06 22:14:25 +0800	R60/2000/r060-2000-nl1-2012-36	API error for R60/2000/r060-2000-nl1-2012-36: {"error" => {"code" => "1113", "message" => "Insufficient balance or no resource package. Please recharge."}}
2026-10-06 22:14:25 +0800	R60/2000/r060-2000-nl1-2012-37	API error for R60/2000/r060-2000-nl1-2012-37: {"error" => {"code" => "1113", "message" => "Insufficient balance or no resource package. Please recharge."}}
2026-10-06 22:14:25 +0800	R60/2000/r060-2000-nl1-2012-39-rev1	API error for R60/2000/r060-2000-nl1-2012-39-rev1: {"error" => {"code" => "1113", "message" => "Insufficient balance or no resource package. Please recharge."}}
2026-10-06 22:14:25 +0800	R60/2000/r060-2000-nl1-2012-39	API error for R60/2000/r060-2000-nl1-2012-39: {"error" => {"code" => "1113", "message" => "Insufficient balance or no resource package. Please recharge."}}
2026-10-06 22:14:25 +0800	R60/2000/r060-2000-nl1-2012-40	API error for R60/2000/r060-2000-nl1-2012-40: {"error" => {"code" => "1113", "message" => "Insufficient balance or no resource package. Please recharge."}}
2026-10-06 22:14:25 +0800	R60/2000/r060-2000-nl1-2012-41	API error for R60/2000/r060-2000-nl1-2012-41: {"error" => {"code" => "1113", "message" => "Insufficient balance or no resource package. Please recharge."}}
2026-10-06 22:14:25 +0800	R60/2000/r060-2000-nl1-2012-42	API error for R60/2000/r060-2000-nl1-2012-42: {"error" => {"code" => "1113", "message" => "Insufficient balance or no resource package. Please recharge."}}
2026-10-06 22:14:25 +0800	R60/2000/r060-2000-nl1-2012-44-rev1	API error for R60/2000/r060-2000-nl1-2012-44-rev1: {"error" => {"code" => "1113", "message" => "Insufficient balance or no resource package. Please recharge."}}
2026-10-06 22:14:25 +0800	R60/2000/r060-2000-nl1-2012-43	API error for R60/2000/r060-2000-nl1-2012-43: {"error" => {"code" => "1113", "message" => "Insufficient balance or no resource package. Please recharge."}}
2026-10-06 22:14:25 +0800	R60/2000/r060-2000-nl1-2012-44	API error for R60/2000/r060-2000-nl1-2012-44: {"error" => {"code" => "1113", "message" => "Insufficient balance or no resource package. Please recharge."}}
2026-10-06 22:14:25 +0800	R60/2000/r060-2000-nl1-2012-45	API error for R60/2000/r060-2000-nl1-2012-45: {"error" => {"code" => "1113", "message" => "Insufficient balance or no resource package. Please recharge."}}
2026-10-06 22:14:25 +0800	R60/2000/r060-2000-nl1-2012-48	API error for R60/2000/r060-2000-nl1-2012-48: {"error" => {"code" => "1113", "message" => "Insufficient balance or no resource package. Please recharge."}}
2026-10-06 22:14:25 +0800	R60/2000/r060-2000-nl1-2012-46	API error for R60/2000/r060-2000-nl1-2012-46: {"error" => {"code" => "1113", "message" => "Insufficient balance or no resource package. Please recharge."}}
2026-10-06 22:14:25 +0800	R60/2000/r060-2000-nl1-2012-47	API error for R60/2000/r060-2000-nl1-2012-47: {"error" => {"code" => "1113", "message" => "Insufficient balance or no resource package. Please recharge."}}
2026-10-06 22:14:25 +0800	R60/2000/r060-2000-nl1-2012-49	API error for R60/2000/r060-2000-nl1-2012-49: {"error" => {"code" => "1113", "message" => "Insufficient balance or no resource package. Please recharge."}}
2026-10-06 22:14:25 +0800	R60/2000/r060-2000-nl1-2012-50	API error for R60/2000/r060-2000-nl1-2012-50: {"error" => {"code" => "1113", "message" => "Insufficient balance or no resource package. Please recharge."}}
2026-10-06 22:14:25 +0800	R60/2000/r060-2000-nl1-2012-51	API error for R60/2000/r060-2000-nl1-2012-51: {"error" => {"code" => "1113", "message" => "Insufficient balance or no resource package. Please recharge."}}
2026-10-06 22:14:25 +0800	R60/2000/r060-2000-nl1-2012-52	API error for R60/2000/r060-2000-nl1-2012-52: {"error" => {"code" => "1113", "message" => "Insufficient balance or no resource package. Please recharge."}}
2026-10-06 22:14:25 +0800	R60/2000/r060-2000-nl1-2012-53	API error for R60/2000/r060-2000-nl1-2012-53: {"error" => {"code" => "1113", "message" => "Insufficient balance or no resource package. Please recharge."}}
2026-10-06 22:14:25 +0800	R60/2000/r060-2000-nl1-2012-54-rev1	API error for R60/2000/r060-2000-nl1-2012-54-rev1: {"error" => {"code" => "1113", "message" => "Insufficient balance or no resource package. Please recharge."}}
2026-10-06 22:14:25 +0800	R60/2000/r060-2000-nl1-2012-55-rev1	API error for R60/2000/r060-2000-nl1-2012-55-rev1: {"error" => {"code" => "1113", "message" => "Insufficient balance or no resource package. Please recharge."}}
2026-10-06 22:14:25 +0800	R60/2000/r060-2000-nl1-2012-55	API error for R60/2000/r060-2000-nl1-2012-55: {"error" => {"code" => "1113", "message" => "Insufficient balance or no resource package. Please recharge."}}
2026-10-06 22:14:25 +0800	R60/2000/r060-2000-nl1-2013-01-rev1	API error for R60/2000/r060-2000-nl1-2013-01-rev1: {"error" => {"code" => "1113", "message" => "Insufficient balance or no resource package. Please recharge."}}
2026-10-06 22:14:25 +0800	R60/2000/r060-2000-nl1-2013-02-rev1	API error for R60/2000/r060-2000-nl1-2013-02-rev1: {"error" => {"code" => "1113", "message" => "Insufficient balance or no resource package. Please recharge."}}
2026-10-06 22:14:25 +0800	R60/2000/r060-2000-nl1-2013-01	API error for R60/2000/r060-2000-nl1-2013-01: {"error" => {"code" => "1113", "message" => "Insufficient balance or no resource package. Please recharge."}}
2026-10-06 22:14:25 +0800	R60/2000/r060-2000-nl1-2013-03	API error for R60/2000/r060-2000-nl1-2013-03: {"error" => {"code" => "1113", "message" => "Insufficient balance or no resource package. Please recharge."}}
2026-10-06 22:14:25 +0800	R60/2000/r060-2000-nl1-2013-02	API error for R60/2000/r060-2000-nl1-2013-02: {"error" => {"code" => "1113", "message" => "Insufficient balance or no resource package. Please recharge."}}
2026-10-06 22:14:25 +0800	R60/2000/r060-2000-nl1-2013-05	API error for R60/2000/r060-2000-nl1-2013-05: {"error" => {"code" => "1113", "message" => "Insufficient balance or no resource package. Please recharge."}}
2026-10-06 22:14:25 +0800	R60/2000/r060-2000-nl1-2013-04-rev1	API error for R60/2000/r060-2000-nl1-2013-04-rev1: {"error" => {"code" => "1113", "message" => "Insufficient balance or no resource package. Please recharge."}}
2026-10-06 22:14:25 +0800	R60/2000/r060-2000-nl1-2013-06	API error for R60/2000/r060-2000-nl1-2013-06: {"error" => {"code" => "1113", "message" => "Insufficient balance or no resource package. Please recharge."}}
2026-10-06 22:14:25 +0800	R60/2000/r060-2000-nl1-2013-07	API error for R60/2000/r060-2000-nl1-2013-07: {"error" => {"code" => "1113", "message" => "Insufficient balance or no resource package. Please recharge."}}
2026-10-06 22:14:25 +0800	R60/2000/r060-2000-nl1-2013-08-rev1	API error for R60/2000/r060-2000-nl1-2013-08-rev1: {"error" => {"code" => "1113", "message" => "Insufficient balance or no resource package. Please recharge."}}
2026-10-06 22:14:25 +0800	R60/2000/r060-2000-nl1-2013-08	API error for R60/2000/r060-2000-nl1-2013-08: {"error" => {"code" => "1113", "message" => "Insufficient balance or no resource package. Please recharge."}}
2026-10-06 22:14:25 +0800	R60/2000/r060-2000-nl1-2013-10	API error for R60/2000/r060-2000-nl1-2013-10: {"error" => {"code" => "1113", "message" => "Insufficient balance or no resource package. Please recharge."}}
2026-10-06 22:14:25 +0800	R60/2000/r060-2000-nl1-2013-09	API error for R60/2000/r060-2000-nl1-2013-09: {"error" => {"code" => "1113", "message" => "Insufficient balance or no resource package. Please recharge."}}
2026-10-06 22:14:25 +0800	R60/2000/r060-2000-nl1-2013-11	API error for R60/2000/r060-2000-nl1-2013-11: {"error" => {"code" => "1113", "message" => "Insufficient balance or no resource package. Please recharge."}}
2026-10-06 22:14:25 +0800	R60/2000/r060-2000-nl1-2013-12-rev1	API error for R60/2000/r060-2000-nl1-2013-12-rev1: {"error" => {"code" => "1113", "message" => "Insufficient balance or no resource package. Please recharge."}}
2026-10-06 22:14:25 +0800	R60/2000/r060-2000-nl1-2013-12	API error for R60/2000/r060-2000-nl1-2013-12: {"error" => {"code" => "1113", "message" => "Insufficient balance or no resource package. Please recharge."}}
2026-10-06 22:14:25 +0800	R60/2000/r060-2000-nl1-2013-13	API error for R60/2000/r060-2000-nl1-2013-13: {"error" => {"code" => "1113", "message" => "Insufficient balance or no resource package. Please recharge."}}
2026-10-06 22:14:25 +0800	R60/2000/r060-2000-nl1-2013-14-rev1	API error for R60/2000/r060-2000-nl1-2013-14-rev1: {"error" => {"code" => "1113", "message" => "Insufficient balance or no resource package. Please recharge."}}
2026-10-06 22:14:25 +0800	R60/2000/r060-2000-nl1-2013-14	API error for R60/2000/r060-2000-nl1-2013-14: {"error" => {"code" => "1113", "message" => "Insufficient balance or no resource package. Please recharge."}}
2026-10-06 22:14:25 +0800	R60/2000/r060-2000-nl1-2013-15	API error for R60/2000/r060-2000-nl1-2013-15: {"error" => {"code" => "1113", "message" => "Insufficient balance or no resource package. Please recharge."}}
2026-10-06 22:14:25 +0800	R60/2000/r060-2000-nl1-2013-16	API error for R60/2000/r060-2000-nl1-2013-16: {"error" => {"code" => "1113", "message" => "Insufficient balance or no resource package. Please recharge."}}
2026-10-06 22:14:25 +0800	R60/2000/r060-2000-nl1-2013-17-rev01	API error for R60/2000/r060-2000-nl1-2013-17-rev01: {"error" => {"code" => "1113", "message" => "Insufficient balance or no resource package. Please recharge."}}
2026-10-06 22:14:25 +0800	R60/2000/r060-2000-nl1-2013-17	API error for R60/2000/r060-2000-nl1-2013-17: {"error" => {"code" => "1113", "message" => "Insufficient balance or no resource package. Please recharge."}}
2026-10-06 22:14:25 +0800	R60/2000/r060-2000-nl1-2013-18	API error for R60/2000/r060-2000-nl1-2013-18: {"error" => {"code" => "1113", "message" => "Insufficient balance or no resource package. Please recharge."}}
2026-10-06 22:14:25 +0800	R60/2000/r060-2000-nl1-2013-19	API error for R60/2000/r060-2000-nl1-2013-19: {"error" => {"code" => "1113", "message" => "Insufficient balance or no resource package. Please recharge."}}
2026-10-06 22:14:25 +0800	R60/2000/r060-2000-nl1-2013-21-rev1	API error for R60/2000/r060-2000-nl1-2013-21-rev1: {"error" => {"code" => "1113", "message" => "Insufficient balance or no resource package. Please recharge."}}
2026-10-06 22:14:25 +0800	R60/2000/r060-2000-nl1-2013-21	API error for R60/2000/r060-2000-nl1-2013-21: {"error" => {"code" => "1113", "message" => "Insufficient balance or no resource package. Please recharge."}}
2026-10-06 22:14:25 +0800	R60/2000/r060-2000-nl1-2013-22-rev1	API error for R60/2000/r060-2000-nl1-2013-22-rev1: {"error" => {"code" => "1113", "message" => "Insufficient balance or no resource package. Please recharge."}}
2026-10-06 22:14:25 +0800	R60/2000/r060-2000-nl1-2013-22	API error for R60/2000/r060-2000-nl1-2013-22: {"error" => {"code" => "1113", "message" => "Insufficient balance or no resource package. Please recharge."}}
2026-10-06 22:14:25 +0800	R60/2000/r060-2000-nl1-2013-23-rev1	API error for R60/2000/r060-2000-nl1-2013-23-rev1: {"error" => {"code" => "1113", "message" => "Insufficient balance or no resource package. Please recharge."}}
2026-10-06 22:14:25 +0800	R60/2000/r060-2000-nl1-2013-23	API error for R60/2000/r060-2000-nl1-2013-23: {"error" => {"code" => "1113", "message" => "Insufficient balance or no resource package. Please recharge."}}
2026-10-06 22:14:25 +0800	R60/2000/r060-2000-nl1-2013-24	API error for R60/2000/r060-2000-nl1-2013-24: {"error" => {"code" => "1113", "message" => "Insufficient balance or no resource package. Please recharge."}}
2026-10-06 22:14:25 +0800	R60/2000/r060-2000-nl1-2013-25-rev1	API error for R60/2000/r060-2000-nl1-2013-25-rev1: {"error" => {"code" => "1113", "message" => "Insufficient balance or no resource package. Please recharge."}}
2026-10-06 22:14:25 +0800	R60/2000/r060-2000-nl1-2013-25	API error for R60/2000/r060-2000-nl1-2013-25: {"error" => {"code" => "1113", "message" => "Insufficient balance or no resource package. Please recharge."}}
2026-10-06 22:14:25 +0800	R60/2000/r060-2000-nl1-2013-26	API error for R60/2000/r060-2000-nl1-2013-26: {"error" => {"code" => "1113", "message" => "Insufficient balance or no resource package. Please recharge."}}
2026-10-06 22:14:25 +0800	R60/2000/r060-2000-nl1-2014-01	API error for R60/2000/r060-2000-nl1-2014-01: {"error" => {"code" => "1113", "message" => "Insufficient balance or no resource package. Please recharge."}}
2026-10-06 22:14:25 +0800	R60/2000/r060-2000-nl1-2014-02-rev1	API error for R60/2000/r060-2000-nl1-2014-02-rev1: {"error" => {"code" => "1113", "message" => "Insufficient balance or no resource package. Please recharge."}}
2026-10-06 22:14:25 +0800	R60/2000/r060-2000-nl1-2014-02	API error for R60/2000/r060-2000-nl1-2014-02: {"error" => {"code" => "1113", "message" => "Insufficient balance or no resource package. Please recharge."}}
2026-10-06 22:14:25 +0800	R60/2000/r060-2000-nl1-2014-03	API error for R60/2000/r060-2000-nl1-2014-03: {"error" => {"code" => "1113", "message" => "Insufficient balance or no resource package. Please recharge."}}
2026-10-06 22:14:25 +0800	R60/2000/r060-2000-nl1-2014-04	API error for R60/2000/r060-2000-nl1-2014-04: {"error" => {"code" => "1113", "message" => "Insufficient balance or no resource package. Please recharge."}}
2026-10-06 22:14:25 +0800	R60/2000/r060-2000-nl1-2014-05	API error for R60/2000/r060-2000-nl1-2014-05: {"error" => {"code" => "1113", "message" => "Insufficient balance or no resource package. Please recharge."}}
2026-10-06 22:14:25 +0800	R60/2000/r060-2000-nl1-2014-06	API error for R60/2000/r060-2000-nl1-2014-06: {"error" => {"code" => "1113", "message" => "Insufficient balance or no resource package. Please recharge."}}
2026-10-06 22:14:25 +0800	R60/2000/r060-2000-nl1-2014-08	API error for R60/2000/r060-2000-nl1-2014-08: {"error" => {"code" => "1113", "message" => "Insufficient balance or no resource package. Please recharge."}}
2026-10-06 22:14:25 +0800	R60/2000/r060-2000-nl1-2014-09	API error for R60/2000/r060-2000-nl1-2014-09: {"error" => {"code" => "1113", "message" => "Insufficient balance or no resource package. Please recharge."}}
2026-10-06 22:14:25 +0800	R60/2000/r060-2000-nl1-2014-07	API error for R60/2000/r060-2000-nl1-2014-07: {"error" => {"code" => "1113", "message" => "Insufficient balance or no resource package. Please recharge."}}
2026-10-06 22:14:25 +0800	R60/2000/r060-2000-nl1-2014-10	API error for R60/2000/r060-2000-nl1-2014-10: {"error" => {"code" => "1113", "message" => "Insufficient balance or no resource package. Please recharge."}}
2026-10-06 22:14:25 +0800	R60/2000/r060-2000-nl1-2014-11	API error for R60/2000/r060-2000-nl1-2014-11: {"error" => {"code" => "1113", "message" => "Insufficient balance or no resource package. Please recharge."}}
2026-10-06 22:14:25 +0800	R60/2000/r060-2000-nl1-2014-13	API error for R60/2000/r060-2000-nl1-2014-13: {"error" => {"code" => "1113", "message" => "Insufficient balance or no resource package. Please recharge."}}
2026-10-06 22:14:25 +0800	R60/2000/r060-2000-nl1-2014-12	API error for R60/2000/r060-2000-nl1-2014-12: {"error" => {"code" => "1113", "message" => "Insufficient balance or no resource package. Please recharge."}}
2026-10-06 22:14:25 +0800	R60/2000/r060-2000-nl1-2014-14	API error for R60/2000/r060-2000-nl1-2014-14: {"error" => {"code" => "1113", "message" => "Insufficient balance or no resource package. Please recharge."}}
2026-10-06 22:14:25 +0800	R60/2000/r060-2000-nl1-2014-15-rev1	API error for R60/2000/r060-2000-nl1-2014-15-rev1: {"error" => {"code" => "1113", "message" => "Insufficient balance or no resource package. Please recharge."}}
2026-10-06 22:14:25 +0800	R60/2000/r060-2000-nl1-2014-15	API error for R60/2000/r060-2000-nl1-2014-15: {"error" => {"code" => "1113", "message" => "Insufficient balance or no resource package. Please recharge."}}
2026-10-06 22:14:25 +0800	R60/2000/r060-2000-nl1-2014-16-rev1	API error for R60/2000/r060-2000-nl1-2014-16-rev1: {"error" => {"code" => "1113", "message" => "Insufficient balance or no resource package. Please recharge."}}
2026-10-06 22:14:25 +0800	R60/2000/r060-2000-nl1-2014-16	API error for R60/2000/r060-2000-nl1-2014-16: {"error" => {"code" => "1113", "message" => "Insufficient balance or no resource package. Please recharge."}}
2026-10-06 22:14:25 +0800	R60/2000/r060-2000-nl1-2014-17-rev1	API error for R60/2000/r060-2000-nl1-2014-17-rev1: {"error" => {"code" => "1113", "message" => "Insufficient balance or no resource package. Please recharge."}}
2026-10-06 22:14:25 +0800	R60/2000/r060-2000-nl1-2014-17	API error for R60/2000/r060-2000-nl1-2014-17: {"error" => {"code" => "1113", "message" => "Insufficient balance or no resource package. Please recharge."}}
2026-10-06 22:14:25 +0800	R60/2000/r060-2000-nl1-2014-18-rev1	API error for R60/2000/r060-2000-nl1-2014-18-rev1: {"error" => {"code" => "1113", "message" => "Insufficient balance or no resource package. Please recharge."}}
2026-10-06 22:14:25 +0800	R60/2000/r060-2000-nl1-2014-18	API error for R60/2000/r060-2000-nl1-2014-18: {"error" => {"code" => "1113", "message" => "Insufficient balance or no resource package. Please recharge."}}
2026-10-06 22:14:25 +0800	R60/2000/r060-2000-nl1-2014-19-rev1	API error for R60/2000/r060-2000-nl1-2014-19-rev1: {"error" => {"code" => "1113", "message" => "Insufficient balance or no resource package. Please recharge."}}
2026-10-06 22:14:25 +0800	R60/2000/r060-2000-nl1-2014-19	API error for R60/2000/r060-2000-nl1-2014-19: {"error" => {"code" => "1113", "message" => "Insufficient balance or no resource package. Please recharge."}}
2026-10-06 22:14:25 +0800	R60/2000/r060-2000-nl1-2014-20-rev1	API error for R60/2000/r060-2000-nl1-2014-20-rev1: {"error" => {"code" => "1113", "message" => "Insufficient balance or no resource package. Please recharge."}}
2026-10-06 22:14:25 +0800	R60/2000/r060-2000-nl1-2014-21-rev1	API error for R60/2000/r060-2000-nl1-2014-21-rev1: {"error" => {"code" => "1113", "message" => "Insufficient balance or no resource package. Please recharge."}}
2026-10-06 22:14:25 +0800	R60/2000/r060-2000-nl1-2014-20	API error for R60/2000/r060-2000-nl1-2014-20: {"error" => {"code" => "1113", "message" => "Insufficient balance or no resource package. Please recharge."}}
2026-10-06 22:14:25 +0800	R60/2000/r060-2000-nl1-2014-21	API error for R60/2000/r060-2000-nl1-2014-21: {"error" => {"code" => "1113", "message" => "Insufficient balance or no resource package. Please recharge."}}
2026-10-06 22:14:25 +0800	R60/2000/r060-2000-nl1-2014-22-rev1	API error for R60/2000/r060-2000-nl1-2014-22-rev1: {"error" => {"code" => "1113", "message" => "Insufficient balance or no resource package. Please recharge."}}
2026-10-06 22:14:25 +0800	R60/2000/r060-2000-nl1-2014-22	API error for R60/2000/r060-2000-nl1-2014-22: {"error" => {"code" => "1113", "message" => "Insufficient balance or no resource package. Please recharge."}}
2026-10-06 22:14:25 +0800	R60/2000/r060-2000-nl1-2014-23	API error for R60/2000/r060-2000-nl1-2014-23: {"error" => {"code" => "1113", "message" => "Insufficient balance or no resource package. Please recharge."}}
2026-10-06 22:14:25 +0800	R60/2000/r060-2000-nl1-2014-24-rev1	API error for R60/2000/r060-2000-nl1-2014-24-rev1: {"error" => {"code" => "1113", "message" => "Insufficient balance or no resource package. Please recharge."}}
2026-10-06 22:14:25 +0800	R60/2000/r060-2000-nl1-2014-24	API error for R60/2000/r060-2000-nl1-2014-24: {"error" => {"code" => "1113", "message" => "Insufficient balance or no resource package. Please recharge."}}
2026-10-06 22:14:25 +0800	R60/2000/r060-2000-nl1-2014-25	API error for R60/2000/r060-2000-nl1-2014-25: {"error" => {"code" => "1113", "message" => "Insufficient balance or no resource package. Please recharge."}}
2026-10-06 22:14:25 +0800	R60/2000/r060-2000-nl1-2014-26	API error for R60/2000/r060-2000-nl1-2014-26: {"error" => {"code" => "1113", "message" => "Insufficient balance or no resource package. Please recharge."}}
2026-10-06 22:14:25 +0800	R60/2000/r060-2000-nl1-2014-27	API error for R60/2000/r060-2000-nl1-2014-27: {"error" => {"code" => "1113", "message" => "Insufficient balance or no resource package. Please recharge."}}
2026-10-06 22:14:25 +0800	R60/2000/r060-2000-nl1-2014-28	API error for R60/2000/r060-2000-nl1-2014-28: {"error" => {"code" => "1113", "message" => "Insufficient balance or no resource package. Please recharge."}}
2026-10-06 22:14:25 +0800	R60/2000/r060-2000-nl1-2015-01	API error for R60/2000/r060-2000-nl1-2015-01: {"error" => {"code" => "1113", "message" => "Insufficient balance or no resource package. Please recharge."}}
2026-10-06 22:14:25 +0800	R60/2000/r060-2000-nl1-2015-02	API error for R60/2000/r060-2000-nl1-2015-02: {"error" => {"code" => "1113", "message" => "Insufficient balance or no resource package. Please recharge."}}
2026-10-06 22:14:25 +0800	R60/2000/r060-2000-nl1-2015-03	API error for R60/2000/r060-2000-nl1-2015-03: {"error" => {"code" => "1113", "message" => "Insufficient balance or no resource package. Please recharge."}}
2026-10-06 22:14:25 +0800	R60/2000/r060-2000-nl1-2015-04	API error for R60/2000/r060-2000-nl1-2015-04: {"error" => {"code" => "1113", "message" => "Insufficient balance or no resource package. Please recharge."}}
2026-10-06 22:14:25 +0800	R60/2000/r060-2000-nl1-2015-06	API error for R60/2000/r060-2000-nl1-2015-06: {"error" => {"code" => "1113", "message" => "Insufficient balance or no resource package. Please recharge."}}
2026-10-06 22:14:25 +0800	R60/2000/r060-2000-nl1-2015-05	API error for R60/2000/r060-2000-nl1-2015-05: {"error" => {"code" => "1113", "message" => "Insufficient balance or no resource package. Please recharge."}}
2026-10-06 22:14:25 +0800	R60/2000/r060-2000-nl1-2015-07-rev1	API error for R60/2000/r060-2000-nl1-2015-07-rev1: {"error" => {"code" => "1113", "message" => "Insufficient balance or no resource package. Please recharge."}}
2026-10-06 22:14:25 +0800	R60/2000/r060-2000-nl1-2015-07	API error for R60/2000/r060-2000-nl1-2015-07: {"error" => {"code" => "1113", "message" => "Insufficient balance or no resource package. Please recharge."}}
2026-10-06 22:14:25 +0800	R60/2000/r060-2000-nl1-2015-08	API error for R60/2000/r060-2000-nl1-2015-08: {"error" => {"code" => "1113", "message" => "Insufficient balance or no resource package. Please recharge."}}
2026-10-06 22:14:25 +0800	R60/2000/r060-2000-nl1-2015-09	API error for R60/2000/r060-2000-nl1-2015-09: {"error" => {"code" => "1113", "message" => "Insufficient balance or no resource package. Please recharge."}}
2026-10-06 22:14:25 +0800	R60/2000/r060-2000-nl1-2015-11-rev1	API error for R60/2000/r060-2000-nl1-2015-11-rev1: {"error" => {"code" => "1113", "message" => "Insufficient balance or no resource package. Please recharge."}}
2026-10-06 22:14:25 +0800	R60/2000/r060-2000-nl1-2015-12	API error for R60/2000/r060-2000-nl1-2015-12: {"error" => {"code" => "1113", "message" => "Insufficient balance or no resource package. Please recharge."}}
2026-10-06 22:14:25 +0800	R60/2000/r060-2000-nl1-2015-11	API error for R60/2000/r060-2000-nl1-2015-11: {"error" => {"code" => "1113", "message" => "Insufficient balance or no resource package. Please recharge."}}
2026-10-06 22:14:25 +0800	R60/2000/r060-2000-nl1-2015-10	API error for R60/2000/r060-2000-nl1-2015-10: {"error" => {"code" => "1113", "message" => "Insufficient balance or no resource package. Please recharge."}}
2026-10-06 22:14:25 +0800	R60/2000/r060-2000-nl1-2015-15	API error for R60/2000/r060-2000-nl1-2015-15: {"error" => {"code" => "1113", "message" => "Insufficient balance or no resource package. Please recharge."}}
2026-10-06 22:14:25 +0800	R60/2000/r060-2000-nl1-2015-14	API error for R60/2000/r060-2000-nl1-2015-14: {"error" => {"code" => "1113", "message" => "Insufficient balance or no resource package. Please recharge."}}
2026-10-06 22:14:25 +0800	R60/2000/r060-2000-nl1-2015-13	API error for R60/2000/r060-2000-nl1-2015-13: {"error" => {"code" => "1113", "message" => "Insufficient balance or no resource package. Please recharge."}}
2026-10-06 22:14:25 +0800	R60/2000/r060-2000-nl1-2015-15-rev1	API error for R60/2000/r060-2000-nl1-2015-15-rev1: {"error" => {"code" => "1113", "message" => "Insufficient balance or no resource package. Please recharge."}}
2026-10-06 22:14:25 +0800	R60/2000/r060-2000-nl1-2015-17	API error for R60/2000/r060-2000-nl1-2015-17: {"error" => {"code" => "1113", "message" => "Insufficient balance or no resource package. Please recharge."}}
2026-10-06 22:14:25 +0800	R60/2000/r060-2000-nl1-2015-16	API error for R60/2000/r060-2000-nl1-2015-16: {"error" => {"code" => "1113", "message" => "Insufficient balance or no resource package. Please recharge."}}
2026-10-06 22:14:25 +0800	R60/2000/r060-2000-nl1-2015-17-rev1	API error for R60/2000/r060-2000-nl1-2015-17-rev1: {"error" => {"code" => "1113", "message" => "Insufficient balance or no resource package. Please recharge."}}
2026-10-06 22:14:25 +0800	R60/2000/r060-2000-nl1-2015-17-rev2	API error for R60/2000/r060-2000-nl1-2015-17-rev2: {"error" => {"code" => "1113", "message" => "Insufficient balance or no resource package. Please recharge."}}
2026-10-06 22:14:25 +0800	R60/2000/r060-2000-nl1-2015-18	API error for R60/2000/r060-2000-nl1-2015-18: {"error" => {"code" => "1113", "message" => "Insufficient balance or no resource package. Please recharge."}}
2026-10-06 22:14:25 +0800	R60/2000/r060-2000-nl1-2015-21	API error for R60/2000/r060-2000-nl1-2015-21: {"error" => {"code" => "1113", "message" => "Insufficient balance or no resource package. Please recharge."}}
2026-10-06 22:14:25 +0800	R60/2000/r060-2000-nl1-2015-19	API error for R60/2000/r060-2000-nl1-2015-19: {"error" => {"code" => "1113", "message" => "Insufficient balance or no resource package. Please recharge."}}
2026-10-06 22:14:25 +0800	R60/2000/r060-2000-nl1-2015-20	API error for R60/2000/r060-2000-nl1-2015-20: {"error" => {"code" => "1113", "message" => "Insufficient balance or no resource package. Please recharge."}}
2026-10-06 22:14:25 +0800	R60/2000/r060-2000-nl1-2015-22	API error for R60/2000/r060-2000-nl1-2015-22: {"error" => {"code" => "1113", "message" => "Insufficient balance or no resource package. Please recharge."}}
2026-10-06 22:14:25 +0800	R60/2000/r060-2000-nl1-2015-26	API error for R60/2000/r060-2000-nl1-2015-26: {"error" => {"code" => "1113", "message" => "Insufficient balance or no resource package. Please recharge."}}
2026-10-06 22:14:25 +0800	R60/2000/r060-2000-nl1-2016-01	API error for R60/2000/r060-2000-nl1-2016-01: {"error" => {"code" => "1113", "message" => "Insufficient balance or no resource package. Please recharge."}}
2026-10-06 22:14:25 +0800	R60/2000/r060-2000-nl1-2015-24	API error for R60/2000/r060-2000-nl1-2015-24: {"error" => {"code" => "1113", "message" => "Insufficient balance or no resource package. Please recharge."}}
2026-10-06 22:14:25 +0800	R60/2000/r060-2000-nl1-2016-02	API error for R60/2000/r060-2000-nl1-2016-02: {"error" => {"code" => "1113", "message" => "Insufficient balance or no resource package. Please recharge."}}
2026-10-06 22:14:25 +0800	R60/2000/r060-2000-nl1-2016-03	API error for R60/2000/r060-2000-nl1-2016-03: {"error" => {"code" => "1113", "message" => "Insufficient balance or no resource package. Please recharge."}}
2026-10-06 22:14:25 +0800	R60/2000/r060-2000-nl1-2016-05	API error for R60/2000/r060-2000-nl1-2016-05: {"error" => {"code" => "1113", "message" => "Insufficient balance or no resource package. Please recharge."}}
2026-10-06 22:14:25 +0800	R60/2000/r060-2000-nl1-2016-04	API error for R60/2000/r060-2000-nl1-2016-04: {"error" => {"code" => "1113", "message" => "Insufficient balance or no resource package. Please recharge."}}
2026-10-06 22:14:25 +0800	R60/2000/r060-2000-nl1-2016-06	API error for R60/2000/r060-2000-nl1-2016-06: {"error" => {"code" => "1113", "message" => "Insufficient balance or no resource package. Please recharge."}}
2026-10-06 22:14:25 +0800	R60/2000/r060-2000-nl1-2016-07	API error for R60/2000/r060-2000-nl1-2016-07: {"error" => {"code" => "1113", "message" => "Insufficient balance or no resource package. Please recharge."}}
2026-10-06 22:14:25 +0800	R60/2000/r060-2000-nl1-2016-08	API error for R60/2000/r060-2000-nl1-2016-08: {"error" => {"code" => "1113", "message" => "Insufficient balance or no resource package. Please recharge."}}
2026-10-06 22:14:25 +0800	R60/2000/r060-2000-nl1-2016-09	API error for R60/2000/r060-2000-nl1-2016-09: {"error" => {"code" => "1113", "message" => "Insufficient balance or no resource package. Please recharge."}}
2026-10-06 22:14:25 +0800	R60/2000/r060-2000-nl1-2016-10	API error for R60/2000/r060-2000-nl1-2016-10: {"error" => {"code" => "1113", "message" => "Insufficient balance or no resource package. Please recharge."}}
2026-10-06 22:14:25 +0800	R60/2000/r060-2000-nl1-2016-12	API error for R60/2000/r060-2000-nl1-2016-12: {"error" => {"code" => "1113", "message" => "Insufficient balance or no resource package. Please recharge."}}
2026-10-06 22:14:25 +0800	R60/2000/r060-2000-nl1-2016-13	API error for R60/2000/r060-2000-nl1-2016-13: {"error" => {"code" => "1113", "message" => "Insufficient balance or no resource package. Please recharge."}}
2026-10-06 22:14:25 +0800	R60/2000/r060-2000-nl1-2016-11	API error for R60/2000/r060-2000-nl1-2016-11: {"error" => {"code" => "1113", "message" => "Insufficient balance or no resource package. Please recharge."}}
2026-10-06 22:14:25 +0800	R60/2000/r060-2000-nl1-2016-16	API error for R60/2000/r060-2000-nl1-2016-16: {"error" => {"code" => "1113", "message" => "Insufficient balance or no resource package. Please recharge."}}
2026-10-06 22:14:25 +0800	R60/2000/r060-2000-nl1-2016-14	API error for R60/2000/r060-2000-nl1-2016-14: {"error" => {"code" => "1113", "message" => "Insufficient balance or no resource package. Please recharge."}}
2026-10-06 22:14:25 +0800	R60/2000/r060-2000-nl1-2016-18	API error for R60/2000/r060-2000-nl1-2016-18: {"error" => {"code" => "1113", "message" => "Insufficient balance or no resource package. Please recharge."}}
2026-10-06 22:14:25 +0800	R60/2000/r060-2000-nl1-2016-15	API error for R60/2000/r060-2000-nl1-2016-15: {"error" => {"code" => "1113", "message" => "Insufficient balance or no resource package. Please recharge."}}
2026-10-06 22:14:25 +0800	R60/2000/r060-2000-nl1-2016-21	API error for R60/2000/r060-2000-nl1-2016-21: {"error" => {"code" => "1113", "message" => "Insufficient balance or no resource package. Please recharge."}}
2026-10-06 22:14:25 +0800	R60/2000/r060-2000-nl1-2016-19	API error for R60/2000/r060-2000-nl1-2016-19: {"error" => {"code" => "1113", "message" => "Insufficient balance or no resource package. Please recharge."}}
2026-10-06 22:14:25 +0800	R60/2000/r060-2000-nl1-2016-22	API error for R60/2000/r060-2000-nl1-2016-22: {"error" => {"code" => "1113", "message" => "Insufficient balance or no resource package. Please recharge."}}
2026-10-06 22:14:25 +0800	R60/2000/r060-2000-nl1-2016-20	API error for R60/2000/r060-2000-nl1-2016-20: {"error" => {"code" => "1113", "message" => "Insufficient balance or no resource package. Please recharge."}}
2026-10-06 22:14:25 +0800	R60/2000/r060-2000-nl1-2016-25	API error for R60/2000/r060-2000-nl1-2016-25: {"error" => {"code" => "1113", "message" => "Insufficient balance or no resource package. Please recharge."}}
2026-10-06 22:14:25 +0800	R60/2000/r060-2000-nl1-2016-24	API error for R60/2000/r060-2000-nl1-2016-24: {"error" => {"code" => "1113", "message" => "Insufficient balance or no resource package. Please recharge."}}
2026-10-06 22:14:25 +0800	R60/2000/r060-2000-nl1-2016-26	API error for R60/2000/r060-2000-nl1-2016-26: {"error" => {"code" => "1113", "message" => "Insufficient balance or no resource package. Please recharge."}}
2026-10-06 22:14:25 +0800	R60/2000/r060-2000-nl1-2016-27	API error for R60/2000/r060-2000-nl1-2016-27: {"error" => {"code" => "1113", "message" => "Insufficient balance or no resource package. Please recharge."}}
2026-10-06 22:14:25 +0800	R60/2000/r060-2000-nl1-2016-34	API error for R60/2000/r060-2000-nl1-2016-34: {"error" => {"code" => "1113", "message" => "Insufficient balance or no resource package. Please recharge."}}
2026-10-06 22:14:25 +0800	R60/2000/r060-2000-nl1-2016-33	API error for R60/2000/r060-2000-nl1-2016-33: {"error" => {"code" => "1113", "message" => "Insufficient balance or no resource package. Please recharge."}}
2026-10-06 22:14:25 +0800	R60/2000/r060-2000-nl1-2016-35	API error for R60/2000/r060-2000-nl1-2016-35: {"error" => {"code" => "1113", "message" => "Insufficient balance or no resource package. Please recharge."}}
2026-10-06 22:14:25 +0800	R60/2000/r060-2000-nl1-2016-29	API error for R60/2000/r060-2000-nl1-2016-29: {"error" => {"code" => "1113", "message" => "Insufficient balance or no resource package. Please recharge."}}
2026-10-06 22:14:25 +0800	R60/2000/r060-2000-nl1-2016-38	API error for R60/2000/r060-2000-nl1-2016-38: {"error" => {"code" => "1113", "message" => "Insufficient balance or no resource package. Please recharge."}}
2026-10-06 22:14:25 +0800	R60/2000/r060-2000-nl1-2016-40	API error for R60/2000/r060-2000-nl1-2016-40: {"error" => {"code" => "1113", "message" => "Insufficient balance or no resource package. Please recharge."}}
2026-10-06 22:14:25 +0800	R60/2000/r060-2000-nl1-2016-39	API error for R60/2000/r060-2000-nl1-2016-39: {"error" => {"code" => "1113", "message" => "Insufficient balance or no resource package. Please recharge."}}
2026-10-06 22:14:25 +0800	R60/2000/r060-2000-nl1-2016-42-rev1	API error for R60/2000/r060-2000-nl1-2016-42-rev1: {"error" => {"code" => "1113", "message" => "Insufficient balance or no resource package. Please recharge."}}
2026-10-06 22:14:25 +0800	R60/2000/r060-2000-nl1-2016-42	API error for R60/2000/r060-2000-nl1-2016-42: {"error" => {"code" => "1113", "message" => "Insufficient balance or no resource package. Please recharge."}}
2026-10-06 22:14:25 +0800	R60/2000/r060-2000-nl1-2016-45	API error for R60/2000/r060-2000-nl1-2016-45: {"error" => {"code" => "1113", "message" => "Insufficient balance or no resource package. Please recharge."}}
2026-10-06 22:14:25 +0800	R60/2000/r060-2000-nl1-2016-46	API error for R60/2000/r060-2000-nl1-2016-46: {"error" => {"code" => "1113", "message" => "Insufficient balance or no resource package. Please recharge."}}
2026-10-06 22:14:25 +0800	R60/2000/r060-2000-nl1-2016-47	API error for R60/2000/r060-2000-nl1-2016-47: {"error" => {"code" => "1113", "message" => "Insufficient balance or no resource package. Please recharge."}}
2026-10-06 22:14:25 +0800	R60/2000/r060-2000-nl1-2017-01	API error for R60/2000/r060-2000-nl1-2017-01: {"error" => {"code" => "1113", "message" => "Insufficient balance or no resource package. Please recharge."}}
2026-10-06 22:14:25 +0800	R60/2000/r060-2000-nl1-2017-02	API error for R60/2000/r060-2000-nl1-2017-02: {"error" => {"code" => "1113", "message" => "Insufficient balance or no resource package. Please recharge."}}
2026-10-06 22:14:25 +0800	R60/2000/r060-2000-nl1-2017-03-rev01	API error for R60/2000/r060-2000-nl1-2017-03-rev01: {"error" => {"code" => "1113", "message" => "Insufficient balance or no resource package. Please recharge."}}
2026-10-06 22:14:25 +0800	R60/2000/r060-2000-nl1-2017-04	API error for R60/2000/r060-2000-nl1-2017-04: {"error" => {"code" => "1113", "message" => "Insufficient balance or no resource package. Please recharge."}}
2026-10-06 22:14:25 +0800	R60/2000/r060-2000-nl1-2017-05	API error for R60/2000/r060-2000-nl1-2017-05: {"error" => {"code" => "1113", "message" => "Insufficient balance or no resource package. Please recharge."}}
2026-10-06 22:14:25 +0800	R60/2000/r060-2000-nl1-2017-06	API error for R60/2000/r060-2000-nl1-2017-06: {"error" => {"code" => "1113", "message" => "Insufficient balance or no resource package. Please recharge."}}
2026-10-06 22:14:25 +0800	R60/2000/r060-2000-nl1-2017-07	API error for R60/2000/r060-2000-nl1-2017-07: {"error" => {"code" => "1113", "message" => "Insufficient balance or no resource package. Please recharge."}}
2026-10-06 22:14:25 +0800	R60/2000/r060-2000-nl1-2017-08	API error for R60/2000/r060-2000-nl1-2017-08: {"error" => {"code" => "1113", "message" => "Insufficient balance or no resource package. Please recharge."}}
2026-10-06 22:14:25 +0800	R60/2000/r060-2000-nl1-2017-09	API error for R60/2000/r060-2000-nl1-2017-09: {"error" => {"code" => "1113", "message" => "Insufficient balance or no resource package. Please recharge."}}
2026-10-06 22:14:25 +0800	R60/2000/r060-2000-nl1-2017-10	API error for R60/2000/r060-2000-nl1-2017-10: {"error" => {"code" => "1113", "message" => "Insufficient balance or no resource package. Please recharge."}}
2026-10-06 22:14:25 +0800	R60/2000/r060-2000-nl1-2017-11-rev1	API error for R60/2000/r060-2000-nl1-2017-11-rev1: {"error" => {"code" => "1113", "message" => "Insufficient balance or no resource package. Please recharge."}}
2026-10-06 22:14:25 +0800	R60/2000/r060-2000-nl1-2017-11	API error for R60/2000/r060-2000-nl1-2017-11: {"error" => {"code" => "1113", "message" => "Insufficient balance or no resource package. Please recharge."}}
2026-10-06 22:14:25 +0800	R60/2000/r060-2000-nl1-2017-12-rev1	API error for R60/2000/r060-2000-nl1-2017-12-rev1: {"error" => {"code" => "1113", "message" => "Insufficient balance or no resource package. Please recharge."}}
2026-10-06 22:14:25 +0800	R60/2000/r060-2000-nl1-2017-13	API error for R60/2000/r060-2000-nl1-2017-13: {"error" => {"code" => "1113", "message" => "Insufficient balance or no resource package. Please recharge."}}
2026-10-06 22:14:25 +0800	R60/2000/r060-2000-nl1-2017-14	API error for R60/2000/r060-2000-nl1-2017-14: {"error" => {"code" => "1113", "message" => "Insufficient balance or no resource package. Please recharge."}}
2026-10-06 22:14:25 +0800	R60/2000/r060-2000-nl1-2017-15	API error for R60/2000/r060-2000-nl1-2017-15: {"error" => {"code" => "1113", "message" => "Insufficient balance or no resource package. Please recharge."}}
2026-10-06 22:14:25 +0800	R60/2000/r060-2000-nl1-2017-17	API error for R60/2000/r060-2000-nl1-2017-17: {"error" => {"code" => "1113", "message" => "Insufficient balance or no resource package. Please recharge."}}
2026-10-06 22:14:25 +0800	R60/2000/r060-2000-nl1-2017-16	API error for R60/2000/r060-2000-nl1-2017-16: {"error" => {"code" => "1113", "message" => "Insufficient balance or no resource package. Please recharge."}}
2026-10-06 22:14:25 +0800	R60/2000/r060-2000-nl1-2017-18	API error for R60/2000/r060-2000-nl1-2017-18: {"error" => {"code" => "1113", "message" => "Insufficient balance or no resource package. Please recharge."}}
2026-10-06 22:14:25 +0800	R60/2000/r060-2000-nl1-2017-19	API error for R60/2000/r060-2000-nl1-2017-19: {"error" => {"code" => "1113", "message" => "Insufficient balance or no resource package. Please recharge."}}
2026-10-06 22:14:25 +0800	R60/2000/r060-2000-nl1-2017-21	API error for R60/2000/r060-2000-nl1-2017-21: {"error" => {"code" => "1113", "message" => "Insufficient balance or no resource package. Please recharge."}}
2026-10-06 22:14:25 +0800	R60/2000/r060-2000-nl1-2017-20	API error for R60/2000/r060-2000-nl1-2017-20: {"error" => {"code" => "1113", "message" => "Insufficient balance or no resource package. Please recharge."}}
2026-10-06 22:14:25 +0800	R60/2000/r060-2000-nl1-2017-22	API error for R60/2000/r060-2000-nl1-2017-22: {"error" => {"code" => "1113", "message" => "Insufficient balance or no resource package. Please recharge."}}
2026-10-06 22:14:25 +0800	R60/2000/r060-2000-nl1-2017-24	API error for R60/2000/r060-2000-nl1-2017-24: {"error" => {"code" => "1113", "message" => "Insufficient balance or no resource package. Please recharge."}}
2026-10-06 22:14:25 +0800	R60/2000/r060-2000-nl1-2017-23	API error for R60/2000/r060-2000-nl1-2017-23: {"error" => {"code" => "1113", "message" => "Insufficient balance or no resource package. Please recharge."}}
2026-10-06 22:14:25 +0800	R60/2000/r060-2000-nl1-2017-25	API error for R60/2000/r060-2000-nl1-2017-25: {"error" => {"code" => "1113", "message" => "Insufficient balance or no resource package. Please recharge."}}
2026-10-06 22:14:25 +0800	R60/2000/r060-2000-nl1-2017-26	API error for R60/2000/r060-2000-nl1-2017-26: {"error" => {"code" => "1113", "message" => "Insufficient balance or no resource package. Please recharge."}}
2026-10-06 22:14:25 +0800	R60/2000/r060-2000-nl1-2017-29	API error for R60/2000/r060-2000-nl1-2017-29: {"error" => {"code" => "1113", "message" => "Insufficient balance or no resource package. Please recharge."}}
2026-10-06 22:14:25 +0800	R60/2000/r060-2000-nl1-2017-28	API error for R60/2000/r060-2000-nl1-2017-28: {"error" => {"code" => "1113", "message" => "Insufficient balance or no resource package. Please recharge."}}
2026-10-06 22:14:25 +0800	R60/2000/r060-2000-nl1-2017-27	API error for R60/2000/r060-2000-nl1-2017-27: {"error" => {"code" => "1113", "message" => "Insufficient balance or no resource package. Please recharge."}}
2026-10-06 22:14:25 +0800	R60/2000/r060-2000-nl1-2017-30	API error for R60/2000/r060-2000-nl1-2017-30: {"error" => {"code" => "1113", "message" => "Insufficient balance or no resource package. Please recharge."}}
2026-10-06 22:14:25 +0800	R60/2000/r060-2000-nl1-2017-31	API error for R60/2000/r060-2000-nl1-2017-31: {"error" => {"code" => "1113", "message" => "Insufficient balance or no resource package. Please recharge."}}
2026-10-06 22:14:25 +0800	R60/2000/r060-2000-nl1-2017-32	API error for R60/2000/r060-2000-nl1-2017-32: {"error" => {"code" => "1113", "message" => "Insufficient balance or no resource package. Please recharge."}}
2026-10-06 22:14:25 +0800	R60/2000/r060-2000-nl1-2017-33	API error for R60/2000/r060-2000-nl1-2017-33: {"error" => {"code" => "1113", "message" => "Insufficient balance or no resource package. Please recharge."}}
2026-10-06 22:14:25 +0800	R60/2000/r060-2000-nl1-2017-34	API error for R60/2000/r060-2000-nl1-2017-34: {"error" => {"code" => "1113", "message" => "Insufficient balance or no resource package. Please recharge."}}
2026-10-06 22:14:25 +0800	R60/2000/r060-2000-nl1-2017-35	API error for R60/2000/r060-2000-nl1-2017-35: {"error" => {"code" => "1113", "message" => "Insufficient balance or no resource package. Please recharge."}}
2026-10-06 22:14:25 +0800	R60/2000/r060-2000-nl1-2017-36	API error for R60/2000/r060-2000-nl1-2017-36: {"error" => {"code" => "1113", "message" => "Insufficient balance or no resource package. Please recharge."}}
2026-10-06 22:14:25 +0800	R60/2000/r060-2000-nl1-2017-37	API error for R60/2000/r060-2000-nl1-2017-37: {"error" => {"code" => "1113", "message" => "Insufficient balance or no resource package. Please recharge."}}
2026-10-06 22:14:25 +0800	R60/2000/r060-2000-nl1-2017-38	API error for R60/2000/r060-2000-nl1-2017-38: {"error" => {"code" => "1113", "message" => "Insufficient balance or no resource package. Please recharge."}}
2026-10-06 22:14:25 +0800	R60/2000/r060-2000-nl1-2017-39	API error for R60/2000/r060-2000-nl1-2017-39: {"error" => {"code" => "1113", "message" => "Insufficient balance or no resource package. Please recharge."}}
2026-10-06 22:14:25 +0800	R60/2000/r060-2000-nl1-2017-40-rev1	API error for R60/2000/r060-2000-nl1-2017-40-rev1: {"error" => {"code" => "1113", "message" => "Insufficient balance or no resource package. Please recharge."}}
2026-10-06 22:14:25 +0800	R60/2000/r060-2000-nl1-2017-41	API error for R60/2000/r060-2000-nl1-2017-41: {"error" => {"code" => "1113", "message" => "Insufficient balance or no resource package. Please recharge."}}
2026-10-06 22:14:25 +0800	R60/2000/r060-2000-nl1-2017-42-rev1	API error for R60/2000/r060-2000-nl1-2017-42-rev1: {"error" => {"code" => "1113", "message" => "Insufficient balance or no resource package. Please recharge."}}
2026-10-06 22:14:25 +0800	R60/2000/r060-2000-nl1-2017-42	API error for R60/2000/r060-2000-nl1-2017-42: {"error" => {"code" => "1113", "message" => "Insufficient balance or no resource package. Please recharge."}}
2026-10-06 22:14:25 +0800	R60/2000/r060-2000-nl1-2017-43	API error for R60/2000/r060-2000-nl1-2017-43: {"error" => {"code" => "1113", "message" => "Insufficient balance or no resource package. Please recharge."}}
2026-10-06 22:14:25 +0800	R60/2000/r060-2000-nl1-2017-44	API error for R60/2000/r060-2000-nl1-2017-44: {"error" => {"code" => "1113", "message" => "Insufficient balance or no resource package. Please recharge."}}
2026-10-06 22:14:25 +0800	R60/2000/r060-2000-nl1-2017-45	API error for R60/2000/r060-2000-nl1-2017-45: {"error" => {"code" => "1113", "message" => "Insufficient balance or no resource package. Please recharge."}}
2026-10-06 22:14:25 +0800	R60/2000/r060-2000-nl1-2017-46	API error for R60/2000/r060-2000-nl1-2017-46: {"error" => {"code" => "1113", "message" => "Insufficient balance or no resource package. Please recharge."}}
2026-10-06 22:14:25 +0800	R60/2000/r060-2000-nl1-2017-47	API error for R60/2000/r060-2000-nl1-2017-47: {"error" => {"code" => "1113", "message" => "Insufficient balance or no resource package. Please recharge."}}
2026-10-06 22:14:25 +0800	R60/2000/r060-2000-nl1-2017-48	API error for R60/2000/r060-2000-nl1-2017-48: {"error" => {"code" => "1113", "message" => "Insufficient balance or no resource package. Please recharge."}}
2026-10-06 22:14:25 +0800	R60/2000/r060-2000-nl1-2017-49	API error for R60/2000/r060-2000-nl1-2017-49: {"error" => {"code" => "1113", "message" => "Insufficient balance or no resource package. Please recharge."}}
2026-10-06 22:14:25 +0800	R60/2000/r060-2000-nl1-2017-51	API error for R60/2000/r060-2000-nl1-2017-51: {"error" => {"code" => "1113", "message" => "Insufficient balance or no resource package. Please recharge."}}
2026-10-06 22:14:25 +0800	R60/2000/r060-2000-nl1-2017-50	API error for R60/2000/r060-2000-nl1-2017-50: {"error" => {"code" => "1113", "message" => "Insufficient balance or no resource package. Please recharge."}}
2026-10-06 22:14:25 +0800	R60/2000/r060-2000-nl1-2017-52	API error for R60/2000/r060-2000-nl1-2017-52: {"error" => {"code" => "1113", "message" => "Insufficient balance or no resource package. Please recharge."}}
2026-10-06 22:14:25 +0800	R60/2000/r060-2000-nl1-2017-53	API error for R60/2000/r060-2000-nl1-2017-53: {"error" => {"code" => "1113", "message" => "Insufficient balance or no resource package. Please recharge."}}
2026-10-06 22:14:25 +0800	R60/2000/r060-2000-nl1-2017-55	API error for R60/2000/r060-2000-nl1-2017-55: {"error" => {"code" => "1113", "message" => "Insufficient balance or no resource package. Please recharge."}}
2026-10-06 22:14:25 +0800	R60/2000/r060-2000-nl1-2017-54	API error for R60/2000/r060-2000-nl1-2017-54: {"error" => {"code" => "1113", "message" => "Insufficient balance or no resource package. Please recharge."}}
2026-10-06 22:14:25 +0800	R60/2000/r060-2000-nl1-2017-56	API error for R60/2000/r060-2000-nl1-2017-56: {"error" => {"code" => "1113", "message" => "Insufficient balance or no resource package. Please recharge."}}
2026-10-06 22:14:25 +0800	R60/2000/r060-2000-nl1-2017-57-rev1	API error for R60/2000/r060-2000-nl1-2017-57-rev1: {"error" => {"code" => "1113", "message" => "Insufficient balance or no resource package. Please recharge."}}
2026-10-06 22:14:25 +0800	R60/2000/r060-2000-nl1-2017-57	API error for R60/2000/r060-2000-nl1-2017-57: {"error" => {"code" => "1113", "message" => "Insufficient balance or no resource package. Please recharge."}}
2026-10-06 22:14:25 +0800	R60/2000/r060-2000-nl1-2017-58-rev1	API error for R60/2000/r060-2000-nl1-2017-58-rev1: {"error" => {"code" => "1113", "message" => "Insufficient balance or no resource package. Please recharge."}}
2026-10-06 22:14:25 +0800	R60/2000/r060-2000-nl1-2017-58	API error for R60/2000/r060-2000-nl1-2017-58: {"error" => {"code" => "1113", "message" => "Insufficient balance or no resource package. Please recharge."}}
2026-10-06 22:14:25 +0800	R60/2000/r060-2000-nl1-2017-59	API error for R60/2000/r060-2000-nl1-2017-59: {"error" => {"code" => "1113", "message" => "Insufficient balance or no resource package. Please recharge."}}
2026-10-06 22:14:25 +0800	R60/2000/r060-2000-nl1-2017-62	API error for R60/2000/r060-2000-nl1-2017-62: {"error" => {"code" => "1113", "message" => "Insufficient balance or no resource package. Please recharge."}}
2026-10-06 22:14:25 +0800	R60/2000/r060-2000-nl1-2017-61	API error for R60/2000/r060-2000-nl1-2017-61: {"error" => {"code" => "1113", "message" => "Insufficient balance or no resource package. Please recharge."}}
2026-10-06 22:14:25 +0800	R60/2000/r060-2000-nl1-2017-60	API error for R60/2000/r060-2000-nl1-2017-60: {"error" => {"code" => "1113", "message" => "Insufficient balance or no resource package. Please recharge."}}
2026-10-06 22:14:25 +0800	R60/2000/r060-2000-nl1-2017-63	API error for R60/2000/r060-2000-nl1-2017-63: {"error" => {"code" => "1113", "message" => "Insufficient balance or no resource package. Please recharge."}}
2026-10-06 22:14:25 +0800	R60/2000/r060-2000-nl1-2017-64	API error for R60/2000/r060-2000-nl1-2017-64: {"error" => {"code" => "1113", "message" => "Insufficient balance or no resource package. Please recharge."}}
2026-10-06 22:14:25 +0800	R60/2000/r060-2000-nl1-2017-65	API error for R60/2000/r060-2000-nl1-2017-65: {"error" => {"code" => "1113", "message" => "Insufficient balance or no resource package. Please recharge."}}
2026-10-06 22:14:25 +0800	R60/2000/r060-2000-nl1-2017-66	API error for R60/2000/r060-2000-nl1-2017-66: {"error" => {"code" => "1113", "message" => "Insufficient balance or no resource package. Please recharge."}}
2026-10-06 22:14:25 +0800	R60/2000/r060-2000-nl1-2017-67-rev1	API error for R60/2000/r060-2000-nl1-2017-67-rev1: {"error" => {"code" => "1113", "message" => "Insufficient balance or no resource package. Please recharge."}}
2026-10-06 22:14:25 +0800	R60/2000/r060-2000-nl1-2017-67	API error for R60/2000/r060-2000-nl1-2017-67: {"error" => {"code" => "1113", "message" => "Insufficient balance or no resource package. Please recharge."}}
2026-10-06 22:14:25 +0800	R60/2000/r060-2000-nl1-2017-68	API error for R60/2000/r060-2000-nl1-2017-68: {"error" => {"code" => "1113", "message" => "Insufficient balance or no resource package. Please recharge."}}
2026-10-06 22:14:25 +0800	R60/2000/r060-2000-nl1-2017-69	API error for R60/2000/r060-2000-nl1-2017-69: {"error" => {"code" => "1113", "message" => "Insufficient balance or no resource package. Please recharge."}}
2026-10-06 22:14:25 +0800	R60/2000/r060-2000-nl1-2018-01-rev1	API error for R60/2000/r060-2000-nl1-2018-01-rev1: {"error" => {"code" => "1113", "message" => "Insufficient balance or no resource package. Please recharge."}}
2026-10-06 22:14:25 +0800	R60/2000/r060-2000-nl1-2017-70	API error for R60/2000/r060-2000-nl1-2017-70: {"error" => {"code" => "1113", "message" => "Insufficient balance or no resource package. Please recharge."}}
2026-10-06 22:14:25 +0800	R60/2000/r060-2000-nl1-2018-01	API error for R60/2000/r060-2000-nl1-2018-01: {"error" => {"code" => "1113", "message" => "Insufficient balance or no resource package. Please recharge."}}
2026-10-06 22:14:25 +0800	R60/2000/r060-2000-nl1-2018-02	API error for R60/2000/r060-2000-nl1-2018-02: {"error" => {"code" => "1113", "message" => "Insufficient balance or no resource package. Please recharge."}}
2026-10-06 22:14:25 +0800	R60/2000/r060-2000-nl1-2018-03	API error for R60/2000/r060-2000-nl1-2018-03: {"error" => {"code" => "1113", "message" => "Insufficient balance or no resource package. Please recharge."}}
2026-10-06 22:14:25 +0800	R60/2000/r060-2000-nl1-2018-05	API error for R60/2000/r060-2000-nl1-2018-05: {"error" => {"code" => "1113", "message" => "Insufficient balance or no resource package. Please recharge."}}
2026-10-06 22:14:25 +0800	R60/2000/r060-2000-nl1-2018-04	API error for R60/2000/r060-2000-nl1-2018-04: {"error" => {"code" => "1113", "message" => "Insufficient balance or no resource package. Please recharge."}}
2026-10-06 22:14:25 +0800	R60/2000/r060-2000-nl1-2018-06	API error for R60/2000/r060-2000-nl1-2018-06: {"error" => {"code" => "1113", "message" => "Insufficient balance or no resource package. Please recharge."}}
2026-10-06 22:14:25 +0800	R60/2000/r060-2000-nl1-2018-09	API error for R60/2000/r060-2000-nl1-2018-09: {"error" => {"code" => "1113", "message" => "Insufficient balance or no resource package. Please recharge."}}
2026-10-06 22:14:25 +0800	R60/2000/r060-2000-nl1-2018-07	API error for R60/2000/r060-2000-nl1-2018-07: {"error" => {"code" => "1113", "message" => "Insufficient balance or no resource package. Please recharge."}}
2026-10-06 22:14:25 +0800	R60/2000/r060-2000-nl1-2018-10	API error for R60/2000/r060-2000-nl1-2018-10: {"error" => {"code" => "1113", "message" => "Insufficient balance or no resource package. Please recharge."}}
2026-10-06 22:14:25 +0800	R60/2000/r060-2000-nl1-2018-11	API error for R60/2000/r060-2000-nl1-2018-11: {"error" => {"code" => "1113", "message" => "Insufficient balance or no resource package. Please recharge."}}
2026-10-06 22:14:25 +0800	R60/2000/r060-2000-nl1-2018-12-rev1	API error for R60/2000/r060-2000-nl1-2018-12-rev1: {"error" => {"code" => "1113", "message" => "Insufficient balance or no resource package. Please recharge."}}
2026-10-06 22:14:25 +0800	R60/2000/r060-2000-nl1-2018-12	API error for R60/2000/r060-2000-nl1-2018-12: {"error" => {"code" => "1113", "message" => "Insufficient balance or no resource package. Please recharge."}}
2026-10-06 22:14:25 +0800	R60/2000/r060-2000-nl1-2018-15	API error for R60/2000/r060-2000-nl1-2018-15: {"error" => {"code" => "1113", "message" => "Insufficient balance or no resource package. Please recharge."}}
2026-10-06 22:14:25 +0800	R60/2000/r060-2000-nl1-2018-13	API error for R60/2000/r060-2000-nl1-2018-13: {"error" => {"code" => "1113", "message" => "Insufficient balance or no resource package. Please recharge."}}
2026-10-06 22:14:25 +0800	R60/2000/r060-2000-nl1-2018-16	API error for R60/2000/r060-2000-nl1-2018-16: {"error" => {"code" => "1113", "message" => "Insufficient balance or no resource package. Please recharge."}}
2026-10-06 22:14:25 +0800	R60/2000/r060-2000-nl1-2018-16-rev1	API error for R60/2000/r060-2000-nl1-2018-16-rev1: {"error" => {"code" => "1113", "message" => "Insufficient balance or no resource package. Please recharge."}}
2026-10-06 22:14:25 +0800	R60/2000/r060-2000-nl1-2018-17	API error for R60/2000/r060-2000-nl1-2018-17: {"error" => {"code" => "1113", "message" => "Insufficient balance or no resource package. Please recharge."}}
2026-10-06 22:14:25 +0800	R60/2000/r060-2000-nl1-2018-18	API error for R60/2000/r060-2000-nl1-2018-18: {"error" => {"code" => "1113", "message" => "Insufficient balance or no resource package. Please recharge."}}
2026-10-06 22:14:25 +0800	R60/2000/r060-2000-nl1-2018-20	API error for R60/2000/r060-2000-nl1-2018-20: {"error" => {"code" => "1113", "message" => "Insufficient balance or no resource package. Please recharge."}}
2026-10-06 22:14:25 +0800	R60/2000/r060-2000-nl1-2018-21	API error for R60/2000/r060-2000-nl1-2018-21: {"error" => {"code" => "1113", "message" => "Insufficient balance or no resource package. Please recharge."}}
2026-10-06 22:14:25 +0800	R60/2000/r060-2000-nl1-2018-26	API error for R60/2000/r060-2000-nl1-2018-26: {"error" => {"code" => "1113", "message" => "Insufficient balance or no resource package. Please recharge."}}
2026-10-06 22:14:25 +0800	R60/2000/r060-2000-nl1-2018-22	API error for R60/2000/r060-2000-nl1-2018-22: {"error" => {"code" => "1113", "message" => "Insufficient balance or no resource package. Please recharge."}}
2026-10-06 22:14:25 +0800	R60/2000/r060-2000-nl1-2018-28	API error for R60/2000/r060-2000-nl1-2018-28: {"error" => {"code" => "1113", "message" => "Insufficient balance or no resource package. Please recharge."}}
2026-10-06 22:14:25 +0800	R60/2000/r060-2000-nl1-2018-27	API error for R60/2000/r060-2000-nl1-2018-27: {"error" => {"code" => "1113", "message" => "Insufficient balance or no resource package. Please recharge."}}
2026-10-06 22:14:25 +0800	R60/2000/r060-2000-nl1-2018-29	API error for R60/2000/r060-2000-nl1-2018-29: {"error" => {"code" => "1113", "message" => "Insufficient balance or no resource package. Please recharge."}}
2026-10-06 22:14:25 +0800	R60/2000/r060-2000-nl1-2018-30	API error for R60/2000/r060-2000-nl1-2018-30: {"error" => {"code" => "1113", "message" => "Insufficient balance or no resource package. Please recharge."}}
2026-10-06 22:14:25 +0800	R60/2000/r060-2000-nl1-2018-31	API error for R60/2000/r060-2000-nl1-2018-31: {"error" => {"code" => "1113", "message" => "Insufficient balance or no resource package. Please recharge."}}
2026-10-06 22:14:25 +0800	R60/2000/r060-2000-nl1-2018-33	API error for R60/2000/r060-2000-nl1-2018-33: {"error" => {"code" => "1113", "message" => "Insufficient balance or no resource package. Please recharge."}}
2026-10-06 22:14:25 +0800	R60/2000/r060-2000-nl1-2018-32	API error for R60/2000/r060-2000-nl1-2018-32: {"error" => {"code" => "1113", "message" => "Insufficient balance or no resource package. Please recharge."}}
2026-10-06 22:14:25 +0800	R60/2000/r060-2000-nl1-2018-34	API error for R60/2000/r060-2000-nl1-2018-34: {"error" => {"code" => "1113", "message" => "Insufficient balance or no resource package. Please recharge."}}
2026-10-06 22:14:25 +0800	R60/2000/r060-2000-nl1-2018-35	API error for R60/2000/r060-2000-nl1-2018-35: {"error" => {"code" => "1113", "message" => "Insufficient balance or no resource package. Please recharge."}}
2026-10-06 22:14:25 +0800	R60/2000/r060-2000-nl1-2019-01	API error for R60/2000/r060-2000-nl1-2019-01: {"error" => {"code" => "1113", "message" => "Insufficient balance or no resource package. Please recharge."}}
2026-10-06 22:14:25 +0800	R60/2000/r060-2000-nl1-2019-02	API error for R60/2000/r060-2000-nl1-2019-02: {"error" => {"code" => "1113", "message" => "Insufficient balance or no resource package. Please recharge."}}
2026-10-06 22:14:25 +0800	R60/2000/r060-2000-nl1-2019-03	API error for R60/2000/r060-2000-nl1-2019-03: {"error" => {"code" => "1113", "message" => "Insufficient balance or no resource package. Please recharge."}}
2026-10-06 22:14:25 +0800	R60/2000/r060-2000-nl1-2019-05	API error for R60/2000/r060-2000-nl1-2019-05: {"error" => {"code" => "1113", "message" => "Insufficient balance or no resource package. Please recharge."}}
2026-10-06 22:14:25 +0800	R60/2000/r060-2000-nl1-2019-06-rev1	API error for R60/2000/r060-2000-nl1-2019-06-rev1: {"error" => {"code" => "1113", "message" => "Insufficient balance or no resource package. Please recharge."}}
2026-10-06 22:14:25 +0800	R60/2000/r060-2000-nl1-2019-06	API error for R60/2000/r060-2000-nl1-2019-06: {"error" => {"code" => "1113", "message" => "Insufficient balance or no resource package. Please recharge."}}
2026-10-06 22:14:25 +0800	R60/2000/r060-2000-nl1-2019-07-rev1	API error for R60/2000/r060-2000-nl1-2019-07-rev1: {"error" => {"code" => "1113", "message" => "Insufficient balance or no resource package. Please recharge."}}
2026-10-06 22:14:25 +0800	R60/2000/r060-2000-nl1-2019-07	API error for R60/2000/r060-2000-nl1-2019-07: {"error" => {"code" => "1113", "message" => "Insufficient balance or no resource package. Please recharge."}}
2026-10-06 22:14:25 +0800	R60/2000/r060-2000-nl1-2019-09	API error for R60/2000/r060-2000-nl1-2019-09: {"error" => {"code" => "1113", "message" => "Insufficient balance or no resource package. Please recharge."}}
2026-10-06 22:14:25 +0800	R60/2000/r060-2000-nl1-2019-08	API error for R60/2000/r060-2000-nl1-2019-08: {"error" => {"code" => "1113", "message" => "Insufficient balance or no resource package. Please recharge."}}
2026-10-06 22:14:25 +0800	R60/2000/r060-2000-nl1-2019-10	API error for R60/2000/r060-2000-nl1-2019-10: {"error" => {"code" => "1113", "message" => "Insufficient balance or no resource package. Please recharge."}}
2026-10-06 22:14:25 +0800	R60/2000/r060-2000-nl1-2019-12	API error for R60/2000/r060-2000-nl1-2019-12: {"error" => {"code" => "1113", "message" => "Insufficient balance or no resource package. Please recharge."}}
2026-10-06 22:14:25 +0800	R60/2000/r060-2000-nl1-2019-13	API error for R60/2000/r060-2000-nl1-2019-13: {"error" => {"code" => "1113", "message" => "Insufficient balance or no resource package. Please recharge."}}
2026-10-06 22:14:25 +0800	R60/2000/r060-2000-nl1-2019-11	API error for R60/2000/r060-2000-nl1-2019-11: {"error" => {"code" => "1113", "message" => "Insufficient balance or no resource package. Please recharge."}}
2026-10-06 22:14:25 +0800	R60/2000/r060-2000-nl1-2019-14	API error for R60/2000/r060-2000-nl1-2019-14: {"error" => {"code" => "1113", "message" => "Insufficient balance or no resource package. Please recharge."}}
2026-10-06 22:14:25 +0800	R60/2000/r060-2000-nl1-2019-15	API error for R60/2000/r060-2000-nl1-2019-15: {"error" => {"code" => "1113", "message" => "Insufficient balance or no resource package. Please recharge."}}
2026-10-06 22:14:25 +0800	R60/2000/r060-2000-nl1-2019-16	API error for R60/2000/r060-2000-nl1-2019-16: {"error" => {"code" => "1113", "message" => "Insufficient balance or no resource package. Please recharge."}}
2026-10-06 22:14:25 +0800	R60/2000/r060-2000-nl1-2019-17	API error for R60/2000/r060-2000-nl1-2019-17: {"error" => {"code" => "1113", "message" => "Insufficient balance or no resource package. Please recharge."}}
2026-10-06 22:14:25 +0800	R60/2000/r060-2000-nl1-2019-20	API error for R60/2000/r060-2000-nl1-2019-20: {"error" => {"code" => "1113", "message" => "Insufficient balance or no resource package. Please recharge."}}
2026-10-06 22:14:25 +0800	R60/2000/r060-2000-nl1-2020-01	API error for R60/2000/r060-2000-nl1-2020-01: {"error" => {"code" => "1113", "message" => "Insufficient balance or no resource package. Please recharge."}}
2026-10-06 22:14:25 +0800	R60/2000/r060-2000-nl1-2020-04	API error for R60/2000/r060-2000-nl1-2020-04: {"error" => {"code" => "1113", "message" => "Insufficient balance or no resource package. Please recharge."}}
2026-10-06 22:14:25 +0800	R60/2000/r060-2000-nl1-2020-03	API error for R60/2000/r060-2000-nl1-2020-03: {"error" => {"code" => "1113", "message" => "Insufficient balance or no resource package. Please recharge."}}
2026-10-06 22:14:25 +0800	R60/2000/r060-2000-nl1-2020-11	API error for R60/2000/r060-2000-nl1-2020-11: {"error" => {"code" => "1113", "message" => "Insufficient balance or no resource package. Please recharge."}}
2026-10-06 22:14:25 +0800	R60/2000/r060-2000-nl1-2020-12	API error for R60/2000/r060-2000-nl1-2020-12: {"error" => {"code" => "1113", "message" => "Insufficient balance or no resource package. Please recharge."}}
2026-10-06 22:14:25 +0800	R60/2000/r060-2000-nl1-2020-17	API error for R60/2000/r060-2000-nl1-2020-17: {"error" => {"code" => "1113", "message" => "Insufficient balance or no resource package. Please recharge."}}
2026-10-06 22:14:25 +0800	R60/2000/r060-2000-nl1-2020-15	API error for R60/2000/r060-2000-nl1-2020-15: {"error" => {"code" => "1113", "message" => "Insufficient balance or no resource package. Please recharge."}}
2026-10-06 22:14:25 +0800	R60/2000/r060-2000-nl1-2020-29	API error for R60/2000/r060-2000-nl1-2020-29: {"error" => {"code" => "1113", "message" => "Insufficient balance or no resource package. Please recharge."}}
2026-10-06 22:14:25 +0800	R60/2000/r060-2000-nl1-2021-05	API error for R60/2000/r060-2000-nl1-2021-05: {"error" => {"code" => "1113", "message" => "Insufficient balance or no resource package. Please recharge."}}
2026-10-06 22:14:25 +0800	R60/2000/r060-2000-nl1-2021-44	API error for R60/2000/r060-2000-nl1-2021-44: {"error" => {"code" => "1113", "message" => "Insufficient balance or no resource package. Please recharge."}}
2026-10-06 22:14:25 +0800	R60/2000/r060-2000-nl1-2021-30	API error for R60/2000/r060-2000-nl1-2021-30: {"error" => {"code" => "1113", "message" => "Insufficient balance or no resource package. Please recharge."}}
2026-10-06 22:14:25 +0800	R60/2000/r060-2000-nl1-2022-17-rev0	API error for R60/2000/r060-2000-nl1-2022-17-rev0: {"error" => {"code" => "1113", "message" => "Insufficient balance or no resource package. Please recharge."}}
2026-10-06 22:14:25 +0800	R60/2000/r060-2000-ru1-2005-01	API error for R60/2000/r060-2000-ru1-2005-01: {"error" => {"code" => "1113", "message" => "Insufficient balance or no resource package. Please recharge."}}
2026-10-06 22:14:25 +0800	R60/2000/r060-2000-ru1-2005-02	API error for R60/2000/r060-2000-ru1-2005-02: {"error" => {"code" => "1113", "message" => "Insufficient balance or no resource package. Please recharge."}}
2026-10-06 22:14:25 +0800	R60/2000/r060-2000-ru1-2005-04	API error for R60/2000/r060-2000-ru1-2005-04: {"error" => {"code" => "1113", "message" => "Insufficient balance or no resource package. Please recharge."}}
2026-10-06 22:14:25 +0800	R60/2000/r060-2000-ru1-2005-03	API error for R60/2000/r060-2000-ru1-2005-03: {"error" => {"code" => "1113", "message" => "Insufficient balance or no resource package. Please recharge."}}
2026-10-06 22:14:25 +0800	R60/2000/r060-2000-se1-2017-01-rev1	API error for R60/2000/r060-2000-se1-2017-01-rev1: {"error" => {"code" => "1113", "message" => "Insufficient balance or no resource package. Please recharge."}}
2026-10-06 22:14:25 +0800	R60/2000/r060-2000-se1-2017-01	API error for R60/2000/r060-2000-se1-2017-01: {"error" => {"code" => "1113", "message" => "Insufficient balance or no resource package. Please recharge."}}
2026-10-06 22:14:25 +0800	R60/2000/r060-2000_nl1-2013-20	API error for R60/2000/r060-2000_nl1-2013-20: {"error" => {"code" => "1113", "message" => "Insufficient balance or no resource package. Please recharge."}}
2026-10-06 22:14:25 +0800	R60/2000/r60-2000-ch1-2025-01	API error for R60/2000/r60-2000-ch1-2025-01: {"error" => {"code" => "1113", "message" => "Insufficient balance or no resource package. Please recharge."}}
2026-10-06 22:14:25 +0800	R60/2000/r060-2000_nl1-2013-20-rev1	API error for R60/2000/r060-2000_nl1-2013-20-rev1: {"error" => {"code" => "1113", "message" => "Insufficient balance or no resource package. Please recharge."}}
2026-10-06 22:14:25 +0800	R60/2000/r60-2000-de1-2019-03-rev1	API error for R60/2000/r60-2000-de1-2019-03-rev1: {"error" => {"code" => "1113", "message" => "Insufficient balance or no resource package. Please recharge."}}
2026-10-06 22:14:25 +0800	R60/2000/r60-2000-de1-2023-02	API error for R60/2000/r60-2000-de1-2023-02: {"error" => {"code" => "1113", "message" => "Insufficient balance or no resource package. Please recharge."}}
2026-10-06 22:14:25 +0800	R60/2000/r60-2000-dk2-2025-01	API error for R60/2000/r60-2000-dk2-2025-01: {"error" => {"code" => "1113", "message" => "Insufficient balance or no resource package. Please recharge."}}
2026-10-06 22:14:25 +0800	R60/2000/r60-2000-fr2-2023-02-rev0	API error for R60/2000/r60-2000-fr2-2023-02-rev0: {"error" => {"code" => "1113", "message" => "Insufficient balance or no resource package. Please recharge."}}
2026-10-06 22:14:25 +0800	R60/2000/r60-2000-gb1-2022-01-rev1	API error for R60/2000/r60-2000-gb1-2022-01-rev1: {"error" => {"code" => "1113", "message" => "Insufficient balance or no resource package. Please recharge."}}
2026-10-06 22:14:25 +0800	R60/2000/r60-2000-jp1-2022-03	API error for R60/2000/r60-2000-jp1-2022-03: {"error" => {"code" => "1113", "message" => "Insufficient balance or no resource package. Please recharge."}}
2026-10-06 22:14:25 +0800	R60/2000/r60-2000-jp1-2023-02	API error for R60/2000/r60-2000-jp1-2023-02: {"error" => {"code" => "1113", "message" => "Insufficient balance or no resource package. Please recharge."}}
2026-10-06 22:14:25 +0800	R60/2000/r60-2000-jp1-2023-03	API error for R60/2000/r60-2000-jp1-2023-03: {"error" => {"code" => "1113", "message" => "Insufficient balance or no resource package. Please recharge."}}
2026-10-06 22:14:25 +0800	R60/2000/r60-2000-nl1-2015-27	API error for R60/2000/r60-2000-nl1-2015-27: {"error" => {"code" => "1113", "message" => "Insufficient balance or no resource package. Please recharge."}}
2026-10-06 22:14:25 +0800	R60/2000/r60-2000-nl1-2017-58-rev2	API error for R60/2000/r60-2000-nl1-2017-58-rev2: {"error" => {"code" => "1113", "message" => "Insufficient balance or no resource package. Please recharge."}}
2026-10-06 22:14:25 +0800	R60/2000/r60-2000-nl1-2016-38-rev1	API error for R60/2000/r60-2000-nl1-2016-38-rev1: {"error" => {"code" => "1113", "message" => "Insufficient balance or no resource package. Please recharge."}}
2026-10-06 22:14:25 +0800	R60/2000/r60-2000-nl1-2017-58-rev3	API error for R60/2000/r60-2000-nl1-2017-58-rev3: {"error" => {"code" => "1113", "message" => "Insufficient balance or no resource package. Please recharge."}}
2026-10-06 22:14:25 +0800	R60/2000/r60-2000-nl1-2023-11-rev0	API error for R60/2000/r60-2000-nl1-2023-11-rev0: {"error" => {"code" => "1113", "message" => "Insufficient balance or no resource package. Please recharge."}}
2026-10-06 22:14:25 +0800	R60/2000/r60-2000-nl1-2024-07-rev0	API error for R60/2000/r60-2000-nl1-2024-07-rev0: {"error" => {"code" => "1113", "message" => "Insufficient balance or no resource package. Please recharge."}}
2026-10-06 22:14:25 +0800	R60/2000/r60-2000-nl1-2023-29-rev0	API error for R60/2000/r60-2000-nl1-2023-29-rev0: {"error" => {"code" => "1113", "message" => "Insufficient balance or no resource package. Please recharge."}}
2026-10-06 22:14:25 +0800	R60/2000/r60-2000-nl1-2024-17-rev0	API error for R60/2000/r60-2000-nl1-2024-17-rev0: {"error" => {"code" => "1113", "message" => "Insufficient balance or no resource package. Please recharge."}}
2026-10-06 22:14:25 +0800	R60/2000/r60-2000-nl1-2025-05-rev0	API error for R60/2000/r60-2000-nl1-2025-05-rev0: {"error" => {"code" => "1113", "message" => "Insufficient balance or no resource package. Please recharge."}}
2026-10-06 22:14:25 +0800	R60/2017/r060-2017-de1-2021-01	API error for R60/2017/r060-2017-de1-2021-01: {"error" => {"code" => "1113", "message" => "Insufficient balance or no resource package. Please recharge."}}
2026-10-06 22:14:25 +0800	R60/2017/r060-2017-de1-2021-02	API error for R60/2017/r060-2017-de1-2021-02: {"error" => {"code" => "1113", "message" => "Insufficient balance or no resource package. Please recharge."}}
2026-10-06 22:14:25 +0800	R60/2017/r060-2017-de1-2022-01	API error for R60/2017/r060-2017-de1-2022-01: {"error" => {"code" => "1113", "message" => "Insufficient balance or no resource package. Please recharge."}}
2026-10-06 22:14:25 +0800	R60/2017/r060-2017-dk2-2021-01	API error for R60/2017/r060-2017-dk2-2021-01: {"error" => {"code" => "1113", "message" => "Insufficient balance or no resource package. Please recharge."}}
2026-10-06 22:14:25 +0800	R60/2017/r060-2017-gb1-2021-01	API error for R60/2017/r060-2017-gb1-2021-01: {"error" => {"code" => "1113", "message" => "Insufficient balance or no resource package. Please recharge."}}
2026-10-06 22:14:25 +0800	R60/2017/r060-2017-gb1-2022-01	API error for R60/2017/r060-2017-gb1-2022-01: {"error" => {"code" => "1113", "message" => "Insufficient balance or no resource package. Please recharge."}}
2026-10-06 22:14:25 +0800	R60/2017/r060-2017-jp1-2021-01	API error for R60/2017/r060-2017-jp1-2021-01: {"error" => {"code" => "1113", "message" => "Insufficient balance or no resource package. Please recharge."}}
2026-10-06 22:14:25 +0800	R60/2017/r060-2017-nl1-2019-19-rev1	API error for R60/2017/r060-2017-nl1-2019-19-rev1: {"error" => {"code" => "1113", "message" => "Insufficient balance or no resource package. Please recharge."}}
2026-10-06 22:14:25 +0800	R60/2017/r060-2017-nl1-2019-19	API error for R60/2017/r060-2017-nl1-2019-19: {"error" => {"code" => "1113", "message" => "Insufficient balance or no resource package. Please recharge."}}
2026-10-06 22:14:25 +0800	R60/2017/r060-2017-nl1-2019-21-rev1	API error for R60/2017/r060-2017-nl1-2019-21-rev1: {"error" => {"code" => "1113", "message" => "Insufficient balance or no resource package. Please recharge."}}
2026-10-06 22:14:25 +0800	R60/2017/r060-2017-nl1-2019-21	API error for R60/2017/r060-2017-nl1-2019-21: {"error" => {"code" => "1113", "message" => "Insufficient balance or no resource package. Please recharge."}}
2026-10-06 22:14:25 +0800	R60/2017/r060-2017-nl1-2019-22-rev1	API error for R60/2017/r060-2017-nl1-2019-22-rev1: {"error" => {"code" => "1113", "message" => "Insufficient balance or no resource package. Please recharge."}}
2026-10-06 22:14:25 +0800	R60/2017/r060-2017-nl1-2019-22	API error for R60/2017/r060-2017-nl1-2019-22: {"error" => {"code" => "1113", "message" => "Insufficient balance or no resource package. Please recharge."}}
2026-10-06 22:14:25 +0800	R60/2017/r060-2017-nl1-2019-23	API error for R60/2017/r060-2017-nl1-2019-23: {"error" => {"code" => "1113", "message" => "Insufficient balance or no resource package. Please recharge."}}
2026-10-06 22:14:25 +0800	R60/2017/r060-2017-nl1-2019-24-rev1	API error for R60/2017/r060-2017-nl1-2019-24-rev1: {"error" => {"code" => "1113", "message" => "Insufficient balance or no resource package. Please recharge."}}
2026-10-06 22:14:25 +0800	R60/2017/r060-2017-nl1-2019-26	API error for R60/2017/r060-2017-nl1-2019-26: {"error" => {"code" => "1113", "message" => "Insufficient balance or no resource package. Please recharge."}}
2026-10-06 22:14:25 +0800	R60/2017/r060-2017-nl1-2019-25	API error for R60/2017/r060-2017-nl1-2019-25: {"error" => {"code" => "1113", "message" => "Insufficient balance or no resource package. Please recharge."}}
2026-10-06 22:14:25 +0800	R60/2017/r060-2017-nl1-2019-24	API error for R60/2017/r060-2017-nl1-2019-24: {"error" => {"code" => "1113", "message" => "Insufficient balance or no resource package. Please recharge."}}
2026-10-06 22:14:25 +0800	R60/2017/r060-2017-nl1-2019-25-rev1	API error for R60/2017/r060-2017-nl1-2019-25-rev1: {"error" => {"code" => "1113", "message" => "Insufficient balance or no resource package. Please recharge."}}
2026-10-06 22:14:25 +0800	R60/2017/r060-2017-nl1-2019-29	API error for R60/2017/r060-2017-nl1-2019-29: {"error" => {"code" => "1113", "message" => "Insufficient balance or no resource package. Please recharge."}}
2026-10-06 22:14:25 +0800	R60/2017/r060-2017-nl1-2019-28	API error for R60/2017/r060-2017-nl1-2019-28: {"error" => {"code" => "1113", "message" => "Insufficient balance or no resource package. Please recharge."}}
2026-10-06 22:14:25 +0800	R60/2017/r060-2017-nl1-2019-27	API error for R60/2017/r060-2017-nl1-2019-27: {"error" => {"code" => "1113", "message" => "Insufficient balance or no resource package. Please recharge."}}
2026-10-06 22:14:25 +0800	R60/2017/r060-2017-nl1-2019-30	API error for R60/2017/r060-2017-nl1-2019-30: {"error" => {"code" => "1113", "message" => "Insufficient balance or no resource package. Please recharge."}}
2026-10-06 22:14:25 +0800	R60/2017/r060-2017-nl1-2019-31	API error for R60/2017/r060-2017-nl1-2019-31: {"error" => {"code" => "1113", "message" => "Insufficient balance or no resource package. Please recharge."}}
2026-10-06 22:14:25 +0800	R60/2017/r060-2017-nl1-2019-32	API error for R60/2017/r060-2017-nl1-2019-32: {"error" => {"code" => "1113", "message" => "Insufficient balance or no resource package. Please recharge."}}
2026-10-06 22:14:25 +0800	R60/2017/r060-2017-nl1-2019-33	API error for R60/2017/r060-2017-nl1-2019-33: {"error" => {"code" => "1113", "message" => "Insufficient balance or no resource package. Please recharge."}}
2026-10-06 22:14:25 +0800	R60/2017/r060-2017-nl1-2019-32-rev1	API error for R60/2017/r060-2017-nl1-2019-32-rev1: {"error" => {"code" => "1113", "message" => "Insufficient balance or no resource package. Please recharge."}}
2026-10-06 22:14:25 +0800	R60/2017/r060-2017-nl1-2019-34	API error for R60/2017/r060-2017-nl1-2019-34: {"error" => {"code" => "1113", "message" => "Insufficient balance or no resource package. Please recharge."}}
2026-10-06 22:14:25 +0800	R60/2017/r060-2017-nl1-2019-35	API error for R60/2017/r060-2017-nl1-2019-35: {"error" => {"code" => "1113", "message" => "Insufficient balance or no resource package. Please recharge."}}
2026-10-06 22:14:25 +0800	R60/2017/r060-2017-nl1-2020-02	API error for R60/2017/r060-2017-nl1-2020-02: {"error" => {"code" => "1113", "message" => "Insufficient balance or no resource package. Please recharge."}}
2026-10-06 22:14:25 +0800	R60/2017/r060-2017-nl1-2020-05	API error for R60/2017/r060-2017-nl1-2020-05: {"error" => {"code" => "1113", "message" => "Insufficient balance or no resource package. Please recharge."}}
2026-10-06 22:14:25 +0800	R60/2017/r060-2017-nl1-2020-06	API error for R60/2017/r060-2017-nl1-2020-06: {"error" => {"code" => "1113", "message" => "Insufficient balance or no resource package. Please recharge."}}
2026-10-06 22:14:25 +0800	R60/2017/r060-2017-nl1-2020-07	API error for R60/2017/r060-2017-nl1-2020-07: {"error" => {"code" => "1113", "message" => "Insufficient balance or no resource package. Please recharge."}}
2026-10-06 22:14:25 +0800	R60/2017/r060-2017-nl1-2020-08	API error for R60/2017/r060-2017-nl1-2020-08: {"error" => {"code" => "1113", "message" => "Insufficient balance or no resource package. Please recharge."}}
2026-10-06 22:14:25 +0800	R60/2017/r060-2017-nl1-2020-09	API error for R60/2017/r060-2017-nl1-2020-09: {"error" => {"code" => "1113", "message" => "Insufficient balance or no resource package. Please recharge."}}
2026-10-06 22:14:25 +0800	R60/2017/r060-2017-nl1-2020-10	API error for R60/2017/r060-2017-nl1-2020-10: {"error" => {"code" => "1113", "message" => "Insufficient balance or no resource package. Please recharge."}}
2026-10-06 22:14:25 +0800	R60/2017/r060-2017-nl1-2020-13	API error for R60/2017/r060-2017-nl1-2020-13: {"error" => {"code" => "1113", "message" => "Insufficient balance or no resource package. Please recharge."}}
2026-10-06 22:14:25 +0800	R60/2017/r060-2017-nl1-2020-14	API error for R60/2017/r060-2017-nl1-2020-14: {"error" => {"code" => "1113", "message" => "Insufficient balance or no resource package. Please recharge."}}
2026-10-06 22:14:25 +0800	R60/2017/r060-2017-nl1-2020-16-rev1	API error for R60/2017/r060-2017-nl1-2020-16-rev1: {"error" => {"code" => "1113", "message" => "Insufficient balance or no resource package. Please recharge."}}
2026-10-06 22:14:25 +0800	R60/2017/r060-2017-nl1-2020-16	API error for R60/2017/r060-2017-nl1-2020-16: {"error" => {"code" => "1113", "message" => "Insufficient balance or no resource package. Please recharge."}}
2026-10-06 22:14:25 +0800	R60/2017/r060-2017-nl1-2020-18	API error for R60/2017/r060-2017-nl1-2020-18: {"error" => {"code" => "1113", "message" => "Insufficient balance or no resource package. Please recharge."}}
2026-10-06 22:14:25 +0800	R60/2017/r060-2017-nl1-2020-19	API error for R60/2017/r060-2017-nl1-2020-19: {"error" => {"code" => "1113", "message" => "Insufficient balance or no resource package. Please recharge."}}
2026-10-06 22:14:25 +0800	R60/2017/r060-2017-nl1-2020-20	API error for R60/2017/r060-2017-nl1-2020-20: {"error" => {"code" => "1113", "message" => "Insufficient balance or no resource package. Please recharge."}}
2026-10-06 22:14:25 +0800	R60/2017/r060-2017-nl1-2020-22	API error for R60/2017/r060-2017-nl1-2020-22: {"error" => {"code" => "1113", "message" => "Insufficient balance or no resource package. Please recharge."}}
2026-10-06 22:14:25 +0800	R60/2017/r060-2017-nl1-2020-21	API error for R60/2017/r060-2017-nl1-2020-21: {"error" => {"code" => "1113", "message" => "Insufficient balance or no resource package. Please recharge."}}
2026-10-06 22:14:25 +0800	R60/2017/r060-2017-nl1-2020-23	API error for R60/2017/r060-2017-nl1-2020-23: {"error" => {"code" => "1113", "message" => "Insufficient balance or no resource package. Please recharge."}}
2026-10-06 22:14:25 +0800	R60/2017/r060-2017-nl1-2020-24	API error for R60/2017/r060-2017-nl1-2020-24: {"error" => {"code" => "1113", "message" => "Insufficient balance or no resource package. Please recharge."}}
2026-10-06 22:14:25 +0800	R60/2017/r060-2017-nl1-2020-25	API error for R60/2017/r060-2017-nl1-2020-25: {"error" => {"code" => "1113", "message" => "Insufficient balance or no resource package. Please recharge."}}
2026-10-06 22:14:25 +0800	R60/2017/r060-2017-nl1-2020-27	API error for R60/2017/r060-2017-nl1-2020-27: {"error" => {"code" => "1113", "message" => "Insufficient balance or no resource package. Please recharge."}}
2026-10-06 22:14:25 +0800	R60/2017/r060-2017-nl1-2020-26	API error for R60/2017/r060-2017-nl1-2020-26: {"error" => {"code" => "1113", "message" => "Insufficient balance or no resource package. Please recharge."}}
2026-10-06 22:14:25 +0800	R60/2017/r060-2017-nl1-2020-28	API error for R60/2017/r060-2017-nl1-2020-28: {"error" => {"code" => "1113", "message" => "Insufficient balance or no resource package. Please recharge."}}
2026-10-06 22:14:25 +0800	R60/2017/r060-2017-nl1-2020-30	API error for R60/2017/r060-2017-nl1-2020-30: {"error" => {"code" => "1113", "message" => "Insufficient balance or no resource package. Please recharge."}}
2026-10-06 22:14:25 +0800	R60/2017/r060-2017-nl1-2020-38	API error for R60/2017/r060-2017-nl1-2020-38: {"error" => {"code" => "1113", "message" => "Insufficient balance or no resource package. Please recharge."}}
2026-10-06 22:14:25 +0800	R60/2017/r060-2017-nl1-2020-36	API error for R60/2017/r060-2017-nl1-2020-36: {"error" => {"code" => "1113", "message" => "Insufficient balance or no resource package. Please recharge."}}
2026-10-06 22:14:25 +0800	R60/2017/r060-2017-nl1-2020-39	API error for R60/2017/r060-2017-nl1-2020-39: {"error" => {"code" => "1113", "message" => "Insufficient balance or no resource package. Please recharge."}}
2026-10-06 22:14:25 +0800	R60/2017/r060-2017-nl1-2021-01	API error for R60/2017/r060-2017-nl1-2021-01: {"error" => {"code" => "1113", "message" => "Insufficient balance or no resource package. Please recharge."}}
2026-10-06 22:14:25 +0800	R60/2017/r060-2017-nl1-2020-40	API error for R60/2017/r060-2017-nl1-2020-40: {"error" => {"code" => "1113", "message" => "Insufficient balance or no resource package. Please recharge."}}
2026-10-06 22:14:25 +0800	R60/2017/r060-2017-nl1-2020-62	API error for R60/2017/r060-2017-nl1-2020-62: {"error" => {"code" => "1113", "message" => "Insufficient balance or no resource package. Please recharge."}}
2026-10-06 22:14:25 +0800	R60/2017/r060-2017-nl1-2021-02	API error for R60/2017/r060-2017-nl1-2021-02: {"error" => {"code" => "1113", "message" => "Insufficient balance or no resource package. Please recharge."}}
2026-10-06 22:14:25 +0800	R60/2017/r060-2017-nl1-2021-04	API error for R60/2017/r060-2017-nl1-2021-04: {"error" => {"code" => "1113", "message" => "Insufficient balance or no resource package. Please recharge."}}
2026-10-06 22:14:25 +0800	R60/2017/r060-2017-nl1-2021-03	API error for R60/2017/r060-2017-nl1-2021-03: {"error" => {"code" => "1113", "message" => "Insufficient balance or no resource package. Please recharge."}}
2026-10-06 22:14:25 +0800	R60/2017/r060-2017-nl1-2021-06	API error for R60/2017/r060-2017-nl1-2021-06: {"error" => {"code" => "1113", "message" => "Insufficient balance or no resource package. Please recharge."}}
2026-10-06 22:14:25 +0800	R60/2017/r060-2017-nl1-2021-07	API error for R60/2017/r060-2017-nl1-2021-07: {"error" => {"code" => "1113", "message" => "Insufficient balance or no resource package. Please recharge."}}
2026-10-06 22:14:25 +0800	R60/2017/r060-2017-nl1-2021-10-rev1	API error for R60/2017/r060-2017-nl1-2021-10-rev1: {"error" => {"code" => "1113", "message" => "Insufficient balance or no resource package. Please recharge."}}
2026-10-06 22:14:25 +0800	R60/2017/r060-2017-nl1-2021-09	API error for R60/2017/r060-2017-nl1-2021-09: {"error" => {"code" => "1113", "message" => "Insufficient balance or no resource package. Please recharge."}}
2026-10-06 22:14:25 +0800	R60/2017/r060-2017-nl1-2021-08	API error for R60/2017/r060-2017-nl1-2021-08: {"error" => {"code" => "1113", "message" => "Insufficient balance or no resource package. Please recharge."}}
2026-10-06 22:14:25 +0800	R60/2017/r060-2017-nl1-2021-10	API error for R60/2017/r060-2017-nl1-2021-10: {"error" => {"code" => "1113", "message" => "Insufficient balance or no resource package. Please recharge."}}
2026-10-06 22:14:25 +0800	R60/2017/r060-2017-nl1-2021-11	API error for R60/2017/r060-2017-nl1-2021-11: {"error" => {"code" => "1113", "message" => "Insufficient balance or no resource package. Please recharge."}}
2026-10-06 22:14:25 +0800	R60/2017/r060-2017-nl1-2021-15	API error for R60/2017/r060-2017-nl1-2021-15: {"error" => {"code" => "1113", "message" => "Insufficient balance or no resource package. Please recharge."}}
2026-10-06 22:14:25 +0800	R60/2017/r060-2017-nl1-2021-14	API error for R60/2017/r060-2017-nl1-2021-14: {"error" => {"code" => "1113", "message" => "Insufficient balance or no resource package. Please recharge."}}
2026-10-06 22:14:25 +0800	R60/2017/r060-2017-nl1-2021-17	API error for R60/2017/r060-2017-nl1-2021-17: {"error" => {"code" => "1113", "message" => "Insufficient balance or no resource package. Please recharge."}}
2026-10-06 22:14:25 +0800	R60/2017/r060-2017-nl1-2021-18	API error for R60/2017/r060-2017-nl1-2021-18: {"error" => {"code" => "1113", "message" => "Insufficient balance or no resource package. Please recharge."}}
2026-10-06 22:14:25 +0800	R60/2017/r060-2017-nl1-2021-20-rev1	API error for R60/2017/r060-2017-nl1-2021-20-rev1: {"error" => {"code" => "1113", "message" => "Insufficient balance or no resource package. Please recharge."}}
2026-10-06 22:14:25 +0800	R60/2017/r060-2017-nl1-2021-19	API error for R60/2017/r060-2017-nl1-2021-19: {"error" => {"code" => "1113", "message" => "Insufficient balance or no resource package. Please recharge."}}
2026-10-06 22:14:25 +0800	R60/2017/r060-2017-nl1-2021-20	API error for R60/2017/r060-2017-nl1-2021-20: {"error" => {"code" => "1113", "message" => "Insufficient balance or no resource package. Please recharge."}}
2026-10-06 22:14:25 +0800	R60/2017/r060-2017-nl1-2021-21	API error for R60/2017/r060-2017-nl1-2021-21: {"error" => {"code" => "1113", "message" => "Insufficient balance or no resource package. Please recharge."}}
2026-10-06 22:14:25 +0800	R60/2017/r060-2017-nl1-2021-23-rev1	API error for R60/2017/r060-2017-nl1-2021-23-rev1: {"error" => {"code" => "1113", "message" => "Insufficient balance or no resource package. Please recharge."}}
2026-10-06 22:14:25 +0800	R60/2017/r060-2017-nl1-2021-22	API error for R60/2017/r060-2017-nl1-2021-22: {"error" => {"code" => "1113", "message" => "Insufficient balance or no resource package. Please recharge."}}
2026-10-06 22:14:25 +0800	R60/2017/r060-2017-nl1-2021-23	API error for R60/2017/r060-2017-nl1-2021-23: {"error" => {"code" => "1113", "message" => "Insufficient balance or no resource package. Please recharge."}}
2026-10-06 22:14:25 +0800	R60/2017/r060-2017-nl1-2021-24	API error for R60/2017/r060-2017-nl1-2021-24: {"error" => {"code" => "1113", "message" => "Insufficient balance or no resource package. Please recharge."}}
2026-10-06 22:14:25 +0800	R60/2017/r060-2017-nl1-2021-25	API error for R60/2017/r060-2017-nl1-2021-25: {"error" => {"code" => "1113", "message" => "Insufficient balance or no resource package. Please recharge."}}
2026-10-06 22:14:25 +0800	R60/2017/r060-2017-nl1-2021-26-rev1	API error for R60/2017/r060-2017-nl1-2021-26-rev1: {"error" => {"code" => "1113", "message" => "Insufficient balance or no resource package. Please recharge."}}
2026-10-06 22:14:25 +0800	R60/2017/r060-2017-nl1-2021-26	API error for R60/2017/r060-2017-nl1-2021-26: {"error" => {"code" => "1113", "message" => "Insufficient balance or no resource package. Please recharge."}}
2026-10-06 22:14:25 +0800	R60/2017/r060-2017-nl1-2021-27	API error for R60/2017/r060-2017-nl1-2021-27: {"error" => {"code" => "1113", "message" => "Insufficient balance or no resource package. Please recharge."}}
2026-10-06 22:14:25 +0800	R60/2017/r060-2017-nl1-2021-28	API error for R60/2017/r060-2017-nl1-2021-28: {"error" => {"code" => "1113", "message" => "Insufficient balance or no resource package. Please recharge."}}
2026-10-06 22:14:25 +0800	R60/2017/r060-2017-nl1-2021-29	API error for R60/2017/r060-2017-nl1-2021-29: {"error" => {"code" => "1113", "message" => "Insufficient balance or no resource package. Please recharge."}}
2026-10-06 22:14:25 +0800	R60/2017/r060-2017-nl1-2021-30-rev1	API error for R60/2017/r060-2017-nl1-2021-30-rev1: {"error" => {"code" => "1113", "message" => "Insufficient balance or no resource package. Please recharge."}}
2026-10-06 22:14:25 +0800	R60/2017/r060-2017-nl1-2021-32	API error for R60/2017/r060-2017-nl1-2021-32: {"error" => {"code" => "1113", "message" => "Insufficient balance or no resource package. Please recharge."}}
2026-10-06 22:14:25 +0800	R60/2017/r060-2017-nl1-2021-32-rev1	API error for R60/2017/r060-2017-nl1-2021-32-rev1: {"error" => {"code" => "1113", "message" => "Insufficient balance or no resource package. Please recharge."}}
2026-10-06 22:14:25 +0800	R60/2017/r060-2017-nl1-2021-33	API error for R60/2017/r060-2017-nl1-2021-33: {"error" => {"code" => "1113", "message" => "Insufficient balance or no resource package. Please recharge."}}
2026-10-06 22:14:25 +0800	R60/2017/r060-2017-nl1-2021-34	API error for R60/2017/r060-2017-nl1-2021-34: {"error" => {"code" => "1113", "message" => "Insufficient balance or no resource package. Please recharge."}}
2026-10-06 22:14:25 +0800	R60/2017/r060-2017-nl1-2021-35	API error for R60/2017/r060-2017-nl1-2021-35: {"error" => {"code" => "1113", "message" => "Insufficient balance or no resource package. Please recharge."}}
2026-10-06 22:14:25 +0800	R60/2017/r060-2017-nl1-2021-36-rev1	API error for R60/2017/r060-2017-nl1-2021-36-rev1: {"error" => {"code" => "1113", "message" => "Insufficient balance or no resource package. Please recharge."}}
2026-10-06 22:14:25 +0800	R60/2017/r060-2017-nl1-2021-36	API error for R60/2017/r060-2017-nl1-2021-36: {"error" => {"code" => "1113", "message" => "Insufficient balance or no resource package. Please recharge."}}
2026-10-06 22:14:25 +0800	R60/2017/r060-2017-nl1-2021-38	API error for R60/2017/r060-2017-nl1-2021-38: {"error" => {"code" => "1113", "message" => "Insufficient balance or no resource package. Please recharge."}}
2026-10-06 22:14:25 +0800	R60/2017/r060-2017-nl1-2021-41	API error for R60/2017/r060-2017-nl1-2021-41: {"error" => {"code" => "1113", "message" => "Insufficient balance or no resource package. Please recharge."}}
2026-10-06 22:14:25 +0800	R60/2017/r060-2017-nl1-2021-40	API error for R60/2017/r060-2017-nl1-2021-40: {"error" => {"code" => "1113", "message" => "Insufficient balance or no resource package. Please recharge."}}
2026-10-06 22:14:25 +0800	R60/2017/r060-2017-nl1-2022-01-rev1	API error for R60/2017/r060-2017-nl1-2022-01-rev1: {"error" => {"code" => "1113", "message" => "Insufficient balance or no resource package. Please recharge."}}
2026-10-06 22:14:25 +0800	R60/2017/r060-2017-nl1-2021-42	API error for R60/2017/r060-2017-nl1-2021-42: {"error" => {"code" => "1113", "message" => "Insufficient balance or no resource package. Please recharge."}}
2026-10-06 22:14:25 +0800	R60/2017/r060-2017-nl1-2022-01	API error for R60/2017/r060-2017-nl1-2022-01: {"error" => {"code" => "1113", "message" => "Insufficient balance or no resource package. Please recharge."}}
2026-10-06 22:14:25 +0800	R60/2017/r060-2017-nl1-2022-03	API error for R60/2017/r060-2017-nl1-2022-03: {"error" => {"code" => "1113", "message" => "Insufficient balance or no resource package. Please recharge."}}
2026-10-06 22:14:25 +0800	R60/2017/r060-2017-nl1-2022-06	API error for R60/2017/r060-2017-nl1-2022-06: {"error" => {"code" => "1113", "message" => "Insufficient balance or no resource package. Please recharge."}}
2026-10-06 22:14:25 +0800	R60/2017/r060-2017-nl1-2022-05	API error for R60/2017/r060-2017-nl1-2022-05: {"error" => {"code" => "1113", "message" => "Insufficient balance or no resource package. Please recharge."}}
2026-10-06 22:14:25 +0800	R60/2017/r060-2017-nl1-2022-08-rev0	API error for R60/2017/r060-2017-nl1-2022-08-rev0: {"error" => {"code" => "1113", "message" => "Insufficient balance or no resource package. Please recharge."}}
2026-10-06 22:14:25 +0800	R60/2017/r060-2017-nl1-2022-07-rev0	API error for R60/2017/r060-2017-nl1-2022-07-rev0: {"error" => {"code" => "1113", "message" => "Insufficient balance or no resource package. Please recharge."}}
2026-10-06 22:14:25 +0800	R60/2017/r060-2017-nl1-2022-11	API error for R60/2017/r060-2017-nl1-2022-11: {"error" => {"code" => "1113", "message" => "Insufficient balance or no resource package. Please recharge."}}
2026-10-06 22:14:25 +0800	R60/2017/r060-2017-nl1-2022-12	API error for R60/2017/r060-2017-nl1-2022-12: {"error" => {"code" => "1113", "message" => "Insufficient balance or no resource package. Please recharge."}}
2026-10-06 22:14:25 +0800	R60/2017/r060-2017-nl1-2022-13	API error for R60/2017/r060-2017-nl1-2022-13: {"error" => {"code" => "1113", "message" => "Insufficient balance or no resource package. Please recharge."}}
2026-10-06 22:14:25 +0800	R60/2017/r060-2017-nl1-2022-14-rev0	API error for R60/2017/r060-2017-nl1-2022-14-rev0: {"error" => {"code" => "1113", "message" => "Insufficient balance or no resource package. Please recharge."}}
2026-10-06 22:14:25 +0800	R60/2017/r060-2017-nl1-2022-15-rev0	API error for R60/2017/r060-2017-nl1-2022-15-rev0: {"error" => {"code" => "1113", "message" => "Insufficient balance or no resource package. Please recharge."}}
2026-10-06 22:14:25 +0800	R60/2017/r060-2017-nl1-2022-16-rev0	API error for R60/2017/r060-2017-nl1-2022-16-rev0: {"error" => {"code" => "1113", "message" => "Insufficient balance or no resource package. Please recharge."}}
2026-10-06 22:14:25 +0800	R60/2017/r060-2017-se1-2021-01	API error for R60/2017/r060-2017-se1-2021-01: {"error" => {"code" => "1113", "message" => "Insufficient balance or no resource package. Please recharge."}}
2026-10-06 22:14:25 +0800	R60/2017/r60-2017-de1-2021-02-rev1	API error for R60/2017/r60-2017-de1-2021-02-rev1: {"error" => {"code" => "1113", "message" => "Insufficient balance or no resource package. Please recharge."}}
2026-10-06 22:14:25 +0800	R60/2017/r60-2017-de1-2023-01	API error for R60/2017/r60-2017-de1-2023-01: {"error" => {"code" => "1113", "message" => "Insufficient balance or no resource package. Please recharge."}}
2026-10-06 22:14:25 +0800	R60/2017/r60-2017-dk2-2023-01	API error for R60/2017/r60-2017-dk2-2023-01: {"error" => {"code" => "1113", "message" => "Insufficient balance or no resource package. Please recharge."}}
2026-10-06 22:14:25 +0800	R60/2017/r60-2017-dk2-2023-02	API error for R60/2017/r60-2017-dk2-2023-02: {"error" => {"code" => "1113", "message" => "Insufficient balance or no resource package. Please recharge."}}
2026-10-06 22:14:25 +0800	R60/2017/r60-2017-dk2-2023-03	API error for R60/2017/r60-2017-dk2-2023-03: {"error" => {"code" => "1113", "message" => "Insufficient balance or no resource package. Please recharge."}}
2026-10-06 22:14:25 +0800	R60/2017/r60-2017-dk2-2023-04	API error for R60/2017/r60-2017-dk2-2023-04: {"error" => {"code" => "1113", "message" => "Insufficient balance or no resource package. Please recharge."}}
2026-10-06 22:14:25 +0800	R60/2017/r60-2017-dk2-2023-05	API error for R60/2017/r60-2017-dk2-2023-05: {"error" => {"code" => "1113", "message" => "Insufficient balance or no resource package. Please recharge."}}
2026-10-06 22:14:25 +0800	R60/2017/r60-2017-dk2-2024-01	API error for R60/2017/r60-2017-dk2-2024-01: {"error" => {"code" => "1113", "message" => "Insufficient balance or no resource package. Please recharge."}}
2026-10-06 22:14:25 +0800	R60/2017/r60-2017-dk2-2025-02	API error for R60/2017/r60-2017-dk2-2025-02: {"error" => {"code" => "1113", "message" => "Insufficient balance or no resource package. Please recharge."}}
2026-10-06 22:14:25 +0800	R60/2017/r60-2017-fr2-2023-01-rev1	API error for R60/2017/r60-2017-fr2-2023-01-rev1: {"error" => {"code" => "1113", "message" => "Insufficient balance or no resource package. Please recharge."}}
2026-10-06 22:14:25 +0800	R60/2017/r60-2017-fr2-2023-01-rev0	API error for R60/2017/r60-2017-fr2-2023-01-rev0: {"error" => {"code" => "1113", "message" => "Insufficient balance or no resource package. Please recharge."}}
2026-10-06 22:14:25 +0800	R60/2017/r60-2017-jp1-2023-01	API error for R60/2017/r60-2017-jp1-2023-01: {"error" => {"code" => "1113", "message" => "Insufficient balance or no resource package. Please recharge."}}
2026-10-06 22:14:25 +0800	R60/2017/r60-2017-nl1-2019-32-rev2	API error for R60/2017/r60-2017-nl1-2019-32-rev2: {"error" => {"code" => "1113", "message" => "Insufficient balance or no resource package. Please recharge."}}
2026-10-06 22:14:25 +0800	R60/2017/r60-2017-nl1-2020-02-rev1	API error for R60/2017/r60-2017-nl1-2020-02-rev1: {"error" => {"code" => "1113", "message" => "Insufficient balance or no resource package. Please recharge."}}
2026-10-06 22:14:25 +0800	R60/2017/r60-2017-nl1-2020-10-rev1	API error for R60/2017/r60-2017-nl1-2020-10-rev1: {"error" => {"code" => "1113", "message" => "Insufficient balance or no resource package. Please recharge."}}
2026-10-06 22:14:25 +0800	R60/2017/r60-2017-nl1-2020-18-rev1	API error for R60/2017/r60-2017-nl1-2020-18-rev1: {"error" => {"code" => "1113", "message" => "Insufficient balance or no resource package. Please recharge."}}
2026-10-06 22:14:25 +0800	R60/2017/r60-2017-nl1-2021-27-rev1	API error for R60/2017/r60-2017-nl1-2021-27-rev1: {"error" => {"code" => "1113", "message" => "Insufficient balance or no resource package. Please recharge."}}
2026-10-06 22:14:25 +0800	R60/2017/r60-2017-nl1-2022-02	API error for R60/2017/r60-2017-nl1-2022-02: {"error" => {"code" => "1113", "message" => "Insufficient balance or no resource package. Please recharge."}}
2026-10-06 22:14:25 +0800	R60/2017/r60-2017-nl1-2022-04-rev0	API error for R60/2017/r60-2017-nl1-2022-04-rev0: {"error" => {"code" => "1113", "message" => "Insufficient balance or no resource package. Please recharge."}}
2026-10-06 22:14:25 +0800	R60/2017/r60-2017-nl1-2022-07-rev1	API error for R60/2017/r60-2017-nl1-2022-07-rev1: {"error" => {"code" => "1113", "message" => "Insufficient balance or no resource package. Please recharge."}}
2026-10-06 22:14:25 +0800	R60/2017/r60-2017-nl1-2022-08-rev1	API error for R60/2017/r60-2017-nl1-2022-08-rev1: {"error" => {"code" => "1113", "message" => "Insufficient balance or no resource package. Please recharge."}}
2026-10-06 22:14:25 +0800	R60/2017/r60-2017-nl1-2022-09	API error for R60/2017/r60-2017-nl1-2022-09: {"error" => {"code" => "1113", "message" => "Insufficient balance or no resource package. Please recharge."}}
2026-10-06 22:14:25 +0800	R60/2017/r60-2017-nl1-2022-10-rev1	API error for R60/2017/r60-2017-nl1-2022-10-rev1: {"error" => {"code" => "1113", "message" => "Insufficient balance or no resource package. Please recharge."}}
2026-10-06 22:14:25 +0800	R60/2017/r60-2017-nl1-2022-18-rev0	API error for R60/2017/r60-2017-nl1-2022-18-rev0: {"error" => {"code" => "1113", "message" => "Insufficient balance or no resource package. Please recharge."}}
2026-10-06 22:14:25 +0800	R60/2017/r60-2017-nl1-2022-18-rev1	API error for R60/2017/r60-2017-nl1-2022-18-rev1: {"error" => {"code" => "1113", "message" => "Insufficient balance or no resource package. Please recharge."}}
2026-10-06 22:14:25 +0800	R60/2017/r60-2017-nl1-2022-19-rev0	API error for R60/2017/r60-2017-nl1-2022-19-rev0: {"error" => {"code" => "1113", "message" => "Insufficient balance or no resource package. Please recharge."}}
2026-10-06 22:14:25 +0800	R60/2017/r60-2017-nl1-2022-20-rev0	API error for R60/2017/r60-2017-nl1-2022-20-rev0: {"error" => {"code" => "1113", "message" => "Insufficient balance or no resource package. Please recharge."}}
2026-10-06 22:14:25 +0800	R60/2017/r60-2017-nl1-2022-21-rev0	API error for R60/2017/r60-2017-nl1-2022-21-rev0: {"error" => {"code" => "1113", "message" => "Insufficient balance or no resource package. Please recharge."}}
2026-10-06 22:14:25 +0800	R60/2017/r60-2017-nl1-2022-22-rev0	API error for R60/2017/r60-2017-nl1-2022-22-rev0: {"error" => {"code" => "1113", "message" => "Insufficient balance or no resource package. Please recharge."}}
2026-10-06 22:14:25 +0800	R60/2017/r60-2017-nl1-2022-24-rev0	API error for R60/2017/r60-2017-nl1-2022-24-rev0: {"error" => {"code" => "1113", "message" => "Insufficient balance or no resource package. Please recharge."}}
2026-10-06 22:14:25 +0800	R60/2017/r60-2017-nl1-2022-23-rev0	API error for R60/2017/r60-2017-nl1-2022-23-rev0: {"error" => {"code" => "1113", "message" => "Insufficient balance or no resource package. Please recharge."}}
2026-10-06 22:14:25 +0800	R60/2017/r60-2017-nl1-2022-25-rev0	API error for R60/2017/r60-2017-nl1-2022-25-rev0: {"error" => {"code" => "1113", "message" => "Insufficient balance or no resource package. Please recharge."}}
2026-10-06 22:14:25 +0800	R60/2017/r60-2017-nl1-2022-26-rev0	API error for R60/2017/r60-2017-nl1-2022-26-rev0: {"error" => {"code" => "1113", "message" => "Insufficient balance or no resource package. Please recharge."}}
2026-10-06 22:14:25 +0800	R60/2017/r60-2017-nl1-2022-27-rev0	API error for R60/2017/r60-2017-nl1-2022-27-rev0: {"error" => {"code" => "1113", "message" => "Insufficient balance or no resource package. Please recharge."}}
2026-10-06 22:14:25 +0800	R60/2017/r60-2017-nl1-2022-28-rev0	API error for R60/2017/r60-2017-nl1-2022-28-rev0: {"error" => {"code" => "1113", "message" => "Insufficient balance or no resource package. Please recharge."}}
2026-10-06 22:14:25 +0800	R60/2017/r60-2017-nl1-2022-30-rev0	API error for R60/2017/r60-2017-nl1-2022-30-rev0: {"error" => {"code" => "1113", "message" => "Insufficient balance or no resource package. Please recharge."}}
2026-10-06 22:14:25 +0800	R60/2017/r60-2017-nl1-2022-31-rev0	API error for R60/2017/r60-2017-nl1-2022-31-rev0: {"error" => {"code" => "1113", "message" => "Insufficient balance or no resource package. Please recharge."}}
2026-10-06 22:14:25 +0800	R60/2017/r60-2017-nl1-2022-33-rev0	API error for R60/2017/r60-2017-nl1-2022-33-rev0: {"error" => {"code" => "1113", "message" => "Insufficient balance or no resource package. Please recharge."}}
2026-10-06 22:14:25 +0800	R60/2017/r60-2017-nl1-2022-32-rev0	API error for R60/2017/r60-2017-nl1-2022-32-rev0: {"error" => {"code" => "1113", "message" => "Insufficient balance or no resource package. Please recharge."}}
2026-10-06 22:14:25 +0800	R60/2017/r60-2017-nl1-2022-34-rev0	API error for R60/2017/r60-2017-nl1-2022-34-rev0: {"error" => {"code" => "1113", "message" => "Insufficient balance or no resource package. Please recharge."}}
2026-10-06 22:14:25 +0800	R60/2017/r60-2017-nl1-2022-35-rev0	API error for R60/2017/r60-2017-nl1-2022-35-rev0: {"error" => {"code" => "1113", "message" => "Insufficient balance or no resource package. Please recharge."}}
2026-10-06 22:14:25 +0800	R60/2017/r60-2017-nl1-2022-36-rev0	API error for R60/2017/r60-2017-nl1-2022-36-rev0: {"error" => {"code" => "1113", "message" => "Insufficient balance or no resource package. Please recharge."}}
2026-10-06 22:14:25 +0800	R60/2017/r60-2017-nl1-2022-36-rev1	API error for R60/2017/r60-2017-nl1-2022-36-rev1: {"error" => {"code" => "1113", "message" => "Insufficient balance or no resource package. Please recharge."}}
2026-10-06 22:14:25 +0800	R60/2017/r60-2017-nl1-2022-37-rev0	API error for R60/2017/r60-2017-nl1-2022-37-rev0: {"error" => {"code" => "1113", "message" => "Insufficient balance or no resource package. Please recharge."}}
2026-10-06 22:14:25 +0800	R60/2017/r60-2017-nl1-2022-39-rev0	API error for R60/2017/r60-2017-nl1-2022-39-rev0: {"error" => {"code" => "1113", "message" => "Insufficient balance or no resource package. Please recharge."}}
2026-10-06 22:14:25 +0800	R60/2017/r60-2017-nl1-2022-43-rev0	API error for R60/2017/r60-2017-nl1-2022-43-rev0: {"error" => {"code" => "1113", "message" => "Insufficient balance or no resource package. Please recharge."}}
2026-10-06 22:14:25 +0800	R60/2017/r60-2017-nl1-2022-43-rev1	API error for R60/2017/r60-2017-nl1-2022-43-rev1: {"error" => {"code" => "1113", "message" => "Insufficient balance or no resource package. Please recharge."}}
2026-10-06 22:14:25 +0800	R60/2017/r60-2017-nl1-2022-43-rev2	API error for R60/2017/r60-2017-nl1-2022-43-rev2: {"error" => {"code" => "1113", "message" => "Insufficient balance or no resource package. Please recharge."}}
2026-10-06 22:14:25 +0800	R60/2017/r60-2017-nl1-2023-01-rev0	API error for R60/2017/r60-2017-nl1-2023-01-rev0: {"error" => {"code" => "1113", "message" => "Insufficient balance or no resource package. Please recharge."}}
2026-10-06 22:14:25 +0800	R60/2017/r60-2017-nl1-2023-01-rev1	API error for R60/2017/r60-2017-nl1-2023-01-rev1: {"error" => {"code" => "1113", "message" => "Insufficient balance or no resource package. Please recharge."}}
2026-10-06 22:14:25 +0800	R60/2017/r60-2017-nl1-2023-03-rev0	API error for R60/2017/r60-2017-nl1-2023-03-rev0: {"error" => {"code" => "1113", "message" => "Insufficient balance or no resource package. Please recharge."}}
2026-10-06 22:14:25 +0800	R60/2017/r60-2017-nl1-2023-02-rev0	API error for R60/2017/r60-2017-nl1-2023-02-rev0: {"error" => {"code" => "1113", "message" => "Insufficient balance or no resource package. Please recharge."}}
2026-10-06 22:14:25 +0800	R60/2017/r60-2017-nl1-2023-02-rev1	API error for R60/2017/r60-2017-nl1-2023-02-rev1: {"error" => {"code" => "1113", "message" => "Insufficient balance or no resource package. Please recharge."}}
2026-10-06 22:14:25 +0800	R60/2017/r60-2017-nl1-2023-03-rev1	API error for R60/2017/r60-2017-nl1-2023-03-rev1: {"error" => {"code" => "1113", "message" => "Insufficient balance or no resource package. Please recharge."}}
2026-10-06 22:14:25 +0800	R60/2017/r60-2017-nl1-2023-05-rev0	API error for R60/2017/r60-2017-nl1-2023-05-rev0: {"error" => {"code" => "1113", "message" => "Insufficient balance or no resource package. Please recharge."}}
2026-10-06 22:14:25 +0800	R60/2017/r60-2017-nl1-2023-04-rev0	API error for R60/2017/r60-2017-nl1-2023-04-rev0: {"error" => {"code" => "1113", "message" => "Insufficient balance or no resource package. Please recharge."}}
2026-10-06 22:14:25 +0800	R60/2017/r60-2017-nl1-2023-06-rev0	API error for R60/2017/r60-2017-nl1-2023-06-rev0: {"error" => {"code" => "1113", "message" => "Insufficient balance or no resource package. Please recharge."}}
2026-10-06 22:14:25 +0800	R60/2017/r60-2017-nl1-2023-07-rev0	API error for R60/2017/r60-2017-nl1-2023-07-rev0: {"error" => {"code" => "1113", "message" => "Insufficient balance or no resource package. Please recharge."}}
2026-10-06 22:14:25 +0800	R60/2017/r60-2017-nl1-2023-08-rev0	API error for R60/2017/r60-2017-nl1-2023-08-rev0: {"error" => {"code" => "1113", "message" => "Insufficient balance or no resource package. Please recharge."}}
2026-10-06 22:14:25 +0800	R60/2017/r60-2017-nl1-2023-09-rev0	API error for R60/2017/r60-2017-nl1-2023-09-rev0: {"error" => {"code" => "1113", "message" => "Insufficient balance or no resource package. Please recharge."}}
2026-10-06 22:14:25 +0800	R60/2017/r60-2017-nl1-2023-09-rev1	API error for R60/2017/r60-2017-nl1-2023-09-rev1: {"error" => {"code" => "1113", "message" => "Insufficient balance or no resource package. Please recharge."}}
2026-10-06 22:14:25 +0800	R60/2017/r60-2017-nl1-2023-10-rev0	API error for R60/2017/r60-2017-nl1-2023-10-rev0: {"error" => {"code" => "1113", "message" => "Insufficient balance or no resource package. Please recharge."}}
2026-10-06 22:14:25 +0800	R60/2017/r60-2017-nl1-2023-12-rev0	API error for R60/2017/r60-2017-nl1-2023-12-rev0: {"error" => {"code" => "1113", "message" => "Insufficient balance or no resource package. Please recharge."}}
2026-10-06 22:14:25 +0800	R60/2017/r60-2017-nl1-2023-12-rev1	API error for R60/2017/r60-2017-nl1-2023-12-rev1: {"error" => {"code" => "1113", "message" => "Insufficient balance or no resource package. Please recharge."}}
2026-10-06 22:14:25 +0800	R60/2017/r60-2017-nl1-2023-13-rev0	API error for R60/2017/r60-2017-nl1-2023-13-rev0: {"error" => {"code" => "1113", "message" => "Insufficient balance or no resource package. Please recharge."}}
2026-10-06 22:14:25 +0800	R60/2017/r60-2017-nl1-2023-14-rev0	API error for R60/2017/r60-2017-nl1-2023-14-rev0: {"error" => {"code" => "1113", "message" => "Insufficient balance or no resource package. Please recharge."}}
2026-10-06 22:14:25 +0800	R60/2017/r60-2017-nl1-2023-15-rev1	API error for R60/2017/r60-2017-nl1-2023-15-rev1: {"error" => {"code" => "1113", "message" => "Insufficient balance or no resource package. Please recharge."}}
2026-10-06 22:14:25 +0800	R60/2017/r60-2017-nl1-2023-15-rev0	API error for R60/2017/r60-2017-nl1-2023-15-rev0: {"error" => {"code" => "1113", "message" => "Insufficient balance or no resource package. Please recharge."}}
2026-10-06 22:14:25 +0800	R60/2017/r60-2017-nl1-2023-16-rev0	API error for R60/2017/r60-2017-nl1-2023-16-rev0: {"error" => {"code" => "1113", "message" => "Insufficient balance or no resource package. Please recharge."}}
2026-10-06 22:14:25 +0800	R60/2017/r60-2017-nl1-2023-17-rev0	API error for R60/2017/r60-2017-nl1-2023-17-rev0: {"error" => {"code" => "1113", "message" => "Insufficient balance or no resource package. Please recharge."}}
2026-10-06 22:14:25 +0800	R60/2017/r60-2017-nl1-2023-18-rev0	API error for R60/2017/r60-2017-nl1-2023-18-rev0: {"error" => {"code" => "1113", "message" => "Insufficient balance or no resource package. Please recharge."}}
2026-10-06 22:14:25 +0800	R60/2017/r60-2017-nl1-2023-20-rev0	API error for R60/2017/r60-2017-nl1-2023-20-rev0: {"error" => {"code" => "1113", "message" => "Insufficient balance or no resource package. Please recharge."}}
2026-10-06 22:14:25 +0800	R60/2017/r60-2017-nl1-2023-20-rev1	API error for R60/2017/r60-2017-nl1-2023-20-rev1: {"error" => {"code" => "1113", "message" => "Insufficient balance or no resource package. Please recharge."}}
2026-10-06 22:14:25 +0800	R60/2017/r60-2017-nl1-2023-19-rev0	API error for R60/2017/r60-2017-nl1-2023-19-rev0: {"error" => {"code" => "1113", "message" => "Insufficient balance or no resource package. Please recharge."}}
2026-10-06 22:14:25 +0800	R60/2017/r60-2017-nl1-2023-21-rev0	API error for R60/2017/r60-2017-nl1-2023-21-rev0: {"error" => {"code" => "1113", "message" => "Insufficient balance or no resource package. Please recharge."}}
2026-10-06 22:14:25 +0800	R60/2017/r60-2017-nl1-2023-22-rev0	API error for R60/2017/r60-2017-nl1-2023-22-rev0: {"error" => {"code" => "1113", "message" => "Insufficient balance or no resource package. Please recharge."}}
2026-10-06 22:14:25 +0800	R60/2017/r60-2017-nl1-2023-22-rev1	API error for R60/2017/r60-2017-nl1-2023-22-rev1: {"error" => {"code" => "1113", "message" => "Insufficient balance or no resource package. Please recharge."}}
2026-10-06 22:14:25 +0800	R60/2017/r60-2017-nl1-2023-23-rev0	API error for R60/2017/r60-2017-nl1-2023-23-rev0: {"error" => {"code" => "1113", "message" => "Insufficient balance or no resource package. Please recharge."}}
2026-10-06 22:14:25 +0800	R60/2017/r60-2017-nl1-2023-23-rev1	API error for R60/2017/r60-2017-nl1-2023-23-rev1: {"error" => {"code" => "1113", "message" => "Insufficient balance or no resource package. Please recharge."}}
2026-10-06 22:14:25 +0800	R60/2017/r60-2017-nl1-2023-24-rev0	API error for R60/2017/r60-2017-nl1-2023-24-rev0: {"error" => {"code" => "1113", "message" => "Insufficient balance or no resource package. Please recharge."}}
2026-10-06 22:14:25 +0800	R60/2017/r60-2017-nl1-2023-23-rev2	API error for R60/2017/r60-2017-nl1-2023-23-rev2: {"error" => {"code" => "1113", "message" => "Insufficient balance or no resource package. Please recharge."}}
2026-10-06 22:14:25 +0800	R60/2017/r60-2017-nl1-2023-25-rev0	API error for R60/2017/r60-2017-nl1-2023-25-rev0: {"error" => {"code" => "1113", "message" => "Insufficient balance or no resource package. Please recharge."}}
2026-10-06 22:14:25 +0800	R60/2017/r60-2017-nl1-2023-26-rev0	API error for R60/2017/r60-2017-nl1-2023-26-rev0: {"error" => {"code" => "1113", "message" => "Insufficient balance or no resource package. Please recharge."}}
2026-10-06 22:14:25 +0800	R60/2017/r60-2017-nl1-2023-27-rev0	API error for R60/2017/r60-2017-nl1-2023-27-rev0: {"error" => {"code" => "1113", "message" => "Insufficient balance or no resource package. Please recharge."}}
2026-10-06 22:14:25 +0800	R60/2017/r60-2017-nl1-2023-28-rev0	API error for R60/2017/r60-2017-nl1-2023-28-rev0: {"error" => {"code" => "1113", "message" => "Insufficient balance or no resource package. Please recharge."}}
2026-10-06 22:14:25 +0800	R60/2017/r60-2017-nl1-2023-30-rev0	API error for R60/2017/r60-2017-nl1-2023-30-rev0: {"error" => {"code" => "1113", "message" => "Insufficient balance or no resource package. Please recharge."}}
2026-10-06 22:14:25 +0800	R60/2017/r60-2017-nl1-2023-31-rev0	API error for R60/2017/r60-2017-nl1-2023-31-rev0: {"error" => {"code" => "1113", "message" => "Insufficient balance or no resource package. Please recharge."}}
2026-10-06 22:14:25 +0800	R60/2017/r60-2017-nl1-2023-30-rev1	API error for R60/2017/r60-2017-nl1-2023-30-rev1: {"error" => {"code" => "1113", "message" => "Insufficient balance or no resource package. Please recharge."}}
2026-10-06 22:14:25 +0800	R60/2017/r60-2017-nl1-2023-31-rev1	API error for R60/2017/r60-2017-nl1-2023-31-rev1: {"error" => {"code" => "1113", "message" => "Insufficient balance or no resource package. Please recharge."}}
2026-10-06 22:14:25 +0800	R60/2017/r60-2017-nl1-2023-32-rev0	API error for R60/2017/r60-2017-nl1-2023-32-rev0: {"error" => {"code" => "1113", "message" => "Insufficient balance or no resource package. Please recharge."}}
2026-10-06 22:14:25 +0800	R60/2017/r60-2017-nl1-2023-32-rev1	API error for R60/2017/r60-2017-nl1-2023-32-rev1: {"error" => {"code" => "1113", "message" => "Insufficient balance or no resource package. Please recharge."}}
2026-10-06 22:14:25 +0800	R60/2017/r60-2017-nl1-2023-33-rev0	API error for R60/2017/r60-2017-nl1-2023-33-rev0: {"error" => {"code" => "1113", "message" => "Insufficient balance or no resource package. Please recharge."}}
2026-10-06 22:14:25 +0800	R60/2017/r60-2017-nl1-2023-34-rev0	API error for R60/2017/r60-2017-nl1-2023-34-rev0: {"error" => {"code" => "1113", "message" => "Insufficient balance or no resource package. Please recharge."}}
2026-10-06 22:14:25 +0800	R60/2017/r60-2017-nl1-2023-36-rev0	API error for R60/2017/r60-2017-nl1-2023-36-rev0: {"error" => {"code" => "1113", "message" => "Insufficient balance or no resource package. Please recharge."}}
2026-10-06 22:14:25 +0800	R60/2017/r60-2017-nl1-2024-01-rev0	API error for R60/2017/r60-2017-nl1-2024-01-rev0: {"error" => {"code" => "1113", "message" => "Insufficient balance or no resource package. Please recharge."}}
2026-10-06 22:14:25 +0800	R60/2017/r60-2017-nl1-2024-02-rev0	API error for R60/2017/r60-2017-nl1-2024-02-rev0: {"error" => {"code" => "1113", "message" => "Insufficient balance or no resource package. Please recharge."}}
2026-10-06 22:14:25 +0800	R60/2017/r60-2017-nl1-2024-03-rev0	API error for R60/2017/r60-2017-nl1-2024-03-rev0: {"error" => {"code" => "1113", "message" => "Insufficient balance or no resource package. Please recharge."}}
2026-10-06 22:14:25 +0800	R60/2017/r60-2017-nl1-2024-03-rev1	API error for R60/2017/r60-2017-nl1-2024-03-rev1: {"error" => {"code" => "1113", "message" => "Insufficient balance or no resource package. Please recharge."}}
2026-10-06 22:14:25 +0800	R60/2017/r60-2017-nl1-2024-06-rev0	API error for R60/2017/r60-2017-nl1-2024-06-rev0: {"error" => {"code" => "1113", "message" => "Insufficient balance or no resource package. Please recharge."}}
2026-10-06 22:14:25 +0800	R60/2017/r60-2017-nl1-2024-04-rev0	API error for R60/2017/r60-2017-nl1-2024-04-rev0: {"error" => {"code" => "1113", "message" => "Insufficient balance or no resource package. Please recharge."}}
2026-10-06 22:14:25 +0800	R60/2017/r60-2017-nl1-2024-05-rev0	API error for R60/2017/r60-2017-nl1-2024-05-rev0: {"error" => {"code" => "1113", "message" => "Insufficient balance or no resource package. Please recharge."}}
2026-10-06 22:14:25 +0800	R60/2017/r60-2017-nl1-2024-12-rev0	API error for R60/2017/r60-2017-nl1-2024-12-rev0: {"error" => {"code" => "1113", "message" => "Insufficient balance or no resource package. Please recharge."}}
2026-10-06 22:14:25 +0800	R60/2017/r60-2017-nl1-2024-35-rev0	API error for R60/2017/r60-2017-nl1-2024-35-rev0: {"error" => {"code" => "1113", "message" => "Insufficient balance or no resource package. Please recharge."}}
2026-10-06 22:14:25 +0800	R60/2021/r60-2021-nl1-2024-25-rev0	API error for R60/2021/r60-2021-nl1-2024-25-rev0: {"error" => {"code" => "1113", "message" => "Insufficient balance or no resource package. Please recharge."}}
2026-10-06 22:14:25 +0800	R60/2021/r60-2021-nl1-2025-08-rev0	API error for R60/2021/r60-2021-nl1-2025-08-rev0: {"error" => {"code" => "1113", "message" => "Insufficient balance or no resource package. Please recharge."}}
2026-10-06 22:14:25 +0800	R60/2021/r60-2021-nl1-2025-21-rev0	API error for R60/2021/r60-2021-nl1-2025-21-rev0: {"error" => {"code" => "1113", "message" => "Insufficient balance or no resource package. Please recharge."}}
2026-10-06 22:14:25 +0800	R60/2021/r60-2021-nl1-2025-43-rev0	API error for R60/2021/r60-2021-nl1-2025-43-rev0: {"error" => {"code" => "1113", "message" => "Insufficient balance or no resource package. Please recharge."}}
2026-10-06 22:14:25 +0800	R61/1996/r061-1996-de1-2001-01-rev1	API error for R61/1996/r061-1996-de1-2001-01-rev1: {"error" => {"code" => "1113", "message" => "Insufficient balance or no resource package. Please recharge."}}
2026-10-06 22:14:25 +0800	R60/2021/r60-2021-nl1-2026-09-rev0	API error for R60/2021/r60-2021-nl1-2026-09-rev0: {"error" => {"code" => "1113", "message" => "Insufficient balance or no resource package. Please recharge."}}
2026-10-06 22:14:25 +0800	R61/1996/r061-1996-de1-2004-03-rev2	API error for R61/1996/r061-1996-de1-2004-03-rev2: {"error" => {"code" => "1113", "message" => "Insufficient balance or no resource package. Please recharge."}}
2026-10-06 22:14:25 +0800	R61/1996/r061-1996-nl1-2006-01	API error for R61/1996/r061-1996-nl1-2006-01: {"error" => {"code" => "1113", "message" => "Insufficient balance or no resource package. Please recharge."}}
2026-10-06 22:14:25 +0800	R61/1996/r061-1996-de1-2004-06-rev1	API error for R61/1996/r061-1996-de1-2004-06-rev1: {"error" => {"code" => "1113", "message" => "Insufficient balance or no resource package. Please recharge."}}
2026-10-06 22:14:25 +0800	R61/1996/r061-1996-de1-2004-05-rev1	API error for R61/1996/r061-1996-de1-2004-05-rev1: {"error" => {"code" => "1113", "message" => "Insufficient balance or no resource package. Please recharge."}}
2026-10-06 22:14:25 +0800	R61/2004/r061-2004-de1-2005-01	API error for R61/2004/r061-2004-de1-2005-01: {"error" => {"code" => "1113", "message" => "Insufficient balance or no resource package. Please recharge."}}
2026-10-06 22:14:25 +0800	R61/2004/r061-2004-de1-2006-01	API error for R61/2004/r061-2004-de1-2006-01: {"error" => {"code" => "1113", "message" => "Insufficient balance or no resource package. Please recharge."}}
2026-10-06 22:14:25 +0800	R61/2004/r061-2004-de1-2005-02-rev1	API error for R61/2004/r061-2004-de1-2005-02-rev1: {"error" => {"code" => "1113", "message" => "Insufficient balance or no resource package. Please recharge."}}
2026-10-06 22:14:25 +0800	R61/2004/r061-2004-de1-2005-02	API error for R61/2004/r061-2004-de1-2005-02: {"error" => {"code" => "1113", "message" => "Insufficient balance or no resource package. Please recharge."}}
2026-10-06 22:14:25 +0800	R61/2004/r061-2004-de1-2005-03	API error for R61/2004/r061-2004-de1-2005-03: {"error" => {"code" => "1113", "message" => "Insufficient balance or no resource package. Please recharge."}}
2026-10-06 22:14:25 +0800	R61/2004/r061-2004-de1-2006-02	API error for R61/2004/r061-2004-de1-2006-02: {"error" => {"code" => "1113", "message" => "Insufficient balance or no resource package. Please recharge."}}
2026-10-06 22:14:25 +0800	R61/2004/r061-2004-de1-2013-01	API error for R61/2004/r061-2004-de1-2013-01: {"error" => {"code" => "1113", "message" => "Insufficient balance or no resource package. Please recharge."}}
2026-10-06 22:14:25 +0800	R61/2004/r061-2004-dk3-2017-01	API error for R61/2004/r061-2004-dk3-2017-01: {"error" => {"code" => "1113", "message" => "Insufficient balance or no resource package. Please recharge."}}
2026-10-06 22:14:25 +0800	R61/2004/r061-2004-de1-2010-01	API error for R61/2004/r061-2004-de1-2010-01: {"error" => {"code" => "1113", "message" => "Insufficient balance or no resource package. Please recharge."}}
2026-10-06 22:14:25 +0800	R61/2004/r061-2004-gb1-2006-02	API error for R61/2004/r061-2004-gb1-2006-02: {"error" => {"code" => "1113", "message" => "Insufficient balance or no resource package. Please recharge."}}
2026-10-06 22:14:25 +0800	R61/2004/r061-2004-gb1-2006-01	API error for R61/2004/r061-2004-gb1-2006-01: {"error" => {"code" => "1113", "message" => "Insufficient balance or no resource package. Please recharge."}}
2026-10-06 22:14:25 +0800	R61/2004/r061-2004-gb1-2006-01-rev1	API error for R61/2004/r061-2004-gb1-2006-01-rev1: {"error" => {"code" => "1113", "message" => "Insufficient balance or no resource package. Please recharge."}}
2026-10-06 22:14:25 +0800	R61/2004/r061-2004-gb1-2012-01-rev1	API error for R61/2004/r061-2004-gb1-2012-01-rev1: {"error" => {"code" => "1113", "message" => "Insufficient balance or no resource package. Please recharge."}}
2026-10-06 22:14:25 +0800	R61/2004/r061-2004-gb1-2012-01	API error for R61/2004/r061-2004-gb1-2012-01: {"error" => {"code" => "1113", "message" => "Insufficient balance or no resource package. Please recharge."}}
2026-10-06 22:14:25 +0800	R61/2004/r061-2004-gb1-2015-01	API error for R61/2004/r061-2004-gb1-2015-01: {"error" => {"code" => "1113", "message" => "Insufficient balance or no resource package. Please recharge."}}
2026-10-06 22:14:25 +0800	R61/2004/r061-2004-gb1-2013-01	API error for R61/2004/r061-2004-gb1-2013-01: {"error" => {"code" => "1113", "message" => "Insufficient balance or no resource package. Please recharge."}}
2026-10-06 22:14:25 +0800	R61/2004/r061-2004-gb1-2017-01	API error for R61/2004/r061-2004-gb1-2017-01: {"error" => {"code" => "1113", "message" => "Insufficient balance or no resource package. Please recharge."}}
2026-10-06 22:14:25 +0800	R61/2004/r061-2004-nl1-2005-01	API error for R61/2004/r061-2004-nl1-2005-01: {"error" => {"code" => "1113", "message" => "Insufficient balance or no resource package. Please recharge."}}
2026-10-06 22:14:25 +0800	R61/2004/r061-2004-nl1-2010-01-rev1	API error for R61/2004/r061-2004-nl1-2010-01-rev1: {"error" => {"code" => "1113", "message" => "Insufficient balance or no resource package. Please recharge."}}
2026-10-06 22:14:25 +0800	R61/2004/r061-2004-nl1-2010-01	API error for R61/2004/r061-2004-nl1-2010-01: {"error" => {"code" => "1113", "message" => "Insufficient balance or no resource package. Please recharge."}}
2026-10-06 22:14:25 +0800	R61/2004/r061-2004-nl1-2009-01	API error for R61/2004/r061-2004-nl1-2009-01: {"error" => {"code" => "1113", "message" => "Insufficient balance or no resource package. Please recharge."}}
2026-10-06 22:14:25 +0800	R61/2004/r061-2004-nl1-2011-01	API error for R61/2004/r061-2004-nl1-2011-01: {"error" => {"code" => "1113", "message" => "Insufficient balance or no resource package. Please recharge."}}
2026-10-06 22:14:25 +0800	R61/2004/r061-2004-nl1-2013-01-rev1	API error for R61/2004/r061-2004-nl1-2013-01-rev1: {"error" => {"code" => "1113", "message" => "Insufficient balance or no resource package. Please recharge."}}
2026-10-06 22:14:25 +0800	R61/2004/r061-2004-nl1-2014-01	API error for R61/2004/r061-2004-nl1-2014-01: {"error" => {"code" => "1113", "message" => "Insufficient balance or no resource package. Please recharge."}}
2026-10-06 22:14:25 +0800	R61/2004/r061-2004-nl1-2015-02	API error for R61/2004/r061-2004-nl1-2015-02: {"error" => {"code" => "1113", "message" => "Insufficient balance or no resource package. Please recharge."}}
2026-10-06 22:14:25 +0800	R61/2004/r061-2004-nl1-2016-02	API error for R61/2004/r061-2004-nl1-2016-02: {"error" => {"code" => "1113", "message" => "Insufficient balance or no resource package. Please recharge."}}
2026-10-06 22:14:25 +0800	R61/2004/r061-2004-nl1-2016-01	API error for R61/2004/r061-2004-nl1-2016-01: {"error" => {"code" => "1113", "message" => "Insufficient balance or no resource package. Please recharge."}}
2026-10-06 22:14:25 +0800	R61/2004/r061-2004-nl1-2016-03	API error for R61/2004/r061-2004-nl1-2016-03: {"error" => {"code" => "1113", "message" => "Insufficient balance or no resource package. Please recharge."}}
2026-10-06 22:14:25 +0800	R61/2004/r061-2004-nl1-2016-04	API error for R61/2004/r061-2004-nl1-2016-04: {"error" => {"code" => "1113", "message" => "Insufficient balance or no resource package. Please recharge."}}
2026-10-06 22:14:25 +0800	R61/2004/r061-2004-nl1-2017-01	API error for R61/2004/r061-2004-nl1-2017-01: {"error" => {"code" => "1113", "message" => "Insufficient balance or no resource package. Please recharge."}}
2026-10-06 22:14:25 +0800	R61/2004/r061-2004-nl1-2017-02	API error for R61/2004/r061-2004-nl1-2017-02: {"error" => {"code" => "1113", "message" => "Insufficient balance or no resource package. Please recharge."}}
2026-10-06 22:14:25 +0800	R61/2004/r061-2004-nl1-2017-03	API error for R61/2004/r061-2004-nl1-2017-03: {"error" => {"code" => "1113", "message" => "Insufficient balance or no resource package. Please recharge."}}
2026-10-06 22:14:25 +0800	R61/2004/r061-2004-nl1-2018-01	API error for R61/2004/r061-2004-nl1-2018-01: {"error" => {"code" => "1113", "message" => "Insufficient balance or no resource package. Please recharge."}}
2026-10-06 22:14:25 +0800	R61/2004/r061-2004-nl1-2020-04	API error for R61/2004/r061-2004-nl1-2020-04: {"error" => {"code" => "1113", "message" => "Insufficient balance or no resource package. Please recharge."}}
2026-10-06 22:14:25 +0800	R61/2004/r061-2004-nl1-2020-23	API error for R61/2004/r061-2004-nl1-2020-23: {"error" => {"code" => "1113", "message" => "Insufficient balance or no resource package. Please recharge."}}
2026-10-06 22:14:25 +0800	R61/2004/r61-2004-nl1-2023-01-rev0	API error for R61/2004/r61-2004-nl1-2023-01-rev0: {"error" => {"code" => "1113", "message" => "Insufficient balance or no resource package. Please recharge."}}
2026-10-06 22:14:25 +0800	R76/1992/r076-1992-au1-2002-01-rev2	API error for R76/1992/r076-1992-au1-2002-01-rev2: {"error" => {"code" => "1113", "message" => "Insufficient balance or no resource package. Please recharge."}}
2026-10-06 22:14:25 +0800	R76/1992/r076-1992-au1-2002-01-rev3	API error for R76/1992/r076-1992-au1-2002-01-rev3: {"error" => {"code" => "1113", "message" => "Insufficient balance or no resource package. Please recharge."}}
2026-10-06 22:14:25 +0800	R76/1992/r076-1992-au1-2016-01	API error for R76/1992/r076-1992-au1-2016-01: {"error" => {"code" => "1113", "message" => "Insufficient balance or no resource package. Please recharge."}}
2026-10-06 22:14:25 +0800	R76/1992/r076-1992-au1-2005-01	API error for R76/1992/r076-1992-au1-2005-01: {"error" => {"code" => "1113", "message" => "Insufficient balance or no resource package. Please recharge."}}
2026-10-06 22:14:25 +0800	R76/1992/r076-1992-ch1-2006-01	API error for R76/1992/r076-1992-ch1-2006-01: {"error" => {"code" => "1113", "message" => "Insufficient balance or no resource package. Please recharge."}}
2026-10-06 22:14:25 +0800	R76/1992/r076-1992-cn1-2005-01	API error for R76/1992/r076-1992-cn1-2005-01: {"error" => {"code" => "1113", "message" => "Insufficient balance or no resource package. Please recharge."}}
2026-10-06 22:14:25 +0800	R76/1992/r076-1992-cn1-2005-02	API error for R76/1992/r076-1992-cn1-2005-02: {"error" => {"code" => "1113", "message" => "Insufficient balance or no resource package. Please recharge."}}
2026-10-06 22:14:25 +0800	R76/1992/r076-1992-cn1-2005-03	API error for R76/1992/r076-1992-cn1-2005-03: {"error" => {"code" => "1113", "message" => "Insufficient balance or no resource package. Please recharge."}}
2026-10-06 22:14:25 +0800	R76/1992/r076-1992-cn1-2005-04	API error for R76/1992/r076-1992-cn1-2005-04: {"error" => {"code" => "1113", "message" => "Insufficient balance or no resource package. Please recharge."}}
2026-10-06 22:14:25 +0800	R76/1992/r076-1992-cn1-2005-05	API error for R76/1992/r076-1992-cn1-2005-05: {"error" => {"code" => "1113", "message" => "Insufficient balance or no resource package. Please recharge."}}
2026-10-06 22:14:25 +0800	R76/1992/r076-1992-cn1-2007-01	API error for R76/1992/r076-1992-cn1-2007-01: {"error" => {"code" => "1113", "message" => "Insufficient balance or no resource package. Please recharge."}}
2026-10-06 22:14:25 +0800	R76/1992/r076-1992-cz1-2006-02	API error for R76/1992/r076-1992-cz1-2006-02: {"error" => {"code" => "1113", "message" => "Insufficient balance or no resource package. Please recharge."}}
2026-10-06 22:14:25 +0800	R76/1992/r076-1992-cz1-2006-01	API error for R76/1992/r076-1992-cz1-2006-01: {"error" => {"code" => "1113", "message" => "Insufficient balance or no resource package. Please recharge."}}
2026-10-06 22:14:25 +0800	R76/1992/r076-1992-de1-1995-02-rev4	API error for R76/1992/r076-1992-de1-1995-02-rev4: {"error" => {"code" => "1113", "message" => "Insufficient balance or no resource package. Please recharge."}}
2026-10-06 22:14:25 +0800	R76/1992/r076-1992-cz1-2009-01	API error for R76/1992/r076-1992-cz1-2009-01: {"error" => {"code" => "1113", "message" => "Insufficient balance or no resource package. Please recharge."}}
2026-10-06 22:14:25 +0800	R76/1992/r076-1992-de1-1998-04-rev4	API error for R76/1992/r076-1992-de1-1998-04-rev4: {"error" => {"code" => "1113", "message" => "Insufficient balance or no resource package. Please recharge."}}
2026-10-06 22:14:25 +0800	R76/1992/r076-1992-de1-1998-01-rev1	API error for R76/1992/r076-1992-de1-1998-01-rev1: {"error" => {"code" => "1113", "message" => "Insufficient balance or no resource package. Please recharge."}}
2026-10-06 22:14:25 +0800	R76/1992/r076-1992-de1-2000-09-rev8	API error for R76/1992/r076-1992-de1-2000-09-rev8: {"error" => {"code" => "1113", "message" => "Insufficient balance or no resource package. Please recharge."}}
2026-10-06 22:14:25 +0800	R76/1992/r076-1992-de1-2001-08-rev3	API error for R76/1992/r076-1992-de1-2001-08-rev3: {"error" => {"code" => "1113", "message" => "Insufficient balance or no resource package. Please recharge."}}
2026-10-06 22:14:25 +0800	R76/1992/r076-1992-de1-2002-04-rev2	API error for R76/1992/r076-1992-de1-2002-04-rev2: {"error" => {"code" => "1113", "message" => "Insufficient balance or no resource package. Please recharge."}}
2026-10-06 22:14:25 +0800	R76/1992/r076-1992-de1-2001-08-rev4	API error for R76/1992/r076-1992-de1-2001-08-rev4: {"error" => {"code" => "1113", "message" => "Insufficient balance or no resource package. Please recharge."}}
2026-10-06 22:14:25 +0800	R76/1992/r076-1992-de1-2002-05-rev1	API error for R76/1992/r076-1992-de1-2002-05-rev1: {"error" => {"code" => "1113", "message" => "Insufficient balance or no resource package. Please recharge."}}
2026-10-06 22:14:25 +0800	R76/1992/r076-1992-de1-2003-01-rev2	API error for R76/1992/r076-1992-de1-2003-01-rev2: {"error" => {"code" => "1113", "message" => "Insufficient balance or no resource package. Please recharge."}}
2026-10-06 22:14:25 +0800	R76/1992/r076-1992-de1-2004-04-rev2	API error for R76/1992/r076-1992-de1-2004-04-rev2: {"error" => {"code" => "1113", "message" => "Insufficient balance or no resource package. Please recharge."}}
2026-10-06 22:14:25 +0800	R76/1992/r076-1992-de1-2003-03-rev2	API error for R76/1992/r076-1992-de1-2003-03-rev2: {"error" => {"code" => "1113", "message" => "Insufficient balance or no resource package. Please recharge."}}
2026-10-06 22:14:25 +0800	R76/1992/r076-1992-de1-2004-04-rev3	API error for R76/1992/r076-1992-de1-2004-04-rev3: {"error" => {"code" => "1113", "message" => "Insufficient balance or no resource package. Please recharge."}}
2026-10-06 22:14:25 +0800	R76/1992/r076-1992-de1-2004-07-rev1	API error for R76/1992/r076-1992-de1-2004-07-rev1: {"error" => {"code" => "1113", "message" => "Insufficient balance or no resource package. Please recharge."}}
2026-10-06 22:14:25 +0800	R76/1992/r076-1992-de1-2004-08	API error for R76/1992/r076-1992-de1-2004-08: {"error" => {"code" => "1113", "message" => "Insufficient balance or no resource package. Please recharge."}}
2026-10-06 22:14:25 +0800	R76/1992/r076-1992-de1-2005-01	API error for R76/1992/r076-1992-de1-2005-01: {"error" => {"code" => "1113", "message" => "Insufficient balance or no resource package. Please recharge."}}
2026-10-06 22:14:25 +0800	R76/1992/r076-1992-de1-2005-02	API error for R76/1992/r076-1992-de1-2005-02: {"error" => {"code" => "1113", "message" => "Insufficient balance or no resource package. Please recharge."}}
2026-10-06 22:14:25 +0800	R76/1992/r076-1992-de1-2005-03	API error for R76/1992/r076-1992-de1-2005-03: {"error" => {"code" => "1113", "message" => "Insufficient balance or no resource package. Please recharge."}}
2026-10-06 22:14:25 +0800	R76/1992/r076-1992-de1-2005-04-rev1	API error for R76/1992/r076-1992-de1-2005-04-rev1: {"error" => {"code" => "1113", "message" => "Insufficient balance or no resource package. Please recharge."}}
2026-10-06 22:14:25 +0800	R76/1992/r076-1992-de1-2005-04-rev2	API error for R76/1992/r076-1992-de1-2005-04-rev2: {"error" => {"code" => "1113", "message" => "Insufficient balance or no resource package. Please recharge."}}
2026-10-06 22:14:25 +0800	R76/1992/r076-1992-de1-2005-04	API error for R76/1992/r076-1992-de1-2005-04: {"error" => {"code" => "1113", "message" => "Insufficient balance or no resource package. Please recharge."}}
2026-10-06 22:14:25 +0800	R76/1992/r076-1992-de1-2005-05	API error for R76/1992/r076-1992-de1-2005-05: {"error" => {"code" => "1113", "message" => "Insufficient balance or no resource package. Please recharge."}}
2026-10-06 22:14:25 +0800	R76/1992/r076-1992-de1-2005-06	API error for R76/1992/r076-1992-de1-2005-06: {"error" => {"code" => "1113", "message" => "Insufficient balance or no resource package. Please recharge."}}
2026-10-06 22:14:25 +0800	R76/1992/r076-1992-de1-2005-07	API error for R76/1992/r076-1992-de1-2005-07: {"error" => {"code" => "1113", "message" => "Insufficient balance or no resource package. Please recharge."}}
2026-10-06 22:14:25 +0800	R76/1992/r076-1992-de1-2005-08-rev1	API error for R76/1992/r076-1992-de1-2005-08-rev1: {"error" => {"code" => "1113", "message" => "Insufficient balance or no resource package. Please recharge."}}
2026-10-06 22:14:25 +0800	R76/1992/r076-1992-de1-2005-09-rev1	API error for R76/1992/r076-1992-de1-2005-09-rev1: {"error" => {"code" => "1113", "message" => "Insufficient balance or no resource package. Please recharge."}}
2026-10-06 22:14:25 +0800	R76/1992/r076-1992-de1-2005-09-rev2	API error for R76/1992/r076-1992-de1-2005-09-rev2: {"error" => {"code" => "1113", "message" => "Insufficient balance or no resource package. Please recharge."}}
2026-10-06 22:14:25 +0800	R76/1992/r076-1992-de1-2005-09	API error for R76/1992/r076-1992-de1-2005-09: {"error" => {"code" => "1113", "message" => "Insufficient balance or no resource package. Please recharge."}}
2026-10-06 22:14:25 +0800	R76/1992/r076-1992-de1-2005-10-rev1	API error for R76/1992/r076-1992-de1-2005-10-rev1: {"error" => {"code" => "1113", "message" => "Insufficient balance or no resource package. Please recharge."}}
2026-10-06 22:14:25 +0800	R76/1992/r076-1992-de1-2005-10-rev2	API error for R76/1992/r076-1992-de1-2005-10-rev2: {"error" => {"code" => "1113", "message" => "Insufficient balance or no resource package. Please recharge."}}
2026-10-06 22:14:25 +0800	R76/1992/r076-1992-de1-2005-10	API error for R76/1992/r076-1992-de1-2005-10: {"error" => {"code" => "1113", "message" => "Insufficient balance or no resource package. Please recharge."}}
2026-10-06 22:14:25 +0800	R76/1992/r076-1992-de1-2006-01-rev1	API error for R76/1992/r076-1992-de1-2006-01-rev1: {"error" => {"code" => "1113", "message" => "Insufficient balance or no resource package. Please recharge."}}
2026-10-06 22:14:25 +0800	R76/1992/r076-1992-de1-2006-01-rev2	API error for R76/1992/r076-1992-de1-2006-01-rev2: {"error" => {"code" => "1113", "message" => "Insufficient balance or no resource package. Please recharge."}}
2026-10-06 22:14:25 +0800	R76/1992/r076-1992-de1-2006-01-rev3	API error for R76/1992/r076-1992-de1-2006-01-rev3: {"error" => {"code" => "1113", "message" => "Insufficient balance or no resource package. Please recharge."}}
2026-10-06 22:14:25 +0800	R76/1992/r076-1992-de1-2006-02	API error for R76/1992/r076-1992-de1-2006-02: {"error" => {"code" => "1113", "message" => "Insufficient balance or no resource package. Please recharge."}}
2026-10-06 22:14:25 +0800	R76/1992/r076-1992-de1-2006-03	API error for R76/1992/r076-1992-de1-2006-03: {"error" => {"code" => "1113", "message" => "Insufficient balance or no resource package. Please recharge."}}
2026-10-06 22:14:25 +0800	R76/1992/r076-1992-de1-2006-07	API error for R76/1992/r076-1992-de1-2006-07: {"error" => {"code" => "1113", "message" => "Insufficient balance or no resource package. Please recharge."}}
2026-10-06 22:14:25 +0800	R76/1992/r076-1992-de1-2006-05	API error for R76/1992/r076-1992-de1-2006-05: {"error" => {"code" => "1113", "message" => "Insufficient balance or no resource package. Please recharge."}}
2026-10-06 22:14:25 +0800	R76/1992/r076-1992-de1-2006-04	API error for R76/1992/r076-1992-de1-2006-04: {"error" => {"code" => "1113", "message" => "Insufficient balance or no resource package. Please recharge."}}
2026-10-06 22:14:25 +0800	R76/1992/r076-1992-de1-2006-08	API error for R76/1992/r076-1992-de1-2006-08: {"error" => {"code" => "1113", "message" => "Insufficient balance or no resource package. Please recharge."}}
2026-10-06 22:14:25 +0800	R76/1992/r076-1992-de1-2006-09-rev1	API error for R76/1992/r076-1992-de1-2006-09-rev1: {"error" => {"code" => "1113", "message" => "Insufficient balance or no resource package. Please recharge."}}
2026-10-06 22:14:25 +0800	R76/1992/r076-1992-de1-2007-01	API error for R76/1992/r076-1992-de1-2007-01: {"error" => {"code" => "1113", "message" => "Insufficient balance or no resource package. Please recharge."}}
2026-10-06 22:14:25 +0800	R76/1992/r076-1992-de1-2006-09	API error for R76/1992/r076-1992-de1-2006-09: {"error" => {"code" => "1113", "message" => "Insufficient balance or no resource package. Please recharge."}}
2026-10-06 22:14:25 +0800	R76/1992/r076-1992-de1-2007-02	API error for R76/1992/r076-1992-de1-2007-02: {"error" => {"code" => "1113", "message" => "Insufficient balance or no resource package. Please recharge."}}
2026-10-06 22:14:25 +0800	R76/1992/r076-1992-de1-2007-03	API error for R76/1992/r076-1992-de1-2007-03: {"error" => {"code" => "1113", "message" => "Insufficient balance or no resource package. Please recharge."}}
2026-10-06 22:14:25 +0800	R76/1992/r076-1992-de1-2007-04	API error for R76/1992/r076-1992-de1-2007-04: {"error" => {"code" => "1113", "message" => "Insufficient balance or no resource package. Please recharge."}}
2026-10-06 22:14:25 +0800	R76/1992/r076-1992-de1-2007-05	API error for R76/1992/r076-1992-de1-2007-05: {"error" => {"code" => "1113", "message" => "Insufficient balance or no resource package. Please recharge."}}
2026-10-06 22:14:25 +0800	R76/1992/r076-1992-de1-2007-06	API error for R76/1992/r076-1992-de1-2007-06: {"error" => {"code" => "1113", "message" => "Insufficient balance or no resource package. Please recharge."}}
2026-10-06 22:14:25 +0800	R76/1992/r076-1992-de1-2007-07-rev1	API error for R76/1992/r076-1992-de1-2007-07-rev1: {"error" => {"code" => "1113", "message" => "Insufficient balance or no resource package. Please recharge."}}
2026-10-06 22:14:25 +0800	R76/1992/r076-1992-de1-2007-07	API error for R76/1992/r076-1992-de1-2007-07: {"error" => {"code" => "1113", "message" => "Insufficient balance or no resource package. Please recharge."}}
2026-10-06 22:14:25 +0800	R76/1992/r076-1992-de1-2007-08-rev1	API error for R76/1992/r076-1992-de1-2007-08-rev1: {"error" => {"code" => "1113", "message" => "Insufficient balance or no resource package. Please recharge."}}
2026-10-06 22:14:25 +0800	R76/1992/r076-1992-de1-2007-08-rev2	API error for R76/1992/r076-1992-de1-2007-08-rev2: {"error" => {"code" => "1113", "message" => "Insufficient balance or no resource package. Please recharge."}}
2026-10-06 22:14:25 +0800	R76/1992/r076-1992-de1-2007-08-rev3	API error for R76/1992/r076-1992-de1-2007-08-rev3: {"error" => {"code" => "1113", "message" => "Insufficient balance or no resource package. Please recharge."}}
2026-10-06 22:14:25 +0800	R76/1992/r076-1992-de1-2007-08	API error for R76/1992/r076-1992-de1-2007-08: {"error" => {"code" => "1113", "message" => "Insufficient balance or no resource package. Please recharge."}}
2026-10-06 22:14:25 +0800	R76/1992/r076-1992-de1-2007-09	API error for R76/1992/r076-1992-de1-2007-09: {"error" => {"code" => "1113", "message" => "Insufficient balance or no resource package. Please recharge."}}
2026-10-06 22:14:25 +0800	R76/1992/r076-1992-de1-2007-10	API error for R76/1992/r076-1992-de1-2007-10: {"error" => {"code" => "1113", "message" => "Insufficient balance or no resource package. Please recharge."}}
2026-10-06 22:14:25 +0800	R76/1992/r076-1992-de1-2008-02	API error for R76/1992/r076-1992-de1-2008-02: {"error" => {"code" => "1113", "message" => "Insufficient balance or no resource package. Please recharge."}}
2026-10-06 22:14:25 +0800	R76/1992/r076-1992-de1-2008-03-rev2	API error for R76/1992/r076-1992-de1-2008-03-rev2: {"error" => {"code" => "1113", "message" => "Insufficient balance or no resource package. Please recharge."}}
2026-10-06 22:14:25 +0800	R76/1992/r076-1992-de1-2012-03-rev1	API error for R76/1992/r076-1992-de1-2012-03-rev1: {"error" => {"code" => "1113", "message" => "Insufficient balance or no resource package. Please recharge."}}
2026-10-06 22:14:25 +0800	R76/1992/r076-1992-dk1-2001-02-rev1	API error for R76/1992/r076-1992-dk1-2001-02-rev1: {"error" => {"code" => "1113", "message" => "Insufficient balance or no resource package. Please recharge."}}
2026-10-06 22:14:25 +0800	R76/1992/r076-1992-dk1-2002-01-rev1	API error for R76/1992/r076-1992-dk1-2002-01-rev1: {"error" => {"code" => "1113", "message" => "Insufficient balance or no resource package. Please recharge."}}
2026-10-06 22:14:25 +0800	R76/1992/r076-1992-dk1-2001-02-rev2	API error for R76/1992/r076-1992-dk1-2001-02-rev2: {"error" => {"code" => "1113", "message" => "Insufficient balance or no resource package. Please recharge."}}
2026-10-06 22:14:25 +0800	R76/1992/r076-1992-dk1-2002-01-rev2	API error for R76/1992/r076-1992-dk1-2002-01-rev2: {"error" => {"code" => "1113", "message" => "Insufficient balance or no resource package. Please recharge."}}
2026-10-06 22:14:25 +0800	R76/1992/r076-1992-dk1-2006-01-rev1	API error for R76/1992/r076-1992-dk1-2006-01-rev1: {"error" => {"code" => "1113", "message" => "Insufficient balance or no resource package. Please recharge."}}
2026-10-06 22:14:25 +0800	R76/1992/r076-1992-dk1-2006-02	API error for R76/1992/r076-1992-dk1-2006-02: {"error" => {"code" => "1113", "message" => "Insufficient balance or no resource package. Please recharge."}}
2026-10-06 22:14:25 +0800	R76/1992/r076-1992-dk1-2006-01	API error for R76/1992/r076-1992-dk1-2006-01: {"error" => {"code" => "1113", "message" => "Insufficient balance or no resource package. Please recharge."}}
2026-10-06 22:14:25 +0800	R76/1992/r076-1992-dk1-2007-01	API error for R76/1992/r076-1992-dk1-2007-01: {"error" => {"code" => "1113", "message" => "Insufficient balance or no resource package. Please recharge."}}
2026-10-06 22:14:25 +0800	R76/1992/r076-1992-dk1-2008-02	API error for R76/1992/r076-1992-dk1-2008-02: {"error" => {"code" => "1113", "message" => "Insufficient balance or no resource package. Please recharge."}}
2026-10-06 22:14:25 +0800	R76/1992/r076-1992-dk1-2006-03	API error for R76/1992/r076-1992-dk1-2006-03: {"error" => {"code" => "1113", "message" => "Insufficient balance or no resource package. Please recharge."}}
2026-10-06 22:14:25 +0800	R76/1992/r076-1992-dk1-2008-03	API error for R76/1992/r076-1992-dk1-2008-03: {"error" => {"code" => "1113", "message" => "Insufficient balance or no resource package. Please recharge."}}
2026-10-06 22:14:25 +0800	R76/1992/r076-1992-dk1-2009-01-rev1	API error for R76/1992/r076-1992-dk1-2009-01-rev1: {"error" => {"code" => "1113", "message" => "Insufficient balance or no resource package. Please recharge."}}
2026-10-06 22:14:25 +0800	R76/1992/r076-1992-dk1-2009-01-rev2	API error for R76/1992/r076-1992-dk1-2009-01-rev2: {"error" => {"code" => "1113", "message" => "Insufficient balance or no resource package. Please recharge."}}
2026-10-06 22:14:25 +0800	R76/1992/r076-1992-dk1-2009-02	API error for R76/1992/r076-1992-dk1-2009-02: {"error" => {"code" => "1113", "message" => "Insufficient balance or no resource package. Please recharge."}}
2026-10-06 22:14:25 +0800	R76/1992/r076-1992-dk1-2009-01	API error for R76/1992/r076-1992-dk1-2009-01: {"error" => {"code" => "1113", "message" => "Insufficient balance or no resource package. Please recharge."}}
2026-10-06 22:14:25 +0800	R76/1992/r076-1992-dk1-2009-04	API error for R76/1992/r076-1992-dk1-2009-04: {"error" => {"code" => "1113", "message" => "Insufficient balance or no resource package. Please recharge."}}
2026-10-06 22:14:25 +0800	R76/1992/r076-1992-dk1-2009-05	API error for R76/1992/r076-1992-dk1-2009-05: {"error" => {"code" => "1113", "message" => "Insufficient balance or no resource package. Please recharge."}}
2026-10-06 22:14:25 +0800	R76/1992/r076-1992-dk1-2009-03	API error for R76/1992/r076-1992-dk1-2009-03: {"error" => {"code" => "1113", "message" => "Insufficient balance or no resource package. Please recharge."}}
2026-10-06 22:14:25 +0800	R76/1992/r076-1992-dk3-2011-01	API error for R76/1992/r076-1992-dk3-2011-01: {"error" => {"code" => "1113", "message" => "Insufficient balance or no resource package. Please recharge."}}
2026-10-06 22:14:25 +0800	R76/1992/r076-1992-dk3-2011-02	API error for R76/1992/r076-1992-dk3-2011-02: {"error" => {"code" => "1113", "message" => "Insufficient balance or no resource package. Please recharge."}}
2026-10-06 22:14:25 +0800	R76/1992/r076-1992-dk3-2011-03	API error for R76/1992/r076-1992-dk3-2011-03: {"error" => {"code" => "1113", "message" => "Insufficient balance or no resource package. Please recharge."}}
2026-10-06 22:14:25 +0800	R76/1992/r076-1992-dk3-2011-04	API error for R76/1992/r076-1992-dk3-2011-04: {"error" => {"code" => "1113", "message" => "Insufficient balance or no resource package. Please recharge."}}
2026-10-06 22:14:25 +0800	R76/1992/r076-1992-dk3-2011-05	API error for R76/1992/r076-1992-dk3-2011-05: {"error" => {"code" => "1113", "message" => "Insufficient balance or no resource package. Please recharge."}}
2026-10-06 22:14:25 +0800	R76/1992/r076-1992-dk3-2011-07	API error for R76/1992/r076-1992-dk3-2011-07: {"error" => {"code" => "1113", "message" => "Insufficient balance or no resource package. Please recharge."}}
2026-10-06 22:14:25 +0800	R76/1992/r076-1992-dk3-2011-08	API error for R76/1992/r076-1992-dk3-2011-08: {"error" => {"code" => "1113", "message" => "Insufficient balance or no resource package. Please recharge."}}
2026-10-06 22:14:25 +0800	R76/1992/r076-1992-dk3-2017-02	API error for R76/1992/r076-1992-dk3-2017-02: {"error" => {"code" => "1113", "message" => "Insufficient balance or no resource package. Please recharge."}}
2026-10-06 22:14:25 +0800	R76/1992/r076-1992-dk3-2012-01	API error for R76/1992/r076-1992-dk3-2012-01: {"error" => {"code" => "1113", "message" => "Insufficient balance or no resource package. Please recharge."}}
2026-10-06 22:14:25 +0800	R76/1992/r076-1992-gb1-2004-02-rev1	API error for R76/1992/r076-1992-gb1-2004-02-rev1: {"error" => {"code" => "1113", "message" => "Insufficient balance or no resource package. Please recharge."}}
2026-10-06 22:14:25 +0800	R76/1992/r076-1992-gb1-2004-07-rev1	API error for R76/1992/r076-1992-gb1-2004-07-rev1: {"error" => {"code" => "1113", "message" => "Insufficient balance or no resource package. Please recharge."}}
2026-10-06 22:14:25 +0800	R76/1992/r076-1992-gb1-2004-11-rev2	API error for R76/1992/r076-1992-gb1-2004-11-rev2: {"error" => {"code" => "1113", "message" => "Insufficient balance or no resource package. Please recharge."}}
2026-10-06 22:14:25 +0800	R76/1992/r076-1992-gb1-2005-01	API error for R76/1992/r076-1992-gb1-2005-01: {"error" => {"code" => "1113", "message" => "Insufficient balance or no resource package. Please recharge."}}
2026-10-06 22:14:25 +0800	R76/1992/r076-1992-gb1-2006-01	API error for R76/1992/r076-1992-gb1-2006-01: {"error" => {"code" => "1113", "message" => "Insufficient balance or no resource package. Please recharge."}}
2026-10-06 22:14:25 +0800	R76/1992/r076-1992-gb1-2006-02	API error for R76/1992/r076-1992-gb1-2006-02: {"error" => {"code" => "1113", "message" => "Insufficient balance or no resource package. Please recharge."}}
2026-10-06 22:14:25 +0800	R76/1992/r076-1992-gb1-2006-03	API error for R76/1992/r076-1992-gb1-2006-03: {"error" => {"code" => "1113", "message" => "Insufficient balance or no resource package. Please recharge."}}
2026-10-06 22:14:25 +0800	R76/1992/r076-1992-gb1-2007-01	API error for R76/1992/r076-1992-gb1-2007-01: {"error" => {"code" => "1113", "message" => "Insufficient balance or no resource package. Please recharge."}}
2026-10-06 22:14:25 +0800	R76/1992/r076-1992-gb1-2007-02	API error for R76/1992/r076-1992-gb1-2007-02: {"error" => {"code" => "1113", "message" => "Insufficient balance or no resource package. Please recharge."}}
2026-10-06 22:14:25 +0800	R76/1992/r076-1992-gb1-2007-03-rev1	API error for R76/1992/r076-1992-gb1-2007-03-rev1: {"error" => {"code" => "1113", "message" => "Insufficient balance or no resource package. Please recharge."}}
2026-10-06 22:14:25 +0800	R76/1992/r076-1992-gb1-2007-03	API error for R76/1992/r076-1992-gb1-2007-03: {"error" => {"code" => "1113", "message" => "Insufficient balance or no resource package. Please recharge."}}
2026-10-06 22:14:25 +0800	R76/1992/r076-1992-gb1-2007-03-rev3	API error for R76/1992/r076-1992-gb1-2007-03-rev3: {"error" => {"code" => "1113", "message" => "Insufficient balance or no resource package. Please recharge."}}
2026-10-06 22:14:25 +0800	R76/1992/r076-1992-gb1-2007-05	API error for R76/1992/r076-1992-gb1-2007-05: {"error" => {"code" => "1113", "message" => "Insufficient balance or no resource package. Please recharge."}}
2026-10-06 22:14:25 +0800	R76/1992/r076-1992-gb1-2007-04	API error for R76/1992/r076-1992-gb1-2007-04: {"error" => {"code" => "1113", "message" => "Insufficient balance or no resource package. Please recharge."}}
2026-10-06 22:14:25 +0800	R76/1992/r076-1992-gb1-2007-06-rev1	API error for R76/1992/r076-1992-gb1-2007-06-rev1: {"error" => {"code" => "1113", "message" => "Insufficient balance or no resource package. Please recharge."}}
2026-10-06 22:14:25 +0800	R76/1992/r076-1992-gb1-2007-06	API error for R76/1992/r076-1992-gb1-2007-06: {"error" => {"code" => "1113", "message" => "Insufficient balance or no resource package. Please recharge."}}
2026-10-06 22:14:25 +0800	R76/1992/r076-1992-gb1-2007-07-rev1	API error for R76/1992/r076-1992-gb1-2007-07-rev1: {"error" => {"code" => "1113", "message" => "Insufficient balance or no resource package. Please recharge."}}
2026-10-06 22:14:25 +0800	R76/1992/r076-1992-gb1-2007-07-rev3	API error for R76/1992/r076-1992-gb1-2007-07-rev3: {"error" => {"code" => "1113", "message" => "Insufficient balance or no resource package. Please recharge."}}
2026-10-06 22:14:25 +0800	R76/1992/r076-1992-gb1-2007-07-rev2	API error for R76/1992/r076-1992-gb1-2007-07-rev2: {"error" => {"code" => "1113", "message" => "Insufficient balance or no resource package. Please recharge."}}
2026-10-06 22:14:25 +0800	R76/1992/r076-1992-gb1-2007-07	API error for R76/1992/r076-1992-gb1-2007-07: {"error" => {"code" => "1113", "message" => "Insufficient balance or no resource package. Please recharge."}}
2026-10-06 22:14:25 +0800	R76/1992/r076-1992-gb1-2007-08-rev1	API error for R76/1992/r076-1992-gb1-2007-08-rev1: {"error" => {"code" => "1113", "message" => "Insufficient balance or no resource package. Please recharge."}}
2026-10-06 22:14:25 +0800	R76/1992/r076-1992-gb1-2007-08-rev3	API error for R76/1992/r076-1992-gb1-2007-08-rev3: {"error" => {"code" => "1113", "message" => "Insufficient balance or no resource package. Please recharge."}}
2026-10-06 22:14:25 +0800	R76/1992/r076-1992-gb1-2007-08-rev2	API error for R76/1992/r076-1992-gb1-2007-08-rev2: {"error" => {"code" => "1113", "message" => "Insufficient balance or no resource package. Please recharge."}}
2026-10-06 22:14:25 +0800	R76/1992/r076-1992-gb1-2007-08	API error for R76/1992/r076-1992-gb1-2007-08: {"error" => {"code" => "1113", "message" => "Insufficient balance or no resource package. Please recharge."}}
2026-10-06 22:14:25 +0800	R76/1992/r076-1992-gb1-2007-09-rev1	API error for R76/1992/r076-1992-gb1-2007-09-rev1: {"error" => {"code" => "1113", "message" => "Insufficient balance or no resource package. Please recharge."}}
2026-10-06 22:14:25 +0800	R76/1992/r076-1992-gb1-2007-09	API error for R76/1992/r076-1992-gb1-2007-09: {"error" => {"code" => "1113", "message" => "Insufficient balance or no resource package. Please recharge."}}
2026-10-06 22:14:25 +0800	R76/1992/r076-1992-gb1-2007-10	API error for R76/1992/r076-1992-gb1-2007-10: {"error" => {"code" => "1113", "message" => "Insufficient balance or no resource package. Please recharge."}}
2026-10-06 22:14:25 +0800	R76/1992/r076-1992-gb1-2007-11	API error for R76/1992/r076-1992-gb1-2007-11: {"error" => {"code" => "1113", "message" => "Insufficient balance or no resource package. Please recharge."}}
2026-10-06 22:14:25 +0800	R76/1992/r076-1992-gb1-2007-12	API error for R76/1992/r076-1992-gb1-2007-12: {"error" => {"code" => "1113", "message" => "Insufficient balance or no resource package. Please recharge."}}
2026-10-06 22:14:25 +0800	R76/1992/r076-1992-gb1-2007-13-rev2	API error for R76/1992/r076-1992-gb1-2007-13-rev2: {"error" => {"code" => "1113", "message" => "Insufficient balance or no resource package. Please recharge."}}
2026-10-06 22:14:25 +0800	R76/1992/r076-1992-gb1-2007-13-rev3	API error for R76/1992/r076-1992-gb1-2007-13-rev3: {"error" => {"code" => "1113", "message" => "Insufficient balance or no resource package. Please recharge."}}
2026-10-06 22:14:25 +0800	R76/1992/r076-1992-gb1-2007-13	API error for R76/1992/r076-1992-gb1-2007-13: {"error" => {"code" => "1113", "message" => "Insufficient balance or no resource package. Please recharge."}}
2026-10-06 22:14:25 +0800	R76/1992/r076-1992-gb1-2008-03	API error for R76/1992/r076-1992-gb1-2008-03: {"error" => {"code" => "1113", "message" => "Insufficient balance or no resource package. Please recharge."}}
2026-10-06 22:14:25 +0800	R76/1992/r076-1992-gb1-2008-01	API error for R76/1992/r076-1992-gb1-2008-01: {"error" => {"code" => "1113", "message" => "Insufficient balance or no resource package. Please recharge."}}
2026-10-06 22:14:25 +0800	R76/1992/r076-1992-gb1-2008-02	API error for R76/1992/r076-1992-gb1-2008-02: {"error" => {"code" => "1113", "message" => "Insufficient balance or no resource package. Please recharge."}}
2026-10-06 22:14:25 +0800	R76/1992/r076-1992-gb1-2008-04	API error for R76/1992/r076-1992-gb1-2008-04: {"error" => {"code" => "1113", "message" => "Insufficient balance or no resource package. Please recharge."}}
2026-10-06 22:14:25 +0800	R76/1992/r076-1992-gb1-2008-05-rev1	API error for R76/1992/r076-1992-gb1-2008-05-rev1: {"error" => {"code" => "1113", "message" => "Insufficient balance or no resource package. Please recharge."}}
2026-10-06 22:14:25 +0800	R76/1992/r076-1992-gb1-2008-05	API error for R76/1992/r076-1992-gb1-2008-05: {"error" => {"code" => "1113", "message" => "Insufficient balance or no resource package. Please recharge."}}
2026-10-06 22:14:25 +0800	R76/1992/r076-1992-gb1-2008-06	API error for R76/1992/r076-1992-gb1-2008-06: {"error" => {"code" => "1113", "message" => "Insufficient balance or no resource package. Please recharge."}}
2026-10-06 22:14:25 +0800	R76/1992/r076-1992-gb1-2008-07-rev1	API error for R76/1992/r076-1992-gb1-2008-07-rev1: {"error" => {"code" => "1113", "message" => "Insufficient balance or no resource package. Please recharge."}}
2026-10-06 22:14:25 +0800	R76/1992/r076-1992-gb1-2008-07	API error for R76/1992/r076-1992-gb1-2008-07: {"error" => {"code" => "1113", "message" => "Insufficient balance or no resource package. Please recharge."}}
2026-10-06 22:14:25 +0800	R76/1992/r076-1992-gb1-2008-09	API error for R76/1992/r076-1992-gb1-2008-09: {"error" => {"code" => "1113", "message" => "Insufficient balance or no resource package. Please recharge."}}
2026-10-06 22:14:25 +0800	R76/1992/r076-1992-gb1-2008-09-rev1	API error for R76/1992/r076-1992-gb1-2008-09-rev1: {"error" => {"code" => "1113", "message" => "Insufficient balance or no resource package. Please recharge."}}
2026-10-06 22:14:25 +0800	R76/1992/r076-1992-gb1-2009-01	API error for R76/1992/r076-1992-gb1-2009-01: {"error" => {"code" => "1113", "message" => "Insufficient balance or no resource package. Please recharge."}}
2026-10-06 22:14:25 +0800	R76/1992/r076-1992-gb1-2009-03	API error for R76/1992/r076-1992-gb1-2009-03: {"error" => {"code" => "1113", "message" => "Insufficient balance or no resource package. Please recharge."}}
2026-10-06 22:14:25 +0800	R76/1992/r076-1992-gb1-2009-04-rev1	API error for R76/1992/r076-1992-gb1-2009-04-rev1: {"error" => {"code" => "1113", "message" => "Insufficient balance or no resource package. Please recharge."}}
2026-10-06 22:14:25 +0800	R76/1992/r076-1992-gb1-2009-04	API error for R76/1992/r076-1992-gb1-2009-04: {"error" => {"code" => "1113", "message" => "Insufficient balance or no resource package. Please recharge."}}
2026-10-06 22:14:25 +0800	R76/1992/r076-1992-gb1-2009-05	API error for R76/1992/r076-1992-gb1-2009-05: {"error" => {"code" => "1113", "message" => "Insufficient balance or no resource package. Please recharge."}}
2026-10-06 22:14:25 +0800	R76/1992/r076-1992-gb1-2009-06	API error for R76/1992/r076-1992-gb1-2009-06: {"error" => {"code" => "1113", "message" => "Insufficient balance or no resource package. Please recharge."}}
2026-10-06 22:14:25 +0800	R76/1992/r076-1992-gb1-2009-07	API error for R76/1992/r076-1992-gb1-2009-07: {"error" => {"code" => "1113", "message" => "Insufficient balance or no resource package. Please recharge."}}
2026-10-06 22:14:25 +0800	R76/1992/r076-1992-gb1-2009-08-rev1	API error for R76/1992/r076-1992-gb1-2009-08-rev1: {"error" => {"code" => "1113", "message" => "Insufficient balance or no resource package. Please recharge."}}
2026-10-06 22:14:25 +0800	R76/1992/r076-1992-gb1-2009-08-rev2	API error for R76/1992/r076-1992-gb1-2009-08-rev2: {"error" => {"code" => "1113", "message" => "Insufficient balance or no resource package. Please recharge."}}
2026-10-06 22:14:25 +0800	R76/1992/r076-1992-gb1-2009-08-rev3	API error for R76/1992/r076-1992-gb1-2009-08-rev3: {"error" => {"code" => "1113", "message" => "Insufficient balance or no resource package. Please recharge."}}
2026-10-06 22:14:25 +0800	R76/1992/r076-1992-gb1-2009-08-rev4	API error for R76/1992/r076-1992-gb1-2009-08-rev4: {"error" => {"code" => "1113", "message" => "Insufficient balance or no resource package. Please recharge."}}
2026-10-06 22:14:25 +0800	R76/1992/r076-1992-gb1-2009-08	API error for R76/1992/r076-1992-gb1-2009-08: {"error" => {"code" => "1113", "message" => "Insufficient balance or no resource package. Please recharge."}}
2026-10-06 22:14:25 +0800	R76/1992/r076-1992-gb1-2009-09	API error for R76/1992/r076-1992-gb1-2009-09: {"error" => {"code" => "1113", "message" => "Insufficient balance or no resource package. Please recharge."}}
2026-10-06 22:14:25 +0800	R76/1992/r076-1992-gb1-2009-10-rev1	API error for R76/1992/r076-1992-gb1-2009-10-rev1: {"error" => {"code" => "1113", "message" => "Insufficient balance or no resource package. Please recharge."}}
2026-10-06 22:14:25 +0800	R76/1992/r076-1992-gb1-2009-10-rev2	API error for R76/1992/r076-1992-gb1-2009-10-rev2: {"error" => {"code" => "1113", "message" => "Insufficient balance or no resource package. Please recharge."}}
2026-10-06 22:14:25 +0800	R76/1992/r076-1992-gb1-2009-10-rev3	API error for R76/1992/r076-1992-gb1-2009-10-rev3: {"error" => {"code" => "1113", "message" => "Insufficient balance or no resource package. Please recharge."}}
2026-10-06 22:14:25 +0800	R76/1992/r076-1992-gb1-2009-10	API error for R76/1992/r076-1992-gb1-2009-10: {"error" => {"code" => "1113", "message" => "Insufficient balance or no resource package. Please recharge."}}
2026-10-06 22:14:25 +0800	R76/1992/r076-1992-gb1-2010-01-rev1	API error for R76/1992/r076-1992-gb1-2010-01-rev1: {"error" => {"code" => "1113", "message" => "Insufficient balance or no resource package. Please recharge."}}
2026-10-06 22:14:25 +0800	R76/1992/r076-1992-gb1-2009-11	API error for R76/1992/r076-1992-gb1-2009-11: {"error" => {"code" => "1113", "message" => "Insufficient balance or no resource package. Please recharge."}}
2026-10-06 22:14:25 +0800	R76/1992/r076-1992-gb1-2010-01-rev2	API error for R76/1992/r076-1992-gb1-2010-01-rev2: {"error" => {"code" => "1113", "message" => "Insufficient balance or no resource package. Please recharge."}}
2026-10-06 22:14:25 +0800	R76/1992/r076-1992-gb1-2010-01-rev3	API error for R76/1992/r076-1992-gb1-2010-01-rev3: {"error" => {"code" => "1113", "message" => "Insufficient balance or no resource package. Please recharge."}}
2026-10-06 22:14:25 +0800	R76/1992/r076-1992-gb1-2010-01	API error for R76/1992/r076-1992-gb1-2010-01: {"error" => {"code" => "1113", "message" => "Insufficient balance or no resource package. Please recharge."}}
2026-10-06 22:14:25 +0800	R76/1992/r076-1992-gb1-2010-03	API error for R76/1992/r076-1992-gb1-2010-03: {"error" => {"code" => "1113", "message" => "Insufficient balance or no resource package. Please recharge."}}
2026-10-06 22:14:25 +0800	R76/1992/r076-1992-gb1-2010-02	API error for R76/1992/r076-1992-gb1-2010-02: {"error" => {"code" => "1113", "message" => "Insufficient balance or no resource package. Please recharge."}}
2026-10-06 22:14:25 +0800	R76/1992/r076-1992-gb1-2010-04-rev3	API error for R76/1992/r076-1992-gb1-2010-04-rev3: {"error" => {"code" => "1113", "message" => "Insufficient balance or no resource package. Please recharge."}}
2026-10-06 22:14:25 +0800	R76/1992/r076-1992-gb1-2010-04-rev2	API error for R76/1992/r076-1992-gb1-2010-04-rev2: {"error" => {"code" => "1113", "message" => "Insufficient balance or no resource package. Please recharge."}}
2026-10-06 22:14:25 +0800	R76/1992/r076-1992-gb1-2010-04-rev4	API error for R76/1992/r076-1992-gb1-2010-04-rev4: {"error" => {"code" => "1113", "message" => "Insufficient balance or no resource package. Please recharge."}}
2026-10-06 22:14:25 +0800	R76/1992/r076-1992-gb1-2010-04	API error for R76/1992/r076-1992-gb1-2010-04: {"error" => {"code" => "1113", "message" => "Insufficient balance or no resource package. Please recharge."}}
2026-10-06 22:14:25 +0800	R76/1992/r076-1992-gb1-2010-05-rev1	API error for R76/1992/r076-1992-gb1-2010-05-rev1: {"error" => {"code" => "1113", "message" => "Insufficient balance or no resource package. Please recharge."}}
2026-10-06 22:14:25 +0800	R76/1992/r076-1992-gb1-2010-05	API error for R76/1992/r076-1992-gb1-2010-05: {"error" => {"code" => "1113", "message" => "Insufficient balance or no resource package. Please recharge."}}
2026-10-06 22:14:25 +0800	R76/1992/r076-1992-gb1-2010-06-rev2	API error for R76/1992/r076-1992-gb1-2010-06-rev2: {"error" => {"code" => "1113", "message" => "Insufficient balance or no resource package. Please recharge."}}
2026-10-06 22:14:25 +0800	R76/1992/r076-1992-gb1-2010-06-rev1	API error for R76/1992/r076-1992-gb1-2010-06-rev1: {"error" => {"code" => "1113", "message" => "Insufficient balance or no resource package. Please recharge."}}
2026-10-06 22:14:25 +0800	R76/1992/r076-1992-gb1-2010-06	API error for R76/1992/r076-1992-gb1-2010-06: {"error" => {"code" => "1113", "message" => "Insufficient balance or no resource package. Please recharge."}}
2026-10-06 22:14:25 +0800	R76/1992/r076-1992-gb1-2010-07	API error for R76/1992/r076-1992-gb1-2010-07: {"error" => {"code" => "1113", "message" => "Insufficient balance or no resource package. Please recharge."}}
2026-10-06 22:14:25 +0800	R76/1992/r076-1992-gb1-2010-08	API error for R76/1992/r076-1992-gb1-2010-08: {"error" => {"code" => "1113", "message" => "Insufficient balance or no resource package. Please recharge."}}
2026-10-06 22:14:25 +0800	R76/1992/r076-1992-gb1-2010-09	API error for R76/1992/r076-1992-gb1-2010-09: {"error" => {"code" => "1113", "message" => "Insufficient balance or no resource package. Please recharge."}}
2026-10-06 22:14:25 +0800	R76/1992/r076-1992-gb1-2011-01-rev2	API error for R76/1992/r076-1992-gb1-2011-01-rev2: {"error" => {"code" => "1113", "message" => "Insufficient balance or no resource package. Please recharge."}}
2026-10-06 22:14:25 +0800	R76/1992/r076-1992-gb1-2011-01-rev1	API error for R76/1992/r076-1992-gb1-2011-01-rev1: {"error" => {"code" => "1113", "message" => "Insufficient balance or no resource package. Please recharge."}}
2026-10-06 22:14:25 +0800	R76/1992/r076-1992-gb1-2011-01	API error for R76/1992/r076-1992-gb1-2011-01: {"error" => {"code" => "1113", "message" => "Insufficient balance or no resource package. Please recharge."}}
2026-10-06 22:14:25 +0800	R76/1992/r076-1992-gb1-2011-02-rev1	API error for R76/1992/r076-1992-gb1-2011-02-rev1: {"error" => {"code" => "1113", "message" => "Insufficient balance or no resource package. Please recharge."}}
2026-10-06 22:14:25 +0800	R76/1992/r076-1992-gb1-2011-02	API error for R76/1992/r076-1992-gb1-2011-02: {"error" => {"code" => "1113", "message" => "Insufficient balance or no resource package. Please recharge."}}
2026-10-06 22:14:25 +0800	R76/1992/r076-1992-gb1-2012-01-rev2	API error for R76/1992/r076-1992-gb1-2012-01-rev2: {"error" => {"code" => "1113", "message" => "Insufficient balance or no resource package. Please recharge."}}
2026-10-06 22:14:25 +0800	R76/1992/r076-1992-gb1-2011-03-rev1	API error for R76/1992/r076-1992-gb1-2011-03-rev1: {"error" => {"code" => "1113", "message" => "Insufficient balance or no resource package. Please recharge."}}
2026-10-06 22:14:25 +0800	R76/1992/r076-1992-gb1-2012-01-rev1	API error for R76/1992/r076-1992-gb1-2012-01-rev1: {"error" => {"code" => "1113", "message" => "Insufficient balance or no resource package. Please recharge."}}
2026-10-06 22:14:25 +0800	R76/1992/r076-1992-gb1-2012-01-rev3	API error for R76/1992/r076-1992-gb1-2012-01-rev3: {"error" => {"code" => "1113", "message" => "Insufficient balance or no resource package. Please recharge."}}
2026-10-06 22:14:25 +0800	R76/1992/r076-1992-gb1-2012-01-rev4	API error for R76/1992/r076-1992-gb1-2012-01-rev4: {"error" => {"code" => "1113", "message" => "Insufficient balance or no resource package. Please recharge."}}
2026-10-06 22:14:25 +0800	R76/1992/r076-1992-gb1-2012-01	API error for R76/1992/r076-1992-gb1-2012-01: {"error" => {"code" => "1113", "message" => "Insufficient balance or no resource package. Please recharge."}}
2026-10-06 22:14:25 +0800	R76/1992/r076-1992-gb1-2012-04-rev3	API error for R76/1992/r076-1992-gb1-2012-04-rev3: {"error" => {"code" => "1113", "message" => "Insufficient balance or no resource package. Please recharge."}}
2026-10-06 22:14:25 +0800	R76/1992/r076-1992-gb1-2013-01-rev1	API error for R76/1992/r076-1992-gb1-2013-01-rev1: {"error" => {"code" => "1113", "message" => "Insufficient balance or no resource package. Please recharge."}}
2026-10-06 22:14:25 +0800	R76/1992/r076-1992-gb1-2013-01-rev2	API error for R76/1992/r076-1992-gb1-2013-01-rev2: {"error" => {"code" => "1113", "message" => "Insufficient balance or no resource package. Please recharge."}}
2026-10-06 22:14:25 +0800	R76/1992/r076-1992-gb1-2013-01	API error for R76/1992/r076-1992-gb1-2013-01: {"error" => {"code" => "1113", "message" => "Insufficient balance or no resource package. Please recharge."}}
2026-10-06 22:14:25 +0800	R76/1992/r076-1992-gb1-2013-02	API error for R76/1992/r076-1992-gb1-2013-02: {"error" => {"code" => "1113", "message" => "Insufficient balance or no resource package. Please recharge."}}
2026-10-06 22:14:25 +0800	R76/1992/r076-1992-gb1-2013-03	API error for R76/1992/r076-1992-gb1-2013-03: {"error" => {"code" => "1113", "message" => "Insufficient balance or no resource package. Please recharge."}}
2026-10-06 22:14:25 +0800	R76/1992/r076-1992-gb1-2013-04-rev2	API error for R76/1992/r076-1992-gb1-2013-04-rev2: {"error" => {"code" => "1113", "message" => "Insufficient balance or no resource package. Please recharge."}}
2026-10-06 22:14:25 +0800	R76/1992/r076-1992-gb1-2013-04	API error for R76/1992/r076-1992-gb1-2013-04: {"error" => {"code" => "1113", "message" => "Insufficient balance or no resource package. Please recharge."}}
2026-10-06 22:14:25 +0800	R76/1992/r076-1992-gb1-2013-04-rev1	API error for R76/1992/r076-1992-gb1-2013-04-rev1: {"error" => {"code" => "1113", "message" => "Insufficient balance or no resource package. Please recharge."}}
2026-10-06 22:14:25 +0800	R76/1992/r076-1992-gb1-2013-05	API error for R76/1992/r076-1992-gb1-2013-05: {"error" => {"code" => "1113", "message" => "Insufficient balance or no resource package. Please recharge."}}
2026-10-06 22:14:25 +0800	R76/1992/r076-1992-gb1-2015-01	API error for R76/1992/r076-1992-gb1-2015-01: {"error" => {"code" => "1113", "message" => "Insufficient balance or no resource package. Please recharge."}}
2026-10-06 22:14:25 +0800	R76/1992/r076-1992-gb1-2015-02-rev1	API error for R76/1992/r076-1992-gb1-2015-02-rev1: {"error" => {"code" => "1113", "message" => "Insufficient balance or no resource package. Please recharge."}}
2026-10-06 22:14:25 +0800	R76/1992/r076-1992-gb1-2015-02	API error for R76/1992/r076-1992-gb1-2015-02: {"error" => {"code" => "1113", "message" => "Insufficient balance or no resource package. Please recharge."}}
2026-10-06 22:14:25 +0800	R76/1992/r076-1992-gb1-2015-03	API error for R76/1992/r076-1992-gb1-2015-03: {"error" => {"code" => "1113", "message" => "Insufficient balance or no resource package. Please recharge."}}
2026-10-06 22:14:25 +0800	R76/1992/r076-1992-gb1-2016-01	API error for R76/1992/r076-1992-gb1-2016-01: {"error" => {"code" => "1113", "message" => "Insufficient balance or no resource package. Please recharge."}}
2026-10-06 22:14:25 +0800	R76/1992/r076-1992-gb1-2015-04-rev1	API error for R76/1992/r076-1992-gb1-2015-04-rev1: {"error" => {"code" => "1113", "message" => "Insufficient balance or no resource package. Please recharge."}}
2026-10-06 22:14:25 +0800	R76/1992/r076-1992-gb1-2015-04	API error for R76/1992/r076-1992-gb1-2015-04: {"error" => {"code" => "1113", "message" => "Insufficient balance or no resource package. Please recharge."}}
2026-10-06 22:14:25 +0800	R76/1992/r076-1992-gb1-2016-02-rev1	API error for R76/1992/r076-1992-gb1-2016-02-rev1: {"error" => {"code" => "1113", "message" => "Insufficient balance or no resource package. Please recharge."}}
2026-10-06 22:14:25 +0800	R76/1992/r076-1992-gb1-2018-01	API error for R76/1992/r076-1992-gb1-2018-01: {"error" => {"code" => "1113", "message" => "Insufficient balance or no resource package. Please recharge."}}
2026-10-06 22:14:25 +0800	R76/1992/r076-1992-jp1-2003-01-rev2	API error for R76/1992/r076-1992-jp1-2003-01-rev2: {"error" => {"code" => "1113", "message" => "Insufficient balance or no resource package. Please recharge."}}
2026-10-06 22:14:25 +0800	R76/1992/r076-1992-gb1-2019-01	API error for R76/1992/r076-1992-gb1-2019-01: {"error" => {"code" => "1113", "message" => "Insufficient balance or no resource package. Please recharge."}}
2026-10-06 22:14:25 +0800	R76/1992/r076-1992-jp1-2004-01-rev1	API error for R76/1992/r076-1992-jp1-2004-01-rev1: {"error" => {"code" => "1113", "message" => "Insufficient balance or no resource package. Please recharge."}}
2026-10-06 22:14:25 +0800	R76/1992/r076-1992-jp1-2006-01	API error for R76/1992/r076-1992-jp1-2006-01: {"error" => {"code" => "1113", "message" => "Insufficient balance or no resource package. Please recharge."}}
2026-10-06 22:14:25 +0800	R76/1992/r076-1992-jp1-2004-01-rev2	API error for R76/1992/r076-1992-jp1-2004-01-rev2: {"error" => {"code" => "1113", "message" => "Insufficient balance or no resource package. Please recharge."}}
2026-10-06 22:14:25 +0800	R76/1992/r076-1992-jp1-2005-02	API error for R76/1992/r076-1992-jp1-2005-02: {"error" => {"code" => "1113", "message" => "Insufficient balance or no resource package. Please recharge."}}
2026-10-06 22:14:25 +0800	R76/1992/r076-1992-jp1-2006-02	API error for R76/1992/r076-1992-jp1-2006-02: {"error" => {"code" => "1113", "message" => "Insufficient balance or no resource package. Please recharge."}}
2026-10-06 22:14:25 +0800	R76/1992/r076-1992-jp1-2006-04	API error for R76/1992/r076-1992-jp1-2006-04: {"error" => {"code" => "1113", "message" => "Insufficient balance or no resource package. Please recharge."}}
2026-10-06 22:14:25 +0800	R76/1992/r076-1992-jp1-2006-03	API error for R76/1992/r076-1992-jp1-2006-03: {"error" => {"code" => "1113", "message" => "Insufficient balance or no resource package. Please recharge."}}
2026-10-06 22:14:25 +0800	R76/1992/r076-1992-jp1-2006-05	API error for R76/1992/r076-1992-jp1-2006-05: {"error" => {"code" => "1113", "message" => "Insufficient balance or no resource package. Please recharge."}}
2026-10-06 22:14:25 +0800	R76/1992/r076-1992-jp1-2007-01	API error for R76/1992/r076-1992-jp1-2007-01: {"error" => {"code" => "1113", "message" => "Insufficient balance or no resource package. Please recharge."}}
2026-10-06 22:14:25 +0800	R76/1992/r076-1992-jp1-2008-01-rev1	API error for R76/1992/r076-1992-jp1-2008-01-rev1: {"error" => {"code" => "1113", "message" => "Insufficient balance or no resource package. Please recharge."}}
2026-10-06 22:14:25 +0800	R76/1992/r076-1992-jp1-2009-01	API error for R76/1992/r076-1992-jp1-2009-01: {"error" => {"code" => "1113", "message" => "Insufficient balance or no resource package. Please recharge."}}
2026-10-06 22:14:25 +0800	R76/1992/r076-1992-jp1-2008-01	API error for R76/1992/r076-1992-jp1-2008-01: {"error" => {"code" => "1113", "message" => "Insufficient balance or no resource package. Please recharge."}}
2026-10-06 22:14:25 +0800	R76/1992/r076-1992-jp1-2009-02	API error for R76/1992/r076-1992-jp1-2009-02: {"error" => {"code" => "1113", "message" => "Insufficient balance or no resource package. Please recharge."}}
2026-10-06 22:14:25 +0800	R76/1992/r076-1992-jp1-2012-02	API error for R76/1992/r076-1992-jp1-2012-02: {"error" => {"code" => "1113", "message" => "Insufficient balance or no resource package. Please recharge."}}
2026-10-06 22:14:25 +0800	R76/1992/r076-1992-jp1-2010-01	API error for R76/1992/r076-1992-jp1-2010-01: {"error" => {"code" => "1113", "message" => "Insufficient balance or no resource package. Please recharge."}}
2026-10-06 22:14:25 +0800	R76/1992/r076-1992-jp1-2012-01	API error for R76/1992/r076-1992-jp1-2012-01: {"error" => {"code" => "1113", "message" => "Insufficient balance or no resource package. Please recharge."}}
2026-10-06 22:14:25 +0800	R76/1992/r076-1992-jp1-2014-01-rev1	API error for R76/1992/r076-1992-jp1-2014-01-rev1: {"error" => {"code" => "1113", "message" => "Insufficient balance or no resource package. Please recharge."}}
2026-10-06 22:14:25 +0800	R76/1992/r076-1992-kr1-2005-01	API error for R76/1992/r076-1992-kr1-2005-01: {"error" => {"code" => "1113", "message" => "Insufficient balance or no resource package. Please recharge."}}
2026-10-06 22:14:25 +0800	R76/1992/r076-1992-jp1-2014-01	API error for R76/1992/r076-1992-jp1-2014-01: {"error" => {"code" => "1113", "message" => "Insufficient balance or no resource package. Please recharge."}}
2026-10-06 22:14:25 +0800	R76/1992/r076-1992-kr1-2007-01	API error for R76/1992/r076-1992-kr1-2007-01: {"error" => {"code" => "1113", "message" => "Insufficient balance or no resource package. Please recharge."}}
2026-10-06 22:14:25 +0800	R76/1992/r076-1992-nl1-1999-16-rev1	API error for R76/1992/r076-1992-nl1-1999-16-rev1: {"error" => {"code" => "1113", "message" => "Insufficient balance or no resource package. Please recharge."}}
2026-10-06 22:14:25 +0800	R76/1992/r076-1992-nl1-1998-15-rev1	API error for R76/1992/r076-1992-nl1-1998-15-rev1: {"error" => {"code" => "1113", "message" => "Insufficient balance or no resource package. Please recharge."}}
2026-10-06 22:14:25 +0800	R76/1992/r076-1992-kr1-2010-01	API error for R76/1992/r076-1992-kr1-2010-01: {"error" => {"code" => "1113", "message" => "Insufficient balance or no resource package. Please recharge."}}
2026-10-06 22:14:25 +0800	R76/1992/r076-1992-nl1-2000-10-rev1	API error for R76/1992/r076-1992-nl1-2000-10-rev1: {"error" => {"code" => "1113", "message" => "Insufficient balance or no resource package. Please recharge."}}
2026-10-06 22:14:25 +0800	R76/1992/r076-1992-nl1-2004-15-rev1	API error for R76/1992/r076-1992-nl1-2004-15-rev1: {"error" => {"code" => "1113", "message" => "Insufficient balance or no resource package. Please recharge."}}
2026-10-06 22:14:25 +0800	R76/1992/r076-1992-nl1-2001-33-rev1	API error for R76/1992/r076-1992-nl1-2001-33-rev1: {"error" => {"code" => "1113", "message" => "Insufficient balance or no resource package. Please recharge."}}
2026-10-06 22:14:25 +0800	R76/1992/r076-1992-nl1-2004-11-rev3	API error for R76/1992/r076-1992-nl1-2004-11-rev3: {"error" => {"code" => "1113", "message" => "Insufficient balance or no resource package. Please recharge."}}
2026-10-06 22:14:25 +0800	R76/1992/r076-1992-nl1-2003-38-rev1	API error for R76/1992/r076-1992-nl1-2003-38-rev1: {"error" => {"code" => "1113", "message" => "Insufficient balance or no resource package. Please recharge."}}
2026-10-06 22:14:25 +0800	R76/1992/r076-1992-nl1-2004-33-rev1	API error for R76/1992/r076-1992-nl1-2004-33-rev1: {"error" => {"code" => "1113", "message" => "Insufficient balance or no resource package. Please recharge."}}
2026-10-06 22:14:25 +0800	R76/1992/r076-1992-nl1-2005-01	API error for R76/1992/r076-1992-nl1-2005-01: {"error" => {"code" => "1113", "message" => "Insufficient balance or no resource package. Please recharge."}}
2026-10-06 22:14:25 +0800	R76/1992/r076-1992-nl1-2005-03	API error for R76/1992/r076-1992-nl1-2005-03: {"error" => {"code" => "1113", "message" => "Insufficient balance or no resource package. Please recharge."}}
2026-10-06 22:14:25 +0800	R76/1992/r076-1992-nl1-2005-02	API error for R76/1992/r076-1992-nl1-2005-02: {"error" => {"code" => "1113", "message" => "Insufficient balance or no resource package. Please recharge."}}
2026-10-06 22:14:25 +0800	R76/1992/r076-1992-nl1-2005-04	API error for R76/1992/r076-1992-nl1-2005-04: {"error" => {"code" => "1113", "message" => "Insufficient balance or no resource package. Please recharge."}}
2026-10-06 22:14:25 +0800	R76/1992/r076-1992-nl1-2005-06-rev1	API error for R76/1992/r076-1992-nl1-2005-06-rev1: {"error" => {"code" => "1113", "message" => "Insufficient balance or no resource package. Please recharge."}}
2026-10-06 22:14:25 +0800	R76/1992/r076-1992-nl1-2005-05	API error for R76/1992/r076-1992-nl1-2005-05: {"error" => {"code" => "1113", "message" => "Insufficient balance or no resource package. Please recharge."}}
2026-10-06 22:14:25 +0800	R76/1992/r076-1992-nl1-2005-06	API error for R76/1992/r076-1992-nl1-2005-06: {"error" => {"code" => "1113", "message" => "Insufficient balance or no resource package. Please recharge."}}
2026-10-06 22:14:25 +0800	R76/1992/r076-1992-nl1-2005-07	API error for R76/1992/r076-1992-nl1-2005-07: {"error" => {"code" => "1113", "message" => "Insufficient balance or no resource package. Please recharge."}}
2026-10-06 22:14:25 +0800	R76/1992/r076-1992-nl1-2005-08	API error for R76/1992/r076-1992-nl1-2005-08: {"error" => {"code" => "1113", "message" => "Insufficient balance or no resource package. Please recharge."}}
2026-10-06 22:14:25 +0800	R76/1992/r076-1992-nl1-2005-09	API error for R76/1992/r076-1992-nl1-2005-09: {"error" => {"code" => "1113", "message" => "Insufficient balance or no resource package. Please recharge."}}
2026-10-06 22:14:25 +0800	R76/1992/r076-1992-nl1-2005-10	API error for R76/1992/r076-1992-nl1-2005-10: {"error" => {"code" => "1113", "message" => "Insufficient balance or no resource package. Please recharge."}}
2026-10-06 22:14:25 +0800	R76/1992/r076-1992-nl1-2005-11	API error for R76/1992/r076-1992-nl1-2005-11: {"error" => {"code" => "1113", "message" => "Insufficient balance or no resource package. Please recharge."}}
2026-10-06 22:14:25 +0800	R76/1992/r076-1992-nl1-2005-12	API error for R76/1992/r076-1992-nl1-2005-12: {"error" => {"code" => "1113", "message" => "Insufficient balance or no resource package. Please recharge."}}
2026-10-06 22:14:25 +0800	R76/1992/r076-1992-nl1-2005-14	API error for R76/1992/r076-1992-nl1-2005-14: {"error" => {"code" => "1113", "message" => "Insufficient balance or no resource package. Please recharge."}}
2026-10-06 22:14:25 +0800	R76/1992/r076-1992-nl1-2005-13	API error for R76/1992/r076-1992-nl1-2005-13: {"error" => {"code" => "1113", "message" => "Insufficient balance or no resource package. Please recharge."}}
2026-10-06 22:14:25 +0800	R76/1992/r076-1992-nl1-2005-16	API error for R76/1992/r076-1992-nl1-2005-16: {"error" => {"code" => "1113", "message" => "Insufficient balance or no resource package. Please recharge."}}
2026-10-06 22:14:25 +0800	R76/1992/r076-1992-nl1-2005-15	API error for R76/1992/r076-1992-nl1-2005-15: {"error" => {"code" => "1113", "message" => "Insufficient balance or no resource package. Please recharge."}}
2026-10-06 22:14:25 +0800	R76/1992/r076-1992-nl1-2005-18	API error for R76/1992/r076-1992-nl1-2005-18: {"error" => {"code" => "1113", "message" => "Insufficient balance or no resource package. Please recharge."}}
2026-10-06 22:14:25 +0800	R76/1992/r076-1992-nl1-2005-17	API error for R76/1992/r076-1992-nl1-2005-17: {"error" => {"code" => "1113", "message" => "Insufficient balance or no resource package. Please recharge."}}
2026-10-06 22:14:25 +0800	R76/1992/r076-1992-nl1-2005-20	API error for R76/1992/r076-1992-nl1-2005-20: {"error" => {"code" => "1113", "message" => "Insufficient balance or no resource package. Please recharge."}}
2026-10-06 22:14:25 +0800	R76/1992/r076-1992-nl1-2005-21	API error for R76/1992/r076-1992-nl1-2005-21: {"error" => {"code" => "1113", "message" => "Insufficient balance or no resource package. Please recharge."}}
2026-10-06 22:14:25 +0800	R76/1992/r076-1992-nl1-2005-22	API error for R76/1992/r076-1992-nl1-2005-22: {"error" => {"code" => "1113", "message" => "Insufficient balance or no resource package. Please recharge."}}
2026-10-06 22:14:25 +0800	R76/1992/r076-1992-nl1-2005-23	API error for R76/1992/r076-1992-nl1-2005-23: {"error" => {"code" => "1113", "message" => "Insufficient balance or no resource package. Please recharge."}}
2026-10-06 22:14:25 +0800	R76/1992/r076-1992-nl1-2005-24	API error for R76/1992/r076-1992-nl1-2005-24: {"error" => {"code" => "1113", "message" => "Insufficient balance or no resource package. Please recharge."}}
2026-10-06 22:14:25 +0800	R76/1992/r076-1992-nl1-2005-25	API error for R76/1992/r076-1992-nl1-2005-25: {"error" => {"code" => "1113", "message" => "Insufficient balance or no resource package. Please recharge."}}
2026-10-06 22:14:25 +0800	R76/1992/r076-1992-nl1-2005-26-rev1	API error for R76/1992/r076-1992-nl1-2005-26-rev1: {"error" => {"code" => "1113", "message" => "Insufficient balance or no resource package. Please recharge."}}
2026-10-06 22:14:25 +0800	R76/1992/r076-1992-nl1-2005-27	API error for R76/1992/r076-1992-nl1-2005-27: {"error" => {"code" => "1113", "message" => "Insufficient balance or no resource package. Please recharge."}}
2026-10-06 22:14:25 +0800	R76/1992/r076-1992-nl1-2005-28	API error for R76/1992/r076-1992-nl1-2005-28: {"error" => {"code" => "1113", "message" => "Insufficient balance or no resource package. Please recharge."}}
2026-10-06 22:14:25 +0800	R76/1992/r076-1992-nl1-2005-30	API error for R76/1992/r076-1992-nl1-2005-30: {"error" => {"code" => "1113", "message" => "Insufficient balance or no resource package. Please recharge."}}
2026-10-06 22:14:25 +0800	R76/1992/r076-1992-nl1-2005-31	API error for R76/1992/r076-1992-nl1-2005-31: {"error" => {"code" => "1113", "message" => "Insufficient balance or no resource package. Please recharge."}}
2026-10-06 22:14:25 +0800	R76/1992/r076-1992-nl1-2005-32	API error for R76/1992/r076-1992-nl1-2005-32: {"error" => {"code" => "1113", "message" => "Insufficient balance or no resource package. Please recharge."}}
2026-10-06 22:14:25 +0800	R76/1992/r076-1992-nl1-2005-33	API error for R76/1992/r076-1992-nl1-2005-33: {"error" => {"code" => "1113", "message" => "Insufficient balance or no resource package. Please recharge."}}
2026-10-06 22:14:25 +0800	R76/1992/r076-1992-nl1-2005-34	API error for R76/1992/r076-1992-nl1-2005-34: {"error" => {"code" => "1113", "message" => "Insufficient balance or no resource package. Please recharge."}}
2026-10-06 22:14:25 +0800	R76/1992/r076-1992-nl1-2005-35	API error for R76/1992/r076-1992-nl1-2005-35: {"error" => {"code" => "1113", "message" => "Insufficient balance or no resource package. Please recharge."}}
2026-10-06 22:14:25 +0800	R76/1992/r076-1992-nl1-2005-36	API error for R76/1992/r076-1992-nl1-2005-36: {"error" => {"code" => "1113", "message" => "Insufficient balance or no resource package. Please recharge."}}
2026-10-06 22:14:25 +0800	R76/1992/r076-1992-nl1-2005-37	API error for R76/1992/r076-1992-nl1-2005-37: {"error" => {"code" => "1113", "message" => "Insufficient balance or no resource package. Please recharge."}}
2026-10-06 22:14:25 +0800	R76/1992/r076-1992-nl1-2005-38	API error for R76/1992/r076-1992-nl1-2005-38: {"error" => {"code" => "1113", "message" => "Insufficient balance or no resource package. Please recharge."}}
2026-10-06 22:14:25 +0800	R76/1992/r076-1992-nl1-2005-40	API error for R76/1992/r076-1992-nl1-2005-40: {"error" => {"code" => "1113", "message" => "Insufficient balance or no resource package. Please recharge."}}
2026-10-06 22:14:25 +0800	R76/1992/r076-1992-nl1-2005-39-rev1	API error for R76/1992/r076-1992-nl1-2005-39-rev1: {"error" => {"code" => "1113", "message" => "Insufficient balance or no resource package. Please recharge."}}
2026-10-06 22:14:25 +0800	R76/1992/r076-1992-nl1-2006-01	API error for R76/1992/r076-1992-nl1-2006-01: {"error" => {"code" => "1113", "message" => "Insufficient balance or no resource package. Please recharge."}}
2026-10-06 22:14:25 +0800	R76/1992/r076-1992-nl1-2006-02	API error for R76/1992/r076-1992-nl1-2006-02: {"error" => {"code" => "1113", "message" => "Insufficient balance or no resource package. Please recharge."}}
2026-10-06 22:14:25 +0800	R76/1992/r076-1992-nl1-2006-03	API error for R76/1992/r076-1992-nl1-2006-03: {"error" => {"code" => "1113", "message" => "Insufficient balance or no resource package. Please recharge."}}
2026-10-06 22:14:25 +0800	R76/1992/r076-1992-nl1-2006-04-rev1	API error for R76/1992/r076-1992-nl1-2006-04-rev1: {"error" => {"code" => "1113", "message" => "Insufficient balance or no resource package. Please recharge."}}
2026-10-06 22:14:25 +0800	R76/1992/r076-1992-nl1-2006-04	API error for R76/1992/r076-1992-nl1-2006-04: {"error" => {"code" => "1113", "message" => "Insufficient balance or no resource package. Please recharge."}}
2026-10-06 22:14:25 +0800	R76/1992/r076-1992-nl1-2006-06	API error for R76/1992/r076-1992-nl1-2006-06: {"error" => {"code" => "1113", "message" => "Insufficient balance or no resource package. Please recharge."}}
2026-10-06 22:14:25 +0800	R76/1992/r076-1992-nl1-2006-07	API error for R76/1992/r076-1992-nl1-2006-07: {"error" => {"code" => "1113", "message" => "Insufficient balance or no resource package. Please recharge."}}
2026-10-06 22:14:25 +0800	R76/1992/r076-1992-nl1-2006-05-rev1	API error for R76/1992/r076-1992-nl1-2006-05-rev1: {"error" => {"code" => "1113", "message" => "Insufficient balance or no resource package. Please recharge."}}
2026-10-06 22:14:25 +0800	R76/1992/r076-1992-nl1-2006-08	API error for R76/1992/r076-1992-nl1-2006-08: {"error" => {"code" => "1113", "message" => "Insufficient balance or no resource package. Please recharge."}}
2026-10-06 22:14:25 +0800	R76/1992/r076-1992-nl1-2006-09	API error for R76/1992/r076-1992-nl1-2006-09: {"error" => {"code" => "1113", "message" => "Insufficient balance or no resource package. Please recharge."}}
2026-10-06 22:14:25 +0800	R76/1992/r076-1992-nl1-2006-11	API error for R76/1992/r076-1992-nl1-2006-11: {"error" => {"code" => "1113", "message" => "Insufficient balance or no resource package. Please recharge."}}
2026-10-06 22:14:25 +0800	R76/1992/r076-1992-nl1-2006-10	API error for R76/1992/r076-1992-nl1-2006-10: {"error" => {"code" => "1113", "message" => "Insufficient balance or no resource package. Please recharge."}}
2026-10-06 22:14:25 +0800	R76/1992/r076-1992-nl1-2006-12	API error for R76/1992/r076-1992-nl1-2006-12: {"error" => {"code" => "1113", "message" => "Insufficient balance or no resource package. Please recharge."}}
2026-10-06 22:14:25 +0800	R76/1992/r076-1992-nl1-2006-13	API error for R76/1992/r076-1992-nl1-2006-13: {"error" => {"code" => "1113", "message" => "Insufficient balance or no resource package. Please recharge."}}
2026-10-06 22:14:25 +0800	R76/1992/r076-1992-nl1-2006-14	API error for R76/1992/r076-1992-nl1-2006-14: {"error" => {"code" => "1113", "message" => "Insufficient balance or no resource package. Please recharge."}}
2026-10-06 22:14:25 +0800	R76/1992/r076-1992-nl1-2006-15	API error for R76/1992/r076-1992-nl1-2006-15: {"error" => {"code" => "1113", "message" => "Insufficient balance or no resource package. Please recharge."}}
2026-10-06 22:14:25 +0800	R76/1992/r076-1992-nl1-2006-16	API error for R76/1992/r076-1992-nl1-2006-16: {"error" => {"code" => "1113", "message" => "Insufficient balance or no resource package. Please recharge."}}
2026-10-06 22:14:25 +0800	R76/1992/r076-1992-nl1-2006-17	API error for R76/1992/r076-1992-nl1-2006-17: {"error" => {"code" => "1113", "message" => "Insufficient balance or no resource package. Please recharge."}}
2026-10-06 22:14:25 +0800	R76/1992/r076-1992-nl1-2006-18	API error for R76/1992/r076-1992-nl1-2006-18: {"error" => {"code" => "1113", "message" => "Insufficient balance or no resource package. Please recharge."}}
2026-10-06 22:14:25 +0800	R76/1992/r076-1992-nl1-2006-19	API error for R76/1992/r076-1992-nl1-2006-19: {"error" => {"code" => "1113", "message" => "Insufficient balance or no resource package. Please recharge."}}
2026-10-06 22:14:25 +0800	R76/1992/r076-1992-nl1-2006-20	API error for R76/1992/r076-1992-nl1-2006-20: {"error" => {"code" => "1113", "message" => "Insufficient balance or no resource package. Please recharge."}}
2026-10-06 22:14:25 +0800	R76/1992/r076-1992-nl1-2006-21	API error for R76/1992/r076-1992-nl1-2006-21: {"error" => {"code" => "1113", "message" => "Insufficient balance or no resource package. Please recharge."}}
2026-10-06 22:14:25 +0800	R76/1992/r076-1992-nl1-2006-22	API error for R76/1992/r076-1992-nl1-2006-22: {"error" => {"code" => "1113", "message" => "Insufficient balance or no resource package. Please recharge."}}
2026-10-06 22:14:25 +0800	R76/1992/r076-1992-nl1-2006-23	API error for R76/1992/r076-1992-nl1-2006-23: {"error" => {"code" => "1113", "message" => "Insufficient balance or no resource package. Please recharge."}}
2026-10-06 22:14:25 +0800	R76/1992/r076-1992-nl1-2006-24	API error for R76/1992/r076-1992-nl1-2006-24: {"error" => {"code" => "1113", "message" => "Insufficient balance or no resource package. Please recharge."}}
2026-10-06 22:14:25 +0800	R76/1992/r076-1992-nl1-2006-25	API error for R76/1992/r076-1992-nl1-2006-25: {"error" => {"code" => "1113", "message" => "Insufficient balance or no resource package. Please recharge."}}
2026-10-06 22:14:25 +0800	R76/1992/r076-1992-nl1-2006-26	API error for R76/1992/r076-1992-nl1-2006-26: {"error" => {"code" => "1113", "message" => "Insufficient balance or no resource package. Please recharge."}}
2026-10-06 22:14:25 +0800	R76/1992/r076-1992-nl1-2006-27	API error for R76/1992/r076-1992-nl1-2006-27: {"error" => {"code" => "1113", "message" => "Insufficient balance or no resource package. Please recharge."}}
2026-10-06 22:14:25 +0800	R76/1992/r076-1992-nl1-2006-28	API error for R76/1992/r076-1992-nl1-2006-28: {"error" => {"code" => "1113", "message" => "Insufficient balance or no resource package. Please recharge."}}
2026-10-06 22:14:25 +0800	R76/1992/r076-1992-nl1-2006-29	API error for R76/1992/r076-1992-nl1-2006-29: {"error" => {"code" => "1113", "message" => "Insufficient balance or no resource package. Please recharge."}}
2026-10-06 22:14:25 +0800	R76/1992/r076-1992-nl1-2006-30	API error for R76/1992/r076-1992-nl1-2006-30: {"error" => {"code" => "1113", "message" => "Insufficient balance or no resource package. Please recharge."}}
2026-10-06 22:14:25 +0800	R76/1992/r076-1992-nl1-2006-31	API error for R76/1992/r076-1992-nl1-2006-31: {"error" => {"code" => "1113", "message" => "Insufficient balance or no resource package. Please recharge."}}
2026-10-06 22:14:25 +0800	R76/1992/r076-1992-nl1-2006-32	API error for R76/1992/r076-1992-nl1-2006-32: {"error" => {"code" => "1113", "message" => "Insufficient balance or no resource package. Please recharge."}}
2026-10-06 22:14:25 +0800	R76/1992/r076-1992-nl1-2006-33	API error for R76/1992/r076-1992-nl1-2006-33: {"error" => {"code" => "1113", "message" => "Insufficient balance or no resource package. Please recharge."}}
2026-10-06 22:14:25 +0800	R76/1992/r076-1992-nl1-2006-35	API error for R76/1992/r076-1992-nl1-2006-35: {"error" => {"code" => "1113", "message" => "Insufficient balance or no resource package. Please recharge."}}
2026-10-06 22:14:25 +0800	R76/1992/r076-1992-nl1-2006-34	API error for R76/1992/r076-1992-nl1-2006-34: {"error" => {"code" => "1113", "message" => "Insufficient balance or no resource package. Please recharge."}}
2026-10-06 22:14:25 +0800	R76/1992/r076-1992-nl1-2006-36	API error for R76/1992/r076-1992-nl1-2006-36: {"error" => {"code" => "1113", "message" => "Insufficient balance or no resource package. Please recharge."}}
2026-10-06 22:14:25 +0800	R76/1992/r076-1992-nl1-2006-37	API error for R76/1992/r076-1992-nl1-2006-37: {"error" => {"code" => "1113", "message" => "Insufficient balance or no resource package. Please recharge."}}
2026-10-06 22:14:25 +0800	R76/1992/r076-1992-nl1-2006-38-rev1	API error for R76/1992/r076-1992-nl1-2006-38-rev1: {"error" => {"code" => "1113", "message" => "Insufficient balance or no resource package. Please recharge."}}
2026-10-06 22:14:25 +0800	R76/1992/r076-1992-nl1-2006-38	API error for R76/1992/r076-1992-nl1-2006-38: {"error" => {"code" => "1113", "message" => "Insufficient balance or no resource package. Please recharge."}}
2026-10-06 22:14:25 +0800	R76/1992/r076-1992-nl1-2006-39-rev1	API error for R76/1992/r076-1992-nl1-2006-39-rev1: {"error" => {"code" => "1113", "message" => "Insufficient balance or no resource package. Please recharge."}}
2026-10-06 22:14:25 +0800	R76/1992/r076-1992-nl1-2006-40	API error for R76/1992/r076-1992-nl1-2006-40: {"error" => {"code" => "1113", "message" => "Insufficient balance or no resource package. Please recharge."}}
2026-10-06 22:14:25 +0800	R76/1992/r076-1992-nl1-2007-01	API error for R76/1992/r076-1992-nl1-2007-01: {"error" => {"code" => "1113", "message" => "Insufficient balance or no resource package. Please recharge."}}
2026-10-06 22:14:25 +0800	R76/1992/r076-1992-nl1-2006-41	API error for R76/1992/r076-1992-nl1-2006-41: {"error" => {"code" => "1113", "message" => "Insufficient balance or no resource package. Please recharge."}}
2026-10-06 22:14:25 +0800	R76/1992/r076-1992-nl1-2007-02	API error for R76/1992/r076-1992-nl1-2007-02: {"error" => {"code" => "1113", "message" => "Insufficient balance or no resource package. Please recharge."}}
2026-10-06 22:14:25 +0800	R76/1992/r076-1992-nl1-2007-03	API error for R76/1992/r076-1992-nl1-2007-03: {"error" => {"code" => "1113", "message" => "Insufficient balance or no resource package. Please recharge."}}
2026-10-06 22:14:25 +0800	R76/1992/r076-1992-nl1-2007-04	API error for R76/1992/r076-1992-nl1-2007-04: {"error" => {"code" => "1113", "message" => "Insufficient balance or no resource package. Please recharge."}}
2026-10-06 22:14:25 +0800	R76/1992/r076-1992-nl1-2007-03-rev1	API error for R76/1992/r076-1992-nl1-2007-03-rev1: {"error" => {"code" => "1113", "message" => "Insufficient balance or no resource package. Please recharge."}}
2026-10-06 22:14:25 +0800	R76/1992/r076-1992-nl1-2007-05	API error for R76/1992/r076-1992-nl1-2007-05: {"error" => {"code" => "1113", "message" => "Insufficient balance or no resource package. Please recharge."}}
2026-10-06 22:14:25 +0800	R76/1992/r076-1992-nl1-2007-07	API error for R76/1992/r076-1992-nl1-2007-07: {"error" => {"code" => "1113", "message" => "Insufficient balance or no resource package. Please recharge."}}
2026-10-06 22:14:25 +0800	R76/1992/r076-1992-nl1-2007-08	API error for R76/1992/r076-1992-nl1-2007-08: {"error" => {"code" => "1113", "message" => "Insufficient balance or no resource package. Please recharge."}}
2026-10-06 22:14:25 +0800	R76/1992/r076-1992-nl1-2007-06	API error for R76/1992/r076-1992-nl1-2007-06: {"error" => {"code" => "1113", "message" => "Insufficient balance or no resource package. Please recharge."}}
2026-10-06 22:14:25 +0800	R76/1992/r076-1992-nl1-2007-09	API error for R76/1992/r076-1992-nl1-2007-09: {"error" => {"code" => "1113", "message" => "Insufficient balance or no resource package. Please recharge."}}
2026-10-06 22:14:25 +0800	R76/1992/r076-1992-nl1-2007-11-rev1	API error for R76/1992/r076-1992-nl1-2007-11-rev1: {"error" => {"code" => "1113", "message" => "Insufficient balance or no resource package. Please recharge."}}
2026-10-06 22:14:25 +0800	R76/1992/r076-1992-nl1-2007-10	API error for R76/1992/r076-1992-nl1-2007-10: {"error" => {"code" => "1113", "message" => "Insufficient balance or no resource package. Please recharge."}}
2026-10-06 22:14:25 +0800	R76/1992/r076-1992-nl1-2007-12-rev1	API error for R76/1992/r076-1992-nl1-2007-12-rev1: {"error" => {"code" => "1113", "message" => "Insufficient balance or no resource package. Please recharge."}}
2026-10-06 22:14:25 +0800	R76/1992/r076-1992-nl1-2007-13	API error for R76/1992/r076-1992-nl1-2007-13: {"error" => {"code" => "1113", "message" => "Insufficient balance or no resource package. Please recharge."}}
2026-10-06 22:14:25 +0800	R76/1992/r076-1992-nl1-2007-15	API error for R76/1992/r076-1992-nl1-2007-15: {"error" => {"code" => "1113", "message" => "Insufficient balance or no resource package. Please recharge."}}
2026-10-06 22:14:25 +0800	R76/1992/r076-1992-nl1-2007-14	API error for R76/1992/r076-1992-nl1-2007-14: {"error" => {"code" => "1113", "message" => "Insufficient balance or no resource package. Please recharge."}}
2026-10-06 22:14:25 +0800	R76/1992/r076-1992-nl1-2007-16	API error for R76/1992/r076-1992-nl1-2007-16: {"error" => {"code" => "1113", "message" => "Insufficient balance or no resource package. Please recharge."}}
2026-10-06 22:14:25 +0800	R76/1992/r076-1992-nl1-2007-17	API error for R76/1992/r076-1992-nl1-2007-17: {"error" => {"code" => "1113", "message" => "Insufficient balance or no resource package. Please recharge."}}
2026-10-06 22:14:25 +0800	R76/1992/r076-1992-nl1-2007-19	API error for R76/1992/r076-1992-nl1-2007-19: {"error" => {"code" => "1113", "message" => "Insufficient balance or no resource package. Please recharge."}}
2026-10-06 22:14:25 +0800	R76/1992/r076-1992-nl1-2007-18	API error for R76/1992/r076-1992-nl1-2007-18: {"error" => {"code" => "1113", "message" => "Insufficient balance or no resource package. Please recharge."}}
2026-10-06 22:14:25 +0800	R76/1992/r076-1992-nl1-2007-20-rev1	API error for R76/1992/r076-1992-nl1-2007-20-rev1: {"error" => {"code" => "1113", "message" => "Insufficient balance or no resource package. Please recharge."}}
2026-10-06 22:14:25 +0800	R76/1992/r076-1992-nl1-2007-20	API error for R76/1992/r076-1992-nl1-2007-20: {"error" => {"code" => "1113", "message" => "Insufficient balance or no resource package. Please recharge."}}
2026-10-06 22:14:25 +0800	R76/1992/r076-1992-nl1-2007-21	API error for R76/1992/r076-1992-nl1-2007-21: {"error" => {"code" => "1113", "message" => "Insufficient balance or no resource package. Please recharge."}}
2026-10-06 22:14:25 +0800	R76/1992/r076-1992-nl1-2007-23	API error for R76/1992/r076-1992-nl1-2007-23: {"error" => {"code" => "1113", "message" => "Insufficient balance or no resource package. Please recharge."}}
2026-10-06 22:14:25 +0800	R76/1992/r076-1992-nl1-2007-22	API error for R76/1992/r076-1992-nl1-2007-22: {"error" => {"code" => "1113", "message" => "Insufficient balance or no resource package. Please recharge."}}
2026-10-06 22:14:25 +0800	R76/1992/r076-1992-nl1-2007-24	API error for R76/1992/r076-1992-nl1-2007-24: {"error" => {"code" => "1113", "message" => "Insufficient balance or no resource package. Please recharge."}}
2026-10-06 22:14:25 +0800	R76/1992/r076-1992-nl1-2007-25	API error for R76/1992/r076-1992-nl1-2007-25: {"error" => {"code" => "1113", "message" => "Insufficient balance or no resource package. Please recharge."}}
2026-10-06 22:14:25 +0800	R76/1992/r076-1992-nl1-2007-27-rev1	API error for R76/1992/r076-1992-nl1-2007-27-rev1: {"error" => {"code" => "1113", "message" => "Insufficient balance or no resource package. Please recharge."}}
2026-10-06 22:14:25 +0800	R76/1992/r076-1992-nl1-2007-26	API error for R76/1992/r076-1992-nl1-2007-26: {"error" => {"code" => "1113", "message" => "Insufficient balance or no resource package. Please recharge."}}
2026-10-06 22:14:25 +0800	R76/1992/r076-1992-nl1-2007-28	API error for R76/1992/r076-1992-nl1-2007-28: {"error" => {"code" => "1113", "message" => "Insufficient balance or no resource package. Please recharge."}}
2026-10-06 22:14:25 +0800	R76/1992/r076-1992-nl1-2007-30-rev1	API error for R76/1992/r076-1992-nl1-2007-30-rev1: {"error" => {"code" => "1113", "message" => "Insufficient balance or no resource package. Please recharge."}}
2026-10-06 22:14:25 +0800	R76/1992/r076-1992-nl1-2007-29	API error for R76/1992/r076-1992-nl1-2007-29: {"error" => {"code" => "1113", "message" => "Insufficient balance or no resource package. Please recharge."}}
2026-10-06 22:14:25 +0800	R76/1992/r076-1992-nl1-2007-30	API error for R76/1992/r076-1992-nl1-2007-30: {"error" => {"code" => "1113", "message" => "Insufficient balance or no resource package. Please recharge."}}
2026-10-06 22:14:25 +0800	R76/1992/r076-1992-nl1-2007-31	API error for R76/1992/r076-1992-nl1-2007-31: {"error" => {"code" => "1113", "message" => "Insufficient balance or no resource package. Please recharge."}}
2026-10-06 22:14:25 +0800	R76/1992/r076-1992-nl1-2007-33	API error for R76/1992/r076-1992-nl1-2007-33: {"error" => {"code" => "1113", "message" => "Insufficient balance or no resource package. Please recharge."}}
2026-10-06 22:14:25 +0800	R76/1992/r076-1992-nl1-2007-34	API error for R76/1992/r076-1992-nl1-2007-34: {"error" => {"code" => "1113", "message" => "Insufficient balance or no resource package. Please recharge."}}
2026-10-06 22:14:25 +0800	R76/1992/r076-1992-nl1-2007-32	API error for R76/1992/r076-1992-nl1-2007-32: {"error" => {"code" => "1113", "message" => "Insufficient balance or no resource package. Please recharge."}}
2026-10-06 22:14:25 +0800	R76/1992/r076-1992-nl1-2007-35	API error for R76/1992/r076-1992-nl1-2007-35: {"error" => {"code" => "1113", "message" => "Insufficient balance or no resource package. Please recharge."}}
2026-10-06 22:14:25 +0800	R76/1992/r076-1992-nl1-2007-36	API error for R76/1992/r076-1992-nl1-2007-36: {"error" => {"code" => "1113", "message" => "Insufficient balance or no resource package. Please recharge."}}
2026-10-06 22:14:25 +0800	R76/1992/r076-1992-nl1-2007-38-rev1	API error for R76/1992/r076-1992-nl1-2007-38-rev1: {"error" => {"code" => "1113", "message" => "Insufficient balance or no resource package. Please recharge."}}
2026-10-06 22:14:25 +0800	R76/1992/r076-1992-nl1-2007-37	API error for R76/1992/r076-1992-nl1-2007-37: {"error" => {"code" => "1113", "message" => "Insufficient balance or no resource package. Please recharge."}}
2026-10-06 22:14:25 +0800	R76/1992/r076-1992-nl1-2007-38	API error for R76/1992/r076-1992-nl1-2007-38: {"error" => {"code" => "1113", "message" => "Insufficient balance or no resource package. Please recharge."}}
2026-10-06 22:14:25 +0800	R76/1992/r076-1992-nl1-2007-40	API error for R76/1992/r076-1992-nl1-2007-40: {"error" => {"code" => "1113", "message" => "Insufficient balance or no resource package. Please recharge."}}
2026-10-06 22:14:25 +0800	R76/1992/r076-1992-nl1-2007-39-rev1	API error for R76/1992/r076-1992-nl1-2007-39-rev1: {"error" => {"code" => "1113", "message" => "Insufficient balance or no resource package. Please recharge."}}
2026-10-06 22:14:25 +0800	R76/1992/r076-1992-nl1-2007-39	API error for R76/1992/r076-1992-nl1-2007-39: {"error" => {"code" => "1113", "message" => "Insufficient balance or no resource package. Please recharge."}}
2026-10-06 22:14:25 +0800	R76/1992/r076-1992-nl1-2007-41	API error for R76/1992/r076-1992-nl1-2007-41: {"error" => {"code" => "1113", "message" => "Insufficient balance or no resource package. Please recharge."}}
2026-10-06 22:14:25 +0800	R76/1992/r076-1992-nl1-2008-02	API error for R76/1992/r076-1992-nl1-2008-02: {"error" => {"code" => "1113", "message" => "Insufficient balance or no resource package. Please recharge."}}
2026-10-06 22:14:25 +0800	R76/1992/r076-1992-nl1-2008-01	API error for R76/1992/r076-1992-nl1-2008-01: {"error" => {"code" => "1113", "message" => "Insufficient balance or no resource package. Please recharge."}}
2026-10-06 22:14:25 +0800	R76/1992/r076-1992-nl1-2008-03	API error for R76/1992/r076-1992-nl1-2008-03: {"error" => {"code" => "1113", "message" => "Insufficient balance or no resource package. Please recharge."}}
2026-10-06 22:14:25 +0800	R76/1992/r076-1992-nl1-2008-04-rev1	API error for R76/1992/r076-1992-nl1-2008-04-rev1: {"error" => {"code" => "1113", "message" => "Insufficient balance or no resource package. Please recharge."}}
2026-10-06 22:14:25 +0800	R76/1992/r076-1992-nl1-2008-04	API error for R76/1992/r076-1992-nl1-2008-04: {"error" => {"code" => "1113", "message" => "Insufficient balance or no resource package. Please recharge."}}
2026-10-06 22:14:25 +0800	R76/1992/r076-1992-nl1-2008-05-rev1	API error for R76/1992/r076-1992-nl1-2008-05-rev1: {"error" => {"code" => "1113", "message" => "Insufficient balance or no resource package. Please recharge."}}
2026-10-06 22:14:25 +0800	R76/1992/r076-1992-nl1-2008-06	API error for R76/1992/r076-1992-nl1-2008-06: {"error" => {"code" => "1113", "message" => "Insufficient balance or no resource package. Please recharge."}}
2026-10-06 22:14:25 +0800	R76/1992/r076-1992-nl1-2008-07	API error for R76/1992/r076-1992-nl1-2008-07: {"error" => {"code" => "1113", "message" => "Insufficient balance or no resource package. Please recharge."}}
2026-10-06 22:14:25 +0800	R76/1992/r076-1992-nl1-2008-08	API error for R76/1992/r076-1992-nl1-2008-08: {"error" => {"code" => "1113", "message" => "Insufficient balance or no resource package. Please recharge."}}
2026-10-06 22:14:25 +0800	R76/1992/r076-1992-nl1-2008-10	API error for R76/1992/r076-1992-nl1-2008-10: {"error" => {"code" => "1113", "message" => "Insufficient balance or no resource package. Please recharge."}}
2026-10-06 22:14:25 +0800	R76/1992/r076-1992-nl1-2008-11	API error for R76/1992/r076-1992-nl1-2008-11: {"error" => {"code" => "1113", "message" => "Insufficient balance or no resource package. Please recharge."}}
2026-10-06 22:14:25 +0800	R76/1992/r076-1992-nl1-2008-09	API error for R76/1992/r076-1992-nl1-2008-09: {"error" => {"code" => "1113", "message" => "Insufficient balance or no resource package. Please recharge."}}
2026-10-06 22:14:25 +0800	R76/1992/r076-1992-nl1-2008-12-rev1	API error for R76/1992/r076-1992-nl1-2008-12-rev1: {"error" => {"code" => "1113", "message" => "Insufficient balance or no resource package. Please recharge."}}
2026-10-06 22:14:25 +0800	R76/1992/r076-1992-nl1-2008-13	API error for R76/1992/r076-1992-nl1-2008-13: {"error" => {"code" => "1113", "message" => "Insufficient balance or no resource package. Please recharge."}}
2026-10-06 22:14:25 +0800	R76/1992/r076-1992-nl1-2008-14	API error for R76/1992/r076-1992-nl1-2008-14: {"error" => {"code" => "1113", "message" => "Insufficient balance or no resource package. Please recharge."}}
2026-10-06 22:14:25 +0800	R76/1992/r076-1992-nl1-2008-12	API error for R76/1992/r076-1992-nl1-2008-12: {"error" => {"code" => "1113", "message" => "Insufficient balance or no resource package. Please recharge."}}
2026-10-06 22:14:25 +0800	R76/1992/r076-1992-nl1-2008-16	API error for R76/1992/r076-1992-nl1-2008-16: {"error" => {"code" => "1113", "message" => "Insufficient balance or no resource package. Please recharge."}}
2026-10-06 22:14:25 +0800	R76/1992/r076-1992-nl1-2008-18	API error for R76/1992/r076-1992-nl1-2008-18: {"error" => {"code" => "1113", "message" => "Insufficient balance or no resource package. Please recharge."}}
2026-10-06 22:14:25 +0800	R76/1992/r076-1992-nl1-2008-17	API error for R76/1992/r076-1992-nl1-2008-17: {"error" => {"code" => "1113", "message" => "Insufficient balance or no resource package. Please recharge."}}
2026-10-06 22:14:25 +0800	R76/1992/r076-1992-nl1-2008-15	API error for R76/1992/r076-1992-nl1-2008-15: {"error" => {"code" => "1113", "message" => "Insufficient balance or no resource package. Please recharge."}}
2026-10-06 22:14:25 +0800	R76/1992/r076-1992-nl1-2008-19	API error for R76/1992/r076-1992-nl1-2008-19: {"error" => {"code" => "1113", "message" => "Insufficient balance or no resource package. Please recharge."}}
2026-10-06 22:14:25 +0800	R76/1992/r076-1992-nl1-2008-22-rev1	API error for R76/1992/r076-1992-nl1-2008-22-rev1: {"error" => {"code" => "1113", "message" => "Insufficient balance or no resource package. Please recharge."}}
2026-10-06 22:14:25 +0800	R76/1992/r076-1992-nl1-2008-21	API error for R76/1992/r076-1992-nl1-2008-21: {"error" => {"code" => "1113", "message" => "Insufficient balance or no resource package. Please recharge."}}
2026-10-06 22:14:25 +0800	R76/1992/r076-1992-nl1-2008-20	API error for R76/1992/r076-1992-nl1-2008-20: {"error" => {"code" => "1113", "message" => "Insufficient balance or no resource package. Please recharge."}}
2026-10-06 22:14:25 +0800	R76/1992/r076-1992-nl1-2008-23	API error for R76/1992/r076-1992-nl1-2008-23: {"error" => {"code" => "1113", "message" => "Insufficient balance or no resource package. Please recharge."}}
2026-10-06 22:14:25 +0800	R76/1992/r076-1992-nl1-2008-22	API error for R76/1992/r076-1992-nl1-2008-22: {"error" => {"code" => "1113", "message" => "Insufficient balance or no resource package. Please recharge."}}
2026-10-06 22:14:25 +0800	R76/1992/r076-1992-nl1-2008-25	API error for R76/1992/r076-1992-nl1-2008-25: {"error" => {"code" => "1113", "message" => "Insufficient balance or no resource package. Please recharge."}}
2026-10-06 22:14:25 +0800	R76/1992/r076-1992-nl1-2008-24	API error for R76/1992/r076-1992-nl1-2008-24: {"error" => {"code" => "1113", "message" => "Insufficient balance or no resource package. Please recharge."}}
2026-10-06 22:14:25 +0800	R76/1992/r076-1992-nl1-2008-26	API error for R76/1992/r076-1992-nl1-2008-26: {"error" => {"code" => "1113", "message" => "Insufficient balance or no resource package. Please recharge."}}
2026-10-06 22:14:25 +0800	R76/1992/r076-1992-nl1-2008-27	API error for R76/1992/r076-1992-nl1-2008-27: {"error" => {"code" => "1113", "message" => "Insufficient balance or no resource package. Please recharge."}}
2026-10-06 22:14:25 +0800	R76/1992/r076-1992-nl1-2008-29	API error for R76/1992/r076-1992-nl1-2008-29: {"error" => {"code" => "1113", "message" => "Insufficient balance or no resource package. Please recharge."}}
2026-10-06 22:14:25 +0800	R76/1992/r076-1992-nl1-2008-28	API error for R76/1992/r076-1992-nl1-2008-28: {"error" => {"code" => "1113", "message" => "Insufficient balance or no resource package. Please recharge."}}
2026-10-06 22:14:25 +0800	R76/1992/r076-1992-nl1-2008-30	API error for R76/1992/r076-1992-nl1-2008-30: {"error" => {"code" => "1113", "message" => "Insufficient balance or no resource package. Please recharge."}}
2026-10-06 22:14:25 +0800	R76/1992/r076-1992-nl1-2008-31	API error for R76/1992/r076-1992-nl1-2008-31: {"error" => {"code" => "1113", "message" => "Insufficient balance or no resource package. Please recharge."}}
2026-10-06 22:14:25 +0800	R76/1992/r076-1992-nl1-2008-32	API error for R76/1992/r076-1992-nl1-2008-32: {"error" => {"code" => "1113", "message" => "Insufficient balance or no resource package. Please recharge."}}
2026-10-06 22:14:25 +0800	R76/1992/r076-1992-nl1-2008-33-rev1	API error for R76/1992/r076-1992-nl1-2008-33-rev1: {"error" => {"code" => "1113", "message" => "Insufficient balance or no resource package. Please recharge."}}
2026-10-06 22:14:25 +0800	R76/1992/r076-1992-nl1-2008-34	API error for R76/1992/r076-1992-nl1-2008-34: {"error" => {"code" => "1113", "message" => "Insufficient balance or no resource package. Please recharge."}}
2026-10-06 22:14:25 +0800	R76/1992/r076-1992-nl1-2008-36	API error for R76/1992/r076-1992-nl1-2008-36: {"error" => {"code" => "1113", "message" => "Insufficient balance or no resource package. Please recharge."}}
2026-10-06 22:14:25 +0800	R76/1992/r076-1992-nl1-2008-33	API error for R76/1992/r076-1992-nl1-2008-33: {"error" => {"code" => "1113", "message" => "Insufficient balance or no resource package. Please recharge."}}
2026-10-06 22:14:25 +0800	R76/1992/r076-1992-nl1-2008-37	API error for R76/1992/r076-1992-nl1-2008-37: {"error" => {"code" => "1113", "message" => "Insufficient balance or no resource package. Please recharge."}}
2026-10-06 22:14:25 +0800	R76/1992/r076-1992-nl1-2008-38	API error for R76/1992/r076-1992-nl1-2008-38: {"error" => {"code" => "1113", "message" => "Insufficient balance or no resource package. Please recharge."}}
2026-10-06 22:14:25 +0800	R76/1992/r076-1992-nl1-2008-39	API error for R76/1992/r076-1992-nl1-2008-39: {"error" => {"code" => "1113", "message" => "Insufficient balance or no resource package. Please recharge."}}
2026-10-06 22:14:25 +0800	R76/1992/r076-1992-nl1-2008-40	API error for R76/1992/r076-1992-nl1-2008-40: {"error" => {"code" => "1113", "message" => "Insufficient balance or no resource package. Please recharge."}}
2026-10-06 22:14:25 +0800	R76/1992/r076-1992-nl1-2008-41	API error for R76/1992/r076-1992-nl1-2008-41: {"error" => {"code" => "1113", "message" => "Insufficient balance or no resource package. Please recharge."}}
2026-10-06 22:14:25 +0800	R76/1992/r076-1992-nl1-2008-42	API error for R76/1992/r076-1992-nl1-2008-42: {"error" => {"code" => "1113", "message" => "Insufficient balance or no resource package. Please recharge."}}
2026-10-06 22:14:25 +0800	R76/1992/r076-1992-nl1-2008-44	API error for R76/1992/r076-1992-nl1-2008-44: {"error" => {"code" => "1113", "message" => "Insufficient balance or no resource package. Please recharge."}}
2026-10-06 22:14:25 +0800	R76/1992/r076-1992-nl1-2008-45-rev1	API error for R76/1992/r076-1992-nl1-2008-45-rev1: {"error" => {"code" => "1113", "message" => "Insufficient balance or no resource package. Please recharge."}}
2026-10-06 22:14:25 +0800	R76/1992/r076-1992-nl1-2008-43	API error for R76/1992/r076-1992-nl1-2008-43: {"error" => {"code" => "1113", "message" => "Insufficient balance or no resource package. Please recharge."}}
2026-10-06 22:14:25 +0800	R76/1992/r076-1992-nl1-2008-45-rev2	API error for R76/1992/r076-1992-nl1-2008-45-rev2: {"error" => {"code" => "1113", "message" => "Insufficient balance or no resource package. Please recharge."}}
2026-10-06 22:14:25 +0800	R76/1992/r076-1992-nl1-2008-45	API error for R76/1992/r076-1992-nl1-2008-45: {"error" => {"code" => "1113", "message" => "Insufficient balance or no resource package. Please recharge."}}
2026-10-06 22:14:25 +0800	R76/1992/r076-1992-nl1-2008-46	API error for R76/1992/r076-1992-nl1-2008-46: {"error" => {"code" => "1113", "message" => "Insufficient balance or no resource package. Please recharge."}}
2026-10-06 22:14:25 +0800	R76/1992/r076-1992-nl1-2009-03	API error for R76/1992/r076-1992-nl1-2009-03: {"error" => {"code" => "1113", "message" => "Insufficient balance or no resource package. Please recharge."}}
2026-10-06 22:14:25 +0800	R76/1992/r076-1992-nl1-2009-04-rev1	API error for R76/1992/r076-1992-nl1-2009-04-rev1: {"error" => {"code" => "1113", "message" => "Insufficient balance or no resource package. Please recharge."}}
2026-10-06 22:14:25 +0800	R76/1992/r076-1992-nl1-2009-04	API error for R76/1992/r076-1992-nl1-2009-04: {"error" => {"code" => "1113", "message" => "Insufficient balance or no resource package. Please recharge."}}
2026-10-06 22:14:25 +0800	R76/1992/r076-1992-nl1-2009-05	API error for R76/1992/r076-1992-nl1-2009-05: {"error" => {"code" => "1113", "message" => "Insufficient balance or no resource package. Please recharge."}}
2026-10-06 22:14:25 +0800	R76/1992/r076-1992-nl1-2009-06	API error for R76/1992/r076-1992-nl1-2009-06: {"error" => {"code" => "1113", "message" => "Insufficient balance or no resource package. Please recharge."}}
2026-10-06 22:14:25 +0800	R76/1992/r076-1992-nl1-2009-07	API error for R76/1992/r076-1992-nl1-2009-07: {"error" => {"code" => "1113", "message" => "Insufficient balance or no resource package. Please recharge."}}
2026-10-06 22:14:25 +0800	R76/1992/r076-1992-nl1-2009-08	API error for R76/1992/r076-1992-nl1-2009-08: {"error" => {"code" => "1113", "message" => "Insufficient balance or no resource package. Please recharge."}}
2026-10-06 22:14:25 +0800	R76/1992/r076-1992-nl1-2009-09-rev1	API error for R76/1992/r076-1992-nl1-2009-09-rev1: {"error" => {"code" => "1113", "message" => "Insufficient balance or no resource package. Please recharge."}}
2026-10-06 22:14:25 +0800	R76/1992/r076-1992-nl1-2009-10	API error for R76/1992/r076-1992-nl1-2009-10: {"error" => {"code" => "1113", "message" => "Insufficient balance or no resource package. Please recharge."}}
2026-10-06 22:14:25 +0800	R76/1992/r076-1992-nl1-2009-12	API error for R76/1992/r076-1992-nl1-2009-12: {"error" => {"code" => "1113", "message" => "Insufficient balance or no resource package. Please recharge."}}
2026-10-06 22:14:25 +0800	R76/1992/r076-1992-nl1-2009-13-rev1	API error for R76/1992/r076-1992-nl1-2009-13-rev1: {"error" => {"code" => "1113", "message" => "Insufficient balance or no resource package. Please recharge."}}
2026-10-06 22:14:25 +0800	R76/1992/r076-1992-nl1-2009-14	API error for R76/1992/r076-1992-nl1-2009-14: {"error" => {"code" => "1113", "message" => "Insufficient balance or no resource package. Please recharge."}}
2026-10-06 22:14:25 +0800	R76/1992/r076-1992-nl1-2009-13	API error for R76/1992/r076-1992-nl1-2009-13: {"error" => {"code" => "1113", "message" => "Insufficient balance or no resource package. Please recharge."}}
2026-10-06 22:14:25 +0800	R76/1992/r076-1992-nl1-2009-15-rev1	API error for R76/1992/r076-1992-nl1-2009-15-rev1: {"error" => {"code" => "1113", "message" => "Insufficient balance or no resource package. Please recharge."}}
2026-10-06 22:14:25 +0800	R76/1992/r076-1992-nl1-2009-15-rev2	API error for R76/1992/r076-1992-nl1-2009-15-rev2: {"error" => {"code" => "1113", "message" => "Insufficient balance or no resource package. Please recharge."}}
2026-10-06 22:14:25 +0800	R76/1992/r076-1992-nl1-2009-16	API error for R76/1992/r076-1992-nl1-2009-16: {"error" => {"code" => "1113", "message" => "Insufficient balance or no resource package. Please recharge."}}
2026-10-06 22:14:25 +0800	R76/1992/r076-1992-nl1-2009-15	API error for R76/1992/r076-1992-nl1-2009-15: {"error" => {"code" => "1113", "message" => "Insufficient balance or no resource package. Please recharge."}}
2026-10-06 22:14:25 +0800	R76/1992/r076-1992-nl1-2009-17	API error for R76/1992/r076-1992-nl1-2009-17: {"error" => {"code" => "1113", "message" => "Insufficient balance or no resource package. Please recharge."}}
2026-10-06 22:14:25 +0800	R76/1992/r076-1992-nl1-2009-20	API error for R76/1992/r076-1992-nl1-2009-20: {"error" => {"code" => "1113", "message" => "Insufficient balance or no resource package. Please recharge."}}
2026-10-06 22:14:25 +0800	R76/1992/r076-1992-nl1-2009-24	API error for R76/1992/r076-1992-nl1-2009-24: {"error" => {"code" => "1113", "message" => "Insufficient balance or no resource package. Please recharge."}}
2026-10-06 22:14:25 +0800	R76/1992/r076-1992-nl1-2009-23	API error for R76/1992/r076-1992-nl1-2009-23: {"error" => {"code" => "1113", "message" => "Insufficient balance or no resource package. Please recharge."}}
2026-10-06 22:14:25 +0800	R76/1992/r076-1992-nl1-2009-25	API error for R76/1992/r076-1992-nl1-2009-25: {"error" => {"code" => "1113", "message" => "Insufficient balance or no resource package. Please recharge."}}
2026-10-06 22:14:25 +0800	R76/1992/r076-1992-nl1-2009-27-rev1	API error for R76/1992/r076-1992-nl1-2009-27-rev1: {"error" => {"code" => "1113", "message" => "Insufficient balance or no resource package. Please recharge."}}
2026-10-06 22:14:25 +0800	R76/1992/r076-1992-nl1-2009-27	API error for R76/1992/r076-1992-nl1-2009-27: {"error" => {"code" => "1113", "message" => "Insufficient balance or no resource package. Please recharge."}}
2026-10-06 22:14:25 +0800	R76/1992/r076-1992-nl1-2009-28	API error for R76/1992/r076-1992-nl1-2009-28: {"error" => {"code" => "1113", "message" => "Insufficient balance or no resource package. Please recharge."}}
2026-10-06 22:14:25 +0800	R76/1992/r076-1992-nl1-2009-29	API error for R76/1992/r076-1992-nl1-2009-29: {"error" => {"code" => "1113", "message" => "Insufficient balance or no resource package. Please recharge."}}
2026-10-06 22:14:25 +0800	R76/1992/r076-1992-nl1-2009-30	API error for R76/1992/r076-1992-nl1-2009-30: {"error" => {"code" => "1113", "message" => "Insufficient balance or no resource package. Please recharge."}}
2026-10-06 22:14:25 +0800	R76/1992/r076-1992-nl1-2009-32	API error for R76/1992/r076-1992-nl1-2009-32: {"error" => {"code" => "1113", "message" => "Insufficient balance or no resource package. Please recharge."}}
2026-10-06 22:14:25 +0800	R76/1992/r076-1992-nl1-2009-33-rev1	API error for R76/1992/r076-1992-nl1-2009-33-rev1: {"error" => {"code" => "1113", "message" => "Insufficient balance or no resource package. Please recharge."}}
2026-10-06 22:14:25 +0800	R76/1992/r076-1992-nl1-2009-34	API error for R76/1992/r076-1992-nl1-2009-34: {"error" => {"code" => "1113", "message" => "Insufficient balance or no resource package. Please recharge."}}
2026-10-06 22:14:25 +0800	R76/1992/r076-1992-nl1-2009-35-rev1	API error for R76/1992/r076-1992-nl1-2009-35-rev1: {"error" => {"code" => "1113", "message" => "Insufficient balance or no resource package. Please recharge."}}
2026-10-06 22:14:25 +0800	R76/1992/r076-1992-nl1-2010-01-rev2	API error for R76/1992/r076-1992-nl1-2010-01-rev2: {"error" => {"code" => "1113", "message" => "Insufficient balance or no resource package. Please recharge."}}
2026-10-06 22:14:25 +0800	R76/1992/r076-1992-nl1-2010-04-rev1	API error for R76/1992/r076-1992-nl1-2010-04-rev1: {"error" => {"code" => "1113", "message" => "Insufficient balance or no resource package. Please recharge."}}
2026-10-06 22:14:25 +0800	R76/1992/r076-1992-nl1-2010-01-rev1	API error for R76/1992/r076-1992-nl1-2010-01-rev1: {"error" => {"code" => "1113", "message" => "Insufficient balance or no resource package. Please recharge."}}
2026-10-06 22:14:25 +0800	R76/1992/r076-1992-nl1-2010-07	API error for R76/1992/r076-1992-nl1-2010-07: {"error" => {"code" => "1113", "message" => "Insufficient balance or no resource package. Please recharge."}}
2026-10-06 22:14:25 +0800	R76/1992/r076-1992-nl1-2010-08	API error for R76/1992/r076-1992-nl1-2010-08: {"error" => {"code" => "1113", "message" => "Insufficient balance or no resource package. Please recharge."}}
2026-10-06 22:14:25 +0800	R76/1992/r076-1992-nl1-2010-10	API error for R76/1992/r076-1992-nl1-2010-10: {"error" => {"code" => "1113", "message" => "Insufficient balance or no resource package. Please recharge."}}
2026-10-06 22:14:25 +0800	R76/1992/r076-1992-nl1-2010-11	API error for R76/1992/r076-1992-nl1-2010-11: {"error" => {"code" => "1113", "message" => "Insufficient balance or no resource package. Please recharge."}}
2026-10-06 22:14:25 +0800	R76/1992/r076-1992-nl1-2010-12	API error for R76/1992/r076-1992-nl1-2010-12: {"error" => {"code" => "1113", "message" => "Insufficient balance or no resource package. Please recharge."}}
2026-10-06 22:14:25 +0800	R76/1992/r076-1992-nl1-2010-14	API error for R76/1992/r076-1992-nl1-2010-14: {"error" => {"code" => "1113", "message" => "Insufficient balance or no resource package. Please recharge."}}
2026-10-06 22:14:25 +0800	R76/1992/r076-1992-nl1-2010-15-rev1	API error for R76/1992/r076-1992-nl1-2010-15-rev1: {"error" => {"code" => "1113", "message" => "Insufficient balance or no resource package. Please recharge."}}
2026-10-06 22:14:25 +0800	R76/1992/r076-1992-nl1-2010-15	API error for R76/1992/r076-1992-nl1-2010-15: {"error" => {"code" => "1113", "message" => "Insufficient balance or no resource package. Please recharge."}}
2026-10-06 22:14:25 +0800	R76/1992/r076-1992-nl1-2010-16-rev1	API error for R76/1992/r076-1992-nl1-2010-16-rev1: {"error" => {"code" => "1113", "message" => "Insufficient balance or no resource package. Please recharge."}}
2026-10-06 22:14:25 +0800	R76/1992/r076-1992-nl1-2010-16	API error for R76/1992/r076-1992-nl1-2010-16: {"error" => {"code" => "1113", "message" => "Insufficient balance or no resource package. Please recharge."}}
2026-10-06 22:14:25 +0800	R76/1992/r076-1992-nl1-2010-17	API error for R76/1992/r076-1992-nl1-2010-17: {"error" => {"code" => "1113", "message" => "Insufficient balance or no resource package. Please recharge."}}
2026-10-06 22:14:25 +0800	R76/1992/r076-1992-nl1-2010-18-rev1	API error for R76/1992/r076-1992-nl1-2010-18-rev1: {"error" => {"code" => "1113", "message" => "Insufficient balance or no resource package. Please recharge."}}
2026-10-06 22:14:25 +0800	R76/1992/r076-1992-nl1-2010-18-rev2	API error for R76/1992/r076-1992-nl1-2010-18-rev2: {"error" => {"code" => "1113", "message" => "Insufficient balance or no resource package. Please recharge."}}
2026-10-06 22:14:25 +0800	R76/1992/r076-1992-nl1-2010-18	API error for R76/1992/r076-1992-nl1-2010-18: {"error" => {"code" => "1113", "message" => "Insufficient balance or no resource package. Please recharge."}}
2026-10-06 22:14:25 +0800	R76/1992/r076-1992-nl1-2010-19	API error for R76/1992/r076-1992-nl1-2010-19: {"error" => {"code" => "1113", "message" => "Insufficient balance or no resource package. Please recharge."}}
2026-10-06 22:14:25 +0800	R76/1992/r076-1992-nl1-2010-20-rev1	API error for R76/1992/r076-1992-nl1-2010-20-rev1: {"error" => {"code" => "1113", "message" => "Insufficient balance or no resource package. Please recharge."}}
2026-10-06 22:14:25 +0800	R76/1992/r076-1992-nl1-2010-20	API error for R76/1992/r076-1992-nl1-2010-20: {"error" => {"code" => "1113", "message" => "Insufficient balance or no resource package. Please recharge."}}
2026-10-06 22:14:25 +0800	R76/1992/r076-1992-nl1-2010-22	API error for R76/1992/r076-1992-nl1-2010-22: {"error" => {"code" => "1113", "message" => "Insufficient balance or no resource package. Please recharge."}}
2026-10-06 22:14:25 +0800	R76/1992/r076-1992-nl1-2010-23	API error for R76/1992/r076-1992-nl1-2010-23: {"error" => {"code" => "1113", "message" => "Insufficient balance or no resource package. Please recharge."}}
2026-10-06 22:14:25 +0800	R76/1992/r076-1992-nl1-2010-24	API error for R76/1992/r076-1992-nl1-2010-24: {"error" => {"code" => "1113", "message" => "Insufficient balance or no resource package. Please recharge."}}
2026-10-06 22:14:25 +0800	R76/1992/r076-1992-nl1-2010-29	API error for R76/1992/r076-1992-nl1-2010-29: {"error" => {"code" => "1113", "message" => "Insufficient balance or no resource package. Please recharge."}}
2026-10-06 22:14:25 +0800	R76/1992/r076-1992-nl1-2010-30	API error for R76/1992/r076-1992-nl1-2010-30: {"error" => {"code" => "1113", "message" => "Insufficient balance or no resource package. Please recharge."}}
2026-10-06 22:14:25 +0800	R76/1992/r076-1992-nl1-2010-33	API error for R76/1992/r076-1992-nl1-2010-33: {"error" => {"code" => "1113", "message" => "Insufficient balance or no resource package. Please recharge."}}
2026-10-06 22:14:25 +0800	R76/1992/r076-1992-nl1-2010-35	API error for R76/1992/r076-1992-nl1-2010-35: {"error" => {"code" => "1113", "message" => "Insufficient balance or no resource package. Please recharge."}}
2026-10-06 22:14:25 +0800	R76/1992/r076-1992-nl1-2010-36	API error for R76/1992/r076-1992-nl1-2010-36: {"error" => {"code" => "1113", "message" => "Insufficient balance or no resource package. Please recharge."}}
2026-10-06 22:14:25 +0800	R76/1992/r076-1992-nl1-2010-37	API error for R76/1992/r076-1992-nl1-2010-37: {"error" => {"code" => "1113", "message" => "Insufficient balance or no resource package. Please recharge."}}
2026-10-06 22:14:25 +0800	R76/1992/r076-1992-nl1-2010-38	API error for R76/1992/r076-1992-nl1-2010-38: {"error" => {"code" => "1113", "message" => "Insufficient balance or no resource package. Please recharge."}}
2026-10-06 22:14:25 +0800	R76/1992/r076-1992-nl1-2010-40	API error for R76/1992/r076-1992-nl1-2010-40: {"error" => {"code" => "1113", "message" => "Insufficient balance or no resource package. Please recharge."}}
2026-10-06 22:14:25 +0800	R76/1992/r076-1992-nl1-2010-41	API error for R76/1992/r076-1992-nl1-2010-41: {"error" => {"code" => "1113", "message" => "Insufficient balance or no resource package. Please recharge."}}
2026-10-06 22:14:25 +0800	R76/1992/r076-1992-nl1-2010-42	API error for R76/1992/r076-1992-nl1-2010-42: {"error" => {"code" => "1113", "message" => "Insufficient balance or no resource package. Please recharge."}}
2026-10-06 22:14:25 +0800	R76/1992/r076-1992-nl1-2010-44	API error for R76/1992/r076-1992-nl1-2010-44: {"error" => {"code" => "1113", "message" => "Insufficient balance or no resource package. Please recharge."}}
2026-10-06 22:14:25 +0800	R76/1992/r076-1992-nl1-2010-45	API error for R76/1992/r076-1992-nl1-2010-45: {"error" => {"code" => "1113", "message" => "Insufficient balance or no resource package. Please recharge."}}
2026-10-06 22:14:25 +0800	R76/1992/r076-1992-nl1-2010-50	API error for R76/1992/r076-1992-nl1-2010-50: {"error" => {"code" => "1113", "message" => "Insufficient balance or no resource package. Please recharge."}}
2026-10-06 22:14:25 +0800	R76/1992/r076-1992-nl1-2010-47	API error for R76/1992/r076-1992-nl1-2010-47: {"error" => {"code" => "1113", "message" => "Insufficient balance or no resource package. Please recharge."}}
2026-10-06 22:14:25 +0800	R76/1992/r076-1992-nl1-2010-51	API error for R76/1992/r076-1992-nl1-2010-51: {"error" => {"code" => "1113", "message" => "Insufficient balance or no resource package. Please recharge."}}
2026-10-06 22:14:25 +0800	R76/1992/r076-1992-nl1-2011-02	API error for R76/1992/r076-1992-nl1-2011-02: {"error" => {"code" => "1113", "message" => "Insufficient balance or no resource package. Please recharge."}}
2026-10-06 22:14:25 +0800	R76/1992/r076-1992-nl1-2011-04	API error for R76/1992/r076-1992-nl1-2011-04: {"error" => {"code" => "1113", "message" => "Insufficient balance or no resource package. Please recharge."}}
2026-10-06 22:14:25 +0800	R76/1992/r076-1992-nl1-2011-05	API error for R76/1992/r076-1992-nl1-2011-05: {"error" => {"code" => "1113", "message" => "Insufficient balance or no resource package. Please recharge."}}
2026-10-06 22:14:25 +0800	R76/1992/r076-1992-nl1-2011-07	API error for R76/1992/r076-1992-nl1-2011-07: {"error" => {"code" => "1113", "message" => "Insufficient balance or no resource package. Please recharge."}}
2026-10-06 22:14:25 +0800	R76/1992/r076-1992-nl1-2011-06	API error for R76/1992/r076-1992-nl1-2011-06: {"error" => {"code" => "1113", "message" => "Insufficient balance or no resource package. Please recharge."}}
2026-10-06 22:14:25 +0800	R76/1992/r076-1992-nl1-2011-11	API error for R76/1992/r076-1992-nl1-2011-11: {"error" => {"code" => "1113", "message" => "Insufficient balance or no resource package. Please recharge."}}
2026-10-06 22:14:25 +0800	R76/1992/r076-1992-nl1-2011-10	API error for R76/1992/r076-1992-nl1-2011-10: {"error" => {"code" => "1113", "message" => "Insufficient balance or no resource package. Please recharge."}}
2026-10-06 22:14:25 +0800	R76/1992/r076-1992-nl1-2011-14	API error for R76/1992/r076-1992-nl1-2011-14: {"error" => {"code" => "1113", "message" => "Insufficient balance or no resource package. Please recharge."}}
2026-10-06 22:14:25 +0800	R76/1992/r076-1992-nl1-2011-14-rev01	API error for R76/1992/r076-1992-nl1-2011-14-rev01: {"error" => {"code" => "1113", "message" => "Insufficient balance or no resource package. Please recharge."}}
2026-10-06 22:14:25 +0800	R76/1992/r076-1992-nl1-2011-17	API error for R76/1992/r076-1992-nl1-2011-17: {"error" => {"code" => "1113", "message" => "Insufficient balance or no resource package. Please recharge."}}
2026-10-06 22:14:25 +0800	R76/1992/r076-1992-nl1-2011-18-rev1	API error for R76/1992/r076-1992-nl1-2011-18-rev1: {"error" => {"code" => "1113", "message" => "Insufficient balance or no resource package. Please recharge."}}
2026-10-06 22:14:25 +0800	R76/1992/r076-1992-nl1-2011-22	API error for R76/1992/r076-1992-nl1-2011-22: {"error" => {"code" => "1113", "message" => "Insufficient balance or no resource package. Please recharge."}}
2026-10-06 22:14:25 +0800	R76/1992/r076-1992-nl1-2011-19	API error for R76/1992/r076-1992-nl1-2011-19: {"error" => {"code" => "1113", "message" => "Insufficient balance or no resource package. Please recharge."}}
2026-10-06 22:14:25 +0800	R76/1992/r076-1992-nl1-2011-24	API error for R76/1992/r076-1992-nl1-2011-24: {"error" => {"code" => "1113", "message" => "Insufficient balance or no resource package. Please recharge."}}
2026-10-06 22:14:25 +0800	R76/1992/r076-1992-nl1-2011-23	API error for R76/1992/r076-1992-nl1-2011-23: {"error" => {"code" => "1113", "message" => "Insufficient balance or no resource package. Please recharge."}}
2026-10-06 22:14:25 +0800	R76/1992/r076-1992-nl1-2011-28-rev1	API error for R76/1992/r076-1992-nl1-2011-28-rev1: {"error" => {"code" => "1113", "message" => "Insufficient balance or no resource package. Please recharge."}}
2026-10-06 22:14:25 +0800	R76/1992/r076-1992-nl1-2011-26	API error for R76/1992/r076-1992-nl1-2011-26: {"error" => {"code" => "1113", "message" => "Insufficient balance or no resource package. Please recharge."}}
2026-10-06 22:14:25 +0800	R76/1992/r076-1992-nl1-2011-31	API error for R76/1992/r076-1992-nl1-2011-31: {"error" => {"code" => "1113", "message" => "Insufficient balance or no resource package. Please recharge."}}
2026-10-06 22:14:25 +0800	R76/1992/r076-1992-nl1-2012-05	API error for R76/1992/r076-1992-nl1-2012-05: {"error" => {"code" => "1113", "message" => "Insufficient balance or no resource package. Please recharge."}}
2026-10-06 22:14:25 +0800	R76/1992/r076-1992-nl1-2012-13	API error for R76/1992/r076-1992-nl1-2012-13: {"error" => {"code" => "1113", "message" => "Insufficient balance or no resource package. Please recharge."}}
2026-10-06 22:14:25 +0800	R76/1992/r076-1992-nl1-2012-15-rev1	API error for R76/1992/r076-1992-nl1-2012-15-rev1: {"error" => {"code" => "1113", "message" => "Insufficient balance or no resource package. Please recharge."}}
2026-10-06 22:14:25 +0800	R76/1992/r076-1992-nl1-2012-15	API error for R76/1992/r076-1992-nl1-2012-15: {"error" => {"code" => "1113", "message" => "Insufficient balance or no resource package. Please recharge."}}
2026-10-06 22:14:25 +0800	R76/1992/r076-1992-nl1-2012-21	API error for R76/1992/r076-1992-nl1-2012-21: {"error" => {"code" => "1113", "message" => "Insufficient balance or no resource package. Please recharge."}}
2026-10-06 22:14:25 +0800	R76/1992/r076-1992-nl1-2012-49	API error for R76/1992/r076-1992-nl1-2012-49: {"error" => {"code" => "1113", "message" => "Insufficient balance or no resource package. Please recharge."}}
2026-10-06 22:14:25 +0800	R76/1992/r076-1992-nl1-2012-33	API error for R76/1992/r076-1992-nl1-2012-33: {"error" => {"code" => "1113", "message" => "Insufficient balance or no resource package. Please recharge."}}
2026-10-06 22:14:25 +0800	R76/1992/r076-1992-nl1-2013-01-rev1	API error for R76/1992/r076-1992-nl1-2013-01-rev1: {"error" => {"code" => "1113", "message" => "Insufficient balance or no resource package. Please recharge."}}
2026-10-06 22:14:25 +0800	R76/1992/r076-1992-nl1-2013-01	API error for R76/1992/r076-1992-nl1-2013-01: {"error" => {"code" => "1113", "message" => "Insufficient balance or no resource package. Please recharge."}}
2026-10-06 22:14:25 +0800	R76/1992/r076-1992-nl1-2013-10	API error for R76/1992/r076-1992-nl1-2013-10: {"error" => {"code" => "1113", "message" => "Insufficient balance or no resource package. Please recharge."}}
2026-10-06 22:14:25 +0800	R76/1992/r076-1992-nl1-2013-10-rev1	API error for R76/1992/r076-1992-nl1-2013-10-rev1: {"error" => {"code" => "1113", "message" => "Insufficient balance or no resource package. Please recharge."}}
2026-10-06 22:14:25 +0800	R76/1992/r076-1992-nl1-2013-16	API error for R76/1992/r076-1992-nl1-2013-16: {"error" => {"code" => "1113", "message" => "Insufficient balance or no resource package. Please recharge."}}
2026-10-06 22:14:25 +0800	R76/1992/r076-1992-nl1-2013-34-rev1	API error for R76/1992/r076-1992-nl1-2013-34-rev1: {"error" => {"code" => "1113", "message" => "Insufficient balance or no resource package. Please recharge."}}
2026-10-06 22:14:25 +0800	R76/1992/r076-1992-nl1-2014-21	API error for R76/1992/r076-1992-nl1-2014-21: {"error" => {"code" => "1113", "message" => "Insufficient balance or no resource package. Please recharge."}}
2026-10-06 22:14:25 +0800	R76/1992/r076-1992-nl1-2014-05	API error for R76/1992/r076-1992-nl1-2014-05: {"error" => {"code" => "1113", "message" => "Insufficient balance or no resource package. Please recharge."}}
2026-10-06 22:14:25 +0800	R76/1992/r076-1992-nl1-2014-21-rev1	API error for R76/1992/r076-1992-nl1-2014-21-rev1: {"error" => {"code" => "1113", "message" => "Insufficient balance or no resource package. Please recharge."}}
2026-10-06 22:14:25 +0800	R76/1992/r076-1992-nl1-2014-29	API error for R76/1992/r076-1992-nl1-2014-29: {"error" => {"code" => "1113", "message" => "Insufficient balance or no resource package. Please recharge."}}
2026-10-06 22:14:25 +0800	R76/1992/r076-1992-nl1-2014-40	API error for R76/1992/r076-1992-nl1-2014-40: {"error" => {"code" => "1113", "message" => "Insufficient balance or no resource package. Please recharge."}}
2026-10-06 22:14:25 +0800	R76/1992/r076-1992-nl1-2014-36	API error for R76/1992/r076-1992-nl1-2014-36: {"error" => {"code" => "1113", "message" => "Insufficient balance or no resource package. Please recharge."}}
2026-10-06 22:14:25 +0800	R76/1992/r076-1992-nl1-2014-39	API error for R76/1992/r076-1992-nl1-2014-39: {"error" => {"code" => "1113", "message" => "Insufficient balance or no resource package. Please recharge."}}
2026-10-06 22:14:25 +0800	R76/1992/r076-1992-nl1-2014-52-rev1	API error for R76/1992/r076-1992-nl1-2014-52-rev1: {"error" => {"code" => "1113", "message" => "Insufficient balance or no resource package. Please recharge."}}
2026-10-06 22:14:25 +0800	R76/1992/r076-1992-nl1-2014-52-rev2	API error for R76/1992/r076-1992-nl1-2014-52-rev2: {"error" => {"code" => "1113", "message" => "Insufficient balance or no resource package. Please recharge."}}
2026-10-06 22:14:25 +0800	R76/1992/r076-1992-nl1-2014-56-rev1	API error for R76/1992/r076-1992-nl1-2014-56-rev1: {"error" => {"code" => "1113", "message" => "Insufficient balance or no resource package. Please recharge."}}
2026-10-06 22:14:25 +0800	R76/1992/r076-1992-nl1-2014-52	API error for R76/1992/r076-1992-nl1-2014-52: {"error" => {"code" => "1113", "message" => "Insufficient balance or no resource package. Please recharge."}}
2026-10-06 22:14:25 +0800	R76/1992/r076-1992-nl1-2014-56	API error for R76/1992/r076-1992-nl1-2014-56: {"error" => {"code" => "1113", "message" => "Insufficient balance or no resource package. Please recharge."}}
2026-10-06 22:14:25 +0800	R76/1992/r076-1992-nl1-2016-17	API error for R76/1992/r076-1992-nl1-2016-17: {"error" => {"code" => "1113", "message" => "Insufficient balance or no resource package. Please recharge."}}
2026-10-06 22:14:25 +0800	R76/1992/r076-1992-nl1-2017-35-rev1	API error for R76/1992/r076-1992-nl1-2017-35-rev1: {"error" => {"code" => "1113", "message" => "Insufficient balance or no resource package. Please recharge."}}
2026-10-06 22:14:25 +0800	R76/1992/r076-1992-nl1-2015-02	API error for R76/1992/r076-1992-nl1-2015-02: {"error" => {"code" => "1113", "message" => "Insufficient balance or no resource package. Please recharge."}}
2026-10-06 22:14:25 +0800	R76/1992/r076-1992-nz1-2007-01	API error for R76/1992/r076-1992-nz1-2007-01: {"error" => {"code" => "1113", "message" => "Insufficient balance or no resource package. Please recharge."}}
2026-10-06 22:14:25 +0800	R76/1992/r076-1992-se1-2006-02	API error for R76/1992/r076-1992-se1-2006-02: {"error" => {"code" => "1113", "message" => "Insufficient balance or no resource package. Please recharge."}}
2026-10-06 22:14:25 +0800	R76/1992/r076-1992-ru1-2006-01	API error for R76/1992/r076-1992-ru1-2006-01: {"error" => {"code" => "1113", "message" => "Insufficient balance or no resource package. Please recharge."}}
2026-10-06 22:14:25 +0800	R76/1992/r076-1992-nz1-2007-01-rev1	API error for R76/1992/r076-1992-nz1-2007-01-rev1: {"error" => {"code" => "1113", "message" => "Insufficient balance or no resource package. Please recharge."}}
2026-10-06 22:14:25 +0800	R76/1992/r076-1992-se1-2007-01	API error for R76/1992/r076-1992-se1-2007-01: {"error" => {"code" => "1113", "message" => "Insufficient balance or no resource package. Please recharge."}}
2026-10-06 22:14:25 +0800	R76/1992/r076-1992-se1-2007-02	API error for R76/1992/r076-1992-se1-2007-02: {"error" => {"code" => "1113", "message" => "Insufficient balance or no resource package. Please recharge."}}
2026-10-06 22:14:25 +0800	R76/1992/r076-1992-se1-2008-01-rev2	API error for R76/1992/r076-1992-se1-2008-01-rev2: {"error" => {"code" => "1113", "message" => "Insufficient balance or no resource package. Please recharge."}}
2026-10-06 22:14:25 +0800	R76/1992/r076-1992-se1-2008-01	API error for R76/1992/r076-1992-se1-2008-01: {"error" => {"code" => "1113", "message" => "Insufficient balance or no resource package. Please recharge."}}
2026-10-06 22:14:25 +0800	R76/1992/r076-1992-se1-2012-01	API error for R76/1992/r076-1992-se1-2012-01: {"error" => {"code" => "1113", "message" => "Insufficient balance or no resource package. Please recharge."}}
2026-10-06 22:14:25 +0800	R76/1992/r076-1992-se1-2009-01	API error for R76/1992/r076-1992-se1-2009-01: {"error" => {"code" => "1113", "message" => "Insufficient balance or no resource package. Please recharge."}}
2026-10-06 22:14:25 +0800	R76/2006/r076-2006-ch1-2008-02	API error for R76/2006/r076-2006-ch1-2008-02: {"error" => {"code" => "1113", "message" => "Insufficient balance or no resource package. Please recharge."}}
2026-10-06 22:14:25 +0800	R76/1992/r076-1992-se1-2009-01-rev1	API error for R76/1992/r076-1992-se1-2009-01-rev1: {"error" => {"code" => "1113", "message" => "Insufficient balance or no resource package. Please recharge."}}
2026-10-06 22:14:25 +0800	R76/2006/r076-2006-ch1-2009-01	API error for R76/2006/r076-2006-ch1-2009-01: {"error" => {"code" => "1113", "message" => "Insufficient balance or no resource package. Please recharge."}}
2026-10-06 22:14:25 +0800	R76/2006/r076-2006-ch1-2009-01-rev2	API error for R76/2006/r076-2006-ch1-2009-01-rev2: {"error" => {"code" => "1113", "message" => "Insufficient balance or no resource package. Please recharge."}}
2026-10-06 22:14:25 +0800	R76/2006/r076-2006-ch1-2009-01-rev1	API error for R76/2006/r076-2006-ch1-2009-01-rev1: {"error" => {"code" => "1113", "message" => "Insufficient balance or no resource package. Please recharge."}}
2026-10-06 22:14:25 +0800	R76/2006/r076-2006-ch1-2009-02-rev1	API error for R76/2006/r076-2006-ch1-2009-02-rev1: {"error" => {"code" => "1113", "message" => "Insufficient balance or no resource package. Please recharge."}}
2026-10-06 22:14:25 +0800	R76/2006/r076-2006-ch1-2009-02	API error for R76/2006/r076-2006-ch1-2009-02: {"error" => {"code" => "1113", "message" => "Insufficient balance or no resource package. Please recharge."}}
2026-10-06 22:14:25 +0800	R76/2006/r076-2006-ch1-2012-01	API error for R76/2006/r076-2006-ch1-2012-01: {"error" => {"code" => "1113", "message" => "Insufficient balance or no resource package. Please recharge."}}
2026-10-06 22:14:25 +0800	R76/2006/r076-2006-ch1-2013-01-rev1	API error for R76/2006/r076-2006-ch1-2013-01-rev1: {"error" => {"code" => "1113", "message" => "Insufficient balance or no resource package. Please recharge."}}
2026-10-06 22:14:25 +0800	R76/2006/r076-2006-ch1-2014-01	API error for R76/2006/r076-2006-ch1-2014-01: {"error" => {"code" => "1113", "message" => "Insufficient balance or no resource package. Please recharge."}}
2026-10-06 22:14:25 +0800	R76/2006/r076-2006-ch1-2014-02	API error for R76/2006/r076-2006-ch1-2014-02: {"error" => {"code" => "1113", "message" => "Insufficient balance or no resource package. Please recharge."}}
2026-10-06 22:14:25 +0800	R76/2006/r076-2006-ch1-2015-01	API error for R76/2006/r076-2006-ch1-2015-01: {"error" => {"code" => "1113", "message" => "Insufficient balance or no resource package. Please recharge."}}
2026-10-06 22:14:25 +0800	R76/2006/r076-2006-ch1-2015-02-rev1	API error for R76/2006/r076-2006-ch1-2015-02-rev1: {"error" => {"code" => "1113", "message" => "Insufficient balance or no resource package. Please recharge."}}
2026-10-06 22:14:25 +0800	R76/2006/r076-2006-ch1-2015-02	API error for R76/2006/r076-2006-ch1-2015-02: {"error" => {"code" => "1113", "message" => "Insufficient balance or no resource package. Please recharge."}}
2026-10-06 22:14:25 +0800	R76/2006/r076-2006-ch1-2015-03	API error for R76/2006/r076-2006-ch1-2015-03: {"error" => {"code" => "1113", "message" => "Insufficient balance or no resource package. Please recharge."}}
2026-10-06 22:14:25 +0800	R76/2006/r076-2006-ch1-2016-01-rev1	API error for R76/2006/r076-2006-ch1-2016-01-rev1: {"error" => {"code" => "1113", "message" => "Insufficient balance or no resource package. Please recharge."}}
2026-10-06 22:14:25 +0800	R76/2006/r076-2006-ch1-2016-01	API error for R76/2006/r076-2006-ch1-2016-01: {"error" => {"code" => "1113", "message" => "Insufficient balance or no resource package. Please recharge."}}
2026-10-06 22:14:25 +0800	R76/2006/r076-2006-ch1-2016-02	API error for R76/2006/r076-2006-ch1-2016-02: {"error" => {"code" => "1113", "message" => "Insufficient balance or no resource package. Please recharge."}}
2026-10-06 22:14:25 +0800	R76/2006/r076-2006-ch1-2018-02-rev1	API error for R76/2006/r076-2006-ch1-2018-02-rev1: {"error" => {"code" => "1113", "message" => "Insufficient balance or no resource package. Please recharge."}}
2026-10-06 22:14:25 +0800	R76/2006/r076-2006-ch1-2016-03	API error for R76/2006/r076-2006-ch1-2016-03: {"error" => {"code" => "1113", "message" => "Insufficient balance or no resource package. Please recharge."}}
2026-10-06 22:14:25 +0800	R76/2006/r076-2006-ch1-2017-02	API error for R76/2006/r076-2006-ch1-2017-02: {"error" => {"code" => "1113", "message" => "Insufficient balance or no resource package. Please recharge."}}
2026-10-06 22:14:25 +0800	R76/2006/r076-2006-ch1-2017-03	API error for R76/2006/r076-2006-ch1-2017-03: {"error" => {"code" => "1113", "message" => "Insufficient balance or no resource package. Please recharge."}}
2026-10-06 22:14:25 +0800	R76/2006/r076-2006-ch1-2018-02	API error for R76/2006/r076-2006-ch1-2018-02: {"error" => {"code" => "1113", "message" => "Insufficient balance or no resource package. Please recharge."}}
2026-10-06 22:14:25 +0800	R76/2006/r076-2006-ch1-2018-03	API error for R76/2006/r076-2006-ch1-2018-03: {"error" => {"code" => "1113", "message" => "Insufficient balance or no resource package. Please recharge."}}
2026-10-06 22:14:25 +0800	R76/2006/r076-2006-ch1-2018-03-rev1	API error for R76/2006/r076-2006-ch1-2018-03-rev1: {"error" => {"code" => "1113", "message" => "Insufficient balance or no resource package. Please recharge."}}
2026-10-06 22:14:25 +0800	R76/2006/r076-2006-ch1-2018-04-rev1	API error for R76/2006/r076-2006-ch1-2018-04-rev1: {"error" => {"code" => "1113", "message" => "Insufficient balance or no resource package. Please recharge."}}
2026-10-06 22:14:25 +0800	R76/2006/r076-2006-ch1-2018-04	API error for R76/2006/r076-2006-ch1-2018-04: {"error" => {"code" => "1113", "message" => "Insufficient balance or no resource package. Please recharge."}}
2026-10-06 22:14:25 +0800	R76/2006/r076-2006-ch1-2018-09	API error for R76/2006/r076-2006-ch1-2018-09: {"error" => {"code" => "1113", "message" => "Insufficient balance or no resource package. Please recharge."}}
2026-10-06 22:14:25 +0800	R76/2006/r076-2006-ch1-2018-06	API error for R76/2006/r076-2006-ch1-2018-06: {"error" => {"code" => "1113", "message" => "Insufficient balance or no resource package. Please recharge."}}
2026-10-06 22:14:25 +0800	R76/2006/r076-2006-ch1-2018-05	API error for R76/2006/r076-2006-ch1-2018-05: {"error" => {"code" => "1113", "message" => "Insufficient balance or no resource package. Please recharge."}}
2026-10-06 22:14:25 +0800	R76/2006/r076-2006-ch1-2019-01-rev1	API error for R76/2006/r076-2006-ch1-2019-01-rev1: {"error" => {"code" => "1113", "message" => "Insufficient balance or no resource package. Please recharge."}}
2026-10-06 22:14:25 +0800	R76/2006/r076-2006-ch1-2019-01	API error for R76/2006/r076-2006-ch1-2019-01: {"error" => {"code" => "1113", "message" => "Insufficient balance or no resource package. Please recharge."}}
2026-10-06 22:14:25 +0800	R76/2006/r076-2006-ch1-2019-01-rev4	API error for R76/2006/r076-2006-ch1-2019-01-rev4: {"error" => {"code" => "1113", "message" => "Insufficient balance or no resource package. Please recharge."}}
2026-10-06 22:14:25 +0800	R76/2006/r076-2006-ch1-2019-01-rev3	API error for R76/2006/r076-2006-ch1-2019-01-rev3: {"error" => {"code" => "1113", "message" => "Insufficient balance or no resource package. Please recharge."}}
2026-10-06 22:14:25 +0800	R76/2006/r076-2006-ch1-2019-02-rev1	API error for R76/2006/r076-2006-ch1-2019-02-rev1: {"error" => {"code" => "1113", "message" => "Insufficient balance or no resource package. Please recharge."}}
2026-10-06 22:14:25 +0800	R76/2006/r076-2006-ch1-2019-02-rev3	API error for R76/2006/r076-2006-ch1-2019-02-rev3: {"error" => {"code" => "1113", "message" => "Insufficient balance or no resource package. Please recharge."}}
2026-10-06 22:14:25 +0800	R76/2006/r076-2006-ch1-2019-02-rev4	API error for R76/2006/r076-2006-ch1-2019-02-rev4: {"error" => {"code" => "1113", "message" => "Insufficient balance or no resource package. Please recharge."}}
2026-10-06 22:14:25 +0800	R76/2006/r076-2006-ch1-2019-02-rev5	API error for R76/2006/r076-2006-ch1-2019-02-rev5: {"error" => {"code" => "1113", "message" => "Insufficient balance or no resource package. Please recharge."}}
2026-10-06 22:14:25 +0800	R76/2006/r076-2006-ch1-2019-02	API error for R76/2006/r076-2006-ch1-2019-02: {"error" => {"code" => "1113", "message" => "Insufficient balance or no resource package. Please recharge."}}
2026-10-06 22:14:25 +0800	R76/2006/r076-2006-ch1-2019-03-rev2	API error for R76/2006/r076-2006-ch1-2019-03-rev2: {"error" => {"code" => "1113", "message" => "Insufficient balance or no resource package. Please recharge."}}
2026-10-06 22:14:25 +0800	R76/2006/r076-2006-ch1-2019-03-rev1	API error for R76/2006/r076-2006-ch1-2019-03-rev1: {"error" => {"code" => "1113", "message" => "Insufficient balance or no resource package. Please recharge."}}
2026-10-06 22:14:25 +0800	R76/2006/r076-2006-ch1-2019-03	API error for R76/2006/r076-2006-ch1-2019-03: {"error" => {"code" => "1113", "message" => "Insufficient balance or no resource package. Please recharge."}}
2026-10-06 22:14:25 +0800	R76/2006/r076-2006-ch1-2019-04-rev1	API error for R76/2006/r076-2006-ch1-2019-04-rev1: {"error" => {"code" => "1113", "message" => "Insufficient balance or no resource package. Please recharge."}}
2026-10-06 22:14:25 +0800	R76/2006/r076-2006-ch1-2019-04-rev4	API error for R76/2006/r076-2006-ch1-2019-04-rev4: {"error" => {"code" => "1113", "message" => "Insufficient balance or no resource package. Please recharge."}}
2026-10-06 22:14:25 +0800	R76/2006/r076-2006-ch1-2019-05-rev1	API error for R76/2006/r076-2006-ch1-2019-05-rev1: {"error" => {"code" => "1113", "message" => "Insufficient balance or no resource package. Please recharge."}}
2026-10-06 22:14:25 +0800	R76/2006/r076-2006-ch1-2019-04-rev3	API error for R76/2006/r076-2006-ch1-2019-04-rev3: {"error" => {"code" => "1113", "message" => "Insufficient balance or no resource package. Please recharge."}}
2026-10-06 22:14:25 +0800	R76/2006/r076-2006-ch1-2019-05-rev3	API error for R76/2006/r076-2006-ch1-2019-05-rev3: {"error" => {"code" => "1113", "message" => "Insufficient balance or no resource package. Please recharge."}}
2026-10-06 22:14:25 +0800	R76/2006/r076-2006-ch1-2019-05-rev4	API error for R76/2006/r076-2006-ch1-2019-05-rev4: {"error" => {"code" => "1113", "message" => "Insufficient balance or no resource package. Please recharge."}}
2026-10-06 22:14:25 +0800	R76/2006/r076-2006-ch1-2019-05-rev5	API error for R76/2006/r076-2006-ch1-2019-05-rev5: {"error" => {"code" => "1113", "message" => "Insufficient balance or no resource package. Please recharge."}}
2026-10-06 22:14:25 +0800	R76/2006/r076-2006-ch1-2019-05	API error for R76/2006/r076-2006-ch1-2019-05: {"error" => {"code" => "1113", "message" => "Insufficient balance or no resource package. Please recharge."}}
2026-10-06 22:14:25 +0800	R76/2006/r076-2006-ch1-2019-06-rev1	API error for R76/2006/r076-2006-ch1-2019-06-rev1: {"error" => {"code" => "1113", "message" => "Insufficient balance or no resource package. Please recharge."}}
2026-10-06 22:14:25 +0800	R76/2006/r076-2006-ch1-2019-06-rev2	API error for R76/2006/r076-2006-ch1-2019-06-rev2: {"error" => {"code" => "1113", "message" => "Insufficient balance or no resource package. Please recharge."}}
2026-10-06 22:14:25 +0800	R76/2006/r076-2006-ch1-2019-06	API error for R76/2006/r076-2006-ch1-2019-06: {"error" => {"code" => "1113", "message" => "Insufficient balance or no resource package. Please recharge."}}
2026-10-06 22:14:25 +0800	R76/2006/r076-2006-ch1-2020-01	API error for R76/2006/r076-2006-ch1-2020-01: {"error" => {"code" => "1113", "message" => "Insufficient balance or no resource package. Please recharge."}}
2026-10-06 22:14:25 +0800	R76/2006/r076-2006-cn1-2011-01	API error for R76/2006/r076-2006-cn1-2011-01: {"error" => {"code" => "1113", "message" => "Insufficient balance or no resource package. Please recharge."}}
2026-10-06 22:14:25 +0800	R76/2006/r076-2006-ch1-2021-01	API error for R76/2006/r076-2006-ch1-2021-01: {"error" => {"code" => "1113", "message" => "Insufficient balance or no resource package. Please recharge."}}
2026-10-06 22:14:25 +0800	R76/2006/r076-2006-cn1-2013-01	API error for R76/2006/r076-2006-cn1-2013-01: {"error" => {"code" => "1113", "message" => "Insufficient balance or no resource package. Please recharge."}}
2026-10-06 22:14:25 +0800	R76/2006/r076-2006-cn1-2013-02	API error for R76/2006/r076-2006-cn1-2013-02: {"error" => {"code" => "1113", "message" => "Insufficient balance or no resource package. Please recharge."}}
2026-10-06 22:14:25 +0800	R76/2006/r076-2006-cn1-2013-04	API error for R76/2006/r076-2006-cn1-2013-04: {"error" => {"code" => "1113", "message" => "Insufficient balance or no resource package. Please recharge."}}
2026-10-06 22:14:25 +0800	R76/2006/r076-2006-cn1-2013-03	API error for R76/2006/r076-2006-cn1-2013-03: {"error" => {"code" => "1113", "message" => "Insufficient balance or no resource package. Please recharge."}}
2026-10-06 22:14:25 +0800	R76/2006/r076-2006-cn1-2013-05-rev1	API error for R76/2006/r076-2006-cn1-2013-05-rev1: {"error" => {"code" => "1113", "message" => "Insufficient balance or no resource package. Please recharge."}}
2026-10-06 22:14:25 +0800	R76/2006/r076-2006-cn1-2014-01	API error for R76/2006/r076-2006-cn1-2014-01: {"error" => {"code" => "1113", "message" => "Insufficient balance or no resource package. Please recharge."}}
2026-10-06 22:14:25 +0800	R76/2006/r076-2006-cn1-2016-02	API error for R76/2006/r076-2006-cn1-2016-02: {"error" => {"code" => "1113", "message" => "Insufficient balance or no resource package. Please recharge."}}
2026-10-06 22:14:25 +0800	R76/2006/r076-2006-cn1-2016-01	API error for R76/2006/r076-2006-cn1-2016-01: {"error" => {"code" => "1113", "message" => "Insufficient balance or no resource package. Please recharge."}}
2026-10-06 22:14:25 +0800	R76/2006/r076-2006-cn1-2016-03	API error for R76/2006/r076-2006-cn1-2016-03: {"error" => {"code" => "1113", "message" => "Insufficient balance or no resource package. Please recharge."}}
2026-10-06 22:14:25 +0800	R76/2006/r076-2006-cn1-2017-01	API error for R76/2006/r076-2006-cn1-2017-01: {"error" => {"code" => "1113", "message" => "Insufficient balance or no resource package. Please recharge."}}
2026-10-06 22:14:25 +0800	R76/2006/r076-2006-cn2-2019-01	API error for R76/2006/r076-2006-cn2-2019-01: {"error" => {"code" => "1113", "message" => "Insufficient balance or no resource package. Please recharge."}}
2026-10-06 22:14:25 +0800	R76/2006/r076-2006-cn2-2019-02	API error for R76/2006/r076-2006-cn2-2019-02: {"error" => {"code" => "1113", "message" => "Insufficient balance or no resource package. Please recharge."}}
2026-10-06 22:14:25 +0800	R76/2006/r076-2006-cn2-2019-03	API error for R76/2006/r076-2006-cn2-2019-03: {"error" => {"code" => "1113", "message" => "Insufficient balance or no resource package. Please recharge."}}
2026-10-06 22:14:25 +0800	R76/2006/r076-2006-cn2-2020-01	API error for R76/2006/r076-2006-cn2-2020-01: {"error" => {"code" => "1113", "message" => "Insufficient balance or no resource package. Please recharge."}}
2026-10-06 22:14:25 +0800	R76/2006/r076-2006-cn2-2021-01	API error for R76/2006/r076-2006-cn2-2021-01: {"error" => {"code" => "1113", "message" => "Insufficient balance or no resource package. Please recharge."}}
2026-10-06 22:14:25 +0800	R76/2006/r076-2006-cn2-2021-02	API error for R76/2006/r076-2006-cn2-2021-02: {"error" => {"code" => "1113", "message" => "Insufficient balance or no resource package. Please recharge."}}
2026-10-06 22:14:25 +0800	R76/2006/r076-2006-cn2-2021-03	API error for R76/2006/r076-2006-cn2-2021-03: {"error" => {"code" => "1113", "message" => "Insufficient balance or no resource package. Please recharge."}}
2026-10-06 22:14:25 +0800	R76/2006/r076-2006-cn2-2022-02	API error for R76/2006/r076-2006-cn2-2022-02: {"error" => {"code" => "1113", "message" => "Insufficient balance or no resource package. Please recharge."}}
2026-10-06 22:14:25 +0800	R76/2006/r076-2006-cn2-2022-01	API error for R76/2006/r076-2006-cn2-2022-01: {"error" => {"code" => "1113", "message" => "Insufficient balance or no resource package. Please recharge."}}
2026-10-06 22:14:25 +0800	R76/2006/r076-2006-cz1-2016-01	API error for R76/2006/r076-2006-cz1-2016-01: {"error" => {"code" => "1113", "message" => "Insufficient balance or no resource package. Please recharge."}}
2026-10-06 22:14:25 +0800	R76/2006/r076-2006-cz1-2016-02	API error for R76/2006/r076-2006-cz1-2016-02: {"error" => {"code" => "1113", "message" => "Insufficient balance or no resource package. Please recharge."}}
2026-10-06 22:14:25 +0800	R76/2006/r076-2006-cz1-2016-03	API error for R76/2006/r076-2006-cz1-2016-03: {"error" => {"code" => "1113", "message" => "Insufficient balance or no resource package. Please recharge."}}
2026-10-06 22:14:25 +0800	R76/2006/r076-2006-cz1-2016-05	API error for R76/2006/r076-2006-cz1-2016-05: {"error" => {"code" => "1113", "message" => "Insufficient balance or no resource package. Please recharge."}}
2026-10-06 22:14:25 +0800	R76/2006/r076-2006-cz1-2016-04	API error for R76/2006/r076-2006-cz1-2016-04: {"error" => {"code" => "1113", "message" => "Insufficient balance or no resource package. Please recharge."}}
2026-10-06 22:14:25 +0800	R76/2006/r076-2006-cz1-2016-06	API error for R76/2006/r076-2006-cz1-2016-06: {"error" => {"code" => "1113", "message" => "Insufficient balance or no resource package. Please recharge."}}
2026-10-06 22:14:25 +0800	R76/2006/r076-2006-cz1-2020-01	API error for R76/2006/r076-2006-cz1-2020-01: {"error" => {"code" => "1113", "message" => "Insufficient balance or no resource package. Please recharge."}}
2026-10-06 22:14:25 +0800	R76/2006/r076-2006-cz1-2020-02	API error for R76/2006/r076-2006-cz1-2020-02: {"error" => {"code" => "1113", "message" => "Insufficient balance or no resource package. Please recharge."}}
2026-10-06 22:14:25 +0800	R76/2006/r076-2006-de1-2008-04-rev1	API error for R76/2006/r076-2006-de1-2008-04-rev1: {"error" => {"code" => "1113", "message" => "Insufficient balance or no resource package. Please recharge."}}
2026-10-06 22:14:25 +0800	R76/2006/r076-2006-de1-2008-03-rev1	API error for R76/2006/r076-2006-de1-2008-03-rev1: {"error" => {"code" => "1113", "message" => "Insufficient balance or no resource package. Please recharge."}}
2026-10-06 22:14:25 +0800	R76/2006/r076-2006-de1-2008-04	API error for R76/2006/r076-2006-de1-2008-04: {"error" => {"code" => "1113", "message" => "Insufficient balance or no resource package. Please recharge."}}
2026-10-06 22:14:25 +0800	R76/2006/r076-2006-de1-2008-05	API error for R76/2006/r076-2006-de1-2008-05: {"error" => {"code" => "1113", "message" => "Insufficient balance or no resource package. Please recharge."}}
2026-10-06 22:14:25 +0800	R76/2006/r076-2006-de1-2008-05-rev1	API error for R76/2006/r076-2006-de1-2008-05-rev1: {"error" => {"code" => "1113", "message" => "Insufficient balance or no resource package. Please recharge."}}
2026-10-06 22:14:25 +0800	R76/2006/r076-2006-de1-2009-01-rev1	API error for R76/2006/r076-2006-de1-2009-01-rev1: {"error" => {"code" => "1113", "message" => "Insufficient balance or no resource package. Please recharge."}}
2026-10-06 22:14:25 +0800	R76/2006/r076-2006-de1-2009-01-rev2	API error for R76/2006/r076-2006-de1-2009-01-rev2: {"error" => {"code" => "1113", "message" => "Insufficient balance or no resource package. Please recharge."}}
2026-10-06 22:14:25 +0800	R76/2006/r076-2006-de1-2009-02-rev1	API error for R76/2006/r076-2006-de1-2009-02-rev1: {"error" => {"code" => "1113", "message" => "Insufficient balance or no resource package. Please recharge."}}
2026-10-06 22:14:25 +0800	R76/2006/r076-2006-de1-2009-01-rev5	API error for R76/2006/r076-2006-de1-2009-01-rev5: {"error" => {"code" => "1113", "message" => "Insufficient balance or no resource package. Please recharge."}}
2026-10-06 22:14:25 +0800	R76/2006/r076-2006-de1-2009-01	API error for R76/2006/r076-2006-de1-2009-01: {"error" => {"code" => "1113", "message" => "Insufficient balance or no resource package. Please recharge."}}
2026-10-06 22:14:25 +0800	R76/2006/r076-2006-de1-2010-01-rev3	API error for R76/2006/r076-2006-de1-2010-01-rev3: {"error" => {"code" => "1113", "message" => "Insufficient balance or no resource package. Please recharge."}}
2026-10-06 22:14:25 +0800	R76/2006/r076-2006-de1-2009-02	API error for R76/2006/r076-2006-de1-2009-02: {"error" => {"code" => "1113", "message" => "Insufficient balance or no resource package. Please recharge."}}
2026-10-06 22:14:25 +0800	R76/2006/r076-2006-de1-2010-01	API error for R76/2006/r076-2006-de1-2010-01: {"error" => {"code" => "1113", "message" => "Insufficient balance or no resource package. Please recharge."}}
2026-10-06 22:14:25 +0800	R76/2006/r076-2006-de1-2010-02	API error for R76/2006/r076-2006-de1-2010-02: {"error" => {"code" => "1113", "message" => "Insufficient balance or no resource package. Please recharge."}}
2026-10-06 22:14:25 +0800	R76/2006/r076-2006-de1-2010-02-rev1	API error for R76/2006/r076-2006-de1-2010-02-rev1: {"error" => {"code" => "1113", "message" => "Insufficient balance or no resource package. Please recharge."}}
2026-10-06 22:14:25 +0800	R76/2006/r076-2006-de1-2010-03	API error for R76/2006/r076-2006-de1-2010-03: {"error" => {"code" => "1113", "message" => "Insufficient balance or no resource package. Please recharge."}}
2026-10-06 22:14:25 +0800	R76/2006/r076-2006-de1-2011-05	API error for R76/2006/r076-2006-de1-2011-05: {"error" => {"code" => "1113", "message" => "Insufficient balance or no resource package. Please recharge."}}
2026-10-06 22:14:25 +0800	R76/2006/r076-2006-de1-2012-01	API error for R76/2006/r076-2006-de1-2012-01: {"error" => {"code" => "1113", "message" => "Insufficient balance or no resource package. Please recharge."}}
2026-10-06 22:14:25 +0800	R76/2006/r076-2006-de1-2012-02-rev1	API error for R76/2006/r076-2006-de1-2012-02-rev1: {"error" => {"code" => "1113", "message" => "Insufficient balance or no resource package. Please recharge."}}
2026-10-06 22:14:25 +0800	R76/2006/r076-2006-de1-2012-02-rev2	API error for R76/2006/r076-2006-de1-2012-02-rev2: {"error" => {"code" => "1113", "message" => "Insufficient balance or no resource package. Please recharge."}}
2026-10-06 22:14:25 +0800	R76/2006/r076-2006-de1-2012-02	API error for R76/2006/r076-2006-de1-2012-02: {"error" => {"code" => "1113", "message" => "Insufficient balance or no resource package. Please recharge."}}
2026-10-06 22:14:25 +0800	R76/2006/r076-2006-de1-2012-03-rev2	API error for R76/2006/r076-2006-de1-2012-03-rev2: {"error" => {"code" => "1113", "message" => "Insufficient balance or no resource package. Please recharge."}}
2026-10-06 22:14:25 +0800	R76/2006/r076-2006-de1-2012-03-rev4	API error for R76/2006/r076-2006-de1-2012-03-rev4: {"error" => {"code" => "1113", "message" => "Insufficient balance or no resource package. Please recharge."}}
2026-10-06 22:14:25 +0800	R76/2006/r076-2006-de1-2012-03-rev3	API error for R76/2006/r076-2006-de1-2012-03-rev3: {"error" => {"code" => "1113", "message" => "Insufficient balance or no resource package. Please recharge."}}
2026-10-06 22:14:25 +0800	R76/2006/r076-2006-de1-2012-03	API error for R76/2006/r076-2006-de1-2012-03: {"error" => {"code" => "1113", "message" => "Insufficient balance or no resource package. Please recharge."}}
2026-10-06 22:14:25 +0800	R76/2006/r076-2006-de1-2012-05	API error for R76/2006/r076-2006-de1-2012-05: {"error" => {"code" => "1113", "message" => "Insufficient balance or no resource package. Please recharge."}}
2026-10-06 22:14:25 +0800	R76/2006/r076-2006-de1-2012-04	API error for R76/2006/r076-2006-de1-2012-04: {"error" => {"code" => "1113", "message" => "Insufficient balance or no resource package. Please recharge."}}
2026-10-06 22:14:25 +0800	R76/2006/r076-2006-de1-2013-02	API error for R76/2006/r076-2006-de1-2013-02: {"error" => {"code" => "1113", "message" => "Insufficient balance or no resource package. Please recharge."}}
2026-10-06 22:14:25 +0800	R76/2006/r076-2006-de1-2013-03	API error for R76/2006/r076-2006-de1-2013-03: {"error" => {"code" => "1113", "message" => "Insufficient balance or no resource package. Please recharge."}}
2026-10-06 22:14:25 +0800	R76/2006/r076-2006-de1-2013-01	API error for R76/2006/r076-2006-de1-2013-01: {"error" => {"code" => "1113", "message" => "Insufficient balance or no resource package. Please recharge."}}
2026-10-06 22:14:25 +0800	R76/2006/r076-2006-de1-2013-04	API error for R76/2006/r076-2006-de1-2013-04: {"error" => {"code" => "1113", "message" => "Insufficient balance or no resource package. Please recharge."}}
2026-10-06 22:14:25 +0800	R76/2006/r076-2006-de1-2013-05-rev1	API error for R76/2006/r076-2006-de1-2013-05-rev1: {"error" => {"code" => "1113", "message" => "Insufficient balance or no resource package. Please recharge."}}
2026-10-06 22:14:25 +0800	R76/2006/r076-2006-de1-2014-01	API error for R76/2006/r076-2006-de1-2014-01: {"error" => {"code" => "1113", "message" => "Insufficient balance or no resource package. Please recharge."}}
2026-10-06 22:14:25 +0800	R76/2006/r076-2006-de1-2013-05	API error for R76/2006/r076-2006-de1-2013-05: {"error" => {"code" => "1113", "message" => "Insufficient balance or no resource package. Please recharge."}}
2026-10-06 22:14:25 +0800	R76/2006/r076-2006-de1-2015-01	API error for R76/2006/r076-2006-de1-2015-01: {"error" => {"code" => "1113", "message" => "Insufficient balance or no resource package. Please recharge."}}
2026-10-06 22:14:25 +0800	R76/2006/r076-2006-de1-2015-03-rev1	API error for R76/2006/r076-2006-de1-2015-03-rev1: {"error" => {"code" => "1113", "message" => "Insufficient balance or no resource package. Please recharge."}}
2026-10-06 22:14:25 +0800	R76/2006/r076-2006-de1-2015-02	API error for R76/2006/r076-2006-de1-2015-02: {"error" => {"code" => "1113", "message" => "Insufficient balance or no resource package. Please recharge."}}
2026-10-06 22:14:25 +0800	R76/2006/r076-2006-de1-2015-03	API error for R76/2006/r076-2006-de1-2015-03: {"error" => {"code" => "1113", "message" => "Insufficient balance or no resource package. Please recharge."}}
2026-10-06 22:14:25 +0800	R76/2006/r076-2006-de1-2016-01-rev1	API error for R76/2006/r076-2006-de1-2016-01-rev1: {"error" => {"code" => "1113", "message" => "Insufficient balance or no resource package. Please recharge."}}
2026-10-06 22:14:25 +0800	R76/2006/r076-2006-de1-2015-04	API error for R76/2006/r076-2006-de1-2015-04: {"error" => {"code" => "1113", "message" => "Insufficient balance or no resource package. Please recharge."}}
2026-10-06 22:14:25 +0800	R76/2006/r076-2006-de1-2016-01	API error for R76/2006/r076-2006-de1-2016-01: {"error" => {"code" => "1113", "message" => "Insufficient balance or no resource package. Please recharge."}}
2026-10-06 22:14:25 +0800	R76/2006/r076-2006-de1-2016-02	API error for R76/2006/r076-2006-de1-2016-02: {"error" => {"code" => "1113", "message" => "Insufficient balance or no resource package. Please recharge."}}
2026-10-06 22:14:25 +0800	R76/2006/r076-2006-de1-2017-02	API error for R76/2006/r076-2006-de1-2017-02: {"error" => {"code" => "1113", "message" => "Insufficient balance or no resource package. Please recharge."}}
2026-10-06 22:14:25 +0800	R76/2006/r076-2006-de1-2017-03	API error for R76/2006/r076-2006-de1-2017-03: {"error" => {"code" => "1113", "message" => "Insufficient balance or no resource package. Please recharge."}}
2026-10-06 22:14:25 +0800	R76/2006/r076-2006-de1-2017-04	API error for R76/2006/r076-2006-de1-2017-04: {"error" => {"code" => "1113", "message" => "Insufficient balance or no resource package. Please recharge."}}
2026-10-06 22:14:25 +0800	R76/2006/r076-2006-de1-2018-01	API error for R76/2006/r076-2006-de1-2018-01: {"error" => {"code" => "1113", "message" => "Insufficient balance or no resource package. Please recharge."}}
2026-10-06 22:14:25 +0800	R76/2006/r076-2006-de1-2018-02-rev1	API error for R76/2006/r076-2006-de1-2018-02-rev1: {"error" => {"code" => "1113", "message" => "Insufficient balance or no resource package. Please recharge."}}
2026-10-06 22:14:25 +0800	R76/2006/r076-2006-de1-2018-02-rev3	API error for R76/2006/r076-2006-de1-2018-02-rev3: {"error" => {"code" => "1113", "message" => "Insufficient balance or no resource package. Please recharge."}}
2026-10-06 22:14:25 +0800	R76/2006/r076-2006-de1-2018-02	API error for R76/2006/r076-2006-de1-2018-02: {"error" => {"code" => "1113", "message" => "Insufficient balance or no resource package. Please recharge."}}
2026-10-06 22:14:25 +0800	R76/2006/r076-2006-de1-2018-03	API error for R76/2006/r076-2006-de1-2018-03: {"error" => {"code" => "1113", "message" => "Insufficient balance or no resource package. Please recharge."}}
2026-10-06 22:14:25 +0800	R76/2006/r076-2006-de1-2019-03	API error for R76/2006/r076-2006-de1-2019-03: {"error" => {"code" => "1113", "message" => "Insufficient balance or no resource package. Please recharge."}}
2026-10-06 22:14:25 +0800	R76/2006/r076-2006-de1-2019-02	API error for R76/2006/r076-2006-de1-2019-02: {"error" => {"code" => "1113", "message" => "Insufficient balance or no resource package. Please recharge."}}
2026-10-06 22:14:25 +0800	R76/2006/r076-2006-de1-2022-01	API error for R76/2006/r076-2006-de1-2022-01: {"error" => {"code" => "1113", "message" => "Insufficient balance or no resource package. Please recharge."}}
2026-10-06 22:14:25 +0800	R76/2006/r076-2006-de1-2019-06	API error for R76/2006/r076-2006-de1-2019-06: {"error" => {"code" => "1113", "message" => "Insufficient balance or no resource package. Please recharge."}}
2026-10-06 22:14:25 +0800	R76/2006/r076-2006-dk2-2018-01	API error for R76/2006/r076-2006-dk2-2018-01: {"error" => {"code" => "1113", "message" => "Insufficient balance or no resource package. Please recharge."}}
2026-10-06 22:14:25 +0800	R76/2006/r076-2006-dk2-2018-03	API error for R76/2006/r076-2006-dk2-2018-03: {"error" => {"code" => "1113", "message" => "Insufficient balance or no resource package. Please recharge."}}
2026-10-06 22:14:25 +0800	R76/2006/r076-2006-dk2-2018-04-rev1	API error for R76/2006/r076-2006-dk2-2018-04-rev1: {"error" => {"code" => "1113", "message" => "Insufficient balance or no resource package. Please recharge."}}
2026-10-06 22:14:25 +0800	R76/2006/r076-2006-dk2-2018-04	API error for R76/2006/r076-2006-dk2-2018-04: {"error" => {"code" => "1113", "message" => "Insufficient balance or no resource package. Please recharge."}}
2026-10-06 22:14:25 +0800	R76/2006/r076-2006-dk2-2018-05	API error for R76/2006/r076-2006-dk2-2018-05: {"error" => {"code" => "1113", "message" => "Insufficient balance or no resource package. Please recharge."}}
2026-10-06 22:14:25 +0800	R76/2006/r076-2006-dk2-2019-01	API error for R76/2006/r076-2006-dk2-2019-01: {"error" => {"code" => "1113", "message" => "Insufficient balance or no resource package. Please recharge."}}
2026-10-06 22:14:25 +0800	R76/2006/r076-2006-dk2-2019-02	API error for R76/2006/r076-2006-dk2-2019-02: {"error" => {"code" => "1113", "message" => "Insufficient balance or no resource package. Please recharge."}}
2026-10-06 22:14:25 +0800	R76/2006/r076-2006-dk2-2019-03	API error for R76/2006/r076-2006-dk2-2019-03: {"error" => {"code" => "1113", "message" => "Insufficient balance or no resource package. Please recharge."}}
2026-10-06 22:14:25 +0800	R76/2006/r076-2006-dk2-2019-04	API error for R76/2006/r076-2006-dk2-2019-04: {"error" => {"code" => "1113", "message" => "Insufficient balance or no resource package. Please recharge."}}
2026-10-06 22:14:25 +0800	R76/2006/r076-2006-dk2-2019-05	API error for R76/2006/r076-2006-dk2-2019-05: {"error" => {"code" => "1113", "message" => "Insufficient balance or no resource package. Please recharge."}}
2026-10-06 22:14:25 +0800	R76/2006/r076-2006-dk2-2019-06	API error for R76/2006/r076-2006-dk2-2019-06: {"error" => {"code" => "1113", "message" => "Insufficient balance or no resource package. Please recharge."}}
2026-10-06 22:14:25 +0800	R76/2006/r076-2006-dk2-2019-07	API error for R76/2006/r076-2006-dk2-2019-07: {"error" => {"code" => "1113", "message" => "Insufficient balance or no resource package. Please recharge."}}
2026-10-06 22:14:25 +0800	R76/2006/r076-2006-dk2-2019-10	API error for R76/2006/r076-2006-dk2-2019-10: {"error" => {"code" => "1113", "message" => "Insufficient balance or no resource package. Please recharge."}}
2026-10-06 22:14:25 +0800	R76/2006/r076-2006-dk2-2019-11	API error for R76/2006/r076-2006-dk2-2019-11: {"error" => {"code" => "1113", "message" => "Insufficient balance or no resource package. Please recharge."}}
2026-10-06 22:14:25 +0800	R76/2006/r076-2006-dk2-2019-12	API error for R76/2006/r076-2006-dk2-2019-12: {"error" => {"code" => "1113", "message" => "Insufficient balance or no resource package. Please recharge."}}
2026-10-06 22:14:25 +0800	R76/2006/r076-2006-dk2-2020-01	API error for R76/2006/r076-2006-dk2-2020-01: {"error" => {"code" => "1113", "message" => "Insufficient balance or no resource package. Please recharge."}}
2026-10-06 22:14:25 +0800	R76/2006/r076-2006-dk2-2020-02-rev1	API error for R76/2006/r076-2006-dk2-2020-02-rev1: {"error" => {"code" => "1113", "message" => "Insufficient balance or no resource package. Please recharge."}}
2026-10-06 22:14:25 +0800	R76/2006/r076-2006-dk2-2020-03	API error for R76/2006/r076-2006-dk2-2020-03: {"error" => {"code" => "1113", "message" => "Insufficient balance or no resource package. Please recharge."}}
2026-10-06 22:14:25 +0800	R76/2006/r076-2006-dk2-2020-04	API error for R76/2006/r076-2006-dk2-2020-04: {"error" => {"code" => "1113", "message" => "Insufficient balance or no resource package. Please recharge."}}
2026-10-06 22:14:25 +0800	R76/2006/r076-2006-dk2-2020-05	API error for R76/2006/r076-2006-dk2-2020-05: {"error" => {"code" => "1113", "message" => "Insufficient balance or no resource package. Please recharge."}}
2026-10-06 22:14:25 +0800	R76/2006/r076-2006-dk2-2020-06	API error for R76/2006/r076-2006-dk2-2020-06: {"error" => {"code" => "1113", "message" => "Insufficient balance or no resource package. Please recharge."}}
2026-10-06 22:14:25 +0800	R76/2006/r076-2006-dk2-2020-07	API error for R76/2006/r076-2006-dk2-2020-07: {"error" => {"code" => "1113", "message" => "Insufficient balance or no resource package. Please recharge."}}
2026-10-06 22:14:25 +0800	R76/2006/r076-2006-dk2-2020-08	API error for R76/2006/r076-2006-dk2-2020-08: {"error" => {"code" => "1113", "message" => "Insufficient balance or no resource package. Please recharge."}}
2026-10-06 22:14:25 +0800	R76/2006/r076-2006-dk2-2020-09	API error for R76/2006/r076-2006-dk2-2020-09: {"error" => {"code" => "1113", "message" => "Insufficient balance or no resource package. Please recharge."}}
2026-10-06 22:14:25 +0800	R76/2006/r076-2006-dk2-2020-15-rev1	API error for R76/2006/r076-2006-dk2-2020-15-rev1: {"error" => {"code" => "1113", "message" => "Insufficient balance or no resource package. Please recharge."}}
2026-10-06 22:14:25 +0800	R76/2006/r076-2006-dk2-2020-15	API error for R76/2006/r076-2006-dk2-2020-15: {"error" => {"code" => "1113", "message" => "Insufficient balance or no resource package. Please recharge."}}
2026-10-06 22:14:25 +0800	R76/2006/r076-2006-dk2-2020-16	API error for R76/2006/r076-2006-dk2-2020-16: {"error" => {"code" => "1113", "message" => "Insufficient balance or no resource package. Please recharge."}}
2026-10-06 22:14:25 +0800	R76/2006/r076-2006-dk2-2020-17	API error for R76/2006/r076-2006-dk2-2020-17: {"error" => {"code" => "1113", "message" => "Insufficient balance or no resource package. Please recharge."}}
2026-10-06 22:14:25 +0800	R76/2006/r076-2006-dk2-2021-03	API error for R76/2006/r076-2006-dk2-2021-03: {"error" => {"code" => "1113", "message" => "Insufficient balance or no resource package. Please recharge."}}
2026-10-06 22:14:25 +0800	R76/2006/r076-2006-dk2-2021-04	API error for R76/2006/r076-2006-dk2-2021-04: {"error" => {"code" => "1113", "message" => "Insufficient balance or no resource package. Please recharge."}}
2026-10-06 22:14:25 +0800	R76/2006/r076-2006-dk2-2021-05	API error for R76/2006/r076-2006-dk2-2021-05: {"error" => {"code" => "1113", "message" => "Insufficient balance or no resource package. Please recharge."}}
2026-10-06 22:14:25 +0800	R76/2006/r076-2006-dk2-2021-07	API error for R76/2006/r076-2006-dk2-2021-07: {"error" => {"code" => "1113", "message" => "Insufficient balance or no resource package. Please recharge."}}
2026-10-06 22:14:25 +0800	R76/2006/r076-2006-dk2-2021-08	API error for R76/2006/r076-2006-dk2-2021-08: {"error" => {"code" => "1113", "message" => "Insufficient balance or no resource package. Please recharge."}}
2026-10-06 22:14:25 +0800	R76/2006/r076-2006-dk2-2022-01	API error for R76/2006/r076-2006-dk2-2022-01: {"error" => {"code" => "1113", "message" => "Insufficient balance or no resource package. Please recharge."}}
2026-10-06 22:14:25 +0800	R76/2006/r076-2006-dk2-2021-09	API error for R76/2006/r076-2006-dk2-2021-09: {"error" => {"code" => "1113", "message" => "Insufficient balance or no resource package. Please recharge."}}
2026-10-06 22:14:25 +0800	R76/2006/r076-2006-dk2-2022-02	API error for R76/2006/r076-2006-dk2-2022-02: {"error" => {"code" => "1113", "message" => "Insufficient balance or no resource package. Please recharge."}}
2026-10-06 22:14:25 +0800	R76/2006/r076-2006-dk3-2012-02	API error for R76/2006/r076-2006-dk3-2012-02: {"error" => {"code" => "1113", "message" => "Insufficient balance or no resource package. Please recharge."}}
2026-10-06 22:14:25 +0800	R76/2006/r076-2006-dk2-2022-03	API error for R76/2006/r076-2006-dk2-2022-03: {"error" => {"code" => "1113", "message" => "Insufficient balance or no resource package. Please recharge."}}
2026-10-06 22:14:25 +0800	R76/2006/r076-2006-dk3-2012-03	API error for R76/2006/r076-2006-dk3-2012-03: {"error" => {"code" => "1113", "message" => "Insufficient balance or no resource package. Please recharge."}}
2026-10-06 22:14:25 +0800	R76/2006/r076-2006-dk3-2012-04	API error for R76/2006/r076-2006-dk3-2012-04: {"error" => {"code" => "1113", "message" => "Insufficient balance or no resource package. Please recharge."}}
2026-10-06 22:14:25 +0800	R76/2006/r076-2006-dk3-2013-01	API error for R76/2006/r076-2006-dk3-2013-01: {"error" => {"code" => "1113", "message" => "Insufficient balance or no resource package. Please recharge."}}
2026-10-06 22:14:25 +0800	R76/2006/r076-2006-dk3-2013-02	API error for R76/2006/r076-2006-dk3-2013-02: {"error" => {"code" => "1113", "message" => "Insufficient balance or no resource package. Please recharge."}}
2026-10-06 22:14:25 +0800	R76/2006/r076-2006-dk3-2013-03	API error for R76/2006/r076-2006-dk3-2013-03: {"error" => {"code" => "1113", "message" => "Insufficient balance or no resource package. Please recharge."}}
2026-10-06 22:14:25 +0800	R76/2006/r076-2006-dk3-2014-02	API error for R76/2006/r076-2006-dk3-2014-02: {"error" => {"code" => "1113", "message" => "Insufficient balance or no resource package. Please recharge."}}
2026-10-06 22:14:25 +0800	R76/2006/r076-2006-dk3-2014-01	API error for R76/2006/r076-2006-dk3-2014-01: {"error" => {"code" => "1113", "message" => "Insufficient balance or no resource package. Please recharge."}}
2026-10-06 22:14:25 +0800	R76/2006/r076-2006-dk3-2014-03	API error for R76/2006/r076-2006-dk3-2014-03: {"error" => {"code" => "1113", "message" => "Insufficient balance or no resource package. Please recharge."}}
2026-10-06 22:14:25 +0800	R76/2006/r076-2006-dk3-2014-05	API error for R76/2006/r076-2006-dk3-2014-05: {"error" => {"code" => "1113", "message" => "Insufficient balance or no resource package. Please recharge."}}
2026-10-06 22:14:25 +0800	R76/2006/r076-2006-dk3-2014-04	API error for R76/2006/r076-2006-dk3-2014-04: {"error" => {"code" => "1113", "message" => "Insufficient balance or no resource package. Please recharge."}}
2026-10-06 22:14:25 +0800	R76/2006/r076-2006-dk3-2014-07	API error for R76/2006/r076-2006-dk3-2014-07: {"error" => {"code" => "1113", "message" => "Insufficient balance or no resource package. Please recharge."}}
2026-10-06 22:14:25 +0800	R76/2006/r076-2006-dk3-2014-06	API error for R76/2006/r076-2006-dk3-2014-06: {"error" => {"code" => "1113", "message" => "Insufficient balance or no resource package. Please recharge."}}
2026-10-06 22:14:25 +0800	R76/2006/r076-2006-dk3-2014-08	API error for R76/2006/r076-2006-dk3-2014-08: {"error" => {"code" => "1113", "message" => "Insufficient balance or no resource package. Please recharge."}}
2026-10-06 22:14:25 +0800	R76/2006/r076-2006-dk3-2014-09-rev1	API error for R76/2006/r076-2006-dk3-2014-09-rev1: {"error" => {"code" => "1113", "message" => "Insufficient balance or no resource package. Please recharge."}}
2026-10-06 22:14:25 +0800	R76/2006/r076-2006-dk3-2014-09	API error for R76/2006/r076-2006-dk3-2014-09: {"error" => {"code" => "1113", "message" => "Insufficient balance or no resource package. Please recharge."}}
2026-10-06 22:14:25 +0800	R76/2006/r076-2006-dk3-2014-10	API error for R76/2006/r076-2006-dk3-2014-10: {"error" => {"code" => "1113", "message" => "Insufficient balance or no resource package. Please recharge."}}
2026-10-06 22:14:25 +0800	R76/2006/r076-2006-dk3-2014-11	API error for R76/2006/r076-2006-dk3-2014-11: {"error" => {"code" => "1113", "message" => "Insufficient balance or no resource package. Please recharge."}}
2026-10-06 22:14:25 +0800	R76/2006/r076-2006-dk3-2015-01	API error for R76/2006/r076-2006-dk3-2015-01: {"error" => {"code" => "1113", "message" => "Insufficient balance or no resource package. Please recharge."}}
2026-10-06 22:14:25 +0800	R76/2006/r076-2006-dk3-2015-02	API error for R76/2006/r076-2006-dk3-2015-02: {"error" => {"code" => "1113", "message" => "Insufficient balance or no resource package. Please recharge."}}
2026-10-06 22:14:25 +0800	R76/2006/r076-2006-dk3-2015-03	API error for R76/2006/r076-2006-dk3-2015-03: {"error" => {"code" => "1113", "message" => "Insufficient balance or no resource package. Please recharge."}}
2026-10-06 22:14:25 +0800	R76/2006/r076-2006-dk3-2015-04	API error for R76/2006/r076-2006-dk3-2015-04: {"error" => {"code" => "1113", "message" => "Insufficient balance or no resource package. Please recharge."}}
2026-10-06 22:14:25 +0800	R76/2006/r076-2006-dk3-2015-06	API error for R76/2006/r076-2006-dk3-2015-06: {"error" => {"code" => "1113", "message" => "Insufficient balance or no resource package. Please recharge."}}
2026-10-06 22:14:25 +0800	R76/2006/r076-2006-dk3-2015-09	API error for R76/2006/r076-2006-dk3-2015-09: {"error" => {"code" => "1113", "message" => "Insufficient balance or no resource package. Please recharge."}}
2026-10-06 22:14:25 +0800	R76/2006/r076-2006-dk3-2016-01	API error for R76/2006/r076-2006-dk3-2016-01: {"error" => {"code" => "1113", "message" => "Insufficient balance or no resource package. Please recharge."}}
2026-10-06 22:14:25 +0800	R76/2006/r076-2006-dk3-2016-01-rev1	API error for R76/2006/r076-2006-dk3-2016-01-rev1: {"error" => {"code" => "1113", "message" => "Insufficient balance or no resource package. Please recharge."}}
2026-10-06 22:14:25 +0800	R76/2006/r076-2006-dk3-2016-02	API error for R76/2006/r076-2006-dk3-2016-02: {"error" => {"code" => "1113", "message" => "Insufficient balance or no resource package. Please recharge."}}
2026-10-06 22:14:25 +0800	R76/2006/r076-2006-dk3-2016-03	API error for R76/2006/r076-2006-dk3-2016-03: {"error" => {"code" => "1113", "message" => "Insufficient balance or no resource package. Please recharge."}}
2026-10-06 22:14:25 +0800	R76/2006/r076-2006-dk3-2016-04	API error for R76/2006/r076-2006-dk3-2016-04: {"error" => {"code" => "1113", "message" => "Insufficient balance or no resource package. Please recharge."}}
2026-10-06 22:14:25 +0800	R76/2006/r076-2006-dk3-2016-06	API error for R76/2006/r076-2006-dk3-2016-06: {"error" => {"code" => "1113", "message" => "Insufficient balance or no resource package. Please recharge."}}
2026-10-06 22:14:25 +0800	R76/2006/r076-2006-dk3-2016-05	API error for R76/2006/r076-2006-dk3-2016-05: {"error" => {"code" => "1113", "message" => "Insufficient balance or no resource package. Please recharge."}}
2026-10-06 22:14:25 +0800	R76/2006/r076-2006-dk3-2016-08	API error for R76/2006/r076-2006-dk3-2016-08: {"error" => {"code" => "1113", "message" => "Insufficient balance or no resource package. Please recharge."}}
2026-10-06 22:14:25 +0800	R76/2006/r076-2006-dk3-2016-07	API error for R76/2006/r076-2006-dk3-2016-07: {"error" => {"code" => "1113", "message" => "Insufficient balance or no resource package. Please recharge."}}
2026-10-06 22:14:25 +0800	R76/2006/r076-2006-dk3-2017-01	API error for R76/2006/r076-2006-dk3-2017-01: {"error" => {"code" => "1113", "message" => "Insufficient balance or no resource package. Please recharge."}}
2026-10-06 22:14:25 +0800	R76/2006/r076-2006-dk3-2017-04	API error for R76/2006/r076-2006-dk3-2017-04: {"error" => {"code" => "1113", "message" => "Insufficient balance or no resource package. Please recharge."}}
2026-10-06 22:14:25 +0800	R76/2006/r076-2006-dk3-2017-05	API error for R76/2006/r076-2006-dk3-2017-05: {"error" => {"code" => "1113", "message" => "Insufficient balance or no resource package. Please recharge."}}
2026-10-06 22:14:25 +0800	R76/2006/r076-2006-dk3-2017-07	API error for R76/2006/r076-2006-dk3-2017-07: {"error" => {"code" => "1113", "message" => "Insufficient balance or no resource package. Please recharge."}}
2026-10-06 22:14:25 +0800	R76/2006/r076-2006-dk3-2017-08	API error for R76/2006/r076-2006-dk3-2017-08: {"error" => {"code" => "1113", "message" => "Insufficient balance or no resource package. Please recharge."}}
2026-10-06 22:14:25 +0800	R76/2006/r076-2006-dk3-2017-09	API error for R76/2006/r076-2006-dk3-2017-09: {"error" => {"code" => "1113", "message" => "Insufficient balance or no resource package. Please recharge."}}
2026-10-06 22:14:25 +0800	R76/2006/r076-2006-dk3-2017-10	API error for R76/2006/r076-2006-dk3-2017-10: {"error" => {"code" => "1113", "message" => "Insufficient balance or no resource package. Please recharge."}}
2026-10-06 22:14:25 +0800	R76/2006/r076-2006-dk3-2017-11	API error for R76/2006/r076-2006-dk3-2017-11: {"error" => {"code" => "1113", "message" => "Insufficient balance or no resource package. Please recharge."}}
2026-10-06 22:14:25 +0800	R76/2006/r076-2006-dk3-2017-13	API error for R76/2006/r076-2006-dk3-2017-13: {"error" => {"code" => "1113", "message" => "Insufficient balance or no resource package. Please recharge."}}
2026-10-06 22:14:25 +0800	R76/2006/r076-2006-dk3-2017-12	API error for R76/2006/r076-2006-dk3-2017-12: {"error" => {"code" => "1113", "message" => "Insufficient balance or no resource package. Please recharge."}}
2026-10-06 22:14:25 +0800	R76/2006/r076-2006-dk3-2017-15	API error for R76/2006/r076-2006-dk3-2017-15: {"error" => {"code" => "1113", "message" => "Insufficient balance or no resource package. Please recharge."}}
2026-10-06 22:14:25 +0800	R76/2006/r076-2006-dk3-2017-16	API error for R76/2006/r076-2006-dk3-2017-16: {"error" => {"code" => "1113", "message" => "Insufficient balance or no resource package. Please recharge."}}
2026-10-06 22:14:25 +0800	R76/2006/r076-2006-dk3-2017-17	API error for R76/2006/r076-2006-dk3-2017-17: {"error" => {"code" => "1113", "message" => "Insufficient balance or no resource package. Please recharge."}}
2026-10-06 22:14:25 +0800	R76/2006/r076-2006-dk3-2017-18	API error for R76/2006/r076-2006-dk3-2017-18: {"error" => {"code" => "1113", "message" => "Insufficient balance or no resource package. Please recharge."}}
2026-10-06 22:14:25 +0800	R76/2006/r076-2006-dk3-2017-19	API error for R76/2006/r076-2006-dk3-2017-19: {"error" => {"code" => "1113", "message" => "Insufficient balance or no resource package. Please recharge."}}
2026-10-06 22:14:25 +0800	R76/2006/r076-2006-dk3-2017-20	API error for R76/2006/r076-2006-dk3-2017-20: {"error" => {"code" => "1113", "message" => "Insufficient balance or no resource package. Please recharge."}}
2026-10-06 22:14:25 +0800	R76/2006/r076-2006-dk3-2017-21	API error for R76/2006/r076-2006-dk3-2017-21: {"error" => {"code" => "1113", "message" => "Insufficient balance or no resource package. Please recharge."}}
2026-10-06 22:14:25 +0800	R76/2006/r076-2006-dk3-2017-22	API error for R76/2006/r076-2006-dk3-2017-22: {"error" => {"code" => "1113", "message" => "Insufficient balance or no resource package. Please recharge."}}
2026-10-06 22:14:25 +0800	R76/2006/r076-2006-dk3-2017-23	API error for R76/2006/r076-2006-dk3-2017-23: {"error" => {"code" => "1113", "message" => "Insufficient balance or no resource package. Please recharge."}}
2026-10-06 22:14:25 +0800	R76/2006/r076-2006-dk3-2017-24	API error for R76/2006/r076-2006-dk3-2017-24: {"error" => {"code" => "1113", "message" => "Insufficient balance or no resource package. Please recharge."}}
2026-10-06 22:14:25 +0800	R76/2006/r076-2006-fr2-2012-01-rev2	API error for R76/2006/r076-2006-fr2-2012-01-rev2: {"error" => {"code" => "1113", "message" => "Insufficient balance or no resource package. Please recharge."}}
2026-10-06 22:14:25 +0800	R76/2006/r076-2006-fr2-2013-01-rev0	API error for R76/2006/r076-2006-fr2-2013-01-rev0: {"error" => {"code" => "1113", "message" => "Insufficient balance or no resource package. Please recharge."}}
2026-10-06 22:14:25 +0800	R76/2006/r076-2006-fr2-2013-02-rev0	API error for R76/2006/r076-2006-fr2-2013-02-rev0: {"error" => {"code" => "1113", "message" => "Insufficient balance or no resource package. Please recharge."}}
2026-10-06 22:14:25 +0800	R76/2006/r076-2006-fr2-2013-03	API error for R76/2006/r076-2006-fr2-2013-03: {"error" => {"code" => "1113", "message" => "Insufficient balance or no resource package. Please recharge."}}
2026-10-06 22:14:25 +0800	R76/2006/r076-2006-fr2-2014-01-rev0	API error for R76/2006/r076-2006-fr2-2014-01-rev0: {"error" => {"code" => "1113", "message" => "Insufficient balance or no resource package. Please recharge."}}
2026-10-06 22:14:25 +0800	R76/2006/r076-2006-fr2-2014-01-rev2	API error for R76/2006/r076-2006-fr2-2014-01-rev2: {"error" => {"code" => "1113", "message" => "Insufficient balance or no resource package. Please recharge."}}
2026-10-06 22:14:25 +0800	R76/2006/r076-2006-fr2-2014-02-rev1	API error for R76/2006/r076-2006-fr2-2014-02-rev1: {"error" => {"code" => "1113", "message" => "Insufficient balance or no resource package. Please recharge."}}
2026-10-06 22:14:25 +0800	R76/2006/r076-2006-fr2-2014-02-rev2	API error for R76/2006/r076-2006-fr2-2014-02-rev2: {"error" => {"code" => "1113", "message" => "Insufficient balance or no resource package. Please recharge."}}
2026-10-06 22:14:25 +0800	R76/2006/r076-2006-fr2-2014-03-rev1	API error for R76/2006/r076-2006-fr2-2014-03-rev1: {"error" => {"code" => "1113", "message" => "Insufficient balance or no resource package. Please recharge."}}
2026-10-06 22:14:25 +0800	R76/2006/r076-2006-fr2-2015-01-rev0	API error for R76/2006/r076-2006-fr2-2015-01-rev0: {"error" => {"code" => "1113", "message" => "Insufficient balance or no resource package. Please recharge."}}
2026-10-06 22:14:25 +0800	R76/2006/r076-2006-fr2-2015-02-rev0	API error for R76/2006/r076-2006-fr2-2015-02-rev0: {"error" => {"code" => "1113", "message" => "Insufficient balance or no resource package. Please recharge."}}
2026-10-06 22:14:25 +0800	R76/2006/r076-2006-fr2-2015-03-rev0	API error for R76/2006/r076-2006-fr2-2015-03-rev0: {"error" => {"code" => "1113", "message" => "Insufficient balance or no resource package. Please recharge."}}
2026-10-06 22:14:25 +0800	R76/2006/r076-2006-fr2-2015-04-rev0	API error for R76/2006/r076-2006-fr2-2015-04-rev0: {"error" => {"code" => "1113", "message" => "Insufficient balance or no resource package. Please recharge."}}
2026-10-06 22:14:25 +0800	R76/2006/r076-2006-fr2-2016-01-rev0	API error for R76/2006/r076-2006-fr2-2016-01-rev0: {"error" => {"code" => "1113", "message" => "Insufficient balance or no resource package. Please recharge."}}
2026-10-06 22:14:25 +0800	R76/2006/r076-2006-fr2-2016-02-rev0	API error for R76/2006/r076-2006-fr2-2016-02-rev0: {"error" => {"code" => "1113", "message" => "Insufficient balance or no resource package. Please recharge."}}
2026-10-06 22:14:25 +0800	R76/2006/r076-2006-fr2-2016-03-rev0	API error for R76/2006/r076-2006-fr2-2016-03-rev0: {"error" => {"code" => "1113", "message" => "Insufficient balance or no resource package. Please recharge."}}
2026-10-06 22:14:25 +0800	R76/2006/r076-2006-fr2-2017-01-rev0	API error for R76/2006/r076-2006-fr2-2017-01-rev0: {"error" => {"code" => "1113", "message" => "Insufficient balance or no resource package. Please recharge."}}
2026-10-06 22:14:25 +0800	R76/2006/r076-2006-fr2-2018-01-rev0	API error for R76/2006/r076-2006-fr2-2018-01-rev0: {"error" => {"code" => "1113", "message" => "Insufficient balance or no resource package. Please recharge."}}
2026-10-06 22:14:25 +0800	R76/2006/r076-2006-fr2-2018-02	API error for R76/2006/r076-2006-fr2-2018-02: {"error" => {"code" => "1113", "message" => "Insufficient balance or no resource package. Please recharge."}}
2026-10-06 22:14:25 +0800	R76/2006/r076-2006-fr2-2019-01	API error for R76/2006/r076-2006-fr2-2019-01: {"error" => {"code" => "1113", "message" => "Insufficient balance or no resource package. Please recharge."}}
2026-10-06 22:14:25 +0800	R76/2006/r076-2006-fr2-2019-02	API error for R76/2006/r076-2006-fr2-2019-02: {"error" => {"code" => "1113", "message" => "Insufficient balance or no resource package. Please recharge."}}
2026-10-06 22:14:25 +0800	R76/2006/r076-2006-fr2-2020-01-rev1	API error for R76/2006/r076-2006-fr2-2020-01-rev1: {"error" => {"code" => "1113", "message" => "Insufficient balance or no resource package. Please recharge."}}
2026-10-06 22:14:25 +0800	R76/2006/r076-2006-gb1-2009-02-rev1	API error for R76/2006/r076-2006-gb1-2009-02-rev1: {"error" => {"code" => "1113", "message" => "Insufficient balance or no resource package. Please recharge."}}
2026-10-06 22:14:25 +0800	R76/2006/r076-2006-gb1-2009-01	API error for R76/2006/r076-2006-gb1-2009-01: {"error" => {"code" => "1113", "message" => "Insufficient balance or no resource package. Please recharge."}}
2026-10-06 22:14:25 +0800	R76/2006/r076-2006-gb1-2009-02-rev2	API error for R76/2006/r076-2006-gb1-2009-02-rev2: {"error" => {"code" => "1113", "message" => "Insufficient balance or no resource package. Please recharge."}}
2026-10-06 22:14:25 +0800	R76/2006/r076-2006-gb1-2009-02	API error for R76/2006/r076-2006-gb1-2009-02: {"error" => {"code" => "1113", "message" => "Insufficient balance or no resource package. Please recharge."}}
2026-10-06 22:14:25 +0800	R76/2006/r076-2006-gb1-2009-03	API error for R76/2006/r076-2006-gb1-2009-03: {"error" => {"code" => "1113", "message" => "Insufficient balance or no resource package. Please recharge."}}
2026-10-06 22:14:25 +0800	R76/2006/r076-2006-gb1-2009-04	API error for R76/2006/r076-2006-gb1-2009-04: {"error" => {"code" => "1113", "message" => "Insufficient balance or no resource package. Please recharge."}}
2026-10-06 22:14:25 +0800	R76/2006/r076-2006-gb1-2010-01	API error for R76/2006/r076-2006-gb1-2010-01: {"error" => {"code" => "1113", "message" => "Insufficient balance or no resource package. Please recharge."}}
2026-10-06 22:14:25 +0800	R76/2006/r076-2006-gb1-2010-02	API error for R76/2006/r076-2006-gb1-2010-02: {"error" => {"code" => "1113", "message" => "Insufficient balance or no resource package. Please recharge."}}
2026-10-06 22:14:25 +0800	R76/2006/r076-2006-gb1-2011-02-rev1	API error for R76/2006/r076-2006-gb1-2011-02-rev1: {"error" => {"code" => "1113", "message" => "Insufficient balance or no resource package. Please recharge."}}
2026-10-06 22:14:25 +0800	R76/2006/r076-2006-gb1-2011-01	API error for R76/2006/r076-2006-gb1-2011-01: {"error" => {"code" => "1113", "message" => "Insufficient balance or no resource package. Please recharge."}}
2026-10-06 22:14:25 +0800	R76/2006/r076-2006-gb1-2011-02-rev2	API error for R76/2006/r076-2006-gb1-2011-02-rev2: {"error" => {"code" => "1113", "message" => "Insufficient balance or no resource package. Please recharge."}}
2026-10-06 22:14:25 +0800	R76/2006/r076-2006-gb1-2011-02	API error for R76/2006/r076-2006-gb1-2011-02: {"error" => {"code" => "1113", "message" => "Insufficient balance or no resource package. Please recharge."}}
2026-10-06 22:14:25 +0800	R76/2006/r076-2006-gb1-2011-03	API error for R76/2006/r076-2006-gb1-2011-03: {"error" => {"code" => "1113", "message" => "Insufficient balance or no resource package. Please recharge."}}
2026-10-06 22:14:25 +0800	R76/2006/r076-2006-gb1-2012-02-rev2	API error for R76/2006/r076-2006-gb1-2012-02-rev2: {"error" => {"code" => "1113", "message" => "Insufficient balance or no resource package. Please recharge."}}
2026-10-06 22:14:25 +0800	R76/2006/r076-2006-gb1-2012-02-rev3	API error for R76/2006/r076-2006-gb1-2012-02-rev3: {"error" => {"code" => "1113", "message" => "Insufficient balance or no resource package. Please recharge."}}
2026-10-06 22:14:25 +0800	R76/2006/r076-2006-gb1-2012-03-rev1	API error for R76/2006/r076-2006-gb1-2012-03-rev1: {"error" => {"code" => "1113", "message" => "Insufficient balance or no resource package. Please recharge."}}
2026-10-06 22:14:25 +0800	R76/2006/r076-2006-gb1-2012-02	API error for R76/2006/r076-2006-gb1-2012-02: {"error" => {"code" => "1113", "message" => "Insufficient balance or no resource package. Please recharge."}}
2026-10-06 22:14:25 +0800	R76/2006/r076-2006-gb1-2012-03	API error for R76/2006/r076-2006-gb1-2012-03: {"error" => {"code" => "1113", "message" => "Insufficient balance or no resource package. Please recharge."}}
2026-10-06 22:14:25 +0800	R76/2006/r076-2006-gb1-2012-04-rev1	API error for R76/2006/r076-2006-gb1-2012-04-rev1: {"error" => {"code" => "1113", "message" => "Insufficient balance or no resource package. Please recharge."}}
2026-10-06 22:14:25 +0800	R76/2006/r076-2006-gb1-2012-04-rev2	API error for R76/2006/r076-2006-gb1-2012-04-rev2: {"error" => {"code" => "1113", "message" => "Insufficient balance or no resource package. Please recharge."}}
2026-10-06 22:14:25 +0800	R76/2006/r076-2006-gb1-2012-05-rev1	API error for R76/2006/r076-2006-gb1-2012-05-rev1: {"error" => {"code" => "1113", "message" => "Insufficient balance or no resource package. Please recharge."}}
2026-10-06 22:14:25 +0800	R76/2006/r076-2006-gb1-2012-05-rev2	API error for R76/2006/r076-2006-gb1-2012-05-rev2: {"error" => {"code" => "1113", "message" => "Insufficient balance or no resource package. Please recharge."}}
2026-10-06 22:14:25 +0800	R76/2006/r076-2006-gb1-2012-05	API error for R76/2006/r076-2006-gb1-2012-05: {"error" => {"code" => "1113", "message" => "Insufficient balance or no resource package. Please recharge."}}
2026-10-06 22:14:25 +0800	R76/2006/r076-2006-gb1-2012-06-rev1	API error for R76/2006/r076-2006-gb1-2012-06-rev1: {"error" => {"code" => "1113", "message" => "Insufficient balance or no resource package. Please recharge."}}
2026-10-06 22:14:25 +0800	R76/2006/r076-2006-gb1-2012-06-rev2	API error for R76/2006/r076-2006-gb1-2012-06-rev2: {"error" => {"code" => "1113", "message" => "Insufficient balance or no resource package. Please recharge."}}
2026-10-06 22:14:25 +0800	R76/2006/r076-2006-gb1-2012-06-rev3	API error for R76/2006/r076-2006-gb1-2012-06-rev3: {"error" => {"code" => "1113", "message" => "Insufficient balance or no resource package. Please recharge."}}
2026-10-06 22:14:25 +0800	R76/2006/r076-2006-gb1-2012-06	API error for R76/2006/r076-2006-gb1-2012-06: {"error" => {"code" => "1113", "message" => "Insufficient balance or no resource package. Please recharge."}}
2026-10-06 22:14:25 +0800	R76/2006/r076-2006-gb1-2012-07	API error for R76/2006/r076-2006-gb1-2012-07: {"error" => {"code" => "1113", "message" => "Insufficient balance or no resource package. Please recharge."}}
2026-10-06 22:14:25 +0800	R76/2006/r076-2006-gb1-2012-08	API error for R76/2006/r076-2006-gb1-2012-08: {"error" => {"code" => "1113", "message" => "Insufficient balance or no resource package. Please recharge."}}
2026-10-06 22:14:25 +0800	R76/2006/r076-2006-gb1-2012-09-rev1	API error for R76/2006/r076-2006-gb1-2012-09-rev1: {"error" => {"code" => "1113", "message" => "Insufficient balance or no resource package. Please recharge."}}
2026-10-06 22:14:25 +0800	R76/2006/r076-2006-gb1-2012-09-rev2	API error for R76/2006/r076-2006-gb1-2012-09-rev2: {"error" => {"code" => "1113", "message" => "Insufficient balance or no resource package. Please recharge."}}
2026-10-06 22:14:25 +0800	R76/2006/r076-2006-gb1-2012-09-rev3	API error for R76/2006/r076-2006-gb1-2012-09-rev3: {"error" => {"code" => "1113", "message" => "Insufficient balance or no resource package. Please recharge."}}
2026-10-06 22:14:25 +0800	R76/2006/r076-2006-gb1-2012-09	API error for R76/2006/r076-2006-gb1-2012-09: {"error" => {"code" => "1113", "message" => "Insufficient balance or no resource package. Please recharge."}}
2026-10-06 22:14:25 +0800	R76/2006/r076-2006-gb1-2012-10	API error for R76/2006/r076-2006-gb1-2012-10: {"error" => {"code" => "1113", "message" => "Insufficient balance or no resource package. Please recharge."}}
2026-10-06 22:14:25 +0800	R76/2006/r076-2006-gb1-2012-10-rev1	API error for R76/2006/r076-2006-gb1-2012-10-rev1: {"error" => {"code" => "1113", "message" => "Insufficient balance or no resource package. Please recharge."}}
2026-10-06 22:14:25 +0800	R76/2006/r076-2006-gb1-2012-12	API error for R76/2006/r076-2006-gb1-2012-12: {"error" => {"code" => "1113", "message" => "Insufficient balance or no resource package. Please recharge."}}
2026-10-06 22:14:25 +0800	R76/2006/r076-2006-gb1-2012-14-rev1	API error for R76/2006/r076-2006-gb1-2012-14-rev1: {"error" => {"code" => "1113", "message" => "Insufficient balance or no resource package. Please recharge."}}
2026-10-06 22:14:25 +0800	R76/2006/r076-2006-gb1-2012-13	API error for R76/2006/r076-2006-gb1-2012-13: {"error" => {"code" => "1113", "message" => "Insufficient balance or no resource package. Please recharge."}}
2026-10-06 22:14:25 +0800	R76/2006/r076-2006-gb1-2012-14	API error for R76/2006/r076-2006-gb1-2012-14: {"error" => {"code" => "1113", "message" => "Insufficient balance or no resource package. Please recharge."}}
2026-10-06 22:14:25 +0800	R76/2006/r076-2006-gb1-2012-14-rev2	API error for R76/2006/r076-2006-gb1-2012-14-rev2: {"error" => {"code" => "1113", "message" => "Insufficient balance or no resource package. Please recharge."}}
2026-10-06 22:14:25 +0800	R76/2006/r076-2006-gb1-2013-03-rev2	API error for R76/2006/r076-2006-gb1-2013-03-rev2: {"error" => {"code" => "1113", "message" => "Insufficient balance or no resource package. Please recharge."}}
2026-10-06 22:14:25 +0800	R76/2006/r076-2006-gb1-2013-03	API error for R76/2006/r076-2006-gb1-2013-03: {"error" => {"code" => "1113", "message" => "Insufficient balance or no resource package. Please recharge."}}
2026-10-06 22:14:25 +0800	R76/2006/r076-2006-gb1-2013-01	API error for R76/2006/r076-2006-gb1-2013-01: {"error" => {"code" => "1113", "message" => "Insufficient balance or no resource package. Please recharge."}}
2026-10-06 22:14:25 +0800	R76/2006/r076-2006-gb1-2013-05-rev1	API error for R76/2006/r076-2006-gb1-2013-05-rev1: {"error" => {"code" => "1113", "message" => "Insufficient balance or no resource package. Please recharge."}}
2026-10-06 22:14:25 +0800	R76/2006/r076-2006-gb1-2013-04	API error for R76/2006/r076-2006-gb1-2013-04: {"error" => {"code" => "1113", "message" => "Insufficient balance or no resource package. Please recharge."}}
2026-10-06 22:14:25 +0800	R76/2006/r076-2006-gb1-2013-05	API error for R76/2006/r076-2006-gb1-2013-05: {"error" => {"code" => "1113", "message" => "Insufficient balance or no resource package. Please recharge."}}
2026-10-06 22:14:25 +0800	R76/2006/r076-2006-gb1-2014-01-rev1	API error for R76/2006/r076-2006-gb1-2014-01-rev1: {"error" => {"code" => "1113", "message" => "Insufficient balance or no resource package. Please recharge."}}
2026-10-06 22:14:25 +0800	R76/2006/r076-2006-gb1-2014-01	API error for R76/2006/r076-2006-gb1-2014-01: {"error" => {"code" => "1113", "message" => "Insufficient balance or no resource package. Please recharge."}}
2026-10-06 22:14:25 +0800	R76/2006/r076-2006-gb1-2014-02	API error for R76/2006/r076-2006-gb1-2014-02: {"error" => {"code" => "1113", "message" => "Insufficient balance or no resource package. Please recharge."}}
2026-10-06 22:14:25 +0800	R76/2006/r076-2006-gb1-2014-03	API error for R76/2006/r076-2006-gb1-2014-03: {"error" => {"code" => "1113", "message" => "Insufficient balance or no resource package. Please recharge."}}
2026-10-06 22:14:25 +0800	R76/2006/r076-2006-gb1-2014-04-rev1	API error for R76/2006/r076-2006-gb1-2014-04-rev1: {"error" => {"code" => "1113", "message" => "Insufficient balance or no resource package. Please recharge."}}
2026-10-06 22:14:25 +0800	R76/2006/r076-2006-gb1-2014-04	API error for R76/2006/r076-2006-gb1-2014-04: {"error" => {"code" => "1113", "message" => "Insufficient balance or no resource package. Please recharge."}}
2026-10-06 22:14:25 +0800	R76/2006/r076-2006-gb1-2014-05-rev1	API error for R76/2006/r076-2006-gb1-2014-05-rev1: {"error" => {"code" => "1113", "message" => "Insufficient balance or no resource package. Please recharge."}}
2026-10-06 22:14:25 +0800	R76/2006/r076-2006-gb1-2014-06	API error for R76/2006/r076-2006-gb1-2014-06: {"error" => {"code" => "1113", "message" => "Insufficient balance or no resource package. Please recharge."}}
2026-10-06 22:14:25 +0800	R76/2006/r076-2006-gb1-2014-05	API error for R76/2006/r076-2006-gb1-2014-05: {"error" => {"code" => "1113", "message" => "Insufficient balance or no resource package. Please recharge."}}
2026-10-06 22:14:25 +0800	R76/2006/r076-2006-gb1-2014-08-rev1	API error for R76/2006/r076-2006-gb1-2014-08-rev1: {"error" => {"code" => "1113", "message" => "Insufficient balance or no resource package. Please recharge."}}
2026-10-06 22:14:25 +0800	R76/2006/r076-2006-gb1-2014-08	API error for R76/2006/r076-2006-gb1-2014-08: {"error" => {"code" => "1113", "message" => "Insufficient balance or no resource package. Please recharge."}}
2026-10-06 22:14:25 +0800	R76/2006/r076-2006-gb1-2014-09	API error for R76/2006/r076-2006-gb1-2014-09: {"error" => {"code" => "1113", "message" => "Insufficient balance or no resource package. Please recharge."}}
2026-10-06 22:14:25 +0800	R76/2006/r076-2006-gb1-2014-11	API error for R76/2006/r076-2006-gb1-2014-11: {"error" => {"code" => "1113", "message" => "Insufficient balance or no resource package. Please recharge."}}
2026-10-06 22:14:25 +0800	R76/2006/r076-2006-gb1-2015-03	API error for R76/2006/r076-2006-gb1-2015-03: {"error" => {"code" => "1113", "message" => "Insufficient balance or no resource package. Please recharge."}}
2026-10-06 22:14:25 +0800	R76/2006/r076-2006-gb1-2015-02-rev2	API error for R76/2006/r076-2006-gb1-2015-02-rev2: {"error" => {"code" => "1113", "message" => "Insufficient balance or no resource package. Please recharge."}}
2026-10-06 22:14:25 +0800	R76/2006/r076-2006-gb1-2015-02-rev1	API error for R76/2006/r076-2006-gb1-2015-02-rev1: {"error" => {"code" => "1113", "message" => "Insufficient balance or no resource package. Please recharge."}}
2026-10-06 22:14:25 +0800	R76/2006/r076-2006-gb1-2015-04-rev1	API error for R76/2006/r076-2006-gb1-2015-04-rev1: {"error" => {"code" => "1113", "message" => "Insufficient balance or no resource package. Please recharge."}}
2026-10-06 22:14:25 +0800	R76/2006/r076-2006-gb1-2015-04	API error for R76/2006/r076-2006-gb1-2015-04: {"error" => {"code" => "1113", "message" => "Insufficient balance or no resource package. Please recharge."}}
2026-10-06 22:14:25 +0800	R76/2006/r076-2006-gb1-2015-05-rev1	API error for R76/2006/r076-2006-gb1-2015-05-rev1: {"error" => {"code" => "1113", "message" => "Insufficient balance or no resource package. Please recharge."}}
2026-10-06 22:14:25 +0800	R76/2006/r076-2006-gb1-2015-05	API error for R76/2006/r076-2006-gb1-2015-05: {"error" => {"code" => "1113", "message" => "Insufficient balance or no resource package. Please recharge."}}
2026-10-06 22:14:25 +0800	R76/2006/r076-2006-gb1-2015-06	API error for R76/2006/r076-2006-gb1-2015-06: {"error" => {"code" => "1113", "message" => "Insufficient balance or no resource package. Please recharge."}}
2026-10-06 22:14:25 +0800	R76/2006/r076-2006-gb1-2015-06-rev1	API error for R76/2006/r076-2006-gb1-2015-06-rev1: {"error" => {"code" => "1113", "message" => "Insufficient balance or no resource package. Please recharge."}}
2026-10-06 22:14:25 +0800	R76/2006/r076-2006-gb1-2016-01	API error for R76/2006/r076-2006-gb1-2016-01: {"error" => {"code" => "1113", "message" => "Insufficient balance or no resource package. Please recharge."}}
2026-10-06 22:14:25 +0800	R76/2006/r076-2006-gb1-2016-02-rev2	API error for R76/2006/r076-2006-gb1-2016-02-rev2: {"error" => {"code" => "1113", "message" => "Insufficient balance or no resource package. Please recharge."}}
2026-10-06 22:14:25 +0800	R76/2006/r076-2006-gb1-2015-09	API error for R76/2006/r076-2006-gb1-2015-09: {"error" => {"code" => "1113", "message" => "Insufficient balance or no resource package. Please recharge."}}
2026-10-06 22:14:25 +0800	R76/2006/r076-2006-gb1-2016-02	API error for R76/2006/r076-2006-gb1-2016-02: {"error" => {"code" => "1113", "message" => "Insufficient balance or no resource package. Please recharge."}}
2026-10-06 22:14:25 +0800	R76/2006/r076-2006-gb1-2015-07	API error for R76/2006/r076-2006-gb1-2015-07: {"error" => {"code" => "1113", "message" => "Insufficient balance or no resource package. Please recharge."}}
2026-10-06 22:14:25 +0800	R76/2006/r076-2006-gb1-2016-04	API error for R76/2006/r076-2006-gb1-2016-04: {"error" => {"code" => "1113", "message" => "Insufficient balance or no resource package. Please recharge."}}
2026-10-06 22:14:25 +0800	R76/2006/r076-2006-gb1-2016-03-rev1	API error for R76/2006/r076-2006-gb1-2016-03-rev1: {"error" => {"code" => "1113", "message" => "Insufficient balance or no resource package. Please recharge."}}
2026-10-06 22:14:25 +0800	R76/2006/r076-2006-gb1-2016-03	API error for R76/2006/r076-2006-gb1-2016-03: {"error" => {"code" => "1113", "message" => "Insufficient balance or no resource package. Please recharge."}}
2026-10-06 22:14:25 +0800	R76/2006/r076-2006-gb1-2016-05	API error for R76/2006/r076-2006-gb1-2016-05: {"error" => {"code" => "1113", "message" => "Insufficient balance or no resource package. Please recharge."}}
2026-10-06 22:14:25 +0800	R76/2006/r076-2006-gb1-2016-07-rev1	API error for R76/2006/r076-2006-gb1-2016-07-rev1: {"error" => {"code" => "1113", "message" => "Insufficient balance or no resource package. Please recharge."}}
2026-10-06 22:14:25 +0800	R76/2006/r076-2006-gb1-2016-13	API error for R76/2006/r076-2006-gb1-2016-13: {"error" => {"code" => "1113", "message" => "Insufficient balance or no resource package. Please recharge."}}
2026-10-06 22:14:25 +0800	R76/2006/r076-2006-gb1-2016-12	API error for R76/2006/r076-2006-gb1-2016-12: {"error" => {"code" => "1113", "message" => "Insufficient balance or no resource package. Please recharge."}}
2026-10-06 22:14:25 +0800	R76/2006/r076-2006-gb1-2016-10	API error for R76/2006/r076-2006-gb1-2016-10: {"error" => {"code" => "1113", "message" => "Insufficient balance or no resource package. Please recharge."}}
2026-10-06 22:14:25 +0800	R76/2006/r076-2006-gb1-2017-01	API error for R76/2006/r076-2006-gb1-2017-01: {"error" => {"code" => "1113", "message" => "Insufficient balance or no resource package. Please recharge."}}
2026-10-06 22:14:25 +0800	R76/2006/r076-2006-gb1-2017-02	API error for R76/2006/r076-2006-gb1-2017-02: {"error" => {"code" => "1113", "message" => "Insufficient balance or no resource package. Please recharge."}}
2026-10-06 22:14:25 +0800	R76/2006/r076-2006-gb1-2017-03	API error for R76/2006/r076-2006-gb1-2017-03: {"error" => {"code" => "1113", "message" => "Insufficient balance or no resource package. Please recharge."}}
2026-10-06 22:14:25 +0800	R76/2006/r076-2006-gb1-2017-04	API error for R76/2006/r076-2006-gb1-2017-04: {"error" => {"code" => "1113", "message" => "Insufficient balance or no resource package. Please recharge."}}
2026-10-06 22:14:25 +0800	R76/2006/r076-2006-gb1-2017-05	API error for R76/2006/r076-2006-gb1-2017-05: {"error" => {"code" => "1113", "message" => "Insufficient balance or no resource package. Please recharge."}}
2026-10-06 22:14:25 +0800	R76/2006/r076-2006-gb1-2017-06	API error for R76/2006/r076-2006-gb1-2017-06: {"error" => {"code" => "1113", "message" => "Insufficient balance or no resource package. Please recharge."}}
2026-10-06 22:14:25 +0800	R76/2006/r076-2006-gb1-2017-07	API error for R76/2006/r076-2006-gb1-2017-07: {"error" => {"code" => "1113", "message" => "Insufficient balance or no resource package. Please recharge."}}
2026-10-06 22:14:25 +0800	R76/2006/r076-2006-gb1-2017-08	API error for R76/2006/r076-2006-gb1-2017-08: {"error" => {"code" => "1113", "message" => "Insufficient balance or no resource package. Please recharge."}}
2026-10-06 22:14:25 +0800	R76/2006/r076-2006-gb1-2017-08-rev1	API error for R76/2006/r076-2006-gb1-2017-08-rev1: {"error" => {"code" => "1113", "message" => "Insufficient balance or no resource package. Please recharge."}}
2026-10-06 22:14:25 +0800	R76/2006/r076-2006-gb1-2017-10	API error for R76/2006/r076-2006-gb1-2017-10: {"error" => {"code" => "1113", "message" => "Insufficient balance or no resource package. Please recharge."}}
2026-10-06 22:14:25 +0800	R76/2006/r076-2006-gb1-2017-12	API error for R76/2006/r076-2006-gb1-2017-12: {"error" => {"code" => "1113", "message" => "Insufficient balance or no resource package. Please recharge."}}
2026-10-06 22:14:25 +0800	R76/2006/r076-2006-gb1-2017-13	API error for R76/2006/r076-2006-gb1-2017-13: {"error" => {"code" => "1113", "message" => "Insufficient balance or no resource package. Please recharge."}}
2026-10-06 22:14:25 +0800	R76/2006/r076-2006-gb1-2017-17	API error for R76/2006/r076-2006-gb1-2017-17: {"error" => {"code" => "1113", "message" => "Insufficient balance or no resource package. Please recharge."}}
2026-10-06 22:14:25 +0800	R76/2006/r076-2006-gb1-2017-14	API error for R76/2006/r076-2006-gb1-2017-14: {"error" => {"code" => "1113", "message" => "Insufficient balance or no resource package. Please recharge."}}
2026-10-06 22:14:25 +0800	R76/2006/r076-2006-gb1-2017-18	API error for R76/2006/r076-2006-gb1-2017-18: {"error" => {"code" => "1113", "message" => "Insufficient balance or no resource package. Please recharge."}}
2026-10-06 22:14:25 +0800	R76/2006/r076-2006-gb1-2018-01	API error for R76/2006/r076-2006-gb1-2018-01: {"error" => {"code" => "1113", "message" => "Insufficient balance or no resource package. Please recharge."}}
2026-10-06 22:14:25 +0800	R76/2006/r076-2006-gb1-2018-02-rev1	API error for R76/2006/r076-2006-gb1-2018-02-rev1: {"error" => {"code" => "1113", "message" => "Insufficient balance or no resource package. Please recharge."}}
2026-10-06 22:14:25 +0800	R76/2006/r076-2006-gb1-2018-02	API error for R76/2006/r076-2006-gb1-2018-02: {"error" => {"code" => "1113", "message" => "Insufficient balance or no resource package. Please recharge."}}
2026-10-06 22:14:25 +0800	R76/2006/r076-2006-gb1-2018-04	API error for R76/2006/r076-2006-gb1-2018-04: {"error" => {"code" => "1113", "message" => "Insufficient balance or no resource package. Please recharge."}}
2026-10-06 22:14:25 +0800	R76/2006/r076-2006-gb1-2018-03	API error for R76/2006/r076-2006-gb1-2018-03: {"error" => {"code" => "1113", "message" => "Insufficient balance or no resource package. Please recharge."}}
2026-10-06 22:14:25 +0800	R76/2006/r076-2006-gb1-2018-05	API error for R76/2006/r076-2006-gb1-2018-05: {"error" => {"code" => "1113", "message" => "Insufficient balance or no resource package. Please recharge."}}
2026-10-06 22:14:25 +0800	R76/2006/r076-2006-gb1-2018-06	API error for R76/2006/r076-2006-gb1-2018-06: {"error" => {"code" => "1113", "message" => "Insufficient balance or no resource package. Please recharge."}}
2026-10-06 22:14:25 +0800	R76/2006/r076-2006-gb1-2018-07	API error for R76/2006/r076-2006-gb1-2018-07: {"error" => {"code" => "1113", "message" => "Insufficient balance or no resource package. Please recharge."}}
2026-10-06 22:14:25 +0800	R76/2006/r076-2006-gb1-2018-10	API error for R76/2006/r076-2006-gb1-2018-10: {"error" => {"code" => "1113", "message" => "Insufficient balance or no resource package. Please recharge."}}
2026-10-06 22:14:25 +0800	R76/2006/r076-2006-gb1-2018-09	API error for R76/2006/r076-2006-gb1-2018-09: {"error" => {"code" => "1113", "message" => "Insufficient balance or no resource package. Please recharge."}}
2026-10-06 22:14:25 +0800	R76/2006/r076-2006-gb1-2018-12-rev1	API error for R76/2006/r076-2006-gb1-2018-12-rev1: {"error" => {"code" => "1113", "message" => "Insufficient balance or no resource package. Please recharge."}}
2026-10-06 22:14:25 +0800	R76/2006/r076-2006-gb1-2018-11	API error for R76/2006/r076-2006-gb1-2018-11: {"error" => {"code" => "1113", "message" => "Insufficient balance or no resource package. Please recharge."}}
2026-10-06 22:14:25 +0800	R76/2006/r076-2006-gb1-2018-13	API error for R76/2006/r076-2006-gb1-2018-13: {"error" => {"code" => "1113", "message" => "Insufficient balance or no resource package. Please recharge."}}
2026-10-06 22:14:25 +0800	R76/2006/r076-2006-gb1-2018-15-rev1	API error for R76/2006/r076-2006-gb1-2018-15-rev1: {"error" => {"code" => "1113", "message" => "Insufficient balance or no resource package. Please recharge."}}
2026-10-06 22:14:25 +0800	R76/2006/r076-2006-gb1-2018-14	API error for R76/2006/r076-2006-gb1-2018-14: {"error" => {"code" => "1113", "message" => "Insufficient balance or no resource package. Please recharge."}}
2026-10-06 22:14:25 +0800	R76/2006/r076-2006-gb1-2018-15	API error for R76/2006/r076-2006-gb1-2018-15: {"error" => {"code" => "1113", "message" => "Insufficient balance or no resource package. Please recharge."}}
2026-10-06 22:14:25 +0800	R76/2006/r076-2006-gb1-2018-17	API error for R76/2006/r076-2006-gb1-2018-17: {"error" => {"code" => "1113", "message" => "Insufficient balance or no resource package. Please recharge."}}
2026-10-06 22:14:25 +0800	R76/2006/r076-2006-gb1-2019-01-rev2	API error for R76/2006/r076-2006-gb1-2019-01-rev2: {"error" => {"code" => "1113", "message" => "Insufficient balance or no resource package. Please recharge."}}
2026-10-06 22:14:25 +0800	R76/2006/r076-2006-gb1-2019-01	API error for R76/2006/r076-2006-gb1-2019-01: {"error" => {"code" => "1113", "message" => "Insufficient balance or no resource package. Please recharge."}}
2026-10-06 22:14:25 +0800	R76/2006/r076-2006-gb1-2019-01-rev1	API error for R76/2006/r076-2006-gb1-2019-01-rev1: {"error" => {"code" => "1113", "message" => "Insufficient balance or no resource package. Please recharge."}}
2026-10-06 22:14:25 +0800	R76/2006/r076-2006-gb1-2019-02	API error for R76/2006/r076-2006-gb1-2019-02: {"error" => {"code" => "1113", "message" => "Insufficient balance or no resource package. Please recharge."}}
2026-10-06 22:14:25 +0800	R76/2006/r076-2006-gb1-2019-03	API error for R76/2006/r076-2006-gb1-2019-03: {"error" => {"code" => "1113", "message" => "Insufficient balance or no resource package. Please recharge."}}
2026-10-06 22:14:25 +0800	R76/2006/r076-2006-gb1-2019-04-rev1	API error for R76/2006/r076-2006-gb1-2019-04-rev1: {"error" => {"code" => "1113", "message" => "Insufficient balance or no resource package. Please recharge."}}
2026-10-06 22:14:25 +0800	R76/2006/r076-2006-gb1-2019-05	API error for R76/2006/r076-2006-gb1-2019-05: {"error" => {"code" => "1113", "message" => "Insufficient balance or no resource package. Please recharge."}}
2026-10-06 22:14:25 +0800	R76/2006/r076-2006-gb1-2019-07-rev1	API error for R76/2006/r076-2006-gb1-2019-07-rev1: {"error" => {"code" => "1113", "message" => "Insufficient balance or no resource package. Please recharge."}}
2026-10-06 22:14:25 +0800	R76/2006/r076-2006-gb1-2019-07	API error for R76/2006/r076-2006-gb1-2019-07: {"error" => {"code" => "1113", "message" => "Insufficient balance or no resource package. Please recharge."}}
2026-10-06 22:14:25 +0800	R76/2006/r076-2006-gb1-2019-04	API error for R76/2006/r076-2006-gb1-2019-04: {"error" => {"code" => "1113", "message" => "Insufficient balance or no resource package. Please recharge."}}
2026-10-06 22:14:25 +0800	R76/2006/r076-2006-gb1-2019-09	API error for R76/2006/r076-2006-gb1-2019-09: {"error" => {"code" => "1113", "message" => "Insufficient balance or no resource package. Please recharge."}}
2026-10-06 22:14:25 +0800	R76/2006/r076-2006-gb1-2019-08	API error for R76/2006/r076-2006-gb1-2019-08: {"error" => {"code" => "1113", "message" => "Insufficient balance or no resource package. Please recharge."}}
2026-10-06 22:14:25 +0800	R76/2006/r076-2006-gb1-2019-13-rev1	API error for R76/2006/r076-2006-gb1-2019-13-rev1: {"error" => {"code" => "1113", "message" => "Insufficient balance or no resource package. Please recharge."}}
2026-10-06 22:14:25 +0800	R76/2006/r076-2006-gb1-2019-12	API error for R76/2006/r076-2006-gb1-2019-12: {"error" => {"code" => "1113", "message" => "Insufficient balance or no resource package. Please recharge."}}
2026-10-06 22:14:25 +0800	R76/2006/r076-2006-gb1-2019-13-rev2	API error for R76/2006/r076-2006-gb1-2019-13-rev2: {"error" => {"code" => "1113", "message" => "Insufficient balance or no resource package. Please recharge."}}
2026-10-06 22:14:25 +0800	R76/2006/r076-2006-gb1-2019-14	API error for R76/2006/r076-2006-gb1-2019-14: {"error" => {"code" => "1113", "message" => "Insufficient balance or no resource package. Please recharge."}}
2026-10-06 22:14:25 +0800	R76/2006/r076-2006-gb1-2019-17	API error for R76/2006/r076-2006-gb1-2019-17: {"error" => {"code" => "1113", "message" => "Insufficient balance or no resource package. Please recharge."}}
2026-10-06 22:14:25 +0800	R76/2006/r076-2006-gb1-2019-16	API error for R76/2006/r076-2006-gb1-2019-16: {"error" => {"code" => "1113", "message" => "Insufficient balance or no resource package. Please recharge."}}
2026-10-06 22:14:25 +0800	R76/2006/r076-2006-gb1-2019-14-rev1	API error for R76/2006/r076-2006-gb1-2019-14-rev1: {"error" => {"code" => "1113", "message" => "Insufficient balance or no resource package. Please recharge."}}
2026-10-06 22:14:25 +0800	R76/2006/r076-2006-gb1-2019-19	API error for R76/2006/r076-2006-gb1-2019-19: {"error" => {"code" => "1113", "message" => "Insufficient balance or no resource package. Please recharge."}}
2026-10-06 22:14:25 +0800	R76/2006/r076-2006-gb1-2020-01	API error for R76/2006/r076-2006-gb1-2020-01: {"error" => {"code" => "1113", "message" => "Insufficient balance or no resource package. Please recharge."}}
2026-10-06 22:14:25 +0800	R76/2006/r076-2006-gb1-2020-04	API error for R76/2006/r076-2006-gb1-2020-04: {"error" => {"code" => "1113", "message" => "Insufficient balance or no resource package. Please recharge."}}
2026-10-06 22:14:25 +0800	R76/2006/r076-2006-gb1-2020-02	API error for R76/2006/r076-2006-gb1-2020-02: {"error" => {"code" => "1113", "message" => "Insufficient balance or no resource package. Please recharge."}}
2026-10-06 22:14:25 +0800	R76/2006/r076-2006-gb1-2020-05-rev1	API error for R76/2006/r076-2006-gb1-2020-05-rev1: {"error" => {"code" => "1113", "message" => "Insufficient balance or no resource package. Please recharge."}}
2026-10-06 22:14:25 +0800	R76/2006/r076-2006-gb1-2020-05	API error for R76/2006/r076-2006-gb1-2020-05: {"error" => {"code" => "1113", "message" => "Insufficient balance or no resource package. Please recharge."}}
2026-10-06 22:14:25 +0800	R76/2006/r076-2006-gb1-2020-06	API error for R76/2006/r076-2006-gb1-2020-06: {"error" => {"code" => "1113", "message" => "Insufficient balance or no resource package. Please recharge."}}
2026-10-06 22:14:25 +0800	R76/2006/r076-2006-gb1-2020-07	API error for R76/2006/r076-2006-gb1-2020-07: {"error" => {"code" => "1113", "message" => "Insufficient balance or no resource package. Please recharge."}}
2026-10-06 22:14:25 +0800	R76/2006/r076-2006-gb1-2020-08	API error for R76/2006/r076-2006-gb1-2020-08: {"error" => {"code" => "1113", "message" => "Insufficient balance or no resource package. Please recharge."}}
2026-10-06 22:14:25 +0800	R76/2006/r076-2006-gb1-2020-09	API error for R76/2006/r076-2006-gb1-2020-09: {"error" => {"code" => "1113", "message" => "Insufficient balance or no resource package. Please recharge."}}
2026-10-06 22:14:25 +0800	R76/2006/r076-2006-gb1-2020-10	API error for R76/2006/r076-2006-gb1-2020-10: {"error" => {"code" => "1113", "message" => "Insufficient balance or no resource package. Please recharge."}}
2026-10-06 22:14:25 +0800	R76/2006/r076-2006-gb1-2020-11	API error for R76/2006/r076-2006-gb1-2020-11: {"error" => {"code" => "1113", "message" => "Insufficient balance or no resource package. Please recharge."}}
2026-10-06 22:14:25 +0800	R76/2006/r076-2006-gb1-2020-12	API error for R76/2006/r076-2006-gb1-2020-12: {"error" => {"code" => "1113", "message" => "Insufficient balance or no resource package. Please recharge."}}
2026-10-06 22:14:25 +0800	R76/2006/r076-2006-gb1-2021-02	API error for R76/2006/r076-2006-gb1-2021-02: {"error" => {"code" => "1113", "message" => "Insufficient balance or no resource package. Please recharge."}}
2026-10-06 22:14:25 +0800	R76/2006/r076-2006-gb1-2021-03	API error for R76/2006/r076-2006-gb1-2021-03: {"error" => {"code" => "1113", "message" => "Insufficient balance or no resource package. Please recharge."}}
2026-10-06 22:14:25 +0800	R76/2006/r076-2006-gb1-2021-04	API error for R76/2006/r076-2006-gb1-2021-04: {"error" => {"code" => "1113", "message" => "Insufficient balance or no resource package. Please recharge."}}
2026-10-06 22:14:25 +0800	R76/2006/r076-2006-jp1-2018-01-rev1	API error for R76/2006/r076-2006-jp1-2018-01-rev1: {"error" => {"code" => "1113", "message" => "Insufficient balance or no resource package. Please recharge."}}
2026-10-06 22:14:25 +0800	R76/2006/r076-2006-jp1-2018-01	API error for R76/2006/r076-2006-jp1-2018-01: {"error" => {"code" => "1113", "message" => "Insufficient balance or no resource package. Please recharge."}}
2026-10-06 22:14:25 +0800	R76/2006/r076-2006-jp1-2018-02	API error for R76/2006/r076-2006-jp1-2018-02: {"error" => {"code" => "1113", "message" => "Insufficient balance or no resource package. Please recharge."}}
2026-10-06 22:14:25 +0800	R76/2006/r076-2006-jp1-2019-01	API error for R76/2006/r076-2006-jp1-2019-01: {"error" => {"code" => "1113", "message" => "Insufficient balance or no resource package. Please recharge."}}
2026-10-06 22:14:25 +0800	R76/2006/r076-2006-jp1-2019-02-rev1	API error for R76/2006/r076-2006-jp1-2019-02-rev1: {"error" => {"code" => "1113", "message" => "Insufficient balance or no resource package. Please recharge."}}
2026-10-06 22:14:25 +0800	R76/2006/r076-2006-jp1-2019-02	API error for R76/2006/r076-2006-jp1-2019-02: {"error" => {"code" => "1113", "message" => "Insufficient balance or no resource package. Please recharge."}}
2026-10-06 22:14:25 +0800	R76/2006/r076-2006-jp1-2019-03-rev1	API error for R76/2006/r076-2006-jp1-2019-03-rev1: {"error" => {"code" => "1113", "message" => "Insufficient balance or no resource package. Please recharge."}}
2026-10-06 22:14:25 +0800	R76/2006/r076-2006-jp1-2019-03-rev2	API error for R76/2006/r076-2006-jp1-2019-03-rev2: {"error" => {"code" => "1113", "message" => "Insufficient balance or no resource package. Please recharge."}}
2026-10-06 22:14:25 +0800	R76/2006/r076-2006-jp1-2019-03	API error for R76/2006/r076-2006-jp1-2019-03: {"error" => {"code" => "1113", "message" => "Insufficient balance or no resource package. Please recharge."}}
2026-10-06 22:14:25 +0800	R76/2006/r076-2006-jp1-2019-04	API error for R76/2006/r076-2006-jp1-2019-04: {"error" => {"code" => "1113", "message" => "Insufficient balance or no resource package. Please recharge."}}
2026-10-06 22:14:25 +0800	R76/2006/r076-2006-jp1-2020-01-rev1	API error for R76/2006/r076-2006-jp1-2020-01-rev1: {"error" => {"code" => "1113", "message" => "Insufficient balance or no resource package. Please recharge."}}
2026-10-06 22:14:25 +0800	R76/2006/r076-2006-jp1-2020-01	API error for R76/2006/r076-2006-jp1-2020-01: {"error" => {"code" => "1113", "message" => "Insufficient balance or no resource package. Please recharge."}}
2026-10-06 22:14:25 +0800	R76/2006/r076-2006-jp1-2020-02-rev1	API error for R76/2006/r076-2006-jp1-2020-02-rev1: {"error" => {"code" => "1113", "message" => "Insufficient balance or no resource package. Please recharge."}}
2026-10-06 22:14:25 +0800	R76/2006/r076-2006-jp1-2020-02	API error for R76/2006/r076-2006-jp1-2020-02: {"error" => {"code" => "1113", "message" => "Insufficient balance or no resource package. Please recharge."}}
2026-10-06 22:14:25 +0800	R76/2006/r076-2006-jp1-2021-01-rev1	API error for R76/2006/r076-2006-jp1-2021-01-rev1: {"error" => {"code" => "1113", "message" => "Insufficient balance or no resource package. Please recharge."}}
2026-10-06 22:14:25 +0800	R76/2006/r076-2006-jp1-2021-01	API error for R76/2006/r076-2006-jp1-2021-01: {"error" => {"code" => "1113", "message" => "Insufficient balance or no resource package. Please recharge."}}
2026-10-06 22:14:25 +0800	R76/2006/r076-2006-jp1-2021-02	API error for R76/2006/r076-2006-jp1-2021-02: {"error" => {"code" => "1113", "message" => "Insufficient balance or no resource package. Please recharge."}}
2026-10-06 22:14:25 +0800	R76/2006/r076-2006-nl1-2009-01	API error for R76/2006/r076-2006-nl1-2009-01: {"error" => {"code" => "1113", "message" => "Insufficient balance or no resource package. Please recharge."}}
2026-10-06 22:14:25 +0800	R76/2006/r076-2006-jp1-2021-03	API error for R76/2006/r076-2006-jp1-2021-03: {"error" => {"code" => "1113", "message" => "Insufficient balance or no resource package. Please recharge."}}
2026-10-06 22:14:25 +0800	R76/2006/r076-2006-nl1-2009-02-rev1	API error for R76/2006/r076-2006-nl1-2009-02-rev1: {"error" => {"code" => "1113", "message" => "Insufficient balance or no resource package. Please recharge."}}
2026-10-06 22:14:25 +0800	R76/2006/r076-2006-nl1-2009-11-rev1	API error for R76/2006/r076-2006-nl1-2009-11-rev1: {"error" => {"code" => "1113", "message" => "Insufficient balance or no resource package. Please recharge."}}
2026-10-06 22:14:25 +0800	R76/2006/r076-2006-nl1-2009-19	API error for R76/2006/r076-2006-nl1-2009-19: {"error" => {"code" => "1113", "message" => "Insufficient balance or no resource package. Please recharge."}}
2026-10-06 22:14:25 +0800	R76/2006/r076-2006-nl1-2009-11	API error for R76/2006/r076-2006-nl1-2009-11: {"error" => {"code" => "1113", "message" => "Insufficient balance or no resource package. Please recharge."}}
2026-10-06 22:14:25 +0800	R76/2006/r076-2006-nl1-2009-02	API error for R76/2006/r076-2006-nl1-2009-02: {"error" => {"code" => "1113", "message" => "Insufficient balance or no resource package. Please recharge."}}
2026-10-06 22:14:25 +0800	R76/2006/r076-2006-nl1-2009-21	API error for R76/2006/r076-2006-nl1-2009-21: {"error" => {"code" => "1113", "message" => "Insufficient balance or no resource package. Please recharge."}}
2026-10-06 22:14:25 +0800	R76/2006/r076-2006-nl1-2009-26	API error for R76/2006/r076-2006-nl1-2009-26: {"error" => {"code" => "1113", "message" => "Insufficient balance or no resource package. Please recharge."}}
2026-10-06 22:14:25 +0800	R76/2006/r076-2006-nl1-2010-05	API error for R76/2006/r076-2006-nl1-2010-05: {"error" => {"code" => "1113", "message" => "Insufficient balance or no resource package. Please recharge."}}
2026-10-06 22:14:25 +0800	R76/2006/r076-2006-nl1-2010-02	API error for R76/2006/r076-2006-nl1-2010-02: {"error" => {"code" => "1113", "message" => "Insufficient balance or no resource package. Please recharge."}}
2026-10-06 22:14:25 +0800	R76/2006/r076-2006-nl1-2010-06	API error for R76/2006/r076-2006-nl1-2010-06: {"error" => {"code" => "1113", "message" => "Insufficient balance or no resource package. Please recharge."}}
2026-10-06 22:14:25 +0800	R76/2006/r076-2006-nl1-2009-31	API error for R76/2006/r076-2006-nl1-2009-31: {"error" => {"code" => "1113", "message" => "Insufficient balance or no resource package. Please recharge."}}
2026-10-06 22:14:25 +0800	R76/2006/r076-2006-nl1-2010-13-rev02	API error for R76/2006/r076-2006-nl1-2010-13-rev02: {"error" => {"code" => "1113", "message" => "Insufficient balance or no resource package. Please recharge."}}
2026-10-06 22:14:25 +0800	R76/2006/r076-2006-nl1-2010-13-rev1	API error for R76/2006/r076-2006-nl1-2010-13-rev1: {"error" => {"code" => "1113", "message" => "Insufficient balance or no resource package. Please recharge."}}
2026-10-06 22:14:25 +0800	R76/2006/r076-2006-nl1-2010-09	API error for R76/2006/r076-2006-nl1-2010-09: {"error" => {"code" => "1113", "message" => "Insufficient balance or no resource package. Please recharge."}}
2026-10-06 22:14:25 +0800	R76/2006/r076-2006-nl1-2010-13	API error for R76/2006/r076-2006-nl1-2010-13: {"error" => {"code" => "1113", "message" => "Insufficient balance or no resource package. Please recharge."}}
2026-10-06 22:14:25 +0800	R76/2006/r076-2006-nl1-2010-21	API error for R76/2006/r076-2006-nl1-2010-21: {"error" => {"code" => "1113", "message" => "Insufficient balance or no resource package. Please recharge."}}
2026-10-06 22:14:25 +0800	R76/2006/r076-2006-nl1-2010-25	API error for R76/2006/r076-2006-nl1-2010-25: {"error" => {"code" => "1113", "message" => "Insufficient balance or no resource package. Please recharge."}}
2026-10-06 22:14:25 +0800	R76/2006/r076-2006-nl1-2010-26	API error for R76/2006/r076-2006-nl1-2010-26: {"error" => {"code" => "1113", "message" => "Insufficient balance or no resource package. Please recharge."}}
2026-10-06 22:14:25 +0800	R76/2006/r076-2006-nl1-2010-32-rev1	API error for R76/2006/r076-2006-nl1-2010-32-rev1: {"error" => {"code" => "1113", "message" => "Insufficient balance or no resource package. Please recharge."}}
2026-10-06 22:14:25 +0800	R76/2006/r076-2006-nl1-2010-31	API error for R76/2006/r076-2006-nl1-2010-31: {"error" => {"code" => "1113", "message" => "Insufficient balance or no resource package. Please recharge."}}
2026-10-06 22:14:25 +0800	R76/2006/r076-2006-nl1-2010-28	API error for R76/2006/r076-2006-nl1-2010-28: {"error" => {"code" => "1113", "message" => "Insufficient balance or no resource package. Please recharge."}}
2026-10-06 22:14:25 +0800	R76/2006/r076-2006-nl1-2010-34	API error for R76/2006/r076-2006-nl1-2010-34: {"error" => {"code" => "1113", "message" => "Insufficient balance or no resource package. Please recharge."}}
2026-10-06 22:14:25 +0800	R76/2006/r076-2006-nl1-2010-39	API error for R76/2006/r076-2006-nl1-2010-39: {"error" => {"code" => "1113", "message" => "Insufficient balance or no resource package. Please recharge."}}
2026-10-06 22:14:25 +0800	R76/2006/r076-2006-nl1-2010-46	API error for R76/2006/r076-2006-nl1-2010-46: {"error" => {"code" => "1113", "message" => "Insufficient balance or no resource package. Please recharge."}}
2026-10-06 22:14:25 +0800	R76/2006/r076-2006-nl1-2010-48	API error for R76/2006/r076-2006-nl1-2010-48: {"error" => {"code" => "1113", "message" => "Insufficient balance or no resource package. Please recharge."}}
2026-10-06 22:14:25 +0800	R76/2006/r076-2006-nl1-2010-43	API error for R76/2006/r076-2006-nl1-2010-43: {"error" => {"code" => "1113", "message" => "Insufficient balance or no resource package. Please recharge."}}
2026-10-06 22:14:25 +0800	R76/2006/r076-2006-nl1-2010-49	API error for R76/2006/r076-2006-nl1-2010-49: {"error" => {"code" => "1113", "message" => "Insufficient balance or no resource package. Please recharge."}}
2026-10-06 22:14:25 +0800	R76/2006/r076-2006-nl1-2011-08	API error for R76/2006/r076-2006-nl1-2011-08: {"error" => {"code" => "1113", "message" => "Insufficient balance or no resource package. Please recharge."}}
2026-10-06 22:14:25 +0800	R76/2006/r076-2006-nl1-2011-03	API error for R76/2006/r076-2006-nl1-2011-03: {"error" => {"code" => "1113", "message" => "Insufficient balance or no resource package. Please recharge."}}
2026-10-06 22:14:25 +0800	R76/2006/r076-2006-nl1-2011-09	API error for R76/2006/r076-2006-nl1-2011-09: {"error" => {"code" => "1113", "message" => "Insufficient balance or no resource package. Please recharge."}}
2026-10-06 22:14:25 +0800	R76/2006/r076-2006-nl1-2011-12-rev1	API error for R76/2006/r076-2006-nl1-2011-12-rev1: {"error" => {"code" => "1113", "message" => "Insufficient balance or no resource package. Please recharge."}}
2026-10-06 22:14:25 +0800	R76/2006/r076-2006-nl1-2011-12	API error for R76/2006/r076-2006-nl1-2011-12: {"error" => {"code" => "1113", "message" => "Insufficient balance or no resource package. Please recharge."}}
2026-10-06 22:14:25 +0800	R76/2006/r076-2006-nl1-2011-13	API error for R76/2006/r076-2006-nl1-2011-13: {"error" => {"code" => "1113", "message" => "Insufficient balance or no resource package. Please recharge."}}
2026-10-06 22:14:25 +0800	R76/2006/r076-2006-nl1-2011-15-rev1	API error for R76/2006/r076-2006-nl1-2011-15-rev1: {"error" => {"code" => "1113", "message" => "Insufficient balance or no resource package. Please recharge."}}
2026-10-06 22:14:25 +0800	R76/2006/r076-2006-nl1-2011-15	API error for R76/2006/r076-2006-nl1-2011-15: {"error" => {"code" => "1113", "message" => "Insufficient balance or no resource package. Please recharge."}}
2026-10-06 22:14:25 +0800	R76/2006/r076-2006-nl1-2011-16	API error for R76/2006/r076-2006-nl1-2011-16: {"error" => {"code" => "1113", "message" => "Insufficient balance or no resource package. Please recharge."}}
2026-10-06 22:14:25 +0800	R76/2006/r076-2006-nl1-2011-20	API error for R76/2006/r076-2006-nl1-2011-20: {"error" => {"code" => "1113", "message" => "Insufficient balance or no resource package. Please recharge."}}
2026-10-06 22:14:25 +0800	R76/2006/r076-2006-nl1-2011-20-rev1	API error for R76/2006/r076-2006-nl1-2011-20-rev1: {"error" => {"code" => "1113", "message" => "Insufficient balance or no resource package. Please recharge."}}
2026-10-06 22:14:25 +0800	R76/2006/r076-2006-nl1-2011-21	API error for R76/2006/r076-2006-nl1-2011-21: {"error" => {"code" => "1113", "message" => "Insufficient balance or no resource package. Please recharge."}}
2026-10-06 22:14:25 +0800	R76/2006/r076-2006-nl1-2011-25	API error for R76/2006/r076-2006-nl1-2011-25: {"error" => {"code" => "1113", "message" => "Insufficient balance or no resource package. Please recharge."}}
2026-10-06 22:14:25 +0800	R76/2006/r076-2006-nl1-2011-29	API error for R76/2006/r076-2006-nl1-2011-29: {"error" => {"code" => "1113", "message" => "Insufficient balance or no resource package. Please recharge."}}
2026-10-06 22:14:25 +0800	R76/2006/r076-2006-nl1-2011-30	API error for R76/2006/r076-2006-nl1-2011-30: {"error" => {"code" => "1113", "message" => "Insufficient balance or no resource package. Please recharge."}}
2026-10-06 22:14:25 +0800	R76/2006/r076-2006-nl1-2011-32	API error for R76/2006/r076-2006-nl1-2011-32: {"error" => {"code" => "1113", "message" => "Insufficient balance or no resource package. Please recharge."}}
2026-10-06 22:14:25 +0800	R76/2006/r076-2006-nl1-2011-33	API error for R76/2006/r076-2006-nl1-2011-33: {"error" => {"code" => "1113", "message" => "Insufficient balance or no resource package. Please recharge."}}
2026-10-06 22:14:25 +0800	R76/2006/r076-2006-nl1-2011-35	API error for R76/2006/r076-2006-nl1-2011-35: {"error" => {"code" => "1113", "message" => "Insufficient balance or no resource package. Please recharge."}}
2026-10-06 22:14:25 +0800	R76/2006/r076-2006-nl1-2011-36	API error for R76/2006/r076-2006-nl1-2011-36: {"error" => {"code" => "1113", "message" => "Insufficient balance or no resource package. Please recharge."}}
2026-10-06 22:14:25 +0800	R76/2006/r076-2006-nl1-2011-37-rev1	API error for R76/2006/r076-2006-nl1-2011-37-rev1: {"error" => {"code" => "1113", "message" => "Insufficient balance or no resource package. Please recharge."}}
2026-10-06 22:14:25 +0800	R76/2006/r076-2006-nl1-2012-01	API error for R76/2006/r076-2006-nl1-2012-01: {"error" => {"code" => "1113", "message" => "Insufficient balance or no resource package. Please recharge."}}
2026-10-06 22:14:25 +0800	R76/2006/r076-2006-nl1-2011-37	API error for R76/2006/r076-2006-nl1-2011-37: {"error" => {"code" => "1113", "message" => "Insufficient balance or no resource package. Please recharge."}}
2026-10-06 22:14:25 +0800	R76/2006/r076-2006-nl1-2012-02	API error for R76/2006/r076-2006-nl1-2012-02: {"error" => {"code" => "1113", "message" => "Insufficient balance or no resource package. Please recharge."}}
2026-10-06 22:14:25 +0800	R76/2006/r076-2006-nl1-2012-03	API error for R76/2006/r076-2006-nl1-2012-03: {"error" => {"code" => "1113", "message" => "Insufficient balance or no resource package. Please recharge."}}
2026-10-06 22:14:25 +0800	R76/2006/r076-2006-nl1-2012-06	API error for R76/2006/r076-2006-nl1-2012-06: {"error" => {"code" => "1113", "message" => "Insufficient balance or no resource package. Please recharge."}}
2026-10-06 22:14:25 +0800	R76/2006/r076-2006-nl1-2012-06-rev1	API error for R76/2006/r076-2006-nl1-2012-06-rev1: {"error" => {"code" => "1113", "message" => "Insufficient balance or no resource package. Please recharge."}}
2026-10-06 22:14:25 +0800	R76/2006/r076-2006-nl1-2012-04	API error for R76/2006/r076-2006-nl1-2012-04: {"error" => {"code" => "1113", "message" => "Insufficient balance or no resource package. Please recharge."}}
2026-10-06 22:14:25 +0800	R76/2006/r076-2006-nl1-2012-07-rev1	API error for R76/2006/r076-2006-nl1-2012-07-rev1: {"error" => {"code" => "1113", "message" => "Insufficient balance or no resource package. Please recharge."}}
2026-10-06 22:14:25 +0800	R76/2006/r076-2006-nl1-2012-07	API error for R76/2006/r076-2006-nl1-2012-07: {"error" => {"code" => "1113", "message" => "Insufficient balance or no resource package. Please recharge."}}
2026-10-06 22:14:25 +0800	R76/2006/r076-2006-nl1-2012-10	API error for R76/2006/r076-2006-nl1-2012-10: {"error" => {"code" => "1113", "message" => "Insufficient balance or no resource package. Please recharge."}}
2026-10-06 22:14:25 +0800	R76/2006/r076-2006-nl1-2012-09	API error for R76/2006/r076-2006-nl1-2012-09: {"error" => {"code" => "1113", "message" => "Insufficient balance or no resource package. Please recharge."}}
2026-10-06 22:14:25 +0800	R76/2006/r076-2006-nl1-2012-11	API error for R76/2006/r076-2006-nl1-2012-11: {"error" => {"code" => "1113", "message" => "Insufficient balance or no resource package. Please recharge."}}
2026-10-06 22:14:25 +0800	R76/2006/r076-2006-nl1-2012-12	API error for R76/2006/r076-2006-nl1-2012-12: {"error" => {"code" => "1113", "message" => "Insufficient balance or no resource package. Please recharge."}}
2026-10-06 22:14:25 +0800	R76/2006/r076-2006-nl1-2012-14	API error for R76/2006/r076-2006-nl1-2012-14: {"error" => {"code" => "1113", "message" => "Insufficient balance or no resource package. Please recharge."}}
2026-10-06 22:14:25 +0800	R76/2006/r076-2006-nl1-2012-16	API error for R76/2006/r076-2006-nl1-2012-16: {"error" => {"code" => "1113", "message" => "Insufficient balance or no resource package. Please recharge."}}
2026-10-06 22:14:25 +0800	R76/2006/r076-2006-nl1-2012-16-rev1	API error for R76/2006/r076-2006-nl1-2012-16-rev1: {"error" => {"code" => "1113", "message" => "Insufficient balance or no resource package. Please recharge."}}
2026-10-06 22:14:25 +0800	R76/2006/r076-2006-nl1-2012-17	API error for R76/2006/r076-2006-nl1-2012-17: {"error" => {"code" => "1113", "message" => "Insufficient balance or no resource package. Please recharge."}}
2026-10-06 22:14:25 +0800	R76/2006/r076-2006-nl1-2012-18	API error for R76/2006/r076-2006-nl1-2012-18: {"error" => {"code" => "1113", "message" => "Insufficient balance or no resource package. Please recharge."}}
2026-10-06 22:14:25 +0800	R76/2006/r076-2006-nl1-2012-19-rev1	API error for R76/2006/r076-2006-nl1-2012-19-rev1: {"error" => {"code" => "1113", "message" => "Insufficient balance or no resource package. Please recharge."}}
2026-10-06 22:14:25 +0800	R76/2006/r076-2006-nl1-2012-22	API error for R76/2006/r076-2006-nl1-2012-22: {"error" => {"code" => "1113", "message" => "Insufficient balance or no resource package. Please recharge."}}
2026-10-06 22:14:25 +0800	R76/2006/r076-2006-nl1-2012-19	API error for R76/2006/r076-2006-nl1-2012-19: {"error" => {"code" => "1113", "message" => "Insufficient balance or no resource package. Please recharge."}}
2026-10-06 22:14:25 +0800	R76/2006/r076-2006-nl1-2012-20	API error for R76/2006/r076-2006-nl1-2012-20: {"error" => {"code" => "1113", "message" => "Insufficient balance or no resource package. Please recharge."}}
2026-10-06 22:14:25 +0800	R76/2006/r076-2006-nl1-2012-24	API error for R76/2006/r076-2006-nl1-2012-24: {"error" => {"code" => "1113", "message" => "Insufficient balance or no resource package. Please recharge."}}
2026-10-06 22:14:25 +0800	R76/2006/r076-2006-nl1-2012-23	API error for R76/2006/r076-2006-nl1-2012-23: {"error" => {"code" => "1113", "message" => "Insufficient balance or no resource package. Please recharge."}}
2026-10-06 22:14:25 +0800	R76/2006/r076-2006-nl1-2012-28-rev1	API error for R76/2006/r076-2006-nl1-2012-28-rev1: {"error" => {"code" => "1113", "message" => "Insufficient balance or no resource package. Please recharge."}}
2026-10-06 22:14:25 +0800	R76/2006/r076-2006-nl1-2012-25	API error for R76/2006/r076-2006-nl1-2012-25: {"error" => {"code" => "1113", "message" => "Insufficient balance or no resource package. Please recharge."}}
2026-10-06 22:14:25 +0800	R76/2006/r076-2006-nl1-2012-26	API error for R76/2006/r076-2006-nl1-2012-26: {"error" => {"code" => "1113", "message" => "Insufficient balance or no resource package. Please recharge."}}
2026-10-06 22:14:25 +0800	R76/2006/r076-2006-nl1-2012-28	API error for R76/2006/r076-2006-nl1-2012-28: {"error" => {"code" => "1113", "message" => "Insufficient balance or no resource package. Please recharge."}}
2026-10-06 22:14:25 +0800	R76/2006/r076-2006-nl1-2012-28-rev2	API error for R76/2006/r076-2006-nl1-2012-28-rev2: {"error" => {"code" => "1113", "message" => "Insufficient balance or no resource package. Please recharge."}}
2026-10-06 22:14:25 +0800	R76/2006/r076-2006-nl1-2012-29	API error for R76/2006/r076-2006-nl1-2012-29: {"error" => {"code" => "1113", "message" => "Insufficient balance or no resource package. Please recharge."}}
2026-10-06 22:14:25 +0800	R76/2006/r076-2006-nl1-2012-30	API error for R76/2006/r076-2006-nl1-2012-30: {"error" => {"code" => "1113", "message" => "Insufficient balance or no resource package. Please recharge."}}
2026-10-06 22:14:25 +0800	R76/2006/r076-2006-nl1-2012-31-rev1	API error for R76/2006/r076-2006-nl1-2012-31-rev1: {"error" => {"code" => "1113", "message" => "Insufficient balance or no resource package. Please recharge."}}
2026-10-06 22:14:25 +0800	R76/2006/r076-2006-nl1-2012-31	API error for R76/2006/r076-2006-nl1-2012-31: {"error" => {"code" => "1113", "message" => "Insufficient balance or no resource package. Please recharge."}}
2026-10-06 22:14:25 +0800	R76/2006/r076-2006-nl1-2012-32	API error for R76/2006/r076-2006-nl1-2012-32: {"error" => {"code" => "1113", "message" => "Insufficient balance or no resource package. Please recharge."}}
2026-10-06 22:14:25 +0800	R76/2006/r076-2006-nl1-2012-34	API error for R76/2006/r076-2006-nl1-2012-34: {"error" => {"code" => "1113", "message" => "Insufficient balance or no resource package. Please recharge."}}
2026-10-06 22:14:25 +0800	R76/2006/r076-2006-nl1-2012-35-rev1	API error for R76/2006/r076-2006-nl1-2012-35-rev1: {"error" => {"code" => "1113", "message" => "Insufficient balance or no resource package. Please recharge."}}
2026-10-06 22:14:25 +0800	R76/2006/r076-2006-nl1-2012-35	API error for R76/2006/r076-2006-nl1-2012-35: {"error" => {"code" => "1113", "message" => "Insufficient balance or no resource package. Please recharge."}}
2026-10-06 22:14:25 +0800	R76/2006/r076-2006-nl1-2012-36-rev1	API error for R76/2006/r076-2006-nl1-2012-36-rev1: {"error" => {"code" => "1113", "message" => "Insufficient balance or no resource package. Please recharge."}}
2026-10-06 22:14:25 +0800	R76/2006/r076-2006-nl1-2012-36-rev2	API error for R76/2006/r076-2006-nl1-2012-36-rev2: {"error" => {"code" => "1113", "message" => "Insufficient balance or no resource package. Please recharge."}}
2026-10-06 22:14:25 +0800	R76/2006/r076-2006-nl1-2012-37	API error for R76/2006/r076-2006-nl1-2012-37: {"error" => {"code" => "1113", "message" => "Insufficient balance or no resource package. Please recharge."}}
2026-10-06 22:14:25 +0800	R76/2006/r076-2006-nl1-2012-38	API error for R76/2006/r076-2006-nl1-2012-38: {"error" => {"code" => "1113", "message" => "Insufficient balance or no resource package. Please recharge."}}
2026-10-06 22:14:25 +0800	R76/2006/r076-2006-nl1-2012-39	API error for R76/2006/r076-2006-nl1-2012-39: {"error" => {"code" => "1113", "message" => "Insufficient balance or no resource package. Please recharge."}}
2026-10-06 22:14:25 +0800	R76/2006/r076-2006-nl1-2012-40	API error for R76/2006/r076-2006-nl1-2012-40: {"error" => {"code" => "1113", "message" => "Insufficient balance or no resource package. Please recharge."}}
2026-10-06 22:14:25 +0800	R76/2006/r076-2006-nl1-2012-41	API error for R76/2006/r076-2006-nl1-2012-41: {"error" => {"code" => "1113", "message" => "Insufficient balance or no resource package. Please recharge."}}
2026-10-06 22:14:25 +0800	R76/2006/r076-2006-nl1-2012-42-rev2	API error for R76/2006/r076-2006-nl1-2012-42-rev2: {"error" => {"code" => "1113", "message" => "Insufficient balance or no resource package. Please recharge."}}
2026-10-06 22:14:25 +0800	R76/2006/r076-2006-nl1-2012-44	API error for R76/2006/r076-2006-nl1-2012-44: {"error" => {"code" => "1113", "message" => "Insufficient balance or no resource package. Please recharge."}}
2026-10-06 22:14:25 +0800	R76/2006/r076-2006-nl1-2012-47	API error for R76/2006/r076-2006-nl1-2012-47: {"error" => {"code" => "1113", "message" => "Insufficient balance or no resource package. Please recharge."}}
2026-10-06 22:14:25 +0800	R76/2006/r076-2006-nl1-2012-46	API error for R76/2006/r076-2006-nl1-2012-46: {"error" => {"code" => "1113", "message" => "Insufficient balance or no resource package. Please recharge."}}
2026-10-06 22:14:25 +0800	R76/2006/r076-2006-nl1-2012-48	API error for R76/2006/r076-2006-nl1-2012-48: {"error" => {"code" => "1113", "message" => "Insufficient balance or no resource package. Please recharge."}}
2026-10-06 22:14:25 +0800	R76/2006/r076-2006-nl1-2013-02	API error for R76/2006/r076-2006-nl1-2013-02: {"error" => {"code" => "1113", "message" => "Insufficient balance or no resource package. Please recharge."}}
2026-10-06 22:14:25 +0800	R76/2006/r076-2006-nl1-2013-05	API error for R76/2006/r076-2006-nl1-2013-05: {"error" => {"code" => "1113", "message" => "Insufficient balance or no resource package. Please recharge."}}
2026-10-06 22:14:25 +0800	R76/2006/r076-2006-nl1-2013-06	API error for R76/2006/r076-2006-nl1-2013-06: {"error" => {"code" => "1113", "message" => "Insufficient balance or no resource package. Please recharge."}}
2026-10-06 22:14:25 +0800	R76/2006/r076-2006-nl1-2013-03	API error for R76/2006/r076-2006-nl1-2013-03: {"error" => {"code" => "1113", "message" => "Insufficient balance or no resource package. Please recharge."}}
2026-10-06 22:14:25 +0800	R76/2006/r076-2006-nl1-2013-07-rev1	API error for R76/2006/r076-2006-nl1-2013-07-rev1: {"error" => {"code" => "1113", "message" => "Insufficient balance or no resource package. Please recharge."}}
2026-10-06 22:14:25 +0800	R76/2006/r076-2006-nl1-2013-08	API error for R76/2006/r076-2006-nl1-2013-08: {"error" => {"code" => "1113", "message" => "Insufficient balance or no resource package. Please recharge."}}
2026-10-06 22:14:25 +0800	R76/2006/r076-2006-nl1-2013-09	API error for R76/2006/r076-2006-nl1-2013-09: {"error" => {"code" => "1113", "message" => "Insufficient balance or no resource package. Please recharge."}}
2026-10-06 22:14:25 +0800	R76/2006/r076-2006-nl1-2013-11-rev1	API error for R76/2006/r076-2006-nl1-2013-11-rev1: {"error" => {"code" => "1113", "message" => "Insufficient balance or no resource package. Please recharge."}}
2026-10-06 22:14:25 +0800	R76/2006/r076-2006-nl1-2013-11-rev2	API error for R76/2006/r076-2006-nl1-2013-11-rev2: {"error" => {"code" => "1113", "message" => "Insufficient balance or no resource package. Please recharge."}}
2026-10-06 22:14:25 +0800	R76/2006/r076-2006-nl1-2013-11	API error for R76/2006/r076-2006-nl1-2013-11: {"error" => {"code" => "1113", "message" => "Insufficient balance or no resource package. Please recharge."}}
2026-10-06 22:14:25 +0800	R76/2006/r076-2006-nl1-2013-12	API error for R76/2006/r076-2006-nl1-2013-12: {"error" => {"code" => "1113", "message" => "Insufficient balance or no resource package. Please recharge."}}
2026-10-06 22:14:25 +0800	R76/2006/r076-2006-nl1-2013-13-rev2	API error for R76/2006/r076-2006-nl1-2013-13-rev2: {"error" => {"code" => "1113", "message" => "Insufficient balance or no resource package. Please recharge."}}
2026-10-06 22:14:25 +0800	R76/2006/r076-2006-nl1-2013-13	API error for R76/2006/r076-2006-nl1-2013-13: {"error" => {"code" => "1113", "message" => "Insufficient balance or no resource package. Please recharge."}}
2026-10-06 22:14:25 +0800	R76/2006/r076-2006-nl1-2013-13-rev1	API error for R76/2006/r076-2006-nl1-2013-13-rev1: {"error" => {"code" => "1113", "message" => "Insufficient balance or no resource package. Please recharge."}}
2026-10-06 22:14:25 +0800	R76/2006/r076-2006-nl1-2013-14-rev1	API error for R76/2006/r076-2006-nl1-2013-14-rev1: {"error" => {"code" => "1113", "message" => "Insufficient balance or no resource package. Please recharge."}}
2026-10-06 22:14:25 +0800	R76/2006/r076-2006-nl1-2013-14	API error for R76/2006/r076-2006-nl1-2013-14: {"error" => {"code" => "1113", "message" => "Insufficient balance or no resource package. Please recharge."}}
2026-10-06 22:14:25 +0800	R76/2006/r076-2006-nl1-2013-15	API error for R76/2006/r076-2006-nl1-2013-15: {"error" => {"code" => "1113", "message" => "Insufficient balance or no resource package. Please recharge."}}
2026-10-06 22:14:25 +0800	R76/2006/r076-2006-nl1-2013-15-rev1	API error for R76/2006/r076-2006-nl1-2013-15-rev1: {"error" => {"code" => "1113", "message" => "Insufficient balance or no resource package. Please recharge."}}
2026-10-06 22:14:25 +0800	R76/2006/r076-2006-nl1-2013-18	API error for R76/2006/r076-2006-nl1-2013-18: {"error" => {"code" => "1113", "message" => "Insufficient balance or no resource package. Please recharge."}}
2026-10-06 22:14:25 +0800	R76/2006/r076-2006-nl1-2013-17	API error for R76/2006/r076-2006-nl1-2013-17: {"error" => {"code" => "1113", "message" => "Insufficient balance or no resource package. Please recharge."}}
2026-10-06 22:14:25 +0800	R76/2006/r076-2006-nl1-2013-19	API error for R76/2006/r076-2006-nl1-2013-19: {"error" => {"code" => "1113", "message" => "Insufficient balance or no resource package. Please recharge."}}
2026-10-06 22:14:25 +0800	R76/2006/r076-2006-nl1-2013-22	API error for R76/2006/r076-2006-nl1-2013-22: {"error" => {"code" => "1113", "message" => "Insufficient balance or no resource package. Please recharge."}}
2026-10-06 22:14:25 +0800	R76/2006/r076-2006-nl1-2013-21	API error for R76/2006/r076-2006-nl1-2013-21: {"error" => {"code" => "1113", "message" => "Insufficient balance or no resource package. Please recharge."}}
2026-10-06 22:14:25 +0800	R76/2006/r076-2006-nl1-2013-23	API error for R76/2006/r076-2006-nl1-2013-23: {"error" => {"code" => "1113", "message" => "Insufficient balance or no resource package. Please recharge."}}
2026-10-06 22:14:25 +0800	R76/2006/r076-2006-nl1-2013-25	API error for R76/2006/r076-2006-nl1-2013-25: {"error" => {"code" => "1113", "message" => "Insufficient balance or no resource package. Please recharge."}}
2026-10-06 22:14:25 +0800	R76/2006/r076-2006-nl1-2013-28	API error for R76/2006/r076-2006-nl1-2013-28: {"error" => {"code" => "1113", "message" => "Insufficient balance or no resource package. Please recharge."}}
2026-10-06 22:14:25 +0800	R76/2006/r076-2006-nl1-2013-30	API error for R76/2006/r076-2006-nl1-2013-30: {"error" => {"code" => "1113", "message" => "Insufficient balance or no resource package. Please recharge."}}
2026-10-06 22:14:25 +0800	R76/2006/r076-2006-nl1-2013-29	API error for R76/2006/r076-2006-nl1-2013-29: {"error" => {"code" => "1113", "message" => "Insufficient balance or no resource package. Please recharge."}}
2026-10-06 22:14:25 +0800	R76/2006/r076-2006-nl1-2013-31	API error for R76/2006/r076-2006-nl1-2013-31: {"error" => {"code" => "1113", "message" => "Insufficient balance or no resource package. Please recharge."}}
2026-10-06 22:14:25 +0800	R76/2006/r076-2006-nl1-2013-32	API error for R76/2006/r076-2006-nl1-2013-32: {"error" => {"code" => "1113", "message" => "Insufficient balance or no resource package. Please recharge."}}
2026-10-06 22:14:25 +0800	R76/2006/r076-2006-nl1-2013-34-rev1	API error for R76/2006/r076-2006-nl1-2013-34-rev1: {"error" => {"code" => "1113", "message" => "Insufficient balance or no resource package. Please recharge."}}
2026-10-06 22:14:25 +0800	R76/2006/r076-2006-nl1-2013-33	API error for R76/2006/r076-2006-nl1-2013-33: {"error" => {"code" => "1113", "message" => "Insufficient balance or no resource package. Please recharge."}}
2026-10-06 22:14:25 +0800	R76/2006/r076-2006-nl1-2013-33-rev1	API error for R76/2006/r076-2006-nl1-2013-33-rev1: {"error" => {"code" => "1113", "message" => "Insufficient balance or no resource package. Please recharge."}}
2026-10-06 22:14:25 +0800	R76/2006/r076-2006-nl1-2013-34	API error for R76/2006/r076-2006-nl1-2013-34: {"error" => {"code" => "1113", "message" => "Insufficient balance or no resource package. Please recharge."}}
2026-10-06 22:14:25 +0800	R76/2006/r076-2006-nl1-2013-35	API error for R76/2006/r076-2006-nl1-2013-35: {"error" => {"code" => "1113", "message" => "Insufficient balance or no resource package. Please recharge."}}
2026-10-06 22:14:25 +0800	R76/2006/r076-2006-nl1-2013-38	API error for R76/2006/r076-2006-nl1-2013-38: {"error" => {"code" => "1113", "message" => "Insufficient balance or no resource package. Please recharge."}}
2026-10-06 22:14:25 +0800	R76/2006/r076-2006-nl1-2013-39	API error for R76/2006/r076-2006-nl1-2013-39: {"error" => {"code" => "1113", "message" => "Insufficient balance or no resource package. Please recharge."}}
2026-10-06 22:14:25 +0800	R76/2006/r076-2006-nl1-2013-40	API error for R76/2006/r076-2006-nl1-2013-40: {"error" => {"code" => "1113", "message" => "Insufficient balance or no resource package. Please recharge."}}
2026-10-06 22:14:25 +0800	R76/2006/r076-2006-nl1-2013-41	API error for R76/2006/r076-2006-nl1-2013-41: {"error" => {"code" => "1113", "message" => "Insufficient balance or no resource package. Please recharge."}}
2026-10-06 22:14:25 +0800	R76/2006/r076-2006-nl1-2013-43	API error for R76/2006/r076-2006-nl1-2013-43: {"error" => {"code" => "1113", "message" => "Insufficient balance or no resource package. Please recharge."}}
2026-10-06 22:14:25 +0800	R76/2006/r076-2006-nl1-2013-45	API error for R76/2006/r076-2006-nl1-2013-45: {"error" => {"code" => "1113", "message" => "Insufficient balance or no resource package. Please recharge."}}
2026-10-06 22:14:25 +0800	R76/2006/r076-2006-nl1-2013-44	API error for R76/2006/r076-2006-nl1-2013-44: {"error" => {"code" => "1113", "message" => "Insufficient balance or no resource package. Please recharge."}}
2026-10-06 22:14:25 +0800	R76/2006/r076-2006-nl1-2013-46	API error for R76/2006/r076-2006-nl1-2013-46: {"error" => {"code" => "1113", "message" => "Insufficient balance or no resource package. Please recharge."}}
2026-10-06 22:14:25 +0800	R76/2006/r076-2006-nl1-2013-47	API error for R76/2006/r076-2006-nl1-2013-47: {"error" => {"code" => "1113", "message" => "Insufficient balance or no resource package. Please recharge."}}
2026-10-06 22:14:25 +0800	R76/2006/r076-2006-nl1-2013-49	API error for R76/2006/r076-2006-nl1-2013-49: {"error" => {"code" => "1113", "message" => "Insufficient balance or no resource package. Please recharge."}}
2026-10-06 22:14:25 +0800	R76/2006/r076-2006-nl1-2013-50	API error for R76/2006/r076-2006-nl1-2013-50: {"error" => {"code" => "1113", "message" => "Insufficient balance or no resource package. Please recharge."}}
2026-10-06 22:14:25 +0800	R76/2006/r076-2006-nl1-2014-02	API error for R76/2006/r076-2006-nl1-2014-02: {"error" => {"code" => "1113", "message" => "Insufficient balance or no resource package. Please recharge."}}
2026-10-06 22:14:25 +0800	R76/2006/r076-2006-nl1-2014-02-rev01	API error for R76/2006/r076-2006-nl1-2014-02-rev01: {"error" => {"code" => "1113", "message" => "Insufficient balance or no resource package. Please recharge."}}
2026-10-06 22:14:25 +0800	R76/2006/r076-2006-nl1-2014-03	API error for R76/2006/r076-2006-nl1-2014-03: {"error" => {"code" => "1113", "message" => "Insufficient balance or no resource package. Please recharge."}}
2026-10-06 22:14:25 +0800	R76/2006/r076-2006-nl1-2014-04	API error for R76/2006/r076-2006-nl1-2014-04: {"error" => {"code" => "1113", "message" => "Insufficient balance or no resource package. Please recharge."}}
2026-10-06 22:14:25 +0800	R76/2006/r076-2006-nl1-2014-06	API error for R76/2006/r076-2006-nl1-2014-06: {"error" => {"code" => "1113", "message" => "Insufficient balance or no resource package. Please recharge."}}
2026-10-06 22:14:25 +0800	R76/2006/r076-2006-nl1-2014-08	API error for R76/2006/r076-2006-nl1-2014-08: {"error" => {"code" => "1113", "message" => "Insufficient balance or no resource package. Please recharge."}}
2026-10-06 22:14:25 +0800	R76/2006/r076-2006-nl1-2014-07	API error for R76/2006/r076-2006-nl1-2014-07: {"error" => {"code" => "1113", "message" => "Insufficient balance or no resource package. Please recharge."}}
2026-10-06 22:14:25 +0800	R76/2006/r076-2006-nl1-2014-09	API error for R76/2006/r076-2006-nl1-2014-09: {"error" => {"code" => "1113", "message" => "Insufficient balance or no resource package. Please recharge."}}
2026-10-06 22:14:25 +0800	R76/2006/r076-2006-nl1-2014-11-rev1	API error for R76/2006/r076-2006-nl1-2014-11-rev1: {"error" => {"code" => "1113", "message" => "Insufficient balance or no resource package. Please recharge."}}
2026-10-06 22:14:25 +0800	R76/2006/r076-2006-nl1-2014-11-rev2	API error for R76/2006/r076-2006-nl1-2014-11-rev2: {"error" => {"code" => "1113", "message" => "Insufficient balance or no resource package. Please recharge."}}
2026-10-06 22:14:25 +0800	R76/2006/r076-2006-nl1-2014-10	API error for R76/2006/r076-2006-nl1-2014-10: {"error" => {"code" => "1113", "message" => "Insufficient balance or no resource package. Please recharge."}}
2026-10-06 22:14:25 +0800	R76/2006/r076-2006-nl1-2014-12	API error for R76/2006/r076-2006-nl1-2014-12: {"error" => {"code" => "1113", "message" => "Insufficient balance or no resource package. Please recharge."}}
2026-10-06 22:14:25 +0800	R76/2006/r076-2006-nl1-2014-11	API error for R76/2006/r076-2006-nl1-2014-11: {"error" => {"code" => "1113", "message" => "Insufficient balance or no resource package. Please recharge."}}
2026-10-06 22:14:25 +0800	R76/2006/r076-2006-nl1-2014-13	API error for R76/2006/r076-2006-nl1-2014-13: {"error" => {"code" => "1113", "message" => "Insufficient balance or no resource package. Please recharge."}}
2026-10-06 22:14:25 +0800	R76/2006/r076-2006-nl1-2014-14	API error for R76/2006/r076-2006-nl1-2014-14: {"error" => {"code" => "1113", "message" => "Insufficient balance or no resource package. Please recharge."}}
2026-10-06 22:14:25 +0800	R76/2006/r076-2006-nl1-2014-16	API error for R76/2006/r076-2006-nl1-2014-16: {"error" => {"code" => "1113", "message" => "Insufficient balance or no resource package. Please recharge."}}
2026-10-06 22:14:25 +0800	R76/2006/r076-2006-nl1-2014-17	API error for R76/2006/r076-2006-nl1-2014-17: {"error" => {"code" => "1113", "message" => "Insufficient balance or no resource package. Please recharge."}}
2026-10-06 22:14:25 +0800	R76/2006/r076-2006-nl1-2014-15	API error for R76/2006/r076-2006-nl1-2014-15: {"error" => {"code" => "1113", "message" => "Insufficient balance or no resource package. Please recharge."}}
2026-10-06 22:14:25 +0800	R76/2006/r076-2006-nl1-2014-18	API error for R76/2006/r076-2006-nl1-2014-18: {"error" => {"code" => "1113", "message" => "Insufficient balance or no resource package. Please recharge."}}
2026-10-06 22:14:25 +0800	R76/2006/r076-2006-nl1-2014-19	API error for R76/2006/r076-2006-nl1-2014-19: {"error" => {"code" => "1113", "message" => "Insufficient balance or no resource package. Please recharge."}}
2026-10-06 22:14:25 +0800	R76/2006/r076-2006-nl1-2014-20	API error for R76/2006/r076-2006-nl1-2014-20: {"error" => {"code" => "1113", "message" => "Insufficient balance or no resource package. Please recharge."}}
2026-10-06 22:14:25 +0800	R76/2006/r076-2006-nl1-2014-22	API error for R76/2006/r076-2006-nl1-2014-22: {"error" => {"code" => "1113", "message" => "Insufficient balance or no resource package. Please recharge."}}
2026-10-06 22:14:25 +0800	R76/2006/r076-2006-nl1-2014-24	API error for R76/2006/r076-2006-nl1-2014-24: {"error" => {"code" => "1113", "message" => "Insufficient balance or no resource package. Please recharge."}}
2026-10-06 22:14:25 +0800	R76/2006/r076-2006-nl1-2014-25-rev1	API error for R76/2006/r076-2006-nl1-2014-25-rev1: {"error" => {"code" => "1113", "message" => "Insufficient balance or no resource package. Please recharge."}}
2026-10-06 22:14:25 +0800	R76/2006/r076-2006-nl1-2014-25	API error for R76/2006/r076-2006-nl1-2014-25: {"error" => {"code" => "1113", "message" => "Insufficient balance or no resource package. Please recharge."}}
2026-10-06 22:14:25 +0800	R76/2006/r076-2006-nl1-2014-27	API error for R76/2006/r076-2006-nl1-2014-27: {"error" => {"code" => "1113", "message" => "Insufficient balance or no resource package. Please recharge."}}
2026-10-06 22:14:25 +0800	R76/2006/r076-2006-nl1-2014-26	API error for R76/2006/r076-2006-nl1-2014-26: {"error" => {"code" => "1113", "message" => "Insufficient balance or no resource package. Please recharge."}}
2026-10-06 22:14:25 +0800	R76/2006/r076-2006-nl1-2014-28	API error for R76/2006/r076-2006-nl1-2014-28: {"error" => {"code" => "1113", "message" => "Insufficient balance or no resource package. Please recharge."}}
2026-10-06 22:14:25 +0800	R76/2006/r076-2006-nl1-2014-30-rev1	API error for R76/2006/r076-2006-nl1-2014-30-rev1: {"error" => {"code" => "1113", "message" => "Insufficient balance or no resource package. Please recharge."}}
2026-10-06 22:14:25 +0800	R76/2006/r076-2006-nl1-2014-30	API error for R76/2006/r076-2006-nl1-2014-30: {"error" => {"code" => "1113", "message" => "Insufficient balance or no resource package. Please recharge."}}
2026-10-06 22:14:25 +0800	R76/2006/r076-2006-nl1-2014-31-rev1	API error for R76/2006/r076-2006-nl1-2014-31-rev1: {"error" => {"code" => "1113", "message" => "Insufficient balance or no resource package. Please recharge."}}
2026-10-06 22:14:25 +0800	R76/2006/r076-2006-nl1-2014-31	API error for R76/2006/r076-2006-nl1-2014-31: {"error" => {"code" => "1113", "message" => "Insufficient balance or no resource package. Please recharge."}}
2026-10-06 22:14:25 +0800	R76/2006/r076-2006-nl1-2014-32	API error for R76/2006/r076-2006-nl1-2014-32: {"error" => {"code" => "1113", "message" => "Insufficient balance or no resource package. Please recharge."}}
2026-10-06 22:14:25 +0800	R76/2006/r076-2006-nl1-2014-33	API error for R76/2006/r076-2006-nl1-2014-33: {"error" => {"code" => "1113", "message" => "Insufficient balance or no resource package. Please recharge."}}
2026-10-06 22:14:25 +0800	R76/2006/r076-2006-nl1-2014-35	API error for R76/2006/r076-2006-nl1-2014-35: {"error" => {"code" => "1113", "message" => "Insufficient balance or no resource package. Please recharge."}}
2026-10-06 22:14:25 +0800	R76/2006/r076-2006-nl1-2014-37-rev1	API error for R76/2006/r076-2006-nl1-2014-37-rev1: {"error" => {"code" => "1113", "message" => "Insufficient balance or no resource package. Please recharge."}}
2026-10-06 22:14:25 +0800	R76/2006/r076-2006-nl1-2014-37	API error for R76/2006/r076-2006-nl1-2014-37: {"error" => {"code" => "1113", "message" => "Insufficient balance or no resource package. Please recharge."}}
2026-10-06 22:14:25 +0800	R76/2006/r076-2006-nl1-2014-38	API error for R76/2006/r076-2006-nl1-2014-38: {"error" => {"code" => "1113", "message" => "Insufficient balance or no resource package. Please recharge."}}
2026-10-06 22:14:25 +0800	R76/2006/r076-2006-nl1-2014-41	API error for R76/2006/r076-2006-nl1-2014-41: {"error" => {"code" => "1113", "message" => "Insufficient balance or no resource package. Please recharge."}}
2026-10-06 22:14:25 +0800	R76/2006/r076-2006-nl1-2014-43	API error for R76/2006/r076-2006-nl1-2014-43: {"error" => {"code" => "1113", "message" => "Insufficient balance or no resource package. Please recharge."}}
2026-10-06 22:14:25 +0800	R76/2006/r076-2006-nl1-2014-51	API error for R76/2006/r076-2006-nl1-2014-51: {"error" => {"code" => "1113", "message" => "Insufficient balance or no resource package. Please recharge."}}
2026-10-06 22:14:25 +0800	R76/2006/r076-2006-nl1-2014-44	API error for R76/2006/r076-2006-nl1-2014-44: {"error" => {"code" => "1113", "message" => "Insufficient balance or no resource package. Please recharge."}}
2026-10-06 22:14:25 +0800	R76/2006/r076-2006-nl1-2014-55-rev1	API error for R76/2006/r076-2006-nl1-2014-55-rev1: {"error" => {"code" => "1113", "message" => "Insufficient balance or no resource package. Please recharge."}}
2026-10-06 22:14:25 +0800	R76/2006/r076-2006-nl1-2014-55	API error for R76/2006/r076-2006-nl1-2014-55: {"error" => {"code" => "1113", "message" => "Insufficient balance or no resource package. Please recharge."}}
2026-10-06 22:14:25 +0800	R76/2006/r076-2006-nl1-2014-57	API error for R76/2006/r076-2006-nl1-2014-57: {"error" => {"code" => "1113", "message" => "Insufficient balance or no resource package. Please recharge."}}
2026-10-06 22:14:25 +0800	R76/2006/r076-2006-nl1-2014-59	API error for R76/2006/r076-2006-nl1-2014-59: {"error" => {"code" => "1113", "message" => "Insufficient balance or no resource package. Please recharge."}}
2026-10-06 22:14:25 +0800	R76/2006/r076-2006-nl1-2014-58	API error for R76/2006/r076-2006-nl1-2014-58: {"error" => {"code" => "1113", "message" => "Insufficient balance or no resource package. Please recharge."}}
2026-10-06 22:14:25 +0800	R76/2006/r076-2006-nl1-2014-60	API error for R76/2006/r076-2006-nl1-2014-60: {"error" => {"code" => "1113", "message" => "Insufficient balance or no resource package. Please recharge."}}
2026-10-06 22:14:25 +0800	R76/2006/r076-2006-nl1-2014-61	API error for R76/2006/r076-2006-nl1-2014-61: {"error" => {"code" => "1113", "message" => "Insufficient balance or no resource package. Please recharge."}}
2026-10-06 22:14:25 +0800	R76/2006/r076-2006-nl1-2014-62	API error for R76/2006/r076-2006-nl1-2014-62: {"error" => {"code" => "1113", "message" => "Insufficient balance or no resource package. Please recharge."}}
2026-10-06 22:14:25 +0800	R76/2006/r076-2006-nl1-2014-63	API error for R76/2006/r076-2006-nl1-2014-63: {"error" => {"code" => "1113", "message" => "Insufficient balance or no resource package. Please recharge."}}
2026-10-06 22:14:25 +0800	R76/2006/r076-2006-nl1-2014-64	API error for R76/2006/r076-2006-nl1-2014-64: {"error" => {"code" => "1113", "message" => "Insufficient balance or no resource package. Please recharge."}}
2026-10-06 22:14:25 +0800	R76/2006/r076-2006-nl1-2015-01	API error for R76/2006/r076-2006-nl1-2015-01: {"error" => {"code" => "1113", "message" => "Insufficient balance or no resource package. Please recharge."}}
2026-10-06 22:14:25 +0800	R76/2006/r076-2006-nl1-2015-04	API error for R76/2006/r076-2006-nl1-2015-04: {"error" => {"code" => "1113", "message" => "Insufficient balance or no resource package. Please recharge."}}
2026-10-06 22:14:25 +0800	R76/2006/r076-2006-nl1-2015-05	API error for R76/2006/r076-2006-nl1-2015-05: {"error" => {"code" => "1113", "message" => "Insufficient balance or no resource package. Please recharge."}}
2026-10-06 22:14:25 +0800	R76/2006/r076-2006-nl1-2015-07	API error for R76/2006/r076-2006-nl1-2015-07: {"error" => {"code" => "1113", "message" => "Insufficient balance or no resource package. Please recharge."}}
2026-10-06 22:14:25 +0800	R76/2006/r076-2006-nl1-2015-08	API error for R76/2006/r076-2006-nl1-2015-08: {"error" => {"code" => "1113", "message" => "Insufficient balance or no resource package. Please recharge."}}
2026-10-06 22:14:25 +0800	R76/2006/r076-2006-nl1-2015-11	API error for R76/2006/r076-2006-nl1-2015-11: {"error" => {"code" => "1113", "message" => "Insufficient balance or no resource package. Please recharge."}}
2026-10-06 22:14:25 +0800	R76/2006/r076-2006-nl1-2015-12-rev1	API error for R76/2006/r076-2006-nl1-2015-12-rev1: {"error" => {"code" => "1113", "message" => "Insufficient balance or no resource package. Please recharge."}}
2026-10-06 22:14:25 +0800	R76/2006/r076-2006-nl1-2015-12	API error for R76/2006/r076-2006-nl1-2015-12: {"error" => {"code" => "1113", "message" => "Insufficient balance or no resource package. Please recharge."}}
2026-10-06 22:14:25 +0800	R76/2006/r076-2006-nl1-2015-14	API error for R76/2006/r076-2006-nl1-2015-14: {"error" => {"code" => "1113", "message" => "Insufficient balance or no resource package. Please recharge."}}
2026-10-06 22:14:25 +0800	R76/2006/r076-2006-nl1-2015-15	API error for R76/2006/r076-2006-nl1-2015-15: {"error" => {"code" => "1113", "message" => "Insufficient balance or no resource package. Please recharge."}}
2026-10-06 22:14:25 +0800	R76/2006/r076-2006-nl1-2015-17-rev1	API error for R76/2006/r076-2006-nl1-2015-17-rev1: {"error" => {"code" => "1113", "message" => "Insufficient balance or no resource package. Please recharge."}}
2026-10-06 22:14:25 +0800	R76/2006/r076-2006-nl1-2015-17	API error for R76/2006/r076-2006-nl1-2015-17: {"error" => {"code" => "1113", "message" => "Insufficient balance or no resource package. Please recharge."}}
2026-10-06 22:14:25 +0800	R76/2006/r076-2006-nl1-2015-16	API error for R76/2006/r076-2006-nl1-2015-16: {"error" => {"code" => "1113", "message" => "Insufficient balance or no resource package. Please recharge."}}
2026-10-06 22:14:25 +0800	R76/2006/r076-2006-nl1-2015-19	API error for R76/2006/r076-2006-nl1-2015-19: {"error" => {"code" => "1113", "message" => "Insufficient balance or no resource package. Please recharge."}}
2026-10-06 22:14:25 +0800	R76/2006/r076-2006-nl1-2015-21	API error for R76/2006/r076-2006-nl1-2015-21: {"error" => {"code" => "1113", "message" => "Insufficient balance or no resource package. Please recharge."}}
2026-10-06 22:14:25 +0800	R76/2006/r076-2006-nl1-2015-22	API error for R76/2006/r076-2006-nl1-2015-22: {"error" => {"code" => "1113", "message" => "Insufficient balance or no resource package. Please recharge."}}
2026-10-06 22:14:25 +0800	R76/2006/r076-2006-nl1-2015-24	API error for R76/2006/r076-2006-nl1-2015-24: {"error" => {"code" => "1113", "message" => "Insufficient balance or no resource package. Please recharge."}}
2026-10-06 22:14:25 +0800	R76/2006/r076-2006-nl1-2015-23	API error for R76/2006/r076-2006-nl1-2015-23: {"error" => {"code" => "1113", "message" => "Insufficient balance or no resource package. Please recharge."}}
2026-10-06 22:14:25 +0800	R76/2006/r076-2006-nl1-2015-25	API error for R76/2006/r076-2006-nl1-2015-25: {"error" => {"code" => "1113", "message" => "Insufficient balance or no resource package. Please recharge."}}
2026-10-06 22:14:25 +0800	R76/2006/r076-2006-nl1-2015-26	API error for R76/2006/r076-2006-nl1-2015-26: {"error" => {"code" => "1113", "message" => "Insufficient balance or no resource package. Please recharge."}}
2026-10-06 22:14:25 +0800	R76/2006/r076-2006-nl1-2015-27	API error for R76/2006/r076-2006-nl1-2015-27: {"error" => {"code" => "1113", "message" => "Insufficient balance or no resource package. Please recharge."}}
2026-10-06 22:14:25 +0800	R76/2006/r076-2006-nl1-2015-28-rev1	API error for R76/2006/r076-2006-nl1-2015-28-rev1: {"error" => {"code" => "1113", "message" => "Insufficient balance or no resource package. Please recharge."}}
2026-10-06 22:14:25 +0800	R76/2006/r076-2006-nl1-2015-28	API error for R76/2006/r076-2006-nl1-2015-28: {"error" => {"code" => "1113", "message" => "Insufficient balance or no resource package. Please recharge."}}
2026-10-06 22:14:25 +0800	R76/2006/r076-2006-nl1-2015-29	API error for R76/2006/r076-2006-nl1-2015-29: {"error" => {"code" => "1113", "message" => "Insufficient balance or no resource package. Please recharge."}}
2026-10-06 22:14:25 +0800	R76/2006/r076-2006-nl1-2015-30	API error for R76/2006/r076-2006-nl1-2015-30: {"error" => {"code" => "1113", "message" => "Insufficient balance or no resource package. Please recharge."}}
2026-10-06 22:14:25 +0800	R76/2006/r076-2006-nl1-2015-31	API error for R76/2006/r076-2006-nl1-2015-31: {"error" => {"code" => "1113", "message" => "Insufficient balance or no resource package. Please recharge."}}
2026-10-06 22:14:25 +0800	R76/2006/r076-2006-nl1-2015-33	API error for R76/2006/r076-2006-nl1-2015-33: {"error" => {"code" => "1113", "message" => "Insufficient balance or no resource package. Please recharge."}}
2026-10-06 22:14:25 +0800	R76/2006/r076-2006-nl1-2015-34	API error for R76/2006/r076-2006-nl1-2015-34: {"error" => {"code" => "1113", "message" => "Insufficient balance or no resource package. Please recharge."}}
2026-10-06 22:14:25 +0800	R76/2006/r076-2006-nl1-2015-32	API error for R76/2006/r076-2006-nl1-2015-32: {"error" => {"code" => "1113", "message" => "Insufficient balance or no resource package. Please recharge."}}
2026-10-06 22:14:25 +0800	R76/2006/r076-2006-nl1-2015-36	API error for R76/2006/r076-2006-nl1-2015-36: {"error" => {"code" => "1113", "message" => "Insufficient balance or no resource package. Please recharge."}}
2026-10-06 22:14:25 +0800	R76/2006/r076-2006-nl1-2015-37	API error for R76/2006/r076-2006-nl1-2015-37: {"error" => {"code" => "1113", "message" => "Insufficient balance or no resource package. Please recharge."}}
2026-10-06 22:14:25 +0800	R76/2006/r076-2006-nl1-2015-38	API error for R76/2006/r076-2006-nl1-2015-38: {"error" => {"code" => "1113", "message" => "Insufficient balance or no resource package. Please recharge."}}
2026-10-06 22:14:25 +0800	R76/2006/r076-2006-nl1-2015-41	API error for R76/2006/r076-2006-nl1-2015-41: {"error" => {"code" => "1113", "message" => "Insufficient balance or no resource package. Please recharge."}}
2026-10-06 22:14:25 +0800	R76/2006/r076-2006-nl1-2015-39	API error for R76/2006/r076-2006-nl1-2015-39: {"error" => {"code" => "1113", "message" => "Insufficient balance or no resource package. Please recharge."}}
2026-10-06 22:14:25 +0800	R76/2006/r076-2006-nl1-2015-42	API error for R76/2006/r076-2006-nl1-2015-42: {"error" => {"code" => "1113", "message" => "Insufficient balance or no resource package. Please recharge."}}
2026-10-06 22:14:25 +0800	R76/2006/r076-2006-nl1-2015-44	API error for R76/2006/r076-2006-nl1-2015-44: {"error" => {"code" => "1113", "message" => "Insufficient balance or no resource package. Please recharge."}}
2026-10-06 22:14:25 +0800	R76/2006/r076-2006-nl1-2015-49-rev1	API error for R76/2006/r076-2006-nl1-2015-49-rev1: {"error" => {"code" => "1113", "message" => "Insufficient balance or no resource package. Please recharge."}}
2026-10-06 22:14:25 +0800	R76/2006/r076-2006-nl1-2015-49-rev2	API error for R76/2006/r076-2006-nl1-2015-49-rev2: {"error" => {"code" => "1113", "message" => "Insufficient balance or no resource package. Please recharge."}}
2026-10-06 22:14:25 +0800	R76/2006/r076-2006-nl1-2015-49	API error for R76/2006/r076-2006-nl1-2015-49: {"error" => {"code" => "1113", "message" => "Insufficient balance or no resource package. Please recharge."}}
2026-10-06 22:14:25 +0800	R76/2006/r076-2006-nl1-2015-50	API error for R76/2006/r076-2006-nl1-2015-50: {"error" => {"code" => "1113", "message" => "Insufficient balance or no resource package. Please recharge."}}
2026-10-06 22:14:25 +0800	R76/2006/r076-2006-nl1-2015-51	API error for R76/2006/r076-2006-nl1-2015-51: {"error" => {"code" => "1113", "message" => "Insufficient balance or no resource package. Please recharge."}}
2026-10-06 22:14:25 +0800	R76/2006/r076-2006-nl1-2015-52	API error for R76/2006/r076-2006-nl1-2015-52: {"error" => {"code" => "1113", "message" => "Insufficient balance or no resource package. Please recharge."}}
2026-10-06 22:14:25 +0800	R76/2006/r076-2006-nl1-2015-53	API error for R76/2006/r076-2006-nl1-2015-53: {"error" => {"code" => "1113", "message" => "Insufficient balance or no resource package. Please recharge."}}
2026-10-06 22:14:25 +0800	R76/2006/r076-2006-nl1-2016-01	API error for R76/2006/r076-2006-nl1-2016-01: {"error" => {"code" => "1113", "message" => "Insufficient balance or no resource package. Please recharge."}}
2026-10-06 22:14:25 +0800	R76/2006/r076-2006-nl1-2016-02	API error for R76/2006/r076-2006-nl1-2016-02: {"error" => {"code" => "1113", "message" => "Insufficient balance or no resource package. Please recharge."}}
2026-10-06 22:14:25 +0800	R76/2006/r076-2006-nl1-2016-03	API error for R76/2006/r076-2006-nl1-2016-03: {"error" => {"code" => "1113", "message" => "Insufficient balance or no resource package. Please recharge."}}
2026-10-06 22:14:25 +0800	R76/2006/r076-2006-nl1-2016-04	API error for R76/2006/r076-2006-nl1-2016-04: {"error" => {"code" => "1113", "message" => "Insufficient balance or no resource package. Please recharge."}}
2026-10-06 22:14:25 +0800	R76/2006/r076-2006-nl1-2016-09	API error for R76/2006/r076-2006-nl1-2016-09: {"error" => {"code" => "1113", "message" => "Insufficient balance or no resource package. Please recharge."}}
2026-10-06 22:14:25 +0800	R76/2006/r076-2006-nl1-2016-07	API error for R76/2006/r076-2006-nl1-2016-07: {"error" => {"code" => "1113", "message" => "Insufficient balance or no resource package. Please recharge."}}
2026-10-06 22:14:25 +0800	R76/2006/r076-2006-nl1-2016-06	API error for R76/2006/r076-2006-nl1-2016-06: {"error" => {"code" => "1113", "message" => "Insufficient balance or no resource package. Please recharge."}}
2026-10-06 22:14:25 +0800	R76/2006/r076-2006-nl1-2016-10	API error for R76/2006/r076-2006-nl1-2016-10: {"error" => {"code" => "1113", "message" => "Insufficient balance or no resource package. Please recharge."}}
2026-10-06 22:14:25 +0800	R76/2006/r076-2006-nl1-2016-11	API error for R76/2006/r076-2006-nl1-2016-11: {"error" => {"code" => "1113", "message" => "Insufficient balance or no resource package. Please recharge."}}
2026-10-06 22:14:25 +0800	R76/2006/r076-2006-nl1-2016-12	API error for R76/2006/r076-2006-nl1-2016-12: {"error" => {"code" => "1113", "message" => "Insufficient balance or no resource package. Please recharge."}}
2026-10-06 22:14:25 +0800	R76/2006/r076-2006-nl1-2016-14	API error for R76/2006/r076-2006-nl1-2016-14: {"error" => {"code" => "1113", "message" => "Insufficient balance or no resource package. Please recharge."}}
2026-10-06 22:14:25 +0800	R76/2006/r076-2006-nl1-2016-13	API error for R76/2006/r076-2006-nl1-2016-13: {"error" => {"code" => "1113", "message" => "Insufficient balance or no resource package. Please recharge."}}
2026-10-06 22:14:25 +0800	R76/2006/r076-2006-nl1-2016-15	API error for R76/2006/r076-2006-nl1-2016-15: {"error" => {"code" => "1113", "message" => "Insufficient balance or no resource package. Please recharge."}}
2026-10-06 22:14:25 +0800	R76/2006/r076-2006-nl1-2016-16	API error for R76/2006/r076-2006-nl1-2016-16: {"error" => {"code" => "1113", "message" => "Insufficient balance or no resource package. Please recharge."}}
2026-10-06 22:14:25 +0800	R76/2006/r076-2006-nl1-2016-18	API error for R76/2006/r076-2006-nl1-2016-18: {"error" => {"code" => "1113", "message" => "Insufficient balance or no resource package. Please recharge."}}
2026-10-06 22:14:25 +0800	R76/2006/r076-2006-nl1-2016-19	API error for R76/2006/r076-2006-nl1-2016-19: {"error" => {"code" => "1113", "message" => "Insufficient balance or no resource package. Please recharge."}}
2026-10-06 22:14:25 +0800	R76/2006/r076-2006-nl1-2016-20	API error for R76/2006/r076-2006-nl1-2016-20: {"error" => {"code" => "1113", "message" => "Insufficient balance or no resource package. Please recharge."}}
2026-10-06 22:14:25 +0800	R76/2006/r076-2006-nl1-2016-21	API error for R76/2006/r076-2006-nl1-2016-21: {"error" => {"code" => "1113", "message" => "Insufficient balance or no resource package. Please recharge."}}
2026-10-06 22:14:25 +0800	R76/2006/r076-2006-nl1-2016-22	API error for R76/2006/r076-2006-nl1-2016-22: {"error" => {"code" => "1113", "message" => "Insufficient balance or no resource package. Please recharge."}}
2026-10-06 22:14:25 +0800	R76/2006/r076-2006-nl1-2016-25-rev1	API error for R76/2006/r076-2006-nl1-2016-25-rev1: {"error" => {"code" => "1113", "message" => "Insufficient balance or no resource package. Please recharge."}}
2026-10-06 22:14:25 +0800	R76/2006/r076-2006-nl1-2016-23	API error for R76/2006/r076-2006-nl1-2016-23: {"error" => {"code" => "1113", "message" => "Insufficient balance or no resource package. Please recharge."}}
2026-10-06 22:14:25 +0800	R76/2006/r076-2006-nl1-2016-25	API error for R76/2006/r076-2006-nl1-2016-25: {"error" => {"code" => "1113", "message" => "Insufficient balance or no resource package. Please recharge."}}
2026-10-06 22:14:25 +0800	R76/2006/r076-2006-nl1-2016-27	API error for R76/2006/r076-2006-nl1-2016-27: {"error" => {"code" => "1113", "message" => "Insufficient balance or no resource package. Please recharge."}}
2026-10-06 22:14:25 +0800	R76/2006/r076-2006-nl1-2016-30	API error for R76/2006/r076-2006-nl1-2016-30: {"error" => {"code" => "1113", "message" => "Insufficient balance or no resource package. Please recharge."}}
2026-10-06 22:14:25 +0800	R76/2006/r076-2006-nl1-2016-31	API error for R76/2006/r076-2006-nl1-2016-31: {"error" => {"code" => "1113", "message" => "Insufficient balance or no resource package. Please recharge."}}
2026-10-06 22:14:25 +0800	R76/2006/r076-2006-nl1-2016-32	API error for R76/2006/r076-2006-nl1-2016-32: {"error" => {"code" => "1113", "message" => "Insufficient balance or no resource package. Please recharge."}}
2026-10-06 22:14:25 +0800	R76/2006/r076-2006-nl1-2016-34	API error for R76/2006/r076-2006-nl1-2016-34: {"error" => {"code" => "1113", "message" => "Insufficient balance or no resource package. Please recharge."}}
2026-10-06 22:14:25 +0800	R76/2006/r076-2006-nl1-2016-33	API error for R76/2006/r076-2006-nl1-2016-33: {"error" => {"code" => "1113", "message" => "Insufficient balance or no resource package. Please recharge."}}
2026-10-06 22:14:25 +0800	R76/2006/r076-2006-nl1-2016-35	API error for R76/2006/r076-2006-nl1-2016-35: {"error" => {"code" => "1113", "message" => "Insufficient balance or no resource package. Please recharge."}}
2026-10-06 22:14:25 +0800	R76/2006/r076-2006-nl1-2016-36	API error for R76/2006/r076-2006-nl1-2016-36: {"error" => {"code" => "1113", "message" => "Insufficient balance or no resource package. Please recharge."}}
2026-10-06 22:14:25 +0800	R76/2006/r076-2006-nl1-2016-37	API error for R76/2006/r076-2006-nl1-2016-37: {"error" => {"code" => "1113", "message" => "Insufficient balance or no resource package. Please recharge."}}
2026-10-06 22:14:25 +0800	R76/2006/r076-2006-nl1-2016-39	API error for R76/2006/r076-2006-nl1-2016-39: {"error" => {"code" => "1113", "message" => "Insufficient balance or no resource package. Please recharge."}}
2026-10-06 22:14:25 +0800	R76/2006/r076-2006-nl1-2016-38	API error for R76/2006/r076-2006-nl1-2016-38: {"error" => {"code" => "1113", "message" => "Insufficient balance or no resource package. Please recharge."}}
2026-10-06 22:14:25 +0800	R76/2006/r076-2006-nl1-2016-40	API error for R76/2006/r076-2006-nl1-2016-40: {"error" => {"code" => "1113", "message" => "Insufficient balance or no resource package. Please recharge."}}
2026-10-06 22:14:25 +0800	R76/2006/r076-2006-nl1-2016-41	API error for R76/2006/r076-2006-nl1-2016-41: {"error" => {"code" => "1113", "message" => "Insufficient balance or no resource package. Please recharge."}}
2026-10-06 22:14:25 +0800	R76/2006/r076-2006-nl1-2016-42	API error for R76/2006/r076-2006-nl1-2016-42: {"error" => {"code" => "1113", "message" => "Insufficient balance or no resource package. Please recharge."}}
2026-10-06 22:14:25 +0800	R76/2006/r076-2006-nl1-2016-43	API error for R76/2006/r076-2006-nl1-2016-43: {"error" => {"code" => "1113", "message" => "Insufficient balance or no resource package. Please recharge."}}
2026-10-06 22:14:25 +0800	R76/2006/r076-2006-nl1-2016-44	API error for R76/2006/r076-2006-nl1-2016-44: {"error" => {"code" => "1113", "message" => "Insufficient balance or no resource package. Please recharge."}}
2026-10-06 22:14:25 +0800	R76/2006/r076-2006-nl1-2016-45	API error for R76/2006/r076-2006-nl1-2016-45: {"error" => {"code" => "1113", "message" => "Insufficient balance or no resource package. Please recharge."}}
2026-10-06 22:14:25 +0800	R76/2006/r076-2006-nl1-2016-46-rev1	API error for R76/2006/r076-2006-nl1-2016-46-rev1: {"error" => {"code" => "1113", "message" => "Insufficient balance or no resource package. Please recharge."}}
2026-10-06 22:14:25 +0800	R76/2006/r076-2006-nl1-2016-46	API error for R76/2006/r076-2006-nl1-2016-46: {"error" => {"code" => "1113", "message" => "Insufficient balance or no resource package. Please recharge."}}
2026-10-06 22:14:25 +0800	R76/2006/r076-2006-nl1-2016-47	API error for R76/2006/r076-2006-nl1-2016-47: {"error" => {"code" => "1113", "message" => "Insufficient balance or no resource package. Please recharge."}}
2026-10-06 22:14:25 +0800	R76/2006/r076-2006-nl1-2016-48	API error for R76/2006/r076-2006-nl1-2016-48: {"error" => {"code" => "1113", "message" => "Insufficient balance or no resource package. Please recharge."}}
2026-10-06 22:14:25 +0800	R76/2006/r076-2006-nl1-2016-49	API error for R76/2006/r076-2006-nl1-2016-49: {"error" => {"code" => "1113", "message" => "Insufficient balance or no resource package. Please recharge."}}
2026-10-06 22:14:25 +0800	R76/2006/r076-2006-nl1-2016-52	API error for R76/2006/r076-2006-nl1-2016-52: {"error" => {"code" => "1113", "message" => "Insufficient balance or no resource package. Please recharge."}}
2026-10-06 22:14:25 +0800	R76/2006/r076-2006-nl1-2016-56	API error for R76/2006/r076-2006-nl1-2016-56: {"error" => {"code" => "1113", "message" => "Insufficient balance or no resource package. Please recharge."}}
2026-10-06 22:14:25 +0800	R76/2006/r076-2006-nl1-2016-55	API error for R76/2006/r076-2006-nl1-2016-55: {"error" => {"code" => "1113", "message" => "Insufficient balance or no resource package. Please recharge."}}
2026-10-06 22:14:25 +0800	R76/2006/r076-2006-nl1-2016-53	API error for R76/2006/r076-2006-nl1-2016-53: {"error" => {"code" => "1113", "message" => "Insufficient balance or no resource package. Please recharge."}}
2026-10-06 22:14:25 +0800	R76/2006/r076-2006-nl1-2016-57	API error for R76/2006/r076-2006-nl1-2016-57: {"error" => {"code" => "1113", "message" => "Insufficient balance or no resource package. Please recharge."}}
2026-10-06 22:14:25 +0800	R76/2006/r076-2006-nl1-2016-59	API error for R76/2006/r076-2006-nl1-2016-59: {"error" => {"code" => "1113", "message" => "Insufficient balance or no resource package. Please recharge."}}
2026-10-06 22:14:25 +0800	R76/2006/r076-2006-nl1-2016-58	API error for R76/2006/r076-2006-nl1-2016-58: {"error" => {"code" => "1113", "message" => "Insufficient balance or no resource package. Please recharge."}}
2026-10-06 22:14:25 +0800	R76/2006/r076-2006-nl1-2016-60	API error for R76/2006/r076-2006-nl1-2016-60: {"error" => {"code" => "1113", "message" => "Insufficient balance or no resource package. Please recharge."}}
2026-10-06 22:14:25 +0800	R76/2006/r076-2006-nl1-2016-61	API error for R76/2006/r076-2006-nl1-2016-61: {"error" => {"code" => "1113", "message" => "Insufficient balance or no resource package. Please recharge."}}
2026-10-06 22:14:25 +0800	R76/2006/r076-2006-nl1-2016-63-rev1	API error for R76/2006/r076-2006-nl1-2016-63-rev1: {"error" => {"code" => "1113", "message" => "Insufficient balance or no resource package. Please recharge."}}
2026-10-06 22:14:25 +0800	R76/2006/r076-2006-nl1-2016-64	API error for R76/2006/r076-2006-nl1-2016-64: {"error" => {"code" => "1113", "message" => "Insufficient balance or no resource package. Please recharge."}}
2026-10-06 22:14:25 +0800	R76/2006/r076-2006-nl1-2016-63	API error for R76/2006/r076-2006-nl1-2016-63: {"error" => {"code" => "1113", "message" => "Insufficient balance or no resource package. Please recharge."}}
2026-10-06 22:14:25 +0800	R76/2006/r076-2006-nl1-2017-01-rev1-annex1	API error for R76/2006/r076-2006-nl1-2017-01-rev1-annex1: {"error" => {"code" => "1113", "message" => "Insufficient balance or no resource package. Please recharge."}}
2026-10-06 22:14:25 +0800	R76/2006/r076-2006-nl1-2017-01	API error for R76/2006/r076-2006-nl1-2017-01: {"error" => {"code" => "1113", "message" => "Insufficient balance or no resource package. Please recharge."}}
2026-10-06 22:14:25 +0800	R76/2006/r076-2006-nl1-2017-02	API error for R76/2006/r076-2006-nl1-2017-02: {"error" => {"code" => "1113", "message" => "Insufficient balance or no resource package. Please recharge."}}
2026-10-06 22:14:25 +0800	R76/2006/r076-2006-nl1-2017-03	API error for R76/2006/r076-2006-nl1-2017-03: {"error" => {"code" => "1113", "message" => "Insufficient balance or no resource package. Please recharge."}}
2026-10-06 22:14:25 +0800	R76/2006/r076-2006-nl1-2017-06	API error for R76/2006/r076-2006-nl1-2017-06: {"error" => {"code" => "1113", "message" => "Insufficient balance or no resource package. Please recharge."}}
2026-10-06 22:14:25 +0800	R76/2006/r076-2006-nl1-2017-04-rev1	API error for R76/2006/r076-2006-nl1-2017-04-rev1: {"error" => {"code" => "1113", "message" => "Insufficient balance or no resource package. Please recharge."}}
2026-10-06 22:14:25 +0800	R76/2006/r076-2006-nl1-2017-04	API error for R76/2006/r076-2006-nl1-2017-04: {"error" => {"code" => "1113", "message" => "Insufficient balance or no resource package. Please recharge."}}
2026-10-06 22:14:25 +0800	R76/2006/r076-2006-nl1-2017-05	API error for R76/2006/r076-2006-nl1-2017-05: {"error" => {"code" => "1113", "message" => "Insufficient balance or no resource package. Please recharge."}}
2026-10-06 22:14:25 +0800	R76/2006/r076-2006-nl1-2017-07	API error for R76/2006/r076-2006-nl1-2017-07: {"error" => {"code" => "1113", "message" => "Insufficient balance or no resource package. Please recharge."}}
2026-10-06 22:14:25 +0800	R76/2006/r076-2006-nl1-2017-08-rev1	API error for R76/2006/r076-2006-nl1-2017-08-rev1: {"error" => {"code" => "1113", "message" => "Insufficient balance or no resource package. Please recharge."}}
2026-10-06 22:14:25 +0800	R76/2006/r076-2006-nl1-2017-08	API error for R76/2006/r076-2006-nl1-2017-08: {"error" => {"code" => "1113", "message" => "Insufficient balance or no resource package. Please recharge."}}
2026-10-06 22:14:25 +0800	R76/2006/r076-2006-nl1-2017-09-rev1	API error for R76/2006/r076-2006-nl1-2017-09-rev1: {"error" => {"code" => "1113", "message" => "Insufficient balance or no resource package. Please recharge."}}
2026-10-06 22:14:25 +0800	R76/2006/r076-2006-nl1-2017-09	API error for R76/2006/r076-2006-nl1-2017-09: {"error" => {"code" => "1113", "message" => "Insufficient balance or no resource package. Please recharge."}}
2026-10-06 22:14:25 +0800	R76/2006/r076-2006-nl1-2017-10	API error for R76/2006/r076-2006-nl1-2017-10: {"error" => {"code" => "1113", "message" => "Insufficient balance or no resource package. Please recharge."}}
2026-10-06 22:14:25 +0800	R76/2006/r076-2006-nl1-2017-15	API error for R76/2006/r076-2006-nl1-2017-15: {"error" => {"code" => "1113", "message" => "Insufficient balance or no resource package. Please recharge."}}
2026-10-06 22:14:25 +0800	R76/2006/r076-2006-nl1-2017-11	API error for R76/2006/r076-2006-nl1-2017-11: {"error" => {"code" => "1113", "message" => "Insufficient balance or no resource package. Please recharge."}}
2026-10-06 22:14:25 +0800	R76/2006/r076-2006-nl1-2017-13	API error for R76/2006/r076-2006-nl1-2017-13: {"error" => {"code" => "1113", "message" => "Insufficient balance or no resource package. Please recharge."}}
2026-10-06 22:14:25 +0800	R76/2006/r076-2006-nl1-2017-16	API error for R76/2006/r076-2006-nl1-2017-16: {"error" => {"code" => "1113", "message" => "Insufficient balance or no resource package. Please recharge."}}
2026-10-06 22:14:25 +0800	R76/2006/r076-2006-nl1-2017-17-rev1	API error for R76/2006/r076-2006-nl1-2017-17-rev1: {"error" => {"code" => "1113", "message" => "Insufficient balance or no resource package. Please recharge."}}
2026-10-06 22:14:25 +0800	R76/2006/r076-2006-nl1-2017-17	API error for R76/2006/r076-2006-nl1-2017-17: {"error" => {"code" => "1113", "message" => "Insufficient balance or no resource package. Please recharge."}}
2026-10-06 22:14:25 +0800	R76/2006/r076-2006-nl1-2017-20	API error for R76/2006/r076-2006-nl1-2017-20: {"error" => {"code" => "1113", "message" => "Insufficient balance or no resource package. Please recharge."}}
2026-10-06 22:14:25 +0800	R76/2006/r076-2006-nl1-2017-18	API error for R76/2006/r076-2006-nl1-2017-18: {"error" => {"code" => "1113", "message" => "Insufficient balance or no resource package. Please recharge."}}
2026-10-06 22:14:25 +0800	R76/2006/r076-2006-nl1-2017-19	API error for R76/2006/r076-2006-nl1-2017-19: {"error" => {"code" => "1113", "message" => "Insufficient balance or no resource package. Please recharge."}}
2026-10-06 22:14:25 +0800	R76/2006/r076-2006-nl1-2017-21	API error for R76/2006/r076-2006-nl1-2017-21: {"error" => {"code" => "1113", "message" => "Insufficient balance or no resource package. Please recharge."}}
2026-10-06 22:14:25 +0800	R76/2006/r076-2006-nl1-2017-22	API error for R76/2006/r076-2006-nl1-2017-22: {"error" => {"code" => "1113", "message" => "Insufficient balance or no resource package. Please recharge."}}
2026-10-06 22:14:25 +0800	R76/2006/r076-2006-nl1-2017-25	API error for R76/2006/r076-2006-nl1-2017-25: {"error" => {"code" => "1113", "message" => "Insufficient balance or no resource package. Please recharge."}}
2026-10-06 22:14:25 +0800	R76/2006/r076-2006-nl1-2017-24	API error for R76/2006/r076-2006-nl1-2017-24: {"error" => {"code" => "1113", "message" => "Insufficient balance or no resource package. Please recharge."}}
2026-10-06 22:14:25 +0800	R76/2006/r076-2006-nl1-2017-23	API error for R76/2006/r076-2006-nl1-2017-23: {"error" => {"code" => "1113", "message" => "Insufficient balance or no resource package. Please recharge."}}
2026-10-06 22:14:25 +0800	R76/2006/r076-2006-nl1-2017-26	API error for R76/2006/r076-2006-nl1-2017-26: {"error" => {"code" => "1113", "message" => "Insufficient balance or no resource package. Please recharge."}}
2026-10-06 22:14:25 +0800	R76/2006/r076-2006-nl1-2017-27	API error for R76/2006/r076-2006-nl1-2017-27: {"error" => {"code" => "1113", "message" => "Insufficient balance or no resource package. Please recharge."}}
2026-10-06 22:14:25 +0800	R76/2006/r076-2006-nl1-2017-28-rev1	API error for R76/2006/r076-2006-nl1-2017-28-rev1: {"error" => {"code" => "1113", "message" => "Insufficient balance or no resource package. Please recharge."}}
2026-10-06 22:14:25 +0800	R76/2006/r076-2006-nl1-2017-30	API error for R76/2006/r076-2006-nl1-2017-30: {"error" => {"code" => "1113", "message" => "Insufficient balance or no resource package. Please recharge."}}
2026-10-06 22:14:25 +0800	R76/2006/r076-2006-nl1-2017-29	API error for R76/2006/r076-2006-nl1-2017-29: {"error" => {"code" => "1113", "message" => "Insufficient balance or no resource package. Please recharge."}}
2026-10-06 22:14:25 +0800	R76/2006/r076-2006-nl1-2017-32	API error for R76/2006/r076-2006-nl1-2017-32: {"error" => {"code" => "1113", "message" => "Insufficient balance or no resource package. Please recharge."}}
2026-10-06 22:14:25 +0800	R76/2006/r076-2006-nl1-2017-33-annex1	API error for R76/2006/r076-2006-nl1-2017-33-annex1: {"error" => {"code" => "1113", "message" => "Insufficient balance or no resource package. Please recharge."}}
2026-10-06 22:14:25 +0800	R76/2006/r076-2006-nl1-2017-33	API error for R76/2006/r076-2006-nl1-2017-33: {"error" => {"code" => "1113", "message" => "Insufficient balance or no resource package. Please recharge."}}
2026-10-06 22:14:25 +0800	R76/2006/r076-2006-nl1-2017-34	API error for R76/2006/r076-2006-nl1-2017-34: {"error" => {"code" => "1113", "message" => "Insufficient balance or no resource package. Please recharge."}}
2026-10-06 22:14:25 +0800	R76/2006/r076-2006-nl1-2017-35	API error for R76/2006/r076-2006-nl1-2017-35: {"error" => {"code" => "1113", "message" => "Insufficient balance or no resource package. Please recharge."}}
2026-10-06 22:14:25 +0800	R76/2006/r076-2006-nl1-2017-36	API error for R76/2006/r076-2006-nl1-2017-36: {"error" => {"code" => "1113", "message" => "Insufficient balance or no resource package. Please recharge."}}
2026-10-06 22:14:25 +0800	R76/2006/r076-2006-nl1-2017-37	API error for R76/2006/r076-2006-nl1-2017-37: {"error" => {"code" => "1113", "message" => "Insufficient balance or no resource package. Please recharge."}}
2026-10-06 22:14:25 +0800	R76/2006/r076-2006-nl1-2017-38	API error for R76/2006/r076-2006-nl1-2017-38: {"error" => {"code" => "1113", "message" => "Insufficient balance or no resource package. Please recharge."}}
2026-10-06 22:14:25 +0800	R76/2006/r076-2006-nl1-2017-40	API error for R76/2006/r076-2006-nl1-2017-40: {"error" => {"code" => "1113", "message" => "Insufficient balance or no resource package. Please recharge."}}
2026-10-06 22:14:25 +0800	R76/2006/r076-2006-nl1-2017-39	API error for R76/2006/r076-2006-nl1-2017-39: {"error" => {"code" => "1113", "message" => "Insufficient balance or no resource package. Please recharge."}}
2026-10-06 22:14:25 +0800	R76/2006/r076-2006-nl1-2017-41	API error for R76/2006/r076-2006-nl1-2017-41: {"error" => {"code" => "1113", "message" => "Insufficient balance or no resource package. Please recharge."}}
2026-10-06 22:14:25 +0800	R76/2006/r076-2006-nl1-2017-42-rev1	API error for R76/2006/r076-2006-nl1-2017-42-rev1: {"error" => {"code" => "1113", "message" => "Insufficient balance or no resource package. Please recharge."}}
2026-10-06 22:14:25 +0800	R76/2006/r076-2006-nl1-2017-42	API error for R76/2006/r076-2006-nl1-2017-42: {"error" => {"code" => "1113", "message" => "Insufficient balance or no resource package. Please recharge."}}
2026-10-06 22:14:25 +0800	R76/2006/r076-2006-nl1-2017-43	API error for R76/2006/r076-2006-nl1-2017-43: {"error" => {"code" => "1113", "message" => "Insufficient balance or no resource package. Please recharge."}}
2026-10-06 22:14:25 +0800	R76/2006/r076-2006-nl1-2017-44	API error for R76/2006/r076-2006-nl1-2017-44: {"error" => {"code" => "1113", "message" => "Insufficient balance or no resource package. Please recharge."}}
2026-10-06 22:14:25 +0800	R76/2006/r076-2006-nl1-2017-45	API error for R76/2006/r076-2006-nl1-2017-45: {"error" => {"code" => "1113", "message" => "Insufficient balance or no resource package. Please recharge."}}
2026-10-06 22:14:25 +0800	R76/2006/r076-2006-nl1-2017-48	API error for R76/2006/r076-2006-nl1-2017-48: {"error" => {"code" => "1113", "message" => "Insufficient balance or no resource package. Please recharge."}}
2026-10-06 22:14:25 +0800	R76/2006/r076-2006-nl1-2017-46	API error for R76/2006/r076-2006-nl1-2017-46: {"error" => {"code" => "1113", "message" => "Insufficient balance or no resource package. Please recharge."}}
2026-10-06 22:14:25 +0800	R76/2006/r076-2006-nl1-2017-49	API error for R76/2006/r076-2006-nl1-2017-49: {"error" => {"code" => "1113", "message" => "Insufficient balance or no resource package. Please recharge."}}
2026-10-06 22:14:25 +0800	R76/2006/r076-2006-nl1-2017-50	API error for R76/2006/r076-2006-nl1-2017-50: {"error" => {"code" => "1113", "message" => "Insufficient balance or no resource package. Please recharge."}}
2026-10-06 22:14:25 +0800	R76/2006/r076-2006-nl1-2017-52	API error for R76/2006/r076-2006-nl1-2017-52: {"error" => {"code" => "1113", "message" => "Insufficient balance or no resource package. Please recharge."}}
2026-10-06 22:14:25 +0800	R76/2006/r076-2006-nl1-2017-51	API error for R76/2006/r076-2006-nl1-2017-51: {"error" => {"code" => "1113", "message" => "Insufficient balance or no resource package. Please recharge."}}
2026-10-06 22:14:25 +0800	R76/2006/r076-2006-nl1-2017-53	API error for R76/2006/r076-2006-nl1-2017-53: {"error" => {"code" => "1113", "message" => "Insufficient balance or no resource package. Please recharge."}}
2026-10-06 22:14:25 +0800	R76/2006/r076-2006-nl1-2017-55	API error for R76/2006/r076-2006-nl1-2017-55: {"error" => {"code" => "1113", "message" => "Insufficient balance or no resource package. Please recharge."}}
2026-10-06 22:14:25 +0800	R76/2006/r076-2006-nl1-2017-54	API error for R76/2006/r076-2006-nl1-2017-54: {"error" => {"code" => "1113", "message" => "Insufficient balance or no resource package. Please recharge."}}
2026-10-06 22:14:25 +0800	R76/2006/r076-2006-nl1-2017-56	API error for R76/2006/r076-2006-nl1-2017-56: {"error" => {"code" => "1113", "message" => "Insufficient balance or no resource package. Please recharge."}}
2026-10-06 22:14:25 +0800	R76/2006/r076-2006-nl1-2017-57	API error for R76/2006/r076-2006-nl1-2017-57: {"error" => {"code" => "1113", "message" => "Insufficient balance or no resource package. Please recharge."}}
2026-10-06 22:14:25 +0800	R76/2006/r076-2006-nl1-2017-58	API error for R76/2006/r076-2006-nl1-2017-58: {"error" => {"code" => "1113", "message" => "Insufficient balance or no resource package. Please recharge."}}
2026-10-06 22:14:25 +0800	R76/2006/r076-2006-nl1-2017-59	API error for R76/2006/r076-2006-nl1-2017-59: {"error" => {"code" => "1113", "message" => "Insufficient balance or no resource package. Please recharge."}}
2026-10-06 22:14:25 +0800	R76/2006/r076-2006-nl1-2017-61	API error for R76/2006/r076-2006-nl1-2017-61: {"error" => {"code" => "1113", "message" => "Insufficient balance or no resource package. Please recharge."}}
2026-10-06 22:14:25 +0800	R76/2006/r076-2006-nl1-2017-62	API error for R76/2006/r076-2006-nl1-2017-62: {"error" => {"code" => "1113", "message" => "Insufficient balance or no resource package. Please recharge."}}
2026-10-06 22:14:25 +0800	R76/2006/r076-2006-nl1-2017-63	API error for R76/2006/r076-2006-nl1-2017-63: {"error" => {"code" => "1113", "message" => "Insufficient balance or no resource package. Please recharge."}}
2026-10-06 22:14:25 +0800	R76/2006/r076-2006-nl1-2017-64	API error for R76/2006/r076-2006-nl1-2017-64: {"error" => {"code" => "1113", "message" => "Insufficient balance or no resource package. Please recharge."}}
2026-10-06 22:14:25 +0800	R76/2006/r076-2006-nl1-2017-66	API error for R76/2006/r076-2006-nl1-2017-66: {"error" => {"code" => "1113", "message" => "Insufficient balance or no resource package. Please recharge."}}
2026-10-06 22:14:25 +0800	R76/2006/r076-2006-nl1-2017-67-annex1	API error for R76/2006/r076-2006-nl1-2017-67-annex1: {"error" => {"code" => "1113", "message" => "Insufficient balance or no resource package. Please recharge."}}
2026-10-06 22:14:25 +0800	R76/2006/r076-2006-nl1-2017-67	API error for R76/2006/r076-2006-nl1-2017-67: {"error" => {"code" => "1113", "message" => "Insufficient balance or no resource package. Please recharge."}}
2026-10-06 22:14:25 +0800	R76/2006/r076-2006-nl1-2017-68	API error for R76/2006/r076-2006-nl1-2017-68: {"error" => {"code" => "1113", "message" => "Insufficient balance or no resource package. Please recharge."}}
2026-10-06 22:14:25 +0800	R76/2006/r076-2006-nl1-2018-01-rev2	API error for R76/2006/r076-2006-nl1-2018-01-rev2: {"error" => {"code" => "1113", "message" => "Insufficient balance or no resource package. Please recharge."}}
2026-10-06 22:14:25 +0800	R76/2006/r076-2006-nl1-2018-01-rev1	API error for R76/2006/r076-2006-nl1-2018-01-rev1: {"error" => {"code" => "1113", "message" => "Insufficient balance or no resource package. Please recharge."}}
2026-10-06 22:14:25 +0800	R76/2006/r076-2006-nl1-2018-02	API error for R76/2006/r076-2006-nl1-2018-02: {"error" => {"code" => "1113", "message" => "Insufficient balance or no resource package. Please recharge."}}
2026-10-06 22:14:25 +0800	R76/2006/r076-2006-nl1-2018-03	API error for R76/2006/r076-2006-nl1-2018-03: {"error" => {"code" => "1113", "message" => "Insufficient balance or no resource package. Please recharge."}}
2026-10-06 22:14:25 +0800	R76/2006/r076-2006-nl1-2018-04	API error for R76/2006/r076-2006-nl1-2018-04: {"error" => {"code" => "1113", "message" => "Insufficient balance or no resource package. Please recharge."}}
2026-10-06 22:14:25 +0800	R76/2006/r076-2006-nl1-2018-05	API error for R76/2006/r076-2006-nl1-2018-05: {"error" => {"code" => "1113", "message" => "Insufficient balance or no resource package. Please recharge."}}
2026-10-06 22:14:25 +0800	R76/2006/r076-2006-nl1-2018-06	API error for R76/2006/r076-2006-nl1-2018-06: {"error" => {"code" => "1113", "message" => "Insufficient balance or no resource package. Please recharge."}}
2026-10-06 22:14:25 +0800	R76/2006/r076-2006-nl1-2018-07	API error for R76/2006/r076-2006-nl1-2018-07: {"error" => {"code" => "1113", "message" => "Insufficient balance or no resource package. Please recharge."}}
2026-10-06 22:14:25 +0800	R76/2006/r076-2006-nl1-2018-08	API error for R76/2006/r076-2006-nl1-2018-08: {"error" => {"code" => "1113", "message" => "Insufficient balance or no resource package. Please recharge."}}
2026-10-06 22:14:25 +0800	R76/2006/r076-2006-nl1-2018-09	API error for R76/2006/r076-2006-nl1-2018-09: {"error" => {"code" => "1113", "message" => "Insufficient balance or no resource package. Please recharge."}}
2026-10-06 22:14:25 +0800	R76/2006/r076-2006-nl1-2018-12-rev1	API error for R76/2006/r076-2006-nl1-2018-12-rev1: {"error" => {"code" => "1113", "message" => "Insufficient balance or no resource package. Please recharge."}}
2026-10-06 22:14:25 +0800	R76/2006/r076-2006-nl1-2018-12	API error for R76/2006/r076-2006-nl1-2018-12: {"error" => {"code" => "1113", "message" => "Insufficient balance or no resource package. Please recharge."}}
2026-10-06 22:14:25 +0800	R76/2006/r076-2006-nl1-2018-10	API error for R76/2006/r076-2006-nl1-2018-10: {"error" => {"code" => "1113", "message" => "Insufficient balance or no resource package. Please recharge."}}
2026-10-06 22:14:25 +0800	R76/2006/r076-2006-nl1-2018-13	API error for R76/2006/r076-2006-nl1-2018-13: {"error" => {"code" => "1113", "message" => "Insufficient balance or no resource package. Please recharge."}}
2026-10-06 22:14:25 +0800	R76/2006/r076-2006-nl1-2018-14	API error for R76/2006/r076-2006-nl1-2018-14: {"error" => {"code" => "1113", "message" => "Insufficient balance or no resource package. Please recharge."}}
2026-10-06 22:14:25 +0800	R76/2006/r076-2006-nl1-2018-17-rev1	API error for R76/2006/r076-2006-nl1-2018-17-rev1: {"error" => {"code" => "1113", "message" => "Insufficient balance or no resource package. Please recharge."}}
2026-10-06 22:14:25 +0800	R76/2006/r076-2006-nl1-2018-16	API error for R76/2006/r076-2006-nl1-2018-16: {"error" => {"code" => "1113", "message" => "Insufficient balance or no resource package. Please recharge."}}
2026-10-06 22:14:25 +0800	R76/2006/r076-2006-nl1-2018-17	API error for R76/2006/r076-2006-nl1-2018-17: {"error" => {"code" => "1113", "message" => "Insufficient balance or no resource package. Please recharge."}}
2026-10-06 22:14:25 +0800	R76/2006/r076-2006-nl1-2018-18	API error for R76/2006/r076-2006-nl1-2018-18: {"error" => {"code" => "1113", "message" => "Insufficient balance or no resource package. Please recharge."}}
2026-10-06 22:14:25 +0800	R76/2006/r076-2006-nl1-2018-19	API error for R76/2006/r076-2006-nl1-2018-19: {"error" => {"code" => "1113", "message" => "Insufficient balance or no resource package. Please recharge."}}
2026-10-06 22:14:25 +0800	R76/2006/r076-2006-nl1-2018-21	API error for R76/2006/r076-2006-nl1-2018-21: {"error" => {"code" => "1113", "message" => "Insufficient balance or no resource package. Please recharge."}}
2026-10-06 22:14:25 +0800	R76/2006/r076-2006-nl1-2018-23	API error for R76/2006/r076-2006-nl1-2018-23: {"error" => {"code" => "1113", "message" => "Insufficient balance or no resource package. Please recharge."}}
2026-10-06 22:14:25 +0800	R76/2006/r076-2006-nl1-2018-24-rev1	API error for R76/2006/r076-2006-nl1-2018-24-rev1: {"error" => {"code" => "1113", "message" => "Insufficient balance or no resource package. Please recharge."}}
2026-10-06 22:14:25 +0800	R76/2006/r076-2006-nl1-2018-24	API error for R76/2006/r076-2006-nl1-2018-24: {"error" => {"code" => "1113", "message" => "Insufficient balance or no resource package. Please recharge."}}
2026-10-06 22:14:25 +0800	R76/2006/r076-2006-nl1-2018-25	API error for R76/2006/r076-2006-nl1-2018-25: {"error" => {"code" => "1113", "message" => "Insufficient balance or no resource package. Please recharge."}}
2026-10-06 22:14:25 +0800	R76/2006/r076-2006-nl1-2018-27	API error for R76/2006/r076-2006-nl1-2018-27: {"error" => {"code" => "1113", "message" => "Insufficient balance or no resource package. Please recharge."}}
2026-10-06 22:14:25 +0800	R76/2006/r076-2006-nl1-2018-26	API error for R76/2006/r076-2006-nl1-2018-26: {"error" => {"code" => "1113", "message" => "Insufficient balance or no resource package. Please recharge."}}
2026-10-06 22:14:25 +0800	R76/2006/r076-2006-nl1-2018-28	API error for R76/2006/r076-2006-nl1-2018-28: {"error" => {"code" => "1113", "message" => "Insufficient balance or no resource package. Please recharge."}}
2026-10-06 22:14:25 +0800	R76/2006/r076-2006-nl1-2018-29	API error for R76/2006/r076-2006-nl1-2018-29: {"error" => {"code" => "1113", "message" => "Insufficient balance or no resource package. Please recharge."}}
2026-10-06 22:14:25 +0800	R76/2006/r076-2006-nl1-2018-31	API error for R76/2006/r076-2006-nl1-2018-31: {"error" => {"code" => "1113", "message" => "Insufficient balance or no resource package. Please recharge."}}
2026-10-06 22:14:25 +0800	R76/2006/r076-2006-nl1-2018-31-rev1	API error for R76/2006/r076-2006-nl1-2018-31-rev1: {"error" => {"code" => "1113", "message" => "Insufficient balance or no resource package. Please recharge."}}
2026-10-06 22:14:25 +0800	R76/2006/r076-2006-nl1-2018-30	API error for R76/2006/r076-2006-nl1-2018-30: {"error" => {"code" => "1113", "message" => "Insufficient balance or no resource package. Please recharge."}}
2026-10-06 22:14:25 +0800	R76/2006/r076-2006-nl1-2018-32	API error for R76/2006/r076-2006-nl1-2018-32: {"error" => {"code" => "1113", "message" => "Insufficient balance or no resource package. Please recharge."}}
2026-10-06 22:14:25 +0800	R76/2006/r076-2006-nl1-2018-34	API error for R76/2006/r076-2006-nl1-2018-34: {"error" => {"code" => "1113", "message" => "Insufficient balance or no resource package. Please recharge."}}
2026-10-06 22:14:25 +0800	R76/2006/r076-2006-nl1-2018-38	API error for R76/2006/r076-2006-nl1-2018-38: {"error" => {"code" => "1113", "message" => "Insufficient balance or no resource package. Please recharge."}}
2026-10-06 22:14:25 +0800	R76/2006/r076-2006-nl1-2018-36	API error for R76/2006/r076-2006-nl1-2018-36: {"error" => {"code" => "1113", "message" => "Insufficient balance or no resource package. Please recharge."}}
2026-10-06 22:14:25 +0800	R76/2006/r076-2006-nl1-2018-40	API error for R76/2006/r076-2006-nl1-2018-40: {"error" => {"code" => "1113", "message" => "Insufficient balance or no resource package. Please recharge."}}
2026-10-06 22:14:25 +0800	R76/2006/r076-2006-nl1-2018-37	API error for R76/2006/r076-2006-nl1-2018-37: {"error" => {"code" => "1113", "message" => "Insufficient balance or no resource package. Please recharge."}}
2026-10-06 22:14:25 +0800	R76/2006/r076-2006-nl1-2018-41-rev1	API error for R76/2006/r076-2006-nl1-2018-41-rev1: {"error" => {"code" => "1113", "message" => "Insufficient balance or no resource package. Please recharge."}}
2026-10-06 22:14:25 +0800	R76/2006/r076-2006-nl1-2018-41	API error for R76/2006/r076-2006-nl1-2018-41: {"error" => {"code" => "1113", "message" => "Insufficient balance or no resource package. Please recharge."}}
2026-10-06 22:14:25 +0800	R76/2006/r076-2006-nl1-2018-45	API error for R76/2006/r076-2006-nl1-2018-45: {"error" => {"code" => "1113", "message" => "Insufficient balance or no resource package. Please recharge."}}
2026-10-06 22:14:25 +0800	R76/2006/r076-2006-nl1-2018-46	API error for R76/2006/r076-2006-nl1-2018-46: {"error" => {"code" => "1113", "message" => "Insufficient balance or no resource package. Please recharge."}}
2026-10-06 22:14:25 +0800	R76/2006/r076-2006-nl1-2018-42	API error for R76/2006/r076-2006-nl1-2018-42: {"error" => {"code" => "1113", "message" => "Insufficient balance or no resource package. Please recharge."}}
2026-10-06 22:14:25 +0800	R76/2006/r076-2006-nl1-2018-47	API error for R76/2006/r076-2006-nl1-2018-47: {"error" => {"code" => "1113", "message" => "Insufficient balance or no resource package. Please recharge."}}
2026-10-06 22:14:25 +0800	R76/2006/r076-2006-nl1-2018-48	API error for R76/2006/r076-2006-nl1-2018-48: {"error" => {"code" => "1113", "message" => "Insufficient balance or no resource package. Please recharge."}}
2026-10-06 22:14:25 +0800	R76/2006/r076-2006-nl1-2018-48-rev1	API error for R76/2006/r076-2006-nl1-2018-48-rev1: {"error" => {"code" => "1113", "message" => "Insufficient balance or no resource package. Please recharge."}}
2026-10-06 22:14:25 +0800	R76/2006/r076-2006-nl1-2018-49	API error for R76/2006/r076-2006-nl1-2018-49: {"error" => {"code" => "1113", "message" => "Insufficient balance or no resource package. Please recharge."}}
2026-10-06 22:14:25 +0800	R76/2006/r076-2006-nl1-2018-50	API error for R76/2006/r076-2006-nl1-2018-50: {"error" => {"code" => "1113", "message" => "Insufficient balance or no resource package. Please recharge."}}
2026-10-06 22:14:25 +0800	R76/2006/r076-2006-nl1-2018-51-rev1	API error for R76/2006/r076-2006-nl1-2018-51-rev1: {"error" => {"code" => "1113", "message" => "Insufficient balance or no resource package. Please recharge."}}
2026-10-06 22:14:25 +0800	R76/2006/r076-2006-nl1-2018-51	API error for R76/2006/r076-2006-nl1-2018-51: {"error" => {"code" => "1113", "message" => "Insufficient balance or no resource package. Please recharge."}}
2026-10-06 22:14:25 +0800	R76/2006/r076-2006-nl1-2019-04	API error for R76/2006/r076-2006-nl1-2019-04: {"error" => {"code" => "1113", "message" => "Insufficient balance or no resource package. Please recharge."}}
2026-10-06 22:14:25 +0800	R76/2006/r076-2006-nl1-2019-02	API error for R76/2006/r076-2006-nl1-2019-02: {"error" => {"code" => "1113", "message" => "Insufficient balance or no resource package. Please recharge."}}
2026-10-06 22:14:25 +0800	R76/2006/r076-2006-nl1-2019-03	API error for R76/2006/r076-2006-nl1-2019-03: {"error" => {"code" => "1113", "message" => "Insufficient balance or no resource package. Please recharge."}}
2026-10-06 22:14:25 +0800	R76/2006/r076-2006-nl1-2019-05	API error for R76/2006/r076-2006-nl1-2019-05: {"error" => {"code" => "1113", "message" => "Insufficient balance or no resource package. Please recharge."}}
2026-10-06 22:14:25 +0800	R76/2006/r076-2006-nl1-2019-06	API error for R76/2006/r076-2006-nl1-2019-06: {"error" => {"code" => "1113", "message" => "Insufficient balance or no resource package. Please recharge."}}
2026-10-06 22:14:25 +0800	R76/2006/r076-2006-nl1-2019-08	API error for R76/2006/r076-2006-nl1-2019-08: {"error" => {"code" => "1113", "message" => "Insufficient balance or no resource package. Please recharge."}}
2026-10-06 22:14:25 +0800	R76/2006/r076-2006-nl1-2019-07	API error for R76/2006/r076-2006-nl1-2019-07: {"error" => {"code" => "1113", "message" => "Insufficient balance or no resource package. Please recharge."}}
2026-10-06 22:14:25 +0800	R76/2006/r076-2006-nl1-2019-09	API error for R76/2006/r076-2006-nl1-2019-09: {"error" => {"code" => "1113", "message" => "Insufficient balance or no resource package. Please recharge."}}
2026-10-06 22:14:25 +0800	R76/2006/r076-2006-nl1-2019-12-rev1	API error for R76/2006/r076-2006-nl1-2019-12-rev1: {"error" => {"code" => "1113", "message" => "Insufficient balance or no resource package. Please recharge."}}
2026-10-06 22:14:25 +0800	R76/2006/r076-2006-nl1-2019-12	API error for R76/2006/r076-2006-nl1-2019-12: {"error" => {"code" => "1113", "message" => "Insufficient balance or no resource package. Please recharge."}}
2026-10-06 22:14:25 +0800	R76/2006/r076-2006-nl1-2019-13	API error for R76/2006/r076-2006-nl1-2019-13: {"error" => {"code" => "1113", "message" => "Insufficient balance or no resource package. Please recharge."}}
2026-10-06 22:14:25 +0800	R76/2006/r076-2006-nl1-2019-14	API error for R76/2006/r076-2006-nl1-2019-14: {"error" => {"code" => "1113", "message" => "Insufficient balance or no resource package. Please recharge."}}
2026-10-06 22:14:25 +0800	R76/2006/r076-2006-nl1-2019-15	API error for R76/2006/r076-2006-nl1-2019-15: {"error" => {"code" => "1113", "message" => "Insufficient balance or no resource package. Please recharge."}}
2026-10-06 22:14:25 +0800	R76/2006/r076-2006-nl1-2019-16	API error for R76/2006/r076-2006-nl1-2019-16: {"error" => {"code" => "1113", "message" => "Insufficient balance or no resource package. Please recharge."}}
2026-10-06 22:14:25 +0800	R76/2006/r076-2006-nl1-2019-17-rev1	API error for R76/2006/r076-2006-nl1-2019-17-rev1: {"error" => {"code" => "1113", "message" => "Insufficient balance or no resource package. Please recharge."}}
2026-10-06 22:14:25 +0800	R76/2006/r076-2006-nl1-2019-17	API error for R76/2006/r076-2006-nl1-2019-17: {"error" => {"code" => "1113", "message" => "Insufficient balance or no resource package. Please recharge."}}
2026-10-06 22:14:25 +0800	R76/2006/r076-2006-nl1-2019-18	API error for R76/2006/r076-2006-nl1-2019-18: {"error" => {"code" => "1113", "message" => "Insufficient balance or no resource package. Please recharge."}}
2026-10-06 22:14:25 +0800	R76/2006/r076-2006-nl1-2019-19	API error for R76/2006/r076-2006-nl1-2019-19: {"error" => {"code" => "1113", "message" => "Insufficient balance or no resource package. Please recharge."}}
2026-10-06 22:14:25 +0800	R76/2006/r076-2006-nl1-2019-21	API error for R76/2006/r076-2006-nl1-2019-21: {"error" => {"code" => "1113", "message" => "Insufficient balance or no resource package. Please recharge."}}
2026-10-06 22:14:25 +0800	R76/2006/r076-2006-nl1-2019-22	API error for R76/2006/r076-2006-nl1-2019-22: {"error" => {"code" => "1113", "message" => "Insufficient balance or no resource package. Please recharge."}}
2026-10-06 22:14:25 +0800	R76/2006/r076-2006-nl1-2019-24	API error for R76/2006/r076-2006-nl1-2019-24: {"error" => {"code" => "1113", "message" => "Insufficient balance or no resource package. Please recharge."}}
2026-10-06 22:14:25 +0800	R76/2006/r076-2006-nl1-2019-23	API error for R76/2006/r076-2006-nl1-2019-23: {"error" => {"code" => "1113", "message" => "Insufficient balance or no resource package. Please recharge."}}
2026-10-06 22:14:25 +0800	R76/2006/r076-2006-nl1-2019-25	API error for R76/2006/r076-2006-nl1-2019-25: {"error" => {"code" => "1113", "message" => "Insufficient balance or no resource package. Please recharge."}}
2026-10-06 22:14:25 +0800	R76/2006/r076-2006-nl1-2019-26	API error for R76/2006/r076-2006-nl1-2019-26: {"error" => {"code" => "1113", "message" => "Insufficient balance or no resource package. Please recharge."}}
2026-10-06 22:14:25 +0800	R76/2006/r076-2006-nl1-2019-28	API error for R76/2006/r076-2006-nl1-2019-28: {"error" => {"code" => "1113", "message" => "Insufficient balance or no resource package. Please recharge."}}
2026-10-06 22:14:25 +0800	R76/2006/r076-2006-nl1-2019-29-rev1	API error for R76/2006/r076-2006-nl1-2019-29-rev1: {"error" => {"code" => "1113", "message" => "Insufficient balance or no resource package. Please recharge."}}
2026-10-06 22:14:25 +0800	R76/2006/r076-2006-nl1-2019-28-rev1	API error for R76/2006/r076-2006-nl1-2019-28-rev1: {"error" => {"code" => "1113", "message" => "Insufficient balance or no resource package. Please recharge."}}
2026-10-06 22:14:25 +0800	R76/2006/r076-2006-nl1-2019-29	API error for R76/2006/r076-2006-nl1-2019-29: {"error" => {"code" => "1113", "message" => "Insufficient balance or no resource package. Please recharge."}}
2026-10-06 22:14:25 +0800	R76/2006/r076-2006-nl1-2019-30	API error for R76/2006/r076-2006-nl1-2019-30: {"error" => {"code" => "1113", "message" => "Insufficient balance or no resource package. Please recharge."}}
2026-10-06 22:14:25 +0800	R76/2006/r076-2006-nl1-2019-32	API error for R76/2006/r076-2006-nl1-2019-32: {"error" => {"code" => "1113", "message" => "Insufficient balance or no resource package. Please recharge."}}
2026-10-06 22:14:25 +0800	R76/2006/r076-2006-nl1-2019-34	API error for R76/2006/r076-2006-nl1-2019-34: {"error" => {"code" => "1113", "message" => "Insufficient balance or no resource package. Please recharge."}}
2026-10-06 22:14:25 +0800	R76/2006/r076-2006-nl1-2019-35	API error for R76/2006/r076-2006-nl1-2019-35: {"error" => {"code" => "1113", "message" => "Insufficient balance or no resource package. Please recharge."}}
2026-10-06 22:14:25 +0800	R76/2006/r076-2006-nl1-2019-36-rev1	API error for R76/2006/r076-2006-nl1-2019-36-rev1: {"error" => {"code" => "1113", "message" => "Insufficient balance or no resource package. Please recharge."}}
2026-10-06 22:14:25 +0800	R76/2006/r076-2006-nl1-2019-36	API error for R76/2006/r076-2006-nl1-2019-36: {"error" => {"code" => "1113", "message" => "Insufficient balance or no resource package. Please recharge."}}
2026-10-06 22:14:25 +0800	R76/2006/r076-2006-nl1-2019-37	API error for R76/2006/r076-2006-nl1-2019-37: {"error" => {"code" => "1113", "message" => "Insufficient balance or no resource package. Please recharge."}}
2026-10-06 22:14:25 +0800	R76/2006/r076-2006-nl1-2019-38-rev1	API error for R76/2006/r076-2006-nl1-2019-38-rev1: {"error" => {"code" => "1113", "message" => "Insufficient balance or no resource package. Please recharge."}}
2026-10-06 22:14:25 +0800	R76/2006/r076-2006-nl1-2019-37-rev1	API error for R76/2006/r076-2006-nl1-2019-37-rev1: {"error" => {"code" => "1113", "message" => "Insufficient balance or no resource package. Please recharge."}}
2026-10-06 22:14:25 +0800	R76/2006/r076-2006-nl1-2019-38	API error for R76/2006/r076-2006-nl1-2019-38: {"error" => {"code" => "1113", "message" => "Insufficient balance or no resource package. Please recharge."}}
2026-10-06 22:14:25 +0800	R76/2006/r076-2006-nl1-2019-38-rev2	API error for R76/2006/r076-2006-nl1-2019-38-rev2: {"error" => {"code" => "1113", "message" => "Insufficient balance or no resource package. Please recharge."}}
2026-10-06 22:14:25 +0800	R76/2006/r076-2006-nl1-2019-42	API error for R76/2006/r076-2006-nl1-2019-42: {"error" => {"code" => "1113", "message" => "Insufficient balance or no resource package. Please recharge."}}
2026-10-06 22:14:25 +0800	R76/2006/r076-2006-nl1-2019-41	API error for R76/2006/r076-2006-nl1-2019-41: {"error" => {"code" => "1113", "message" => "Insufficient balance or no resource package. Please recharge."}}
2026-10-06 22:14:25 +0800	R76/2006/r076-2006-nl1-2019-43	API error for R76/2006/r076-2006-nl1-2019-43: {"error" => {"code" => "1113", "message" => "Insufficient balance or no resource package. Please recharge."}}
2026-10-06 22:14:25 +0800	R76/2006/r076-2006-nl1-2019-45	API error for R76/2006/r076-2006-nl1-2019-45: {"error" => {"code" => "1113", "message" => "Insufficient balance or no resource package. Please recharge."}}
2026-10-06 22:14:25 +0800	R76/2006/r076-2006-nl1-2019-46	API error for R76/2006/r076-2006-nl1-2019-46: {"error" => {"code" => "1113", "message" => "Insufficient balance or no resource package. Please recharge."}}
2026-10-06 22:14:25 +0800	R76/2006/r076-2006-nl1-2019-47	API error for R76/2006/r076-2006-nl1-2019-47: {"error" => {"code" => "1113", "message" => "Insufficient balance or no resource package. Please recharge."}}
2026-10-06 22:14:25 +0800	R76/2006/r076-2006-nl1-2019-48	API error for R76/2006/r076-2006-nl1-2019-48: {"error" => {"code" => "1113", "message" => "Insufficient balance or no resource package. Please recharge."}}
2026-10-06 22:14:25 +0800	R76/2006/r076-2006-nl1-2019-49	API error for R76/2006/r076-2006-nl1-2019-49: {"error" => {"code" => "1113", "message" => "Insufficient balance or no resource package. Please recharge."}}
2026-10-06 22:14:25 +0800	R76/2006/r076-2006-nl1-2019-50	API error for R76/2006/r076-2006-nl1-2019-50: {"error" => {"code" => "1113", "message" => "Insufficient balance or no resource package. Please recharge."}}
2026-10-06 22:14:25 +0800	R76/2006/r076-2006-nl1-2019-52	API error for R76/2006/r076-2006-nl1-2019-52: {"error" => {"code" => "1113", "message" => "Insufficient balance or no resource package. Please recharge."}}
2026-10-06 22:14:25 +0800	R76/2006/r076-2006-nl1-2019-54-rev1	API error for R76/2006/r076-2006-nl1-2019-54-rev1: {"error" => {"code" => "1113", "message" => "Insufficient balance or no resource package. Please recharge."}}
2026-10-06 22:14:25 +0800	R76/2006/r076-2006-nl1-2019-53	API error for R76/2006/r076-2006-nl1-2019-53: {"error" => {"code" => "1113", "message" => "Insufficient balance or no resource package. Please recharge."}}
2026-10-06 22:14:25 +0800	R76/2006/r076-2006-nl1-2019-54	API error for R76/2006/r076-2006-nl1-2019-54: {"error" => {"code" => "1113", "message" => "Insufficient balance or no resource package. Please recharge."}}
2026-10-06 22:14:25 +0800	R76/2006/r076-2006-nl1-2019-56-rev1	API error for R76/2006/r076-2006-nl1-2019-56-rev1: {"error" => {"code" => "1113", "message" => "Insufficient balance or no resource package. Please recharge."}}
2026-10-06 22:14:25 +0800	R76/2006/r076-2006-nl1-2019-56-rev2	API error for R76/2006/r076-2006-nl1-2019-56-rev2: {"error" => {"code" => "1113", "message" => "Insufficient balance or no resource package. Please recharge."}}
2026-10-06 22:14:25 +0800	R76/2006/r076-2006-nl1-2019-56	API error for R76/2006/r076-2006-nl1-2019-56: {"error" => {"code" => "1113", "message" => "Insufficient balance or no resource package. Please recharge."}}
2026-10-06 22:14:25 +0800	R76/2006/r076-2006-nl1-2019-58	API error for R76/2006/r076-2006-nl1-2019-58: {"error" => {"code" => "1113", "message" => "Insufficient balance or no resource package. Please recharge."}}
2026-10-06 22:14:25 +0800	R76/2006/r076-2006-nl1-2019-59	API error for R76/2006/r076-2006-nl1-2019-59: {"error" => {"code" => "1113", "message" => "Insufficient balance or no resource package. Please recharge."}}
2026-10-06 22:14:25 +0800	R76/2006/r076-2006-nl1-2019-60	API error for R76/2006/r076-2006-nl1-2019-60: {"error" => {"code" => "1113", "message" => "Insufficient balance or no resource package. Please recharge."}}
2026-10-06 22:14:25 +0800	R76/2006/r076-2006-nl1-2019-61	API error for R76/2006/r076-2006-nl1-2019-61: {"error" => {"code" => "1113", "message" => "Insufficient balance or no resource package. Please recharge."}}
2026-10-06 22:14:25 +0800	R76/2006/r076-2006-nl1-2019-62	API error for R76/2006/r076-2006-nl1-2019-62: {"error" => {"code" => "1113", "message" => "Insufficient balance or no resource package. Please recharge."}}
2026-10-06 22:14:25 +0800	R76/2006/r076-2006-nl1-2020-01	API error for R76/2006/r076-2006-nl1-2020-01: {"error" => {"code" => "1113", "message" => "Insufficient balance or no resource package. Please recharge."}}
2026-10-06 22:14:25 +0800	R76/2006/r076-2006-nl1-2019-63	API error for R76/2006/r076-2006-nl1-2019-63: {"error" => {"code" => "1113", "message" => "Insufficient balance or no resource package. Please recharge."}}
2026-10-06 22:14:25 +0800	R76/2006/r076-2006-nl1-2020-03	API error for R76/2006/r076-2006-nl1-2020-03: {"error" => {"code" => "1113", "message" => "Insufficient balance or no resource package. Please recharge."}}
2026-10-06 22:14:25 +0800	R76/2006/r076-2006-nl1-2020-04	API error for R76/2006/r076-2006-nl1-2020-04: {"error" => {"code" => "1113", "message" => "Insufficient balance or no resource package. Please recharge."}}
2026-10-06 22:14:25 +0800	R76/2006/r076-2006-nl1-2020-05	API error for R76/2006/r076-2006-nl1-2020-05: {"error" => {"code" => "1113", "message" => "Insufficient balance or no resource package. Please recharge."}}
2026-10-06 22:14:25 +0800	R76/2006/r076-2006-nl1-2020-06	API error for R76/2006/r076-2006-nl1-2020-06: {"error" => {"code" => "1113", "message" => "Insufficient balance or no resource package. Please recharge."}}
2026-10-06 22:14:25 +0800	R76/2006/r076-2006-nl1-2020-07	API error for R76/2006/r076-2006-nl1-2020-07: {"error" => {"code" => "1113", "message" => "Insufficient balance or no resource package. Please recharge."}}
2026-10-06 22:14:25 +0800	R76/2006/r076-2006-nl1-2020-08	API error for R76/2006/r076-2006-nl1-2020-08: {"error" => {"code" => "1113", "message" => "Insufficient balance or no resource package. Please recharge."}}
2026-10-06 22:14:25 +0800	R76/2006/r076-2006-nl1-2020-08-rev1	API error for R76/2006/r076-2006-nl1-2020-08-rev1: {"error" => {"code" => "1113", "message" => "Insufficient balance or no resource package. Please recharge."}}
2026-10-06 22:14:25 +0800	R76/2006/r076-2006-nl1-2020-09	API error for R76/2006/r076-2006-nl1-2020-09: {"error" => {"code" => "1113", "message" => "Insufficient balance or no resource package. Please recharge."}}
2026-10-06 22:14:25 +0800	R76/2006/r076-2006-nl1-2020-10	API error for R76/2006/r076-2006-nl1-2020-10: {"error" => {"code" => "1113", "message" => "Insufficient balance or no resource package. Please recharge."}}
2026-10-06 22:14:25 +0800	R76/2006/r076-2006-nl1-2020-12	API error for R76/2006/r076-2006-nl1-2020-12: {"error" => {"code" => "1113", "message" => "Insufficient balance or no resource package. Please recharge."}}
2026-10-06 22:14:25 +0800	R76/2006/r076-2006-nl1-2020-13-rev1	API error for R76/2006/r076-2006-nl1-2020-13-rev1: {"error" => {"code" => "1113", "message" => "Insufficient balance or no resource package. Please recharge."}}
2026-10-06 22:14:25 +0800	R76/2006/r076-2006-nl1-2020-11	API error for R76/2006/r076-2006-nl1-2020-11: {"error" => {"code" => "1113", "message" => "Insufficient balance or no resource package. Please recharge."}}
2026-10-06 22:14:25 +0800	R76/2006/r076-2006-nl1-2020-13	API error for R76/2006/r076-2006-nl1-2020-13: {"error" => {"code" => "1113", "message" => "Insufficient balance or no resource package. Please recharge."}}
2026-10-06 22:14:25 +0800	R76/2006/r076-2006-nl1-2020-14	API error for R76/2006/r076-2006-nl1-2020-14: {"error" => {"code" => "1113", "message" => "Insufficient balance or no resource package. Please recharge."}}
2026-10-06 22:14:25 +0800	R76/2006/r076-2006-nl1-2020-15	API error for R76/2006/r076-2006-nl1-2020-15: {"error" => {"code" => "1113", "message" => "Insufficient balance or no resource package. Please recharge."}}
2026-10-06 22:14:25 +0800	R76/2006/r076-2006-nl1-2020-16	API error for R76/2006/r076-2006-nl1-2020-16: {"error" => {"code" => "1113", "message" => "Insufficient balance or no resource package. Please recharge."}}
2026-10-06 22:14:25 +0800	R76/2006/r076-2006-nl1-2020-18-rev1	API error for R76/2006/r076-2006-nl1-2020-18-rev1: {"error" => {"code" => "1113", "message" => "Insufficient balance or no resource package. Please recharge."}}
2026-10-06 22:14:25 +0800	R76/2006/r076-2006-nl1-2020-17-rev1	API error for R76/2006/r076-2006-nl1-2020-17-rev1: {"error" => {"code" => "1113", "message" => "Insufficient balance or no resource package. Please recharge."}}
2026-10-06 22:14:25 +0800	R76/2006/r076-2006-nl1-2020-18-rev2	API error for R76/2006/r076-2006-nl1-2020-18-rev2: {"error" => {"code" => "1113", "message" => "Insufficient balance or no resource package. Please recharge."}}
2026-10-06 22:14:25 +0800	R76/2006/r076-2006-nl1-2020-18	API error for R76/2006/r076-2006-nl1-2020-18: {"error" => {"code" => "1113", "message" => "Insufficient balance or no resource package. Please recharge."}}
2026-10-06 22:14:25 +0800	R76/2006/r076-2006-nl1-2020-20	API error for R76/2006/r076-2006-nl1-2020-20: {"error" => {"code" => "1113", "message" => "Insufficient balance or no resource package. Please recharge."}}
2026-10-06 22:14:25 +0800	R76/2006/r076-2006-nl1-2020-19	API error for R76/2006/r076-2006-nl1-2020-19: {"error" => {"code" => "1113", "message" => "Insufficient balance or no resource package. Please recharge."}}
2026-10-06 22:14:25 +0800	R76/2006/r076-2006-nl1-2020-21-rev1	API error for R76/2006/r076-2006-nl1-2020-21-rev1: {"error" => {"code" => "1113", "message" => "Insufficient balance or no resource package. Please recharge."}}
2026-10-06 22:14:25 +0800	R76/2006/r076-2006-nl1-2020-21	API error for R76/2006/r076-2006-nl1-2020-21: {"error" => {"code" => "1113", "message" => "Insufficient balance or no resource package. Please recharge."}}
2026-10-06 22:14:25 +0800	R76/2006/r076-2006-nl1-2020-22-rev1	API error for R76/2006/r076-2006-nl1-2020-22-rev1: {"error" => {"code" => "1113", "message" => "Insufficient balance or no resource package. Please recharge."}}
2026-10-06 22:14:25 +0800	R76/2006/r076-2006-nl1-2020-24	API error for R76/2006/r076-2006-nl1-2020-24: {"error" => {"code" => "1113", "message" => "Insufficient balance or no resource package. Please recharge."}}
2026-10-06 22:14:25 +0800	R76/2006/r076-2006-nl1-2020-25-rev1	API error for R76/2006/r076-2006-nl1-2020-25-rev1: {"error" => {"code" => "1113", "message" => "Insufficient balance or no resource package. Please recharge."}}
2026-10-06 22:14:25 +0800	R76/2006/r076-2006-nl1-2020-25	API error for R76/2006/r076-2006-nl1-2020-25: {"error" => {"code" => "1113", "message" => "Insufficient balance or no resource package. Please recharge."}}
2026-10-06 22:14:25 +0800	R76/2006/r076-2006-nl1-2020-26	API error for R76/2006/r076-2006-nl1-2020-26: {"error" => {"code" => "1113", "message" => "Insufficient balance or no resource package. Please recharge."}}
2026-10-06 22:14:25 +0800	R76/2006/r076-2006-nl1-2020-28	API error for R76/2006/r076-2006-nl1-2020-28: {"error" => {"code" => "1113", "message" => "Insufficient balance or no resource package. Please recharge."}}
2026-10-06 22:14:25 +0800	R76/2006/r076-2006-nl1-2020-27	API error for R76/2006/r076-2006-nl1-2020-27: {"error" => {"code" => "1113", "message" => "Insufficient balance or no resource package. Please recharge."}}
2026-10-06 22:14:25 +0800	R76/2006/r076-2006-nl1-2020-30	API error for R76/2006/r076-2006-nl1-2020-30: {"error" => {"code" => "1113", "message" => "Insufficient balance or no resource package. Please recharge."}}
2026-10-06 22:14:25 +0800	R76/2006/r076-2006-nl1-2020-31-rev1	API error for R76/2006/r076-2006-nl1-2020-31-rev1: {"error" => {"code" => "1113", "message" => "Insufficient balance or no resource package. Please recharge."}}
2026-10-06 22:14:25 +0800	R76/2006/r076-2006-nl1-2020-29	API error for R76/2006/r076-2006-nl1-2020-29: {"error" => {"code" => "1113", "message" => "Insufficient balance or no resource package. Please recharge."}}
2026-10-06 22:14:25 +0800	R76/2006/r076-2006-nl1-2020-35	API error for R76/2006/r076-2006-nl1-2020-35: {"error" => {"code" => "1113", "message" => "Insufficient balance or no resource package. Please recharge."}}
2026-10-06 22:14:25 +0800	R76/2006/r076-2006-nl1-2020-33	API error for R76/2006/r076-2006-nl1-2020-33: {"error" => {"code" => "1113", "message" => "Insufficient balance or no resource package. Please recharge."}}
2026-10-06 22:14:25 +0800	R76/2006/r076-2006-nl1-2020-36	API error for R76/2006/r076-2006-nl1-2020-36: {"error" => {"code" => "1113", "message" => "Insufficient balance or no resource package. Please recharge."}}
2026-10-06 22:14:25 +0800	R76/2006/r076-2006-nl1-2020-38-rev1	API error for R76/2006/r076-2006-nl1-2020-38-rev1: {"error" => {"code" => "1113", "message" => "Insufficient balance or no resource package. Please recharge."}}
2026-10-06 22:14:25 +0800	R76/2006/r076-2006-nl1-2020-37	API error for R76/2006/r076-2006-nl1-2020-37: {"error" => {"code" => "1113", "message" => "Insufficient balance or no resource package. Please recharge."}}
2026-10-06 22:14:25 +0800	R76/2006/r076-2006-nl1-2020-38	API error for R76/2006/r076-2006-nl1-2020-38: {"error" => {"code" => "1113", "message" => "Insufficient balance or no resource package. Please recharge."}}
2026-10-06 22:14:25 +0800	R76/2006/r076-2006-nl1-2020-39-rev1	API error for R76/2006/r076-2006-nl1-2020-39-rev1: {"error" => {"code" => "1113", "message" => "Insufficient balance or no resource package. Please recharge."}}
2026-10-06 22:14:25 +0800	R76/2006/r076-2006-nl1-2020-39	API error for R76/2006/r076-2006-nl1-2020-39: {"error" => {"code" => "1113", "message" => "Insufficient balance or no resource package. Please recharge."}}
2026-10-06 22:14:25 +0800	R76/2006/r076-2006-nl1-2020-40	API error for R76/2006/r076-2006-nl1-2020-40: {"error" => {"code" => "1113", "message" => "Insufficient balance or no resource package. Please recharge."}}
2026-10-06 22:14:25 +0800	R76/2006/r076-2006-nl1-2020-39-rev2	API error for R76/2006/r076-2006-nl1-2020-39-rev2: {"error" => {"code" => "1113", "message" => "Insufficient balance or no resource package. Please recharge."}}
2026-10-06 22:14:25 +0800	R76/2006/r076-2006-nl1-2020-41-rev1	API error for R76/2006/r076-2006-nl1-2020-41-rev1: {"error" => {"code" => "1113", "message" => "Insufficient balance or no resource package. Please recharge."}}
2026-10-06 22:14:25 +0800	R76/2006/r076-2006-nl1-2020-41	API error for R76/2006/r076-2006-nl1-2020-41: {"error" => {"code" => "1113", "message" => "Insufficient balance or no resource package. Please recharge."}}
2026-10-06 22:14:25 +0800	R76/2006/r076-2006-nl1-2020-42	API error for R76/2006/r076-2006-nl1-2020-42: {"error" => {"code" => "1113", "message" => "Insufficient balance or no resource package. Please recharge."}}
2026-10-06 22:14:25 +0800	R76/2006/r076-2006-nl1-2020-43	API error for R76/2006/r076-2006-nl1-2020-43: {"error" => {"code" => "1113", "message" => "Insufficient balance or no resource package. Please recharge."}}
2026-10-06 22:14:25 +0800	R76/2006/r076-2006-nl1-2020-45	API error for R76/2006/r076-2006-nl1-2020-45: {"error" => {"code" => "1113", "message" => "Insufficient balance or no resource package. Please recharge."}}
2026-10-06 22:14:25 +0800	R76/2006/r076-2006-nl1-2020-44	API error for R76/2006/r076-2006-nl1-2020-44: {"error" => {"code" => "1113", "message" => "Insufficient balance or no resource package. Please recharge."}}
2026-10-06 22:14:25 +0800	R76/2006/r076-2006-nl1-2020-46	API error for R76/2006/r076-2006-nl1-2020-46: {"error" => {"code" => "1113", "message" => "Insufficient balance or no resource package. Please recharge."}}
2026-10-06 22:14:25 +0800	R76/2006/r076-2006-nl1-2020-47-rev1	API error for R76/2006/r076-2006-nl1-2020-47-rev1: {"error" => {"code" => "1113", "message" => "Insufficient balance or no resource package. Please recharge."}}
2026-10-06 22:14:25 +0800	R76/2006/r076-2006-nl1-2020-47-rev2	API error for R76/2006/r076-2006-nl1-2020-47-rev2: {"error" => {"code" => "1113", "message" => "Insufficient balance or no resource package. Please recharge."}}
2026-10-06 22:14:25 +0800	R76/2006/r076-2006-nl1-2020-49	API error for R76/2006/r076-2006-nl1-2020-49: {"error" => {"code" => "1113", "message" => "Insufficient balance or no resource package. Please recharge."}}
2026-10-06 22:14:25 +0800	R76/2006/r076-2006-nl1-2020-47	API error for R76/2006/r076-2006-nl1-2020-47: {"error" => {"code" => "1113", "message" => "Insufficient balance or no resource package. Please recharge."}}
2026-10-06 22:14:25 +0800	R76/2006/r076-2006-nl1-2020-48	API error for R76/2006/r076-2006-nl1-2020-48: {"error" => {"code" => "1113", "message" => "Insufficient balance or no resource package. Please recharge."}}
2026-10-06 22:14:25 +0800	R76/2006/r076-2006-nl1-2020-50	API error for R76/2006/r076-2006-nl1-2020-50: {"error" => {"code" => "1113", "message" => "Insufficient balance or no resource package. Please recharge."}}
2026-10-06 22:14:25 +0800	R76/2006/r076-2006-nl1-2020-51	API error for R76/2006/r076-2006-nl1-2020-51: {"error" => {"code" => "1113", "message" => "Insufficient balance or no resource package. Please recharge."}}
2026-10-06 22:14:25 +0800	R76/2006/r076-2006-nl1-2020-54-rev1	API error for R76/2006/r076-2006-nl1-2020-54-rev1: {"error" => {"code" => "1113", "message" => "Insufficient balance or no resource package. Please recharge."}}
2026-10-06 22:14:25 +0800	R76/2006/r076-2006-nl1-2020-55	API error for R76/2006/r076-2006-nl1-2020-55: {"error" => {"code" => "1113", "message" => "Insufficient balance or no resource package. Please recharge."}}
2026-10-06 22:14:25 +0800	R76/2006/r076-2006-nl1-2020-54	API error for R76/2006/r076-2006-nl1-2020-54: {"error" => {"code" => "1113", "message" => "Insufficient balance or no resource package. Please recharge."}}
2026-10-06 22:14:25 +0800	R76/2006/r076-2006-nl1-2020-57	API error for R76/2006/r076-2006-nl1-2020-57: {"error" => {"code" => "1113", "message" => "Insufficient balance or no resource package. Please recharge."}}
2026-10-06 22:14:25 +0800	R76/2006/r076-2006-nl1-2020-58	API error for R76/2006/r076-2006-nl1-2020-58: {"error" => {"code" => "1113", "message" => "Insufficient balance or no resource package. Please recharge."}}
2026-10-06 22:14:25 +0800	R76/2006/r076-2006-nl1-2020-60	API error for R76/2006/r076-2006-nl1-2020-60: {"error" => {"code" => "1113", "message" => "Insufficient balance or no resource package. Please recharge."}}
2026-10-06 22:14:25 +0800	R76/2006/r076-2006-nl1-2020-59	API error for R76/2006/r076-2006-nl1-2020-59: {"error" => {"code" => "1113", "message" => "Insufficient balance or no resource package. Please recharge."}}
2026-10-06 22:14:25 +0800	R76/2006/r076-2006-nl1-2020-62	API error for R76/2006/r076-2006-nl1-2020-62: {"error" => {"code" => "1113", "message" => "Insufficient balance or no resource package. Please recharge."}}
2026-10-06 22:14:25 +0800	R76/2006/r076-2006-nl1-2020-69-rev1	API error for R76/2006/r076-2006-nl1-2020-69-rev1: {"error" => {"code" => "1113", "message" => "Insufficient balance or no resource package. Please recharge."}}
2026-10-06 22:14:25 +0800	R76/2006/r076-2006-nl1-2020-69-rev2	API error for R76/2006/r076-2006-nl1-2020-69-rev2: {"error" => {"code" => "1113", "message" => "Insufficient balance or no resource package. Please recharge."}}
2026-10-06 22:14:25 +0800	R76/2006/r076-2006-nl1-2020-69	API error for R76/2006/r076-2006-nl1-2020-69: {"error" => {"code" => "1113", "message" => "Insufficient balance or no resource package. Please recharge."}}
2026-10-06 22:14:25 +0800	R76/2006/r076-2006-nl1-2020-69-rev3	API error for R76/2006/r076-2006-nl1-2020-69-rev3: {"error" => {"code" => "1113", "message" => "Insufficient balance or no resource package. Please recharge."}}
2026-10-06 22:14:25 +0800	R76/2006/r076-2006-nl1-2020-70-rev1	API error for R76/2006/r076-2006-nl1-2020-70-rev1: {"error" => {"code" => "1113", "message" => "Insufficient balance or no resource package. Please recharge."}}
2026-10-06 22:14:25 +0800	R76/2006/r076-2006-nl1-2020-69-rev4	API error for R76/2006/r076-2006-nl1-2020-69-rev4: {"error" => {"code" => "1113", "message" => "Insufficient balance or no resource package. Please recharge."}}
2026-10-06 22:14:25 +0800	R76/2006/r076-2006-nl1-2020-70-rev2	API error for R76/2006/r076-2006-nl1-2020-70-rev2: {"error" => {"code" => "1113", "message" => "Insufficient balance or no resource package. Please recharge."}}
2026-10-06 22:14:25 +0800	R76/2006/r076-2006-nl1-2020-70-rev3	API error for R76/2006/r076-2006-nl1-2020-70-rev3: {"error" => {"code" => "1113", "message" => "Insufficient balance or no resource package. Please recharge."}}
2026-10-06 22:14:25 +0800	R76/2006/r076-2006-nl1-2020-70	API error for R76/2006/r076-2006-nl1-2020-70: {"error" => {"code" => "1113", "message" => "Insufficient balance or no resource package. Please recharge."}}
2026-10-06 22:14:25 +0800	R76/2006/r076-2006-nl1-2021-01	API error for R76/2006/r076-2006-nl1-2021-01: {"error" => {"code" => "1113", "message" => "Insufficient balance or no resource package. Please recharge."}}
2026-10-06 22:14:25 +0800	R76/2006/r076-2006-nl1-2021-04	API error for R76/2006/r076-2006-nl1-2021-04: {"error" => {"code" => "1113", "message" => "Insufficient balance or no resource package. Please recharge."}}
2026-10-06 22:14:25 +0800	R76/2006/r076-2006-nl1-2021-03	API error for R76/2006/r076-2006-nl1-2021-03: {"error" => {"code" => "1113", "message" => "Insufficient balance or no resource package. Please recharge."}}
2026-10-06 22:14:25 +0800	R76/2006/r076-2006-nl1-2021-05	API error for R76/2006/r076-2006-nl1-2021-05: {"error" => {"code" => "1113", "message" => "Insufficient balance or no resource package. Please recharge."}}
2026-10-06 22:14:25 +0800	R76/2006/r076-2006-nl1-2021-06	API error for R76/2006/r076-2006-nl1-2021-06: {"error" => {"code" => "1113", "message" => "Insufficient balance or no resource package. Please recharge."}}
2026-10-06 22:14:25 +0800	R76/2006/r076-2006-nl1-2021-07	API error for R76/2006/r076-2006-nl1-2021-07: {"error" => {"code" => "1113", "message" => "Insufficient balance or no resource package. Please recharge."}}
2026-10-06 22:14:25 +0800	R76/2006/r076-2006-nl1-2021-09	API error for R76/2006/r076-2006-nl1-2021-09: {"error" => {"code" => "1113", "message" => "Insufficient balance or no resource package. Please recharge."}}
2026-10-06 22:14:25 +0800	R76/2006/r076-2006-nl1-2021-08	API error for R76/2006/r076-2006-nl1-2021-08: {"error" => {"code" => "1113", "message" => "Insufficient balance or no resource package. Please recharge."}}
2026-10-06 22:14:25 +0800	R76/2006/r076-2006-nl1-2021-10	API error for R76/2006/r076-2006-nl1-2021-10: {"error" => {"code" => "1113", "message" => "Insufficient balance or no resource package. Please recharge."}}
2026-10-06 22:14:25 +0800	R76/2006/r076-2006-nl1-2021-11	API error for R76/2006/r076-2006-nl1-2021-11: {"error" => {"code" => "1113", "message" => "Insufficient balance or no resource package. Please recharge."}}
2026-10-06 22:14:25 +0800	R76/2006/r076-2006-nl1-2021-13	API error for R76/2006/r076-2006-nl1-2021-13: {"error" => {"code" => "1113", "message" => "Insufficient balance or no resource package. Please recharge."}}
2026-10-06 22:14:25 +0800	R76/2006/r076-2006-nl1-2021-15	API error for R76/2006/r076-2006-nl1-2021-15: {"error" => {"code" => "1113", "message" => "Insufficient balance or no resource package. Please recharge."}}
2026-10-06 22:14:25 +0800	R76/2006/r076-2006-nl1-2021-12	API error for R76/2006/r076-2006-nl1-2021-12: {"error" => {"code" => "1113", "message" => "Insufficient balance or no resource package. Please recharge."}}
2026-10-06 22:14:25 +0800	R76/2006/r076-2006-nl1-2021-16	API error for R76/2006/r076-2006-nl1-2021-16: {"error" => {"code" => "1113", "message" => "Insufficient balance or no resource package. Please recharge."}}
2026-10-06 22:14:25 +0800	R76/2006/r076-2006-nl1-2021-17	API error for R76/2006/r076-2006-nl1-2021-17: {"error" => {"code" => "1113", "message" => "Insufficient balance or no resource package. Please recharge."}}
2026-10-06 22:14:25 +0800	R76/2006/r076-2006-nl1-2021-18	API error for R76/2006/r076-2006-nl1-2021-18: {"error" => {"code" => "1113", "message" => "Insufficient balance or no resource package. Please recharge."}}
2026-10-06 22:14:25 +0800	R76/2006/r076-2006-nl1-2021-20	API error for R76/2006/r076-2006-nl1-2021-20: {"error" => {"code" => "1113", "message" => "Insufficient balance or no resource package. Please recharge."}}
2026-10-06 22:14:25 +0800	R76/2006/r076-2006-nl1-2021-21	API error for R76/2006/r076-2006-nl1-2021-21: {"error" => {"code" => "1113", "message" => "Insufficient balance or no resource package. Please recharge."}}
2026-10-06 22:14:25 +0800	R76/2006/r076-2006-nl1-2021-22	API error for R76/2006/r076-2006-nl1-2021-22: {"error" => {"code" => "1113", "message" => "Insufficient balance or no resource package. Please recharge."}}
2026-10-06 22:14:25 +0800	R76/2006/r076-2006-nl1-2021-23	API error for R76/2006/r076-2006-nl1-2021-23: {"error" => {"code" => "1113", "message" => "Insufficient balance or no resource package. Please recharge."}}
2026-10-06 22:14:25 +0800	R76/2006/r076-2006-nl1-2021-24	API error for R76/2006/r076-2006-nl1-2021-24: {"error" => {"code" => "1113", "message" => "Insufficient balance or no resource package. Please recharge."}}
2026-10-06 22:14:25 +0800	R76/2006/r076-2006-nl1-2021-25	API error for R76/2006/r076-2006-nl1-2021-25: {"error" => {"code" => "1113", "message" => "Insufficient balance or no resource package. Please recharge."}}
2026-10-06 22:14:25 +0800	R76/2006/r076-2006-nl1-2021-27-rev1	API error for R76/2006/r076-2006-nl1-2021-27-rev1: {"error" => {"code" => "1113", "message" => "Insufficient balance or no resource package. Please recharge."}}
2026-10-06 22:14:25 +0800	R76/2006/r076-2006-nl1-2021-26	API error for R76/2006/r076-2006-nl1-2021-26: {"error" => {"code" => "1113", "message" => "Insufficient balance or no resource package. Please recharge."}}
2026-10-06 22:14:25 +0800	R76/2006/r076-2006-nl1-2021-27	API error for R76/2006/r076-2006-nl1-2021-27: {"error" => {"code" => "1113", "message" => "Insufficient balance or no resource package. Please recharge."}}
2026-10-06 22:14:25 +0800	R76/2006/r076-2006-nl1-2021-28-rev1	API error for R76/2006/r076-2006-nl1-2021-28-rev1: {"error" => {"code" => "1113", "message" => "Insufficient balance or no resource package. Please recharge."}}
2026-10-06 22:14:25 +0800	R76/2006/r076-2006-nl1-2021-28	API error for R76/2006/r076-2006-nl1-2021-28: {"error" => {"code" => "1113", "message" => "Insufficient balance or no resource package. Please recharge."}}
2026-10-06 22:14:25 +0800	R76/2006/r076-2006-nl1-2021-29-rev1	API error for R76/2006/r076-2006-nl1-2021-29-rev1: {"error" => {"code" => "1113", "message" => "Insufficient balance or no resource package. Please recharge."}}
2026-10-06 22:14:25 +0800	R76/2006/r076-2006-nl1-2021-29	API error for R76/2006/r076-2006-nl1-2021-29: {"error" => {"code" => "1113", "message" => "Insufficient balance or no resource package. Please recharge."}}
2026-10-06 22:14:25 +0800	R76/2006/r076-2006-nl1-2021-30	API error for R76/2006/r076-2006-nl1-2021-30: {"error" => {"code" => "1113", "message" => "Insufficient balance or no resource package. Please recharge."}}
2026-10-06 22:14:25 +0800	R76/2006/r076-2006-nl1-2021-32	API error for R76/2006/r076-2006-nl1-2021-32: {"error" => {"code" => "1113", "message" => "Insufficient balance or no resource package. Please recharge."}}
2026-10-06 22:14:25 +0800	R76/2006/r076-2006-nl1-2021-33-rev1	API error for R76/2006/r076-2006-nl1-2021-33-rev1: {"error" => {"code" => "1113", "message" => "Insufficient balance or no resource package. Please recharge."}}
2026-10-06 22:14:25 +0800	R76/2006/r076-2006-nl1-2021-34	API error for R76/2006/r076-2006-nl1-2021-34: {"error" => {"code" => "1113", "message" => "Insufficient balance or no resource package. Please recharge."}}
2026-10-06 22:14:25 +0800	R76/2006/r076-2006-nl1-2021-35	API error for R76/2006/r076-2006-nl1-2021-35: {"error" => {"code" => "1113", "message" => "Insufficient balance or no resource package. Please recharge."}}
2026-10-06 22:14:25 +0800	R76/2006/r076-2006-nl1-2021-33	API error for R76/2006/r076-2006-nl1-2021-33: {"error" => {"code" => "1113", "message" => "Insufficient balance or no resource package. Please recharge."}}
2026-10-06 22:14:25 +0800	R76/2006/r076-2006-nl1-2021-37	API error for R76/2006/r076-2006-nl1-2021-37: {"error" => {"code" => "1113", "message" => "Insufficient balance or no resource package. Please recharge."}}
2026-10-06 22:14:25 +0800	R76/2006/r076-2006-nl1-2021-38	API error for R76/2006/r076-2006-nl1-2021-38: {"error" => {"code" => "1113", "message" => "Insufficient balance or no resource package. Please recharge."}}
2026-10-06 22:14:25 +0800	R76/2006/r076-2006-nl1-2021-40	API error for R76/2006/r076-2006-nl1-2021-40: {"error" => {"code" => "1113", "message" => "Insufficient balance or no resource package. Please recharge."}}
2026-10-06 22:14:25 +0800	R76/2006/r076-2006-nl1-2021-42	API error for R76/2006/r076-2006-nl1-2021-42: {"error" => {"code" => "1113", "message" => "Insufficient balance or no resource package. Please recharge."}}
2026-10-06 22:14:25 +0800	R76/2006/r076-2006-nl1-2021-43	API error for R76/2006/r076-2006-nl1-2021-43: {"error" => {"code" => "1113", "message" => "Insufficient balance or no resource package. Please recharge."}}
2026-10-06 22:14:25 +0800	R76/2006/r076-2006-nl1-2021-44	API error for R76/2006/r076-2006-nl1-2021-44: {"error" => {"code" => "1113", "message" => "Insufficient balance or no resource package. Please recharge."}}
2026-10-06 22:14:25 +0800	R76/2006/r076-2006-nl1-2021-46	API error for R76/2006/r076-2006-nl1-2021-46: {"error" => {"code" => "1113", "message" => "Insufficient balance or no resource package. Please recharge."}}
2026-10-06 22:14:25 +0800	R76/2006/r076-2006-nl1-2022-01	API error for R76/2006/r076-2006-nl1-2022-01: {"error" => {"code" => "1113", "message" => "Insufficient balance or no resource package. Please recharge."}}
2026-10-06 22:14:25 +0800	R76/2006/r076-2006-nl1-2022-04	API error for R76/2006/r076-2006-nl1-2022-04: {"error" => {"code" => "1113", "message" => "Insufficient balance or no resource package. Please recharge."}}
2026-10-06 22:14:25 +0800	R76/2006/r076-2006-nl1-2022-03-rev0	API error for R76/2006/r076-2006-nl1-2022-03-rev0: {"error" => {"code" => "1113", "message" => "Insufficient balance or no resource package. Please recharge."}}
2026-10-06 22:14:25 +0800	R76/2006/r076-2006-nl1-2022-06-rev1	API error for R76/2006/r076-2006-nl1-2022-06-rev1: {"error" => {"code" => "1113", "message" => "Insufficient balance or no resource package. Please recharge."}}
2026-10-06 22:14:25 +0800	R76/2006/r076-2006-nl1-2022-06	API error for R76/2006/r076-2006-nl1-2022-06: {"error" => {"code" => "1113", "message" => "Insufficient balance or no resource package. Please recharge."}}
2026-10-06 22:14:25 +0800	R76/2006/r076-2006-nl1-2022-07	API error for R76/2006/r076-2006-nl1-2022-07: {"error" => {"code" => "1113", "message" => "Insufficient balance or no resource package. Please recharge."}}
2026-10-06 22:14:25 +0800	R76/2006/r076-2006-nl1-2022-08	API error for R76/2006/r076-2006-nl1-2022-08: {"error" => {"code" => "1113", "message" => "Insufficient balance or no resource package. Please recharge."}}
2026-10-06 22:14:25 +0800	R76/2006/r076-2006-nl1-2022-09	API error for R76/2006/r076-2006-nl1-2022-09: {"error" => {"code" => "1113", "message" => "Insufficient balance or no resource package. Please recharge."}}
2026-10-06 22:14:25 +0800	R76/2006/r076-2006-nl1-2022-11-rev0	API error for R76/2006/r076-2006-nl1-2022-11-rev0: {"error" => {"code" => "1113", "message" => "Insufficient balance or no resource package. Please recharge."}}
2026-10-06 22:14:25 +0800	R76/2006/r076-2006-nl1-2022-10-rev0	API error for R76/2006/r076-2006-nl1-2022-10-rev0: {"error" => {"code" => "1113", "message" => "Insufficient balance or no resource package. Please recharge."}}
2026-10-06 22:14:25 +0800	R76/2006/r076-2006-se1-2017-01	API error for R76/2006/r076-2006-se1-2017-01: {"error" => {"code" => "1113", "message" => "Insufficient balance or no resource package. Please recharge."}}
2026-10-06 22:14:25 +0800	R76/2006/r076-2006-se1-2017-02	API error for R76/2006/r076-2006-se1-2017-02: {"error" => {"code" => "1113", "message" => "Insufficient balance or no resource package. Please recharge."}}
2026-10-06 22:14:25 +0800	R76/2006/r076-2006-se1-2021-02	API error for R76/2006/r076-2006-se1-2021-02: {"error" => {"code" => "1113", "message" => "Insufficient balance or no resource package. Please recharge."}}
2026-10-06 22:14:25 +0800	R76/2006/r76-2006-ch1-2018-01-rev1	API error for R76/2006/r76-2006-ch1-2018-01-rev1: {"error" => {"code" => "1113", "message" => "Insufficient balance or no resource package. Please recharge."}}
2026-10-06 22:14:25 +0800	R76/2006/r76-2006-ch1-2018-09-rev1	API error for R76/2006/r76-2006-ch1-2018-09-rev1: {"error" => {"code" => "1113", "message" => "Insufficient balance or no resource package. Please recharge."}}
2026-10-06 22:14:25 +0800	R76/2006/r76-2006-ch1-2018-02-rev2	API error for R76/2006/r76-2006-ch1-2018-02-rev2: {"error" => {"code" => "1113", "message" => "Insufficient balance or no resource package. Please recharge."}}
2026-10-06 22:14:25 +0800	R76/2006/r76-2006-ch1-2018-09-rev2	API error for R76/2006/r76-2006-ch1-2018-09-rev2: {"error" => {"code" => "1113", "message" => "Insufficient balance or no resource package. Please recharge."}}
2026-10-06 22:14:25 +0800	R76/2006/r76-2006-ch1-2019-01-rev5	API error for R76/2006/r76-2006-ch1-2019-01-rev5: {"error" => {"code" => "1113", "message" => "Insufficient balance or no resource package. Please recharge."}}
2026-10-06 22:14:25 +0800	R76/2006/r76-2006-ch1-2019-01-rev6	API error for R76/2006/r76-2006-ch1-2019-01-rev6: {"error" => {"code" => "1113", "message" => "Insufficient balance or no resource package. Please recharge."}}
2026-10-06 22:14:25 +0800	R76/2006/r76-2006-ch1-2019-01-rev7	API error for R76/2006/r76-2006-ch1-2019-01-rev7: {"error" => {"code" => "1113", "message" => "Insufficient balance or no resource package. Please recharge."}}
2026-10-06 22:14:25 +0800	R76/2006/r76-2006-ch1-2019-01-rev8	API error for R76/2006/r76-2006-ch1-2019-01-rev8: {"error" => {"code" => "1113", "message" => "Insufficient balance or no resource package. Please recharge."}}
2026-10-06 22:14:25 +0800	R76/2006/r76-2006-ch1-2019-01-rev9	API error for R76/2006/r76-2006-ch1-2019-01-rev9: {"error" => {"code" => "1113", "message" => "Insufficient balance or no resource package. Please recharge."}}
2026-10-06 22:14:25 +0800	R76/2006/r76-2006-ch1-2019-02-rev7	API error for R76/2006/r76-2006-ch1-2019-02-rev7: {"error" => {"code" => "1113", "message" => "Insufficient balance or no resource package. Please recharge."}}
2026-10-06 22:14:25 +0800	R76/2006/r76-2006-ch1-2019-04-rev09	API error for R76/2006/r76-2006-ch1-2019-04-rev09: {"error" => {"code" => "1113", "message" => "Insufficient balance or no resource package. Please recharge."}}
2026-10-06 22:14:25 +0800	R76/2006/r76-2006-ch1-2019-04-rev5	API error for R76/2006/r76-2006-ch1-2019-04-rev5: {"error" => {"code" => "1113", "message" => "Insufficient balance or no resource package. Please recharge."}}
2026-10-06 22:14:25 +0800	R76/2006/r76-2006-ch1-2019-04-rev6	API error for R76/2006/r76-2006-ch1-2019-04-rev6: {"error" => {"code" => "1113", "message" => "Insufficient balance or no resource package. Please recharge."}}
2026-10-06 22:14:25 +0800	R76/2006/r76-2006-ch1-2019-04-rev7	API error for R76/2006/r76-2006-ch1-2019-04-rev7: {"error" => {"code" => "1113", "message" => "Insufficient balance or no resource package. Please recharge."}}
2026-10-06 22:14:25 +0800	R76/2006/r76-2006-ch1-2019-05-rev6	API error for R76/2006/r76-2006-ch1-2019-05-rev6: {"error" => {"code" => "1113", "message" => "Insufficient balance or no resource package. Please recharge."}}
2026-10-06 22:14:25 +0800	R76/2006/r76-2006-ch1-2019-04-rev8	API error for R76/2006/r76-2006-ch1-2019-04-rev8: {"error" => {"code" => "1113", "message" => "Insufficient balance or no resource package. Please recharge."}}
2026-10-06 22:14:25 +0800	R76/2006/r76-2006-ch1-2021-01-rev1	API error for R76/2006/r76-2006-ch1-2021-01-rev1: {"error" => {"code" => "1113", "message" => "Insufficient balance or no resource package. Please recharge."}}
2026-10-06 22:14:25 +0800	R76/2006/r76-2006-ch1-2019-05-rev7	API error for R76/2006/r76-2006-ch1-2019-05-rev7: {"error" => {"code" => "1113", "message" => "Insufficient balance or no resource package. Please recharge."}}
2026-10-06 22:14:25 +0800	R76/2006/r76-2006-ch1-2022-01	API error for R76/2006/r76-2006-ch1-2022-01: {"error" => {"code" => "1113", "message" => "Insufficient balance or no resource package. Please recharge."}}
2026-10-06 22:14:25 +0800	R76/2006/r76-2006-ch1-2024-01	API error for R76/2006/r76-2006-ch1-2024-01: {"error" => {"code" => "1113", "message" => "Insufficient balance or no resource package. Please recharge."}}
2026-10-06 22:14:25 +0800	R76/2006/r76-2006-ch1-2025-24-rev1	API error for R76/2006/r76-2006-ch1-2025-24-rev1: {"error" => {"code" => "1113", "message" => "Insufficient balance or no resource package. Please recharge."}}
2026-10-06 22:14:25 +0800	R76/2006/r76-2006-cn2-2022-03	API error for R76/2006/r76-2006-cn2-2022-03: {"error" => {"code" => "1113", "message" => "Insufficient balance or no resource package. Please recharge."}}
2026-10-06 22:14:25 +0800	R76/2006/r76-2006-cn2-2022-04	API error for R76/2006/r76-2006-cn2-2022-04: {"error" => {"code" => "1113", "message" => "Insufficient balance or no resource package. Please recharge."}}
2026-10-06 22:14:25 +0800	R76/2006/r76-2006-cn2-2023-01	API error for R76/2006/r76-2006-cn2-2023-01: {"error" => {"code" => "1113", "message" => "Insufficient balance or no resource package. Please recharge."}}
2026-10-06 22:14:25 +0800	R76/2006/r76-2006-cn2-2023-02	API error for R76/2006/r76-2006-cn2-2023-02: {"error" => {"code" => "1113", "message" => "Insufficient balance or no resource package. Please recharge."}}
2026-10-06 22:14:25 +0800	R76/2006/r76-2006-cn2-2023-03	API error for R76/2006/r76-2006-cn2-2023-03: {"error" => {"code" => "1113", "message" => "Insufficient balance or no resource package. Please recharge."}}
2026-10-06 22:14:25 +0800	R76/2006/r76-2006-cn2-2024-01	API error for R76/2006/r76-2006-cn2-2024-01: {"error" => {"code" => "1113", "message" => "Insufficient balance or no resource package. Please recharge."}}
2026-10-06 22:14:25 +0800	R76/2006/r76-2006-cn2-2024-02-rev1	API error for R76/2006/r76-2006-cn2-2024-02-rev1: {"error" => {"code" => "1113", "message" => "Insufficient balance or no resource package. Please recharge."}}
2026-10-06 22:14:25 +0800	R76/2006/r76-2006-cn2-2024-02-rev2	API error for R76/2006/r76-2006-cn2-2024-02-rev2: {"error" => {"code" => "1113", "message" => "Insufficient balance or no resource package. Please recharge."}}
2026-10-06 22:14:25 +0800	R76/2006/r76-2006-cn2-2024-02	API error for R76/2006/r76-2006-cn2-2024-02: {"error" => {"code" => "1113", "message" => "Insufficient balance or no resource package. Please recharge."}}
2026-10-06 22:14:25 +0800	R76/2006/r76-2006-cn2-2024-03-rev1	API error for R76/2006/r76-2006-cn2-2024-03-rev1: {"error" => {"code" => "1113", "message" => "Insufficient balance or no resource package. Please recharge."}}
2026-10-06 22:14:25 +0800	R76/2006/r76-2006-cn2-2024-03	API error for R76/2006/r76-2006-cn2-2024-03: {"error" => {"code" => "1113", "message" => "Insufficient balance or no resource package. Please recharge."}}
2026-10-06 22:14:25 +0800	R76/2006/r76-2006-cn2-2024-04	API error for R76/2006/r76-2006-cn2-2024-04: {"error" => {"code" => "1113", "message" => "Insufficient balance or no resource package. Please recharge."}}
2026-10-06 22:14:25 +0800	R76/2006/r76-2006-cn2-2024-19-rev0	API error for R76/2006/r76-2006-cn2-2024-19-rev0: {"error" => {"code" => "1113", "message" => "Insufficient balance or no resource package. Please recharge."}}
2026-10-06 22:14:25 +0800	R76/2006/r76-2006-cn2-2025-01	API error for R76/2006/r76-2006-cn2-2025-01: {"error" => {"code" => "1113", "message" => "Insufficient balance or no resource package. Please recharge."}}
2026-10-06 22:14:25 +0800	R76/2006/r76-2006-cn2-2025-02	API error for R76/2006/r76-2006-cn2-2025-02: {"error" => {"code" => "1113", "message" => "Insufficient balance or no resource package. Please recharge."}}
2026-10-06 22:14:25 +0800	R76/2006/r76-2006-cn2-2025-03	API error for R76/2006/r76-2006-cn2-2025-03: {"error" => {"code" => "1113", "message" => "Insufficient balance or no resource package. Please recharge."}}
2026-10-06 22:14:25 +0800	R76/2006/r76-2006-cn2-2025-04	API error for R76/2006/r76-2006-cn2-2025-04: {"error" => {"code" => "1113", "message" => "Insufficient balance or no resource package. Please recharge."}}
2026-10-06 22:14:25 +0800	R76/2006/r76-2006-cn2-2025-05-rev1	API error for R76/2006/r76-2006-cn2-2025-05-rev1: {"error" => {"code" => "1113", "message" => "Insufficient balance or no resource package. Please recharge."}}
2026-10-06 22:14:25 +0800	R76/2006/r76-2006-cn2-2025-05	API error for R76/2006/r76-2006-cn2-2025-05: {"error" => {"code" => "1113", "message" => "Insufficient balance or no resource package. Please recharge."}}
2026-10-06 22:14:25 +0800	R76/2006/r76-2006-cn2-2025-06	API error for R76/2006/r76-2006-cn2-2025-06: {"error" => {"code" => "1113", "message" => "Insufficient balance or no resource package. Please recharge."}}
2026-10-06 22:14:25 +0800	R76/2006/r76-2006-cn2-2025-07	API error for R76/2006/r76-2006-cn2-2025-07: {"error" => {"code" => "1113", "message" => "Insufficient balance or no resource package. Please recharge."}}
2026-10-06 22:14:25 +0800	R76/2006/r76-2006-cn2-2025-08	API error for R76/2006/r76-2006-cn2-2025-08: {"error" => {"code" => "1113", "message" => "Insufficient balance or no resource package. Please recharge."}}
2026-10-06 22:14:25 +0800	R76/2006/r76-2006-cz1-2020-03-rev1	API error for R76/2006/r76-2006-cz1-2020-03-rev1: {"error" => {"code" => "1113", "message" => "Insufficient balance or no resource package. Please recharge."}}
2026-10-06 22:14:25 +0800	R76/2006/r76-2006-cz1-2020-03	API error for R76/2006/r76-2006-cz1-2020-03: {"error" => {"code" => "1113", "message" => "Insufficient balance or no resource package. Please recharge."}}
2026-10-06 22:14:25 +0800	R76/2006/r76-2006-cz1-2023-01-rev1	API error for R76/2006/r76-2006-cz1-2023-01-rev1: {"error" => {"code" => "1113", "message" => "Insufficient balance or no resource package. Please recharge."}}
2026-10-06 22:14:25 +0800	R76/2006/r76-2006-cz1-2023-01	API error for R76/2006/r76-2006-cz1-2023-01: {"error" => {"code" => "1113", "message" => "Insufficient balance or no resource package. Please recharge."}}
2026-10-06 22:14:25 +0800	R76/2006/r76-2006-cz1-2023-02	API error for R76/2006/r76-2006-cz1-2023-02: {"error" => {"code" => "1113", "message" => "Insufficient balance or no resource package. Please recharge."}}
2026-10-06 22:14:25 +0800	R76/2006/r76-2006-cz1-2023-03-rev1	API error for R76/2006/r76-2006-cz1-2023-03-rev1: {"error" => {"code" => "1113", "message" => "Insufficient balance or no resource package. Please recharge."}}
2026-10-06 22:14:25 +0800	R76/2006/r76-2006-cz1-2023-03-rev3	API error for R76/2006/r76-2006-cz1-2023-03-rev3: {"error" => {"code" => "1113", "message" => "Insufficient balance or no resource package. Please recharge."}}
2026-10-06 22:14:25 +0800	R76/2006/r76-2006-cz1-2023-03-rev4	API error for R76/2006/r76-2006-cz1-2023-03-rev4: {"error" => {"code" => "1113", "message" => "Insufficient balance or no resource package. Please recharge."}}
2026-10-06 22:14:25 +0800	R76/2006/r76-2006-cz1-2023-04-rev3	API error for R76/2006/r76-2006-cz1-2023-04-rev3: {"error" => {"code" => "1113", "message" => "Insufficient balance or no resource package. Please recharge."}}
2026-10-06 22:14:25 +0800	R76/2006/r76-2006-cz1-2023-03	API error for R76/2006/r76-2006-cz1-2023-03: {"error" => {"code" => "1113", "message" => "Insufficient balance or no resource package. Please recharge."}}
2026-10-06 22:14:25 +0800	R76/2006/r76-2006-cz1-2023-04-rev4	API error for R76/2006/r76-2006-cz1-2023-04-rev4: {"error" => {"code" => "1113", "message" => "Insufficient balance or no resource package. Please recharge."}}
2026-10-06 22:14:25 +0800	R76/2006/r76-2006-cz1-2023-04	API error for R76/2006/r76-2006-cz1-2023-04: {"error" => {"code" => "1113", "message" => "Insufficient balance or no resource package. Please recharge."}}
2026-10-06 22:14:25 +0800	R76/2006/r76-2006-cz1-2023-05-rev1	API error for R76/2006/r76-2006-cz1-2023-05-rev1: {"error" => {"code" => "1113", "message" => "Insufficient balance or no resource package. Please recharge."}}
2026-10-06 22:14:25 +0800	R76/2006/r76-2006-cz1-2023-06	API error for R76/2006/r76-2006-cz1-2023-06: {"error" => {"code" => "1113", "message" => "Insufficient balance or no resource package. Please recharge."}}
2026-10-06 22:14:25 +0800	R76/2006/r76-2006-cz1-2023-05	API error for R76/2006/r76-2006-cz1-2023-05: {"error" => {"code" => "1113", "message" => "Insufficient balance or no resource package. Please recharge."}}
2026-10-06 22:14:25 +0800	R76/2006/r76-2006-cz1-2023-07-rev1	API error for R76/2006/r76-2006-cz1-2023-07-rev1: {"error" => {"code" => "1113", "message" => "Insufficient balance or no resource package. Please recharge."}}
2026-10-06 22:14:25 +0800	R76/2006/r76-2006-cz1-2023-07	API error for R76/2006/r76-2006-cz1-2023-07: {"error" => {"code" => "1113", "message" => "Insufficient balance or no resource package. Please recharge."}}
2026-10-06 22:14:25 +0800	R76/2006/r76-2006-cz1-2024-01	API error for R76/2006/r76-2006-cz1-2024-01: {"error" => {"code" => "1113", "message" => "Insufficient balance or no resource package. Please recharge."}}
2026-10-06 22:14:25 +0800	R76/2006/r76-2006-cz1-2024-02-rev2	API error for R76/2006/r76-2006-cz1-2024-02-rev2: {"error" => {"code" => "1113", "message" => "Insufficient balance or no resource package. Please recharge."}}
2026-10-06 22:14:25 +0800	R76/2006/r76-2006-cz1-2024-02-rev1	API error for R76/2006/r76-2006-cz1-2024-02-rev1: {"error" => {"code" => "1113", "message" => "Insufficient balance or no resource package. Please recharge."}}
2026-10-06 22:14:25 +0800	R76/2006/r76-2006-cz1-2024-02	API error for R76/2006/r76-2006-cz1-2024-02: {"error" => {"code" => "1113", "message" => "Insufficient balance or no resource package. Please recharge."}}
2026-10-06 22:14:25 +0800	R76/2006/r76-2006-cz1-2024-03-rev1	API error for R76/2006/r76-2006-cz1-2024-03-rev1: {"error" => {"code" => "1113", "message" => "Insufficient balance or no resource package. Please recharge."}}
2026-10-06 22:14:25 +0800	R76/2006/r76-2006-cz1-2024-03-rev2	API error for R76/2006/r76-2006-cz1-2024-03-rev2: {"error" => {"code" => "1113", "message" => "Insufficient balance or no resource package. Please recharge."}}
2026-10-06 22:14:25 +0800	R76/2006/r76-2006-cz1-2024-03-rev3	API error for R76/2006/r76-2006-cz1-2024-03-rev3: {"error" => {"code" => "1113", "message" => "Insufficient balance or no resource package. Please recharge."}}
2026-10-06 22:14:25 +0800	R76/2006/r76-2006-cz1-2024-03	API error for R76/2006/r76-2006-cz1-2024-03: {"error" => {"code" => "1113", "message" => "Insufficient balance or no resource package. Please recharge."}}
2026-10-06 22:14:25 +0800	R76/2006/r76-2006-cz1-2025-01	API error for R76/2006/r76-2006-cz1-2025-01: {"error" => {"code" => "1113", "message" => "Insufficient balance or no resource package. Please recharge."}}
2026-10-06 22:14:25 +0800	R76/2006/r76-2006-cz1-2025-02	API error for R76/2006/r76-2006-cz1-2025-02: {"error" => {"code" => "1113", "message" => "Insufficient balance or no resource package. Please recharge."}}
2026-10-06 22:14:25 +0800	R76/2006/r76-2006-cz1-2025-03	API error for R76/2006/r76-2006-cz1-2025-03: {"error" => {"code" => "1113", "message" => "Insufficient balance or no resource package. Please recharge."}}
2026-10-06 22:14:25 +0800	R76/2006/r76-2006-de1-2018-02-rev5	API error for R76/2006/r76-2006-de1-2018-02-rev5: {"error" => {"code" => "1113", "message" => "Insufficient balance or no resource package. Please recharge."}}
2026-10-06 22:14:25 +0800	R76/2006/r76-2006-de1-2018-6	API error for R76/2006/r76-2006-de1-2018-6: {"error" => {"code" => "1113", "message" => "Insufficient balance or no resource package. Please recharge."}}
2026-10-06 22:14:25 +0800	R76/2006/r76-2006-de1-2023-01	API error for R76/2006/r76-2006-de1-2023-01: {"error" => {"code" => "1113", "message" => "Insufficient balance or no resource package. Please recharge."}}
2026-10-06 22:14:25 +0800	R76/2006/r76-2006-de1-2023-02	API error for R76/2006/r76-2006-de1-2023-02: {"error" => {"code" => "1113", "message" => "Insufficient balance or no resource package. Please recharge."}}
2026-10-06 22:14:25 +0800	R76/2006/r76-2006-de1-2023-03	API error for R76/2006/r76-2006-de1-2023-03: {"error" => {"code" => "1113", "message" => "Insufficient balance or no resource package. Please recharge."}}
2026-10-06 22:14:25 +0800	R76/2006/r76-2006-de1-2023-05	API error for R76/2006/r76-2006-de1-2023-05: {"error" => {"code" => "1113", "message" => "Insufficient balance or no resource package. Please recharge."}}
2026-10-06 22:14:25 +0800	R76/2006/r76-2006-de1-2023-06-rev1	API error for R76/2006/r76-2006-de1-2023-06-rev1: {"error" => {"code" => "1113", "message" => "Insufficient balance or no resource package. Please recharge."}}
2026-10-06 22:14:25 +0800	R76/2006/r76-2006-de1-2023-06	API error for R76/2006/r76-2006-de1-2023-06: {"error" => {"code" => "1113", "message" => "Insufficient balance or no resource package. Please recharge."}}
2026-10-06 22:14:25 +0800	R76/2006/r76-2006-de1-2023-07	API error for R76/2006/r76-2006-de1-2023-07: {"error" => {"code" => "1113", "message" => "Insufficient balance or no resource package. Please recharge."}}
2026-10-06 22:14:25 +0800	R76/2006/r76-2006-de1-2023-08	API error for R76/2006/r76-2006-de1-2023-08: {"error" => {"code" => "1113", "message" => "Insufficient balance or no resource package. Please recharge."}}
2026-10-06 22:14:25 +0800	R76/2006/r76-2006-de1-2023-09	API error for R76/2006/r76-2006-de1-2023-09: {"error" => {"code" => "1113", "message" => "Insufficient balance or no resource package. Please recharge."}}
2026-10-06 22:14:25 +0800	R76/2006/r76-2006-de1-2024-01	API error for R76/2006/r76-2006-de1-2024-01: {"error" => {"code" => "1113", "message" => "Insufficient balance or no resource package. Please recharge."}}
2026-10-06 22:14:25 +0800	R76/2006/r76-2006-de1-2024-03	API error for R76/2006/r76-2006-de1-2024-03: {"error" => {"code" => "1113", "message" => "Insufficient balance or no resource package. Please recharge."}}
2026-10-06 22:14:25 +0800	R76/2006/r76-2006-de1-2026-01	API error for R76/2006/r76-2006-de1-2026-01: {"error" => {"code" => "1113", "message" => "Insufficient balance or no resource package. Please recharge."}}
2026-10-06 22:14:25 +0800	R76/2006/r76-2006-de1-2026-04	API error for R76/2006/r76-2006-de1-2026-04: {"error" => {"code" => "1113", "message" => "Insufficient balance or no resource package. Please recharge."}}
2026-10-06 22:14:25 +0800	R76/2006/r76-2006-dk2-2019-01-rev1	API error for R76/2006/r76-2006-dk2-2019-01-rev1: {"error" => {"code" => "1113", "message" => "Insufficient balance or no resource package. Please recharge."}}
2026-10-06 22:14:25 +0800	R76/2006/r76-2006-dk2-2020-01-rev1	API error for R76/2006/r76-2006-dk2-2020-01-rev1: {"error" => {"code" => "1113", "message" => "Insufficient balance or no resource package. Please recharge."}}
2026-10-06 22:14:25 +0800	R76/2006/r76-2006-dk2-2020-15-rev1	API error for R76/2006/r76-2006-dk2-2020-15-rev1: {"error" => {"code" => "1113", "message" => "Insufficient balance or no resource package. Please recharge."}}
2026-10-06 22:14:25 +0800	R76/2006/r76-2006-dk2-2022-03-rev1	API error for R76/2006/r76-2006-dk2-2022-03-rev1: {"error" => {"code" => "1113", "message" => "Insufficient balance or no resource package. Please recharge."}}
2026-10-06 22:14:25 +0800	R76/2006/r76-2006-dk2-2022-03-rev2	API error for R76/2006/r76-2006-dk2-2022-03-rev2: {"error" => {"code" => "1113", "message" => "Insufficient balance or no resource package. Please recharge."}}
2026-10-06 22:14:25 +0800	R76/2006/r76-2006-dk2-2022-06	API error for R76/2006/r76-2006-dk2-2022-06: {"error" => {"code" => "1113", "message" => "Insufficient balance or no resource package. Please recharge."}}
2026-10-06 22:14:25 +0800	R76/2006/r76-2006-dk2-2022-04	API error for R76/2006/r76-2006-dk2-2022-04: {"error" => {"code" => "1113", "message" => "Insufficient balance or no resource package. Please recharge."}}
2026-10-06 22:14:25 +0800	R76/2006/r76-2006-dk2-2022-07	API error for R76/2006/r76-2006-dk2-2022-07: {"error" => {"code" => "1113", "message" => "Insufficient balance or no resource package. Please recharge."}}
2026-10-06 22:14:25 +0800	R76/2006/r76-2006-dk2-2022-09	API error for R76/2006/r76-2006-dk2-2022-09: {"error" => {"code" => "1113", "message" => "Insufficient balance or no resource package. Please recharge."}}
2026-10-06 22:14:25 +0800	R76/2006/r76-2006-dk2-2022-10	API error for R76/2006/r76-2006-dk2-2022-10: {"error" => {"code" => "1113", "message" => "Insufficient balance or no resource package. Please recharge."}}
2026-10-06 22:14:25 +0800	R76/2006/r76-2006-dk2-2022-11-rev1	API error for R76/2006/r76-2006-dk2-2022-11-rev1: {"error" => {"code" => "1113", "message" => "Insufficient balance or no resource package. Please recharge."}}
2026-10-06 22:14:25 +0800	R76/2006/r76-2006-dk2-2022-11-rev2	API error for R76/2006/r76-2006-dk2-2022-11-rev2: {"error" => {"code" => "1113", "message" => "Insufficient balance or no resource package. Please recharge."}}
2026-10-06 22:14:25 +0800	R76/2006/r76-2006-dk2-2022-11	API error for R76/2006/r76-2006-dk2-2022-11: {"error" => {"code" => "1113", "message" => "Insufficient balance or no resource package. Please recharge."}}
2026-10-06 22:14:25 +0800	R76/2006/r76-2006-dk2-2023-02-rev1	API error for R76/2006/r76-2006-dk2-2023-02-rev1: {"error" => {"code" => "1113", "message" => "Insufficient balance or no resource package. Please recharge."}}
2026-10-06 22:14:25 +0800	R76/2006/r76-2006-dk2-2023-02	API error for R76/2006/r76-2006-dk2-2023-02: {"error" => {"code" => "1113", "message" => "Insufficient balance or no resource package. Please recharge."}}
2026-10-06 22:14:25 +0800	R76/2006/r76-2006-dk2-2023-03	API error for R76/2006/r76-2006-dk2-2023-03: {"error" => {"code" => "1113", "message" => "Insufficient balance or no resource package. Please recharge."}}
2026-10-06 22:14:25 +0800	R76/2006/r76-2006-dk2-2023-04-rev1	API error for R76/2006/r76-2006-dk2-2023-04-rev1: {"error" => {"code" => "1113", "message" => "Insufficient balance or no resource package. Please recharge."}}
2026-10-06 22:14:25 +0800	R76/2006/r76-2006-dk2-2023-04	API error for R76/2006/r76-2006-dk2-2023-04: {"error" => {"code" => "1113", "message" => "Insufficient balance or no resource package. Please recharge."}}
2026-10-06 22:14:25 +0800	R76/2006/r76-2006-dk2-2023-05	API error for R76/2006/r76-2006-dk2-2023-05: {"error" => {"code" => "1113", "message" => "Insufficient balance or no resource package. Please recharge."}}
2026-10-06 22:14:25 +0800	R76/2006/r76-2006-dk2-2024-01	API error for R76/2006/r76-2006-dk2-2024-01: {"error" => {"code" => "1113", "message" => "Insufficient balance or no resource package. Please recharge."}}
2026-10-06 22:14:25 +0800	R76/2006/r76-2006-dk2-2023-06	API error for R76/2006/r76-2006-dk2-2023-06: {"error" => {"code" => "1113", "message" => "Insufficient balance or no resource package. Please recharge."}}
2026-10-06 22:14:25 +0800	R76/2006/r76-2006-dk2-2023-09	API error for R76/2006/r76-2006-dk2-2023-09: {"error" => {"code" => "1113", "message" => "Insufficient balance or no resource package. Please recharge."}}
2026-10-06 22:14:25 +0800	R76/2006/r76-2006-dk2-2024-02-rev1	API error for R76/2006/r76-2006-dk2-2024-02-rev1: {"error" => {"code" => "1113", "message" => "Insufficient balance or no resource package. Please recharge."}}
2026-10-06 22:14:25 +0800	R76/2006/r76-2006-dk2-2024-08	API error for R76/2006/r76-2006-dk2-2024-08: {"error" => {"code" => "1113", "message" => "Insufficient balance or no resource package. Please recharge."}}
2026-10-06 22:14:25 +0800	R76/2006/r76-2006-dk2-2024-11-rev1	API error for R76/2006/r76-2006-dk2-2024-11-rev1: {"error" => {"code" => "1113", "message" => "Insufficient balance or no resource package. Please recharge."}}
2026-10-06 22:14:25 +0800	R76/2006/r76-2006-dk2-2024-13	API error for R76/2006/r76-2006-dk2-2024-13: {"error" => {"code" => "1113", "message" => "Insufficient balance or no resource package. Please recharge."}}
2026-10-06 22:14:25 +0800	R76/2006/r76-2006-dk2-2024-12	API error for R76/2006/r76-2006-dk2-2024-12: {"error" => {"code" => "1113", "message" => "Insufficient balance or no resource package. Please recharge."}}
2026-10-06 22:14:25 +0800	R76/2006/r76-2006-dk2-2025-02	API error for R76/2006/r76-2006-dk2-2025-02: {"error" => {"code" => "1113", "message" => "Insufficient balance or no resource package. Please recharge."}}
2026-10-06 22:14:25 +0800	R76/2006/r76-2006-dk2-2025-01	API error for R76/2006/r76-2006-dk2-2025-01: {"error" => {"code" => "1113", "message" => "Insufficient balance or no resource package. Please recharge."}}
2026-10-06 22:14:25 +0800	R76/2006/r76-2006-dk2-2025-03	API error for R76/2006/r76-2006-dk2-2025-03: {"error" => {"code" => "1113", "message" => "Insufficient balance or no resource package. Please recharge."}}
2026-10-06 22:14:25 +0800	R76/2006/r76-2006-dk2-2025-06	API error for R76/2006/r76-2006-dk2-2025-06: {"error" => {"code" => "1113", "message" => "Insufficient balance or no resource package. Please recharge."}}
2026-10-06 22:14:25 +0800	R76/2006/r76-2006-dk2-2025-05	API error for R76/2006/r76-2006-dk2-2025-05: {"error" => {"code" => "1113", "message" => "Insufficient balance or no resource package. Please recharge."}}
2026-10-06 22:14:25 +0800	R76/2006/r76-2006-dk2-2025-07	API error for R76/2006/r76-2006-dk2-2025-07: {"error" => {"code" => "1113", "message" => "Insufficient balance or no resource package. Please recharge."}}
2026-10-06 22:14:25 +0800	R76/2006/r76-2006-dk2-2025-09	API error for R76/2006/r76-2006-dk2-2025-09: {"error" => {"code" => "1113", "message" => "Insufficient balance or no resource package. Please recharge."}}
2026-10-06 22:14:25 +0800	R76/2006/r76-2006-dk2-2025-10	API error for R76/2006/r76-2006-dk2-2025-10: {"error" => {"code" => "1113", "message" => "Insufficient balance or no resource package. Please recharge."}}
2026-10-06 22:14:25 +0800	R76/2006/r76-2006-dk2-2026-02	API error for R76/2006/r76-2006-dk2-2026-02: {"error" => {"code" => "1113", "message" => "Insufficient balance or no resource package. Please recharge."}}
2026-10-06 22:14:25 +0800	R76/2006/r76-2006-dk2-2026-04	API error for R76/2006/r76-2006-dk2-2026-04: {"error" => {"code" => "1113", "message" => "Insufficient balance or no resource package. Please recharge."}}
2026-10-06 22:14:25 +0800	R76/2006/r76-2006-dk2-2026-03	API error for R76/2006/r76-2006-dk2-2026-03: {"error" => {"code" => "1113", "message" => "Insufficient balance or no resource package. Please recharge."}}
2026-10-06 22:14:25 +0800	R76/2006/r76-2006-fr2-2018-01-rev1	API error for R76/2006/r76-2006-fr2-2018-01-rev1: {"error" => {"code" => "1113", "message" => "Insufficient balance or no resource package. Please recharge."}}
2026-10-06 22:14:25 +0800	R76/2006/r76-2006-fr2-2019-02-rev1	API error for R76/2006/r76-2006-fr2-2019-02-rev1: {"error" => {"code" => "1113", "message" => "Insufficient balance or no resource package. Please recharge."}}
2026-10-06 22:14:25 +0800	R76/2006/r76-2006-fr2-2019-02-rev2	API error for R76/2006/r76-2006-fr2-2019-02-rev2: {"error" => {"code" => "1113", "message" => "Insufficient balance or no resource package. Please recharge."}}
2026-10-06 22:14:25 +0800	R76/2006/r76-2006-fr2-2020-02-rev1	API error for R76/2006/r76-2006-fr2-2020-02-rev1: {"error" => {"code" => "1113", "message" => "Insufficient balance or no resource package. Please recharge."}}
2026-10-06 22:14:25 +0800	R76/2006/r76-2006-fr2-2023-02-rev1	API error for R76/2006/r76-2006-fr2-2023-02-rev1: {"error" => {"code" => "1113", "message" => "Insufficient balance or no resource package. Please recharge."}}
2026-10-06 22:14:25 +0800	R76/2006/r76-2006-fr2-2023-02-rev0	API error for R76/2006/r76-2006-fr2-2023-02-rev0: {"error" => {"code" => "1113", "message" => "Insufficient balance or no resource package. Please recharge."}}
2026-10-06 22:14:25 +0800	R76/2006/r76-2006-fr2-2023-03-rev1	API error for R76/2006/r76-2006-fr2-2023-03-rev1: {"error" => {"code" => "1113", "message" => "Insufficient balance or no resource package. Please recharge."}}
2026-10-06 22:14:25 +0800	R76/2006/r76-2006-fr2-2024-01-rev0	API error for R76/2006/r76-2006-fr2-2024-01-rev0: {"error" => {"code" => "1113", "message" => "Insufficient balance or no resource package. Please recharge."}}
2026-10-06 22:14:25 +0800	R76/2006/r76-2006-jp1-2020-01-rev2	API error for R76/2006/r76-2006-jp1-2020-01-rev2: {"error" => {"code" => "1113", "message" => "Insufficient balance or no resource package. Please recharge."}}
2026-10-06 22:14:25 +0800	R76/2006/r76-2006-jp1-2020-01-rev3	API error for R76/2006/r76-2006-jp1-2020-01-rev3: {"error" => {"code" => "1113", "message" => "Insufficient balance or no resource package. Please recharge."}}
2026-10-06 22:14:25 +0800	R76/2006/r76-2006-jp1-2022-01-rev1	API error for R76/2006/r76-2006-jp1-2022-01-rev1: {"error" => {"code" => "1113", "message" => "Insufficient balance or no resource package. Please recharge."}}
2026-10-06 22:14:25 +0800	R76/2006/r76-2006-jp1-2022-01	API error for R76/2006/r76-2006-jp1-2022-01: {"error" => {"code" => "1113", "message" => "Insufficient balance or no resource package. Please recharge."}}
2026-10-06 22:14:25 +0800	R76/2006/r76-2006-jp1-2022-02	API error for R76/2006/r76-2006-jp1-2022-02: {"error" => {"code" => "1113", "message" => "Insufficient balance or no resource package. Please recharge."}}
2026-10-06 22:14:25 +0800	R76/2006/r76-2006-jp1-2023-01	API error for R76/2006/r76-2006-jp1-2023-01: {"error" => {"code" => "1113", "message" => "Insufficient balance or no resource package. Please recharge."}}
2026-10-06 22:14:25 +0800	R76/2006/r76-2006-jp1-2023-02	API error for R76/2006/r76-2006-jp1-2023-02: {"error" => {"code" => "1113", "message" => "Insufficient balance or no resource package. Please recharge."}}
2026-10-06 22:14:25 +0800	R76/2006/r76-2006-jp1-2025-01	API error for R76/2006/r76-2006-jp1-2025-01: {"error" => {"code" => "1113", "message" => "Insufficient balance or no resource package. Please recharge."}}
2026-10-06 22:14:25 +0800	R76/2006/r76-2006-jp1-2025-02	API error for R76/2006/r76-2006-jp1-2025-02: {"error" => {"code" => "1113", "message" => "Insufficient balance or no resource package. Please recharge."}}
2026-10-06 22:14:25 +0800	R76/2006/r76-2006-nl1-2015-15-rev1	API error for R76/2006/r76-2006-nl1-2015-15-rev1: {"error" => {"code" => "1113", "message" => "Insufficient balance or no resource package. Please recharge."}}
2026-10-06 22:14:25 +0800	R76/2006/r76-2006-nl1-2015-15-rev2	API error for R76/2006/r76-2006-nl1-2015-15-rev2: {"error" => {"code" => "1113", "message" => "Insufficient balance or no resource package. Please recharge."}}
2026-10-06 22:14:25 +0800	R76/2006/r76-2006-nl1-2018-05-rev2	API error for R76/2006/r76-2006-nl1-2018-05-rev2: {"error" => {"code" => "1113", "message" => "Insufficient balance or no resource package. Please recharge."}}
2026-10-06 22:14:25 +0800	R76/2006/r76-2006-nl1-2018-05-rev1	API error for R76/2006/r76-2006-nl1-2018-05-rev1: {"error" => {"code" => "1113", "message" => "Insufficient balance or no resource package. Please recharge."}}
2026-10-06 22:14:25 +0800	R76/2006/r76-2006-nl1-2018-13-rev1	API error for R76/2006/r76-2006-nl1-2018-13-rev1: {"error" => {"code" => "1113", "message" => "Insufficient balance or no resource package. Please recharge."}}
2026-10-06 22:14:25 +0800	R76/2006/r76-2006-nl1-2018-17-rev2	API error for R76/2006/r76-2006-nl1-2018-17-rev2: {"error" => {"code" => "1113", "message" => "Insufficient balance or no resource package. Please recharge."}}
2026-10-06 22:14:25 +0800	R76/2006/r76-2006-nl1-2018-27-rev2	API error for R76/2006/r76-2006-nl1-2018-27-rev2: {"error" => {"code" => "1113", "message" => "Insufficient balance or no resource package. Please recharge."}}
2026-10-06 22:14:25 +0800	R76/2006/r76-2006-nl1-2018-48-rev2	API error for R76/2006/r76-2006-nl1-2018-48-rev2: {"error" => {"code" => "1113", "message" => "Insufficient balance or no resource package. Please recharge."}}
2026-10-06 22:14:25 +0800	R76/2006/r76-2006-nl1-2018-27-rev3	API error for R76/2006/r76-2006-nl1-2018-27-rev3: {"error" => {"code" => "1113", "message" => "Insufficient balance or no resource package. Please recharge."}}
2026-10-06 22:14:25 +0800	R76/2006/r76-2006-nl1-2018-48-rev3	API error for R76/2006/r76-2006-nl1-2018-48-rev3: {"error" => {"code" => "1113", "message" => "Insufficient balance or no resource package. Please recharge."}}
2026-10-06 22:14:25 +0800	R76/2006/r76-2006-nl1-2018-50-rev2	API error for R76/2006/r76-2006-nl1-2018-50-rev2: {"error" => {"code" => "1113", "message" => "Insufficient balance or no resource package. Please recharge."}}
2026-10-06 22:14:25 +0800	R76/2006/r76-2006-nl1-2018-51-rev2	API error for R76/2006/r76-2006-nl1-2018-51-rev2: {"error" => {"code" => "1113", "message" => "Insufficient balance or no resource package. Please recharge."}}
2026-10-06 22:14:25 +0800	R76/2006/r76-2006-nl1-2019-04-rev1	API error for R76/2006/r76-2006-nl1-2019-04-rev1: {"error" => {"code" => "1113", "message" => "Insufficient balance or no resource package. Please recharge."}}
2026-10-06 22:14:25 +0800	R76/2006/r76-2006-nl1-2019-23-rev2	API error for R76/2006/r76-2006-nl1-2019-23-rev2: {"error" => {"code" => "1113", "message" => "Insufficient balance or no resource package. Please recharge."}}
2026-10-06 22:14:25 +0800	R76/2006/r76-2006-nl1-2019-28-rev2	API error for R76/2006/r76-2006-nl1-2019-28-rev2: {"error" => {"code" => "1113", "message" => "Insufficient balance or no resource package. Please recharge."}}
2026-10-06 22:14:25 +0800	R76/2006/r76-2006-nl1-2019-26-rev3	API error for R76/2006/r76-2006-nl1-2019-26-rev3: {"error" => {"code" => "1113", "message" => "Insufficient balance or no resource package. Please recharge."}}
2026-10-06 22:14:25 +0800	R76/2006/r76-2006-nl1-2019-28-rev3	API error for R76/2006/r76-2006-nl1-2019-28-rev3: {"error" => {"code" => "1113", "message" => "Insufficient balance or no resource package. Please recharge."}}
2026-10-06 22:14:25 +0800	R76/2006/r76-2006-nl1-2019-29-rev2	API error for R76/2006/r76-2006-nl1-2019-29-rev2: {"error" => {"code" => "1113", "message" => "Insufficient balance or no resource package. Please recharge."}}
2026-10-06 22:14:25 +0800	R76/2006/r76-2006-nl1-2019-49-rev1	API error for R76/2006/r76-2006-nl1-2019-49-rev1: {"error" => {"code" => "1113", "message" => "Insufficient balance or no resource package. Please recharge."}}
2026-10-06 22:14:25 +0800	R76/2006/r76-2006-nl1-2019-49-rev2	API error for R76/2006/r76-2006-nl1-2019-49-rev2: {"error" => {"code" => "1113", "message" => "Insufficient balance or no resource package. Please recharge."}}
2026-10-06 22:14:25 +0800	R76/2006/r76-2006-nl1-2019-51-rev1	API error for R76/2006/r76-2006-nl1-2019-51-rev1: {"error" => {"code" => "1113", "message" => "Insufficient balance or no resource package. Please recharge."}}
2026-10-06 22:14:25 +0800	R76/2006/r76-2006-nl1-2019-56-rev3	API error for R76/2006/r76-2006-nl1-2019-56-rev3: {"error" => {"code" => "1113", "message" => "Insufficient balance or no resource package. Please recharge."}}
2026-10-06 22:14:25 +0800	R76/2006/r76-2006-nl1-2019-56-rev4	API error for R76/2006/r76-2006-nl1-2019-56-rev4: {"error" => {"code" => "1113", "message" => "Insufficient balance or no resource package. Please recharge."}}
2026-10-06 22:14:25 +0800	R76/2006/r76-2006-nl1-2020-01-rev1	API error for R76/2006/r76-2006-nl1-2020-01-rev1: {"error" => {"code" => "1113", "message" => "Insufficient balance or no resource package. Please recharge."}}
2026-10-06 22:14:25 +0800	R76/2006/r76-2006-nl1-2019-58-rev1	API error for R76/2006/r76-2006-nl1-2019-58-rev1: {"error" => {"code" => "1113", "message" => "Insufficient balance or no resource package. Please recharge."}}
2026-10-06 22:14:25 +0800	R76/2006/r76-2006-nl1-2019-58-rev2	API error for R76/2006/r76-2006-nl1-2019-58-rev2: {"error" => {"code" => "1113", "message" => "Insufficient balance or no resource package. Please recharge."}}
2026-10-06 22:14:25 +0800	R76/2006/r76-2006-nl1-2020-07-rev1	API error for R76/2006/r76-2006-nl1-2020-07-rev1: {"error" => {"code" => "1113", "message" => "Insufficient balance or no resource package. Please recharge."}}
2026-10-06 22:14:25 +0800	R76/2006/r76-2006-nl1-2020-07-rev2	API error for R76/2006/r76-2006-nl1-2020-07-rev2: {"error" => {"code" => "1113", "message" => "Insufficient balance or no resource package. Please recharge."}}
2026-10-06 22:14:25 +0800	R76/2006/r76-2006-nl1-2020-17-rev2	API error for R76/2006/r76-2006-nl1-2020-17-rev2: {"error" => {"code" => "1113", "message" => "Insufficient balance or no resource package. Please recharge."}}
2026-10-06 22:14:25 +0800	R76/2006/r76-2006-nl1-2020-18-rev3	API error for R76/2006/r76-2006-nl1-2020-18-rev3: {"error" => {"code" => "1113", "message" => "Insufficient balance or no resource package. Please recharge."}}
2026-10-06 22:14:25 +0800	R76/2006/r76-2006-nl1-2020-18-rev4	API error for R76/2006/r76-2006-nl1-2020-18-rev4: {"error" => {"code" => "1113", "message" => "Insufficient balance or no resource package. Please recharge."}}
2026-10-06 22:14:25 +0800	R76/2006/r76-2006-nl1-2020-17-rev3	API error for R76/2006/r76-2006-nl1-2020-17-rev3: {"error" => {"code" => "1113", "message" => "Insufficient balance or no resource package. Please recharge."}}
2026-10-06 22:14:25 +0800	R76/2006/r76-2006-nl1-2020-18-rev5	API error for R76/2006/r76-2006-nl1-2020-18-rev5: {"error" => {"code" => "1113", "message" => "Insufficient balance or no resource package. Please recharge."}}
2026-10-06 22:14:25 +0800	R76/2006/r76-2006-nl1-2020-21-rev3	API error for R76/2006/r76-2006-nl1-2020-21-rev3: {"error" => {"code" => "1113", "message" => "Insufficient balance or no resource package. Please recharge."}}
2026-10-06 22:14:25 +0800	R76/2006/r76-2006-nl1-2020-18-rev6	API error for R76/2006/r76-2006-nl1-2020-18-rev6: {"error" => {"code" => "1113", "message" => "Insufficient balance or no resource package. Please recharge."}}
2026-10-06 22:14:25 +0800	R76/2006/r76-2006-nl1-2020-22-rev3	API error for R76/2006/r76-2006-nl1-2020-22-rev3: {"error" => {"code" => "1113", "message" => "Insufficient balance or no resource package. Please recharge."}}
2026-10-06 22:14:25 +0800	R76/2006/r76-2006-nl1-2020-21-rev2	API error for R76/2006/r76-2006-nl1-2020-21-rev2: {"error" => {"code" => "1113", "message" => "Insufficient balance or no resource package. Please recharge."}}
2026-10-06 22:14:25 +0800	R76/2006/r76-2006-nl1-2020-22-rev2	API error for R76/2006/r76-2006-nl1-2020-22-rev2: {"error" => {"code" => "1113", "message" => "Insufficient balance or no resource package. Please recharge."}}
2026-10-06 22:14:25 +0800	R76/2006/r76-2006-nl1-2020-27-rev1	API error for R76/2006/r76-2006-nl1-2020-27-rev1: {"error" => {"code" => "1113", "message" => "Insufficient balance or no resource package. Please recharge."}}
2026-10-06 22:14:25 +0800	R76/2006/r76-2006-nl1-2020-27-rev3	API error for R76/2006/r76-2006-nl1-2020-27-rev3: {"error" => {"code" => "1113", "message" => "Insufficient balance or no resource package. Please recharge."}}
2026-10-06 22:14:25 +0800	R76/2006/r76-2006-nl1-2020-39-rev3	API error for R76/2006/r76-2006-nl1-2020-39-rev3: {"error" => {"code" => "1113", "message" => "Insufficient balance or no resource package. Please recharge."}}
2026-10-06 22:14:25 +0800	R76/2006/r76-2006-nl1-2020-39-rev4	API error for R76/2006/r76-2006-nl1-2020-39-rev4: {"error" => {"code" => "1113", "message" => "Insufficient balance or no resource package. Please recharge."}}
2026-10-06 22:14:25 +0800	R76/2006/r76-2006-nl1-2020-27-rev2	API error for R76/2006/r76-2006-nl1-2020-27-rev2: {"error" => {"code" => "1113", "message" => "Insufficient balance or no resource package. Please recharge."}}
2026-10-06 22:14:25 +0800	R76/2006/r76-2006-nl1-2020-44-rev2	API error for R76/2006/r76-2006-nl1-2020-44-rev2: {"error" => {"code" => "1113", "message" => "Insufficient balance or no resource package. Please recharge."}}
2026-10-06 22:14:25 +0800	R76/2006/r76-2006-nl1-2020-41-rev2	API error for R76/2006/r76-2006-nl1-2020-41-rev2: {"error" => {"code" => "1113", "message" => "Insufficient balance or no resource package. Please recharge."}}
2026-10-06 22:14:25 +0800	R76/2006/r76-2006-nl1-2020-49-rev1	API error for R76/2006/r76-2006-nl1-2020-49-rev1: {"error" => {"code" => "1113", "message" => "Insufficient balance or no resource package. Please recharge."}}
2026-10-06 22:14:25 +0800	R76/2006/r76-2006-nl1-2020-50-rev2	API error for R76/2006/r76-2006-nl1-2020-50-rev2: {"error" => {"code" => "1113", "message" => "Insufficient balance or no resource package. Please recharge."}}
2026-10-06 22:14:25 +0800	R76/2006/r76-2006-nl1-2020-50-rev3	API error for R76/2006/r76-2006-nl1-2020-50-rev3: {"error" => {"code" => "1113", "message" => "Insufficient balance or no resource package. Please recharge."}}
2026-10-06 22:14:25 +0800	R76/2006/r76-2006-nl1-2020-56-rev1	API error for R76/2006/r76-2006-nl1-2020-56-rev1: {"error" => {"code" => "1113", "message" => "Insufficient balance or no resource package. Please recharge."}}
2026-10-06 22:14:25 +0800	R76/2006/r76-2006-nl1-2020-69-rev5	API error for R76/2006/r76-2006-nl1-2020-69-rev5: {"error" => {"code" => "1113", "message" => "Insufficient balance or no resource package. Please recharge."}}
2026-10-06 22:14:25 +0800	R76/2006/r76-2006-nl1-2020-70-rev4	API error for R76/2006/r76-2006-nl1-2020-70-rev4: {"error" => {"code" => "1113", "message" => "Insufficient balance or no resource package. Please recharge."}}
2026-10-06 22:14:25 +0800	R76/2006/r76-2006-nl1-2020-70-rev5	API error for R76/2006/r76-2006-nl1-2020-70-rev5: {"error" => {"code" => "1113", "message" => "Insufficient balance or no resource package. Please recharge."}}
2026-10-06 22:14:25 +0800	R76/2006/r76-2006-nl1-2021-01-rev3	API error for R76/2006/r76-2006-nl1-2021-01-rev3: {"error" => {"code" => "1113", "message" => "Insufficient balance or no resource package. Please recharge."}}
2026-10-06 22:14:25 +0800	R76/2006/r76-2006-nl1-2021-04-rev1	API error for R76/2006/r76-2006-nl1-2021-04-rev1: {"error" => {"code" => "1113", "message" => "Insufficient balance or no resource package. Please recharge."}}
2026-10-06 22:14:25 +0800	R76/2006/r76-2006-nl1-2021-09-rev1	API error for R76/2006/r76-2006-nl1-2021-09-rev1: {"error" => {"code" => "1113", "message" => "Insufficient balance or no resource package. Please recharge."}}
2026-10-06 22:14:25 +0800	R76/2006/r76-2006-nl1-2021-09-rev2	API error for R76/2006/r76-2006-nl1-2021-09-rev2: {"error" => {"code" => "1113", "message" => "Insufficient balance or no resource package. Please recharge."}}
2026-10-06 22:14:25 +0800	R76/2006/r76-2006-nl1-2021-10-rev1	API error for R76/2006/r76-2006-nl1-2021-10-rev1: {"error" => {"code" => "1113", "message" => "Insufficient balance or no resource package. Please recharge."}}
2026-10-06 22:14:25 +0800	R76/2006/r76-2006-nl1-2021-16-rev1	API error for R76/2006/r76-2006-nl1-2021-16-rev1: {"error" => {"code" => "1113", "message" => "Insufficient balance or no resource package. Please recharge."}}
2026-10-06 22:14:25 +0800	R76/2006/r76-2006-nl1-2021-19-rev1	API error for R76/2006/r76-2006-nl1-2021-19-rev1: {"error" => {"code" => "1113", "message" => "Insufficient balance or no resource package. Please recharge."}}
2026-10-06 22:14:25 +0800	R76/2006/r76-2006-nl1-2021-23-rev1	API error for R76/2006/r76-2006-nl1-2021-23-rev1: {"error" => {"code" => "1113", "message" => "Insufficient balance or no resource package. Please recharge."}}
2026-10-06 22:14:25 +0800	R76/2006/r76-2006-nl1-2021-23-rev3	API error for R76/2006/r76-2006-nl1-2021-23-rev3: {"error" => {"code" => "1113", "message" => "Insufficient balance or no resource package. Please recharge."}}
2026-10-06 22:14:25 +0800	R76/2006/r76-2006-nl1-2021-24-rev1	API error for R76/2006/r76-2006-nl1-2021-24-rev1: {"error" => {"code" => "1113", "message" => "Insufficient balance or no resource package. Please recharge."}}
2026-10-06 22:14:25 +0800	R76/2006/r76-2006-nl1-2021-24-rev2	API error for R76/2006/r76-2006-nl1-2021-24-rev2: {"error" => {"code" => "1113", "message" => "Insufficient balance or no resource package. Please recharge."}}
2026-10-06 22:14:25 +0800	R76/2006/r76-2006-nl1-2021-24-rev3	API error for R76/2006/r76-2006-nl1-2021-24-rev3: {"error" => {"code" => "1113", "message" => "Insufficient balance or no resource package. Please recharge."}}
2026-10-06 22:14:25 +0800	R76/2006/r76-2006-nl1-2021-24-rev4	API error for R76/2006/r76-2006-nl1-2021-24-rev4: {"error" => {"code" => "1113", "message" => "Insufficient balance or no resource package. Please recharge."}}
2026-10-06 22:14:25 +0800	R76/2006/r76-2006-nl1-2021-24-rev5	API error for R76/2006/r76-2006-nl1-2021-24-rev5: {"error" => {"code" => "1113", "message" => "Insufficient balance or no resource package. Please recharge."}}
2026-10-06 22:14:25 +0800	R76/2006/r76-2006-nl1-2021-29-rev2	API error for R76/2006/r76-2006-nl1-2021-29-rev2: {"error" => {"code" => "1113", "message" => "Insufficient balance or no resource package. Please recharge."}}
2026-10-06 22:14:25 +0800	R76/2006/r76-2006-nl1-2021-30-rev1	API error for R76/2006/r76-2006-nl1-2021-30-rev1: {"error" => {"code" => "1113", "message" => "Insufficient balance or no resource package. Please recharge."}}
2026-10-06 22:14:25 +0800	R76/2006/r76-2006-nl1-2021-35-rev1	API error for R76/2006/r76-2006-nl1-2021-35-rev1: {"error" => {"code" => "1113", "message" => "Insufficient balance or no resource package. Please recharge."}}
2026-10-06 22:14:25 +0800	R76/2006/r76-2006-nl1-2021-39-rev1	API error for R76/2006/r76-2006-nl1-2021-39-rev1: {"error" => {"code" => "1113", "message" => "Insufficient balance or no resource package. Please recharge."}}
2026-10-06 22:14:25 +0800	R76/2006/r76-2006-nl1-2021-45-rev1	API error for R76/2006/r76-2006-nl1-2021-45-rev1: {"error" => {"code" => "1113", "message" => "Insufficient balance or no resource package. Please recharge."}}
2026-10-06 22:14:25 +0800	R76/2006/r76-2006-nl1-2021-39-rev2	API error for R76/2006/r76-2006-nl1-2021-39-rev2: {"error" => {"code" => "1113", "message" => "Insufficient balance or no resource package. Please recharge."}}
2026-10-06 22:14:25 +0800	R76/2006/r76-2006-nl1-2021-45-rev2	API error for R76/2006/r76-2006-nl1-2021-45-rev2: {"error" => {"code" => "1113", "message" => "Insufficient balance or no resource package. Please recharge."}}
2026-10-06 22:14:25 +0800	R76/2006/r76-2006-nl1-2022-03-rev2	API error for R76/2006/r76-2006-nl1-2022-03-rev2: {"error" => {"code" => "1113", "message" => "Insufficient balance or no resource package. Please recharge."}}
2026-10-06 22:14:25 +0800	R76/2006/r76-2006-nl1-2022-03-rev1	API error for R76/2006/r76-2006-nl1-2022-03-rev1: {"error" => {"code" => "1113", "message" => "Insufficient balance or no resource package. Please recharge."}}
2026-10-06 22:14:25 +0800	R76/2006/r76-2006-nl1-2022-08-rev1	API error for R76/2006/r76-2006-nl1-2022-08-rev1: {"error" => {"code" => "1113", "message" => "Insufficient balance or no resource package. Please recharge."}}
2026-10-06 22:14:25 +0800	R76/2006/r76-2006-nl1-2022-07-rev1	API error for R76/2006/r76-2006-nl1-2022-07-rev1: {"error" => {"code" => "1113", "message" => "Insufficient balance or no resource package. Please recharge."}}
2026-10-06 22:14:25 +0800	R76/2006/r76-2006-nl1-2022-04-rev1	API error for R76/2006/r76-2006-nl1-2022-04-rev1: {"error" => {"code" => "1113", "message" => "Insufficient balance or no resource package. Please recharge."}}
2026-10-06 22:14:25 +0800	R76/2006/r76-2006-nl1-2022-08-rev2	API error for R76/2006/r76-2006-nl1-2022-08-rev2: {"error" => {"code" => "1113", "message" => "Insufficient balance or no resource package. Please recharge."}}
2026-10-06 22:14:25 +0800	R76/2006/r76-2006-nl1-2022-09-rev1	API error for R76/2006/r76-2006-nl1-2022-09-rev1: {"error" => {"code" => "1113", "message" => "Insufficient balance or no resource package. Please recharge."}}
2026-10-06 22:14:25 +0800	R76/2006/r76-2006-nl1-2022-14-rev0	API error for R76/2006/r76-2006-nl1-2022-14-rev0: {"error" => {"code" => "1113", "message" => "Insufficient balance or no resource package. Please recharge."}}
2026-10-06 22:14:25 +0800	R76/2006/r76-2006-nl1-2022-16-rev0	API error for R76/2006/r76-2006-nl1-2022-16-rev0: {"error" => {"code" => "1113", "message" => "Insufficient balance or no resource package. Please recharge."}}
2026-10-06 22:14:25 +0800	R76/2006/r76-2006-nl1-2022-09-rev2	API error for R76/2006/r76-2006-nl1-2022-09-rev2: {"error" => {"code" => "1113", "message" => "Insufficient balance or no resource package. Please recharge."}}
2026-10-06 22:14:25 +0800	R76/2006/r76-2006-nl1-2022-17-rev0	API error for R76/2006/r76-2006-nl1-2022-17-rev0: {"error" => {"code" => "1113", "message" => "Insufficient balance or no resource package. Please recharge."}}
2026-10-06 22:14:25 +0800	R76/2006/r76-2006-nl1-2022-16-rev1	API error for R76/2006/r76-2006-nl1-2022-16-rev1: {"error" => {"code" => "1113", "message" => "Insufficient balance or no resource package. Please recharge."}}
2026-10-06 22:14:25 +0800	R76/2006/r76-2006-nl1-2022-18-rev1	API error for R76/2006/r76-2006-nl1-2022-18-rev1: {"error" => {"code" => "1113", "message" => "Insufficient balance or no resource package. Please recharge."}}
2026-10-06 22:14:25 +0800	R76/2006/r76-2006-nl1-2022-18-rev0	API error for R76/2006/r76-2006-nl1-2022-18-rev0: {"error" => {"code" => "1113", "message" => "Insufficient balance or no resource package. Please recharge."}}
2026-10-06 22:14:25 +0800	R76/2006/r76-2006-nl1-2022-20-rev0	API error for R76/2006/r76-2006-nl1-2022-20-rev0: {"error" => {"code" => "1113", "message" => "Insufficient balance or no resource package. Please recharge."}}
2026-10-06 22:14:25 +0800	R76/2006/r76-2006-nl1-2022-21-rev0	API error for R76/2006/r76-2006-nl1-2022-21-rev0: {"error" => {"code" => "1113", "message" => "Insufficient balance or no resource package. Please recharge."}}
2026-10-06 22:14:25 +0800	R76/2006/r76-2006-nl1-2022-21-rev1	API error for R76/2006/r76-2006-nl1-2022-21-rev1: {"error" => {"code" => "1113", "message" => "Insufficient balance or no resource package. Please recharge."}}
2026-10-06 22:14:25 +0800	R76/2006/r76-2006-nl1-2022-21-rev2	API error for R76/2006/r76-2006-nl1-2022-21-rev2: {"error" => {"code" => "1113", "message" => "Insufficient balance or no resource package. Please recharge."}}
2026-10-06 22:14:25 +0800	R76/2006/r76-2006-nl1-2022-22-rev0	API error for R76/2006/r76-2006-nl1-2022-22-rev0: {"error" => {"code" => "1113", "message" => "Insufficient balance or no resource package. Please recharge."}}
2026-10-06 22:14:25 +0800	R76/2006/r76-2006-nl1-2023-02-rev0	API error for R76/2006/r76-2006-nl1-2023-02-rev0: {"error" => {"code" => "1113", "message" => "Insufficient balance or no resource package. Please recharge."}}
2026-10-06 22:14:25 +0800	R76/2006/r76-2006-nl1-2023-03-rev0	API error for R76/2006/r76-2006-nl1-2023-03-rev0: {"error" => {"code" => "1113", "message" => "Insufficient balance or no resource package. Please recharge."}}
2026-10-06 22:14:25 +0800	R76/2006/r76-2006-nl1-2022-23-rev1	API error for R76/2006/r76-2006-nl1-2022-23-rev1: {"error" => {"code" => "1113", "message" => "Insufficient balance or no resource package. Please recharge."}}
2026-10-06 22:14:25 +0800	R76/2006/r76-2006-nl1-2023-04-rev0	API error for R76/2006/r76-2006-nl1-2023-04-rev0: {"error" => {"code" => "1113", "message" => "Insufficient balance or no resource package. Please recharge."}}
2026-10-06 22:14:25 +0800	R76/2006/r76-2006-nl1-2023-04-rev1	API error for R76/2006/r76-2006-nl1-2023-04-rev1: {"error" => {"code" => "1113", "message" => "Insufficient balance or no resource package. Please recharge."}}
2026-10-06 22:14:25 +0800	R76/2006/r76-2006-nl1-2023-05-rev0	API error for R76/2006/r76-2006-nl1-2023-05-rev0: {"error" => {"code" => "1113", "message" => "Insufficient balance or no resource package. Please recharge."}}
2026-10-06 22:14:25 +0800	R76/2006/r76-2006-nl1-2023-07-rev0	API error for R76/2006/r76-2006-nl1-2023-07-rev0: {"error" => {"code" => "1113", "message" => "Insufficient balance or no resource package. Please recharge."}}
2026-10-06 22:14:25 +0800	R76/2006/r76-2006-nl1-2023-06-rev0	API error for R76/2006/r76-2006-nl1-2023-06-rev0: {"error" => {"code" => "1113", "message" => "Insufficient balance or no resource package. Please recharge."}}
2026-10-06 22:14:25 +0800	R76/2006/r76-2006-nl1-2023-10-rev0	API error for R76/2006/r76-2006-nl1-2023-10-rev0: {"error" => {"code" => "1113", "message" => "Insufficient balance or no resource package. Please recharge."}}
2026-10-06 22:14:25 +0800	R76/2006/r76-2006-nl1-2023-11-rev0	API error for R76/2006/r76-2006-nl1-2023-11-rev0: {"error" => {"code" => "1113", "message" => "Insufficient balance or no resource package. Please recharge."}}
2026-10-06 22:14:25 +0800	R76/2006/r76-2006-nl1-2023-11-rev2	API error for R76/2006/r76-2006-nl1-2023-11-rev2: {"error" => {"code" => "1113", "message" => "Insufficient balance or no resource package. Please recharge."}}
2026-10-06 22:14:25 +0800	R76/2006/r76-2006-nl1-2023-11-rev3	API error for R76/2006/r76-2006-nl1-2023-11-rev3: {"error" => {"code" => "1113", "message" => "Insufficient balance or no resource package. Please recharge."}}
2026-10-06 22:14:25 +0800	R76/2006/r76-2006-nl1-2023-12-rev1	API error for R76/2006/r76-2006-nl1-2023-12-rev1: {"error" => {"code" => "1113", "message" => "Insufficient balance or no resource package. Please recharge."}}
2026-10-06 22:14:25 +0800	R76/2006/r76-2006-nl1-2023-13-rev0	API error for R76/2006/r76-2006-nl1-2023-13-rev0: {"error" => {"code" => "1113", "message" => "Insufficient balance or no resource package. Please recharge."}}
2026-10-06 22:14:25 +0800	R76/2006/r76-2006-nl1-2023-14-rev0	API error for R76/2006/r76-2006-nl1-2023-14-rev0: {"error" => {"code" => "1113", "message" => "Insufficient balance or no resource package. Please recharge."}}
2026-10-06 22:14:25 +0800	R76/2006/r76-2006-nl1-2023-15-rev0	API error for R76/2006/r76-2006-nl1-2023-15-rev0: {"error" => {"code" => "1113", "message" => "Insufficient balance or no resource package. Please recharge."}}
2026-10-06 22:14:25 +0800	R76/2006/r76-2006-nl1-2023-16-rev0	API error for R76/2006/r76-2006-nl1-2023-16-rev0: {"error" => {"code" => "1113", "message" => "Insufficient balance or no resource package. Please recharge."}}
2026-10-06 22:14:25 +0800	R76/2006/r76-2006-nl1-2023-16-rev1	API error for R76/2006/r76-2006-nl1-2023-16-rev1: {"error" => {"code" => "1113", "message" => "Insufficient balance or no resource package. Please recharge."}}
2026-10-06 22:14:25 +0800	R76/2006/r76-2006-nl1-2023-18-rev0	API error for R76/2006/r76-2006-nl1-2023-18-rev0: {"error" => {"code" => "1113", "message" => "Insufficient balance or no resource package. Please recharge."}}
2026-10-06 22:14:25 +0800	R76/2006/r76-2006-nl1-2023-17-rev0	API error for R76/2006/r76-2006-nl1-2023-17-rev0: {"error" => {"code" => "1113", "message" => "Insufficient balance or no resource package. Please recharge."}}
2026-10-06 22:14:25 +0800	R76/2006/r76-2006-nl1-2023-19-rev0	API error for R76/2006/r76-2006-nl1-2023-19-rev0: {"error" => {"code" => "1113", "message" => "Insufficient balance or no resource package. Please recharge."}}
2026-10-06 22:14:25 +0800	R76/2006/r76-2006-nl1-2023-19-rev1	API error for R76/2006/r76-2006-nl1-2023-19-rev1: {"error" => {"code" => "1113", "message" => "Insufficient balance or no resource package. Please recharge."}}
2026-10-06 22:14:25 +0800	R76/2006/r76-2006-nl1-2023-20-rev0	API error for R76/2006/r76-2006-nl1-2023-20-rev0: {"error" => {"code" => "1113", "message" => "Insufficient balance or no resource package. Please recharge."}}
2026-10-06 22:14:25 +0800	R76/2006/r76-2006-nl1-2023-23-rev1	API error for R76/2006/r76-2006-nl1-2023-23-rev1: {"error" => {"code" => "1113", "message" => "Insufficient balance or no resource package. Please recharge."}}
2026-10-06 22:14:25 +0800	R76/2006/r76-2006-nl1-2023-24-rev0	API error for R76/2006/r76-2006-nl1-2023-24-rev0: {"error" => {"code" => "1113", "message" => "Insufficient balance or no resource package. Please recharge."}}
2026-10-06 22:14:25 +0800	R76/2006/r76-2006-nl1-2023-21-rev0	API error for R76/2006/r76-2006-nl1-2023-21-rev0: {"error" => {"code" => "1113", "message" => "Insufficient balance or no resource package. Please recharge."}}
2026-10-06 22:14:25 +0800	R76/2006/r76-2006-nl1-2024-01-rev0	API error for R76/2006/r76-2006-nl1-2024-01-rev0: {"error" => {"code" => "1113", "message" => "Insufficient balance or no resource package. Please recharge."}}
2026-10-06 22:14:25 +0800	R76/2006/r76-2006-nl1-2024-02-rev1	API error for R76/2006/r76-2006-nl1-2024-02-rev1: {"error" => {"code" => "1113", "message" => "Insufficient balance or no resource package. Please recharge."}}
2026-10-06 22:14:25 +0800	R76/2006/r76-2006-nl1-2024-03-rev0	API error for R76/2006/r76-2006-nl1-2024-03-rev0: {"error" => {"code" => "1113", "message" => "Insufficient balance or no resource package. Please recharge."}}
2026-10-06 22:14:25 +0800	R76/2006/r76-2006-nl1-2024-04-rev0	API error for R76/2006/r76-2006-nl1-2024-04-rev0: {"error" => {"code" => "1113", "message" => "Insufficient balance or no resource package. Please recharge."}}
2026-10-06 22:14:25 +0800	R76/2006/r76-2006-nl1-2024-02	API error for R76/2006/r76-2006-nl1-2024-02: {"error" => {"code" => "1113", "message" => "Insufficient balance or no resource package. Please recharge."}}
2026-10-06 22:14:25 +0800	R76/2006/r76-2006-nl1-2024-05-rev0	API error for R76/2006/r76-2006-nl1-2024-05-rev0: {"error" => {"code" => "1113", "message" => "Insufficient balance or no resource package. Please recharge."}}
2026-10-06 22:14:25 +0800	R76/2006/r76-2006-nl1-2024-05-rev1	API error for R76/2006/r76-2006-nl1-2024-05-rev1: {"error" => {"code" => "1113", "message" => "Insufficient balance or no resource package. Please recharge."}}
2026-10-06 22:14:25 +0800	R76/2006/r76-2006-nl1-2024-07-rev0	API error for R76/2006/r76-2006-nl1-2024-07-rev0: {"error" => {"code" => "1113", "message" => "Insufficient balance or no resource package. Please recharge."}}
2026-10-06 22:14:25 +0800	R76/2006/r76-2006-nl1-2024-06-rev0	API error for R76/2006/r76-2006-nl1-2024-06-rev0: {"error" => {"code" => "1113", "message" => "Insufficient balance or no resource package. Please recharge."}}
2026-10-06 22:14:25 +0800	R76/2006/r76-2006-nl1-2024-05-rev2	API error for R76/2006/r76-2006-nl1-2024-05-rev2: {"error" => {"code" => "1113", "message" => "Insufficient balance or no resource package. Please recharge."}}
2026-10-06 22:14:25 +0800	R76/2006/r76-2006-nl1-2024-07-rev1	API error for R76/2006/r76-2006-nl1-2024-07-rev1: {"error" => {"code" => "1113", "message" => "Insufficient balance or no resource package. Please recharge."}}
2026-10-06 22:14:25 +0800	R76/2006/r76-2006-nl1-2024-08-rev0	API error for R76/2006/r76-2006-nl1-2024-08-rev0: {"error" => {"code" => "1113", "message" => "Insufficient balance or no resource package. Please recharge."}}
2026-10-06 22:14:25 +0800	R76/2006/r76-2006-nl1-2024-09-rev0	API error for R76/2006/r76-2006-nl1-2024-09-rev0: {"error" => {"code" => "1113", "message" => "Insufficient balance or no resource package. Please recharge."}}
2026-10-06 22:14:25 +0800	R76/2006/r76-2006-nl1-2024-08-rev1	API error for R76/2006/r76-2006-nl1-2024-08-rev1: {"error" => {"code" => "1113", "message" => "Insufficient balance or no resource package. Please recharge."}}
2026-10-06 22:14:25 +0800	R76/2006/r76-2006-nl1-2024-09-rev1	API error for R76/2006/r76-2006-nl1-2024-09-rev1: {"error" => {"code" => "1113", "message" => "Insufficient balance or no resource package. Please recharge."}}
2026-10-06 22:14:25 +0800	R76/2006/r76-2006-nl1-2024-10-rev0	API error for R76/2006/r76-2006-nl1-2024-10-rev0: {"error" => {"code" => "1113", "message" => "Insufficient balance or no resource package. Please recharge."}}
2026-10-06 22:14:25 +0800	R76/2006/r76-2006-nl1-2024-10-rev1	API error for R76/2006/r76-2006-nl1-2024-10-rev1: {"error" => {"code" => "1113", "message" => "Insufficient balance or no resource package. Please recharge."}}
2026-10-06 22:14:25 +0800	R76/2006/r76-2006-nl1-2024-11-rev0	API error for R76/2006/r76-2006-nl1-2024-11-rev0: {"error" => {"code" => "1113", "message" => "Insufficient balance or no resource package. Please recharge."}}
2026-10-06 22:14:25 +0800	R76/2006/r76-2006-nl1-2024-13-rev1	API error for R76/2006/r76-2006-nl1-2024-13-rev1: {"error" => {"code" => "1113", "message" => "Insufficient balance or no resource package. Please recharge."}}
2026-10-06 22:14:25 +0800	R76/2006/r76-2006-nl1-2024-15-rev0	API error for R76/2006/r76-2006-nl1-2024-15-rev0: {"error" => {"code" => "1113", "message" => "Insufficient balance or no resource package. Please recharge."}}
2026-10-06 22:14:25 +0800	R76/2006/r76-2006-nl1-2024-15-rev1	API error for R76/2006/r76-2006-nl1-2024-15-rev1: {"error" => {"code" => "1113", "message" => "Insufficient balance or no resource package. Please recharge."}}
2026-10-06 22:14:25 +0800	R76/2006/r76-2006-nl1-2024-16-rev0	API error for R76/2006/r76-2006-nl1-2024-16-rev0: {"error" => {"code" => "1113", "message" => "Insufficient balance or no resource package. Please recharge."}}
2026-10-06 22:14:25 +0800	R76/2006/r76-2006-nl1-2024-17-rev0	API error for R76/2006/r76-2006-nl1-2024-17-rev0: {"error" => {"code" => "1113", "message" => "Insufficient balance or no resource package. Please recharge."}}
2026-10-06 22:14:25 +0800	R76/2006/r76-2006-nl1-2024-17-rev1	API error for R76/2006/r76-2006-nl1-2024-17-rev1: {"error" => {"code" => "1113", "message" => "Insufficient balance or no resource package. Please recharge."}}
2026-10-06 22:14:25 +0800	R76/2006/r76-2006-nl1-2024-18-rev0	API error for R76/2006/r76-2006-nl1-2024-18-rev0: {"error" => {"code" => "1113", "message" => "Insufficient balance or no resource package. Please recharge."}}
2026-10-06 22:14:25 +0800	R76/2006/r76-2006-nl1-2024-20-rev0	API error for R76/2006/r76-2006-nl1-2024-20-rev0: {"error" => {"code" => "1113", "message" => "Insufficient balance or no resource package. Please recharge."}}
2026-10-06 22:14:25 +0800	R76/2006/r76-2006-nl1-2024-21-rev0	API error for R76/2006/r76-2006-nl1-2024-21-rev0: {"error" => {"code" => "1113", "message" => "Insufficient balance or no resource package. Please recharge."}}
2026-10-06 22:14:25 +0800	R76/2006/r76-2006-nl1-2024-22-rev0	API error for R76/2006/r76-2006-nl1-2024-22-rev0: {"error" => {"code" => "1113", "message" => "Insufficient balance or no resource package. Please recharge."}}
2026-10-06 22:14:25 +0800	R76/2006/r76-2006-nl1-2024-26-rev0	API error for R76/2006/r76-2006-nl1-2024-26-rev0: {"error" => {"code" => "1113", "message" => "Insufficient balance or no resource package. Please recharge."}}
2026-10-06 22:14:25 +0800	R76/2006/r76-2006-nl1-2024-23-rev0	API error for R76/2006/r76-2006-nl1-2024-23-rev0: {"error" => {"code" => "1113", "message" => "Insufficient balance or no resource package. Please recharge."}}
2026-10-06 22:14:25 +0800	R76/2006/r76-2006-nl1-2024-27-rev0	API error for R76/2006/r76-2006-nl1-2024-27-rev0: {"error" => {"code" => "1113", "message" => "Insufficient balance or no resource package. Please recharge."}}
2026-10-06 22:14:25 +0800	R76/2006/r76-2006-nl1-2024-28-rev0	API error for R76/2006/r76-2006-nl1-2024-28-rev0: {"error" => {"code" => "1113", "message" => "Insufficient balance or no resource package. Please recharge."}}
2026-10-06 22:14:25 +0800	R76/2006/r76-2006-nl1-2024-29-rev0	API error for R76/2006/r76-2006-nl1-2024-29-rev0: {"error" => {"code" => "1113", "message" => "Insufficient balance or no resource package. Please recharge."}}
2026-10-06 22:14:25 +0800	R76/2006/r76-2006-nl1-2024-30-rev1	API error for R76/2006/r76-2006-nl1-2024-30-rev1: {"error" => {"code" => "1113", "message" => "Insufficient balance or no resource package. Please recharge."}}
2026-10-06 22:14:25 +0800	R76/2006/r76-2006-nl1-2024-30-rev0	API error for R76/2006/r76-2006-nl1-2024-30-rev0: {"error" => {"code" => "1113", "message" => "Insufficient balance or no resource package. Please recharge."}}
2026-10-06 22:14:25 +0800	R76/2006/r76-2006-nl1-2025-01-rev0	API error for R76/2006/r76-2006-nl1-2025-01-rev0: {"error" => {"code" => "1113", "message" => "Insufficient balance or no resource package. Please recharge."}}
2026-10-06 22:14:25 +0800	R76/2006/r76-2006-nl1-2025-02-rev0	API error for R76/2006/r76-2006-nl1-2025-02-rev0: {"error" => {"code" => "1113", "message" => "Insufficient balance or no resource package. Please recharge."}}
2026-10-06 22:14:25 +0800	R76/2006/r76-2006-nl1-2025-04-rev0	API error for R76/2006/r76-2006-nl1-2025-04-rev0: {"error" => {"code" => "1113", "message" => "Insufficient balance or no resource package. Please recharge."}}
2026-10-06 22:14:25 +0800	R76/2006/r76-2006-nl1-2025-03-rev0	API error for R76/2006/r76-2006-nl1-2025-03-rev0: {"error" => {"code" => "1113", "message" => "Insufficient balance or no resource package. Please recharge."}}
2026-10-06 22:14:25 +0800	R76/2006/r76-2006-nl1-2025-04-rev1	API error for R76/2006/r76-2006-nl1-2025-04-rev1: {"error" => {"code" => "1113", "message" => "Insufficient balance or no resource package. Please recharge."}}
2026-10-06 22:14:25 +0800	R76/2006/r76-2006-nl1-2025-05-rev0	API error for R76/2006/r76-2006-nl1-2025-05-rev0: {"error" => {"code" => "1113", "message" => "Insufficient balance or no resource package. Please recharge."}}
2026-10-06 22:14:25 +0800	R76/2006/r76-2006-nl1-2025-06-rev1	API error for R76/2006/r76-2006-nl1-2025-06-rev1: {"error" => {"code" => "1113", "message" => "Insufficient balance or no resource package. Please recharge."}}
2026-10-06 22:14:25 +0800	R76/2006/r76-2006-nl1-2025-07-rev0	API error for R76/2006/r76-2006-nl1-2025-07-rev0: {"error" => {"code" => "1113", "message" => "Insufficient balance or no resource package. Please recharge."}}
2026-10-06 22:14:25 +0800	R76/2006/r76-2006-nl1-2025-10-rev0	API error for R76/2006/r76-2006-nl1-2025-10-rev0: {"error" => {"code" => "1113", "message" => "Insufficient balance or no resource package. Please recharge."}}
2026-10-06 22:14:25 +0800	R76/2006/r76-2006-nl1-2025-08-rev0	API error for R76/2006/r76-2006-nl1-2025-08-rev0: {"error" => {"code" => "1113", "message" => "Insufficient balance or no resource package. Please recharge."}}
2026-10-06 22:14:25 +0800	R76/2006/r76-2006-nl1-2025-11-rev0	API error for R76/2006/r76-2006-nl1-2025-11-rev0: {"error" => {"code" => "1113", "message" => "Insufficient balance or no resource package. Please recharge."}}
2026-10-06 22:14:25 +0800	R76/2006/r76-2006-nl1-2025-12-rev0	API error for R76/2006/r76-2006-nl1-2025-12-rev0: {"error" => {"code" => "1113", "message" => "Insufficient balance or no resource package. Please recharge."}}
2026-10-06 22:14:25 +0800	R76/2006/r76-2006-nl1-2025-12-rev1	API error for R76/2006/r76-2006-nl1-2025-12-rev1: {"error" => {"code" => "1113", "message" => "Insufficient balance or no resource package. Please recharge."}}
2026-10-06 22:14:25 +0800	R76/2006/r76-2006-nl1-2025-15-rev0	API error for R76/2006/r76-2006-nl1-2025-15-rev0: {"error" => {"code" => "1113", "message" => "Insufficient balance or no resource package. Please recharge."}}
2026-10-06 22:14:25 +0800	R76/2006/r76-2006-nl1-2025-16-rev0	API error for R76/2006/r76-2006-nl1-2025-16-rev0: {"error" => {"code" => "1113", "message" => "Insufficient balance or no resource package. Please recharge."}}
2026-10-06 22:14:25 +0800	R76/2006/r76-2006-nl1-2025-14-rev0	API error for R76/2006/r76-2006-nl1-2025-14-rev0: {"error" => {"code" => "1113", "message" => "Insufficient balance or no resource package. Please recharge."}}
2026-10-06 22:14:25 +0800	R76/2006/r76-2006-nl1-2025-17-rev0	API error for R76/2006/r76-2006-nl1-2025-17-rev0: {"error" => {"code" => "1113", "message" => "Insufficient balance or no resource package. Please recharge."}}
2026-10-06 22:14:25 +0800	R76/2006/r76-2006-nl1-2025-18-rev1	API error for R76/2006/r76-2006-nl1-2025-18-rev1: {"error" => {"code" => "1113", "message" => "Insufficient balance or no resource package. Please recharge."}}
2026-10-06 22:14:25 +0800	R76/2006/r76-2006-nl1-2025-18-rev0	API error for R76/2006/r76-2006-nl1-2025-18-rev0: {"error" => {"code" => "1113", "message" => "Insufficient balance or no resource package. Please recharge."}}
2026-10-06 22:14:25 +0800	R76/2006/r76-2006-nl1-2025-20-rev0	API error for R76/2006/r76-2006-nl1-2025-20-rev0: {"error" => {"code" => "1113", "message" => "Insufficient balance or no resource package. Please recharge."}}
2026-10-06 22:14:25 +0800	R76/2006/r76-2006-nl1-2025-19-rev0	API error for R76/2006/r76-2006-nl1-2025-19-rev0: {"error" => {"code" => "1113", "message" => "Insufficient balance or no resource package. Please recharge."}}
2026-10-06 22:14:25 +0800	R76/2006/r76-2006-nl1-2025-21-rev0	API error for R76/2006/r76-2006-nl1-2025-21-rev0: {"error" => {"code" => "1113", "message" => "Insufficient balance or no resource package. Please recharge."}}
2026-10-06 22:14:25 +0800	R76/2006/r76-2006-nl1-2025-23-rev0	API error for R76/2006/r76-2006-nl1-2025-23-rev0: {"error" => {"code" => "1113", "message" => "Insufficient balance or no resource package. Please recharge."}}
2026-10-06 22:14:25 +0800	R76/2006/r76-2006-nl1-2025-24-rev0	API error for R76/2006/r76-2006-nl1-2025-24-rev0: {"error" => {"code" => "1113", "message" => "Insufficient balance or no resource package. Please recharge."}}
2026-10-06 22:14:25 +0800	R76/2006/r76-2006-nl1-2025-25-rev0	API error for R76/2006/r76-2006-nl1-2025-25-rev0: {"error" => {"code" => "1113", "message" => "Insufficient balance or no resource package. Please recharge."}}
2026-10-06 22:14:25 +0800	R76/2006/r76-2006-nl1-2026-27-rev0	API error for R76/2006/r76-2006-nl1-2026-27-rev0: {"error" => {"code" => "1113", "message" => "Insufficient balance or no resource package. Please recharge."}}
2026-10-06 22:14:25 +0800	R76/2006/r76-2006-nl1-2026-28-rev0	API error for R76/2006/r76-2006-nl1-2026-28-rev0: {"error" => {"code" => "1113", "message" => "Insufficient balance or no resource package. Please recharge."}}
2026-10-06 22:14:25 +0800	R76/2006/r76-2006-nl1-2026-29-rev0	API error for R76/2006/r76-2006-nl1-2026-29-rev0: {"error" => {"code" => "1113", "message" => "Insufficient balance or no resource package. Please recharge."}}
2026-10-06 22:14:25 +0800	R76/2006/r76-2006-nl1-2026-31-rev0	API error for R76/2006/r76-2006-nl1-2026-31-rev0: {"error" => {"code" => "1113", "message" => "Insufficient balance or no resource package. Please recharge."}}
2026-10-06 22:14:25 +0800	R76/2006/r76-2006-nl1-2026-30	API error for R76/2006/r76-2006-nl1-2026-30: {"error" => {"code" => "1113", "message" => "Insufficient balance or no resource package. Please recharge."}}
2026-10-06 22:14:25 +0800	R76/2006/r76-2006-nl1-2026-30-rev0	API error for R76/2006/r76-2006-nl1-2026-30-rev0: {"error" => {"code" => "1113", "message" => "Insufficient balance or no resource package. Please recharge."}}
2026-10-06 22:14:25 +0800	R76/2006/r76-2006-nl1-2026-32-rev0	API error for R76/2006/r76-2006-nl1-2026-32-rev0: {"error" => {"code" => "1113", "message" => "Insufficient balance or no resource package. Please recharge."}}
2026-10-06 22:14:25 +0800	R76/2006/r76-2006-nl1-2026-34-rev0	API error for R76/2006/r76-2006-nl1-2026-34-rev0: {"error" => {"code" => "1113", "message" => "Insufficient balance or no resource package. Please recharge."}}
2026-10-06 22:14:25 +0800	R76/2006/r76-2006-nl1-2026-35-rev0	API error for R76/2006/r76-2006-nl1-2026-35-rev0: {"error" => {"code" => "1113", "message" => "Insufficient balance or no resource package. Please recharge."}}
2026-10-06 22:14:25 +0800	R85/1998/r085-1998-nl1-2005-01	API error for R85/1998/r085-1998-nl1-2005-01: {"error" => {"code" => "1113", "message" => "Insufficient balance or no resource package. Please recharge."}}
2026-10-06 22:14:25 +0800	R85/1998/r085-1998-nl1-2005-02	API error for R85/1998/r085-1998-nl1-2005-02: {"error" => {"code" => "1113", "message" => "Insufficient balance or no resource package. Please recharge."}}
2026-10-06 22:14:25 +0800	R85/1998/r085-1998-nl1-2005-04	API error for R85/1998/r085-1998-nl1-2005-04: {"error" => {"code" => "1113", "message" => "Insufficient balance or no resource package. Please recharge."}}
2026-10-06 22:14:25 +0800	R85/1998/r085-1998-nl1-2005-05	API error for R85/1998/r085-1998-nl1-2005-05: {"error" => {"code" => "1113", "message" => "Insufficient balance or no resource package. Please recharge."}}
2026-10-06 22:14:25 +0800	R85/1998/r085-1998-nl1-2005-08	API error for R85/1998/r085-1998-nl1-2005-08: {"error" => {"code" => "1113", "message" => "Insufficient balance or no resource package. Please recharge."}}
2026-10-06 22:14:25 +0800	R85/1998/r085-1998-nl1-2005-07	API error for R85/1998/r085-1998-nl1-2005-07: {"error" => {"code" => "1113", "message" => "Insufficient balance or no resource package. Please recharge."}}
2026-10-06 22:14:25 +0800	R85/1998/r085-1998-nl1-2005-06	API error for R85/1998/r085-1998-nl1-2005-06: {"error" => {"code" => "1113", "message" => "Insufficient balance or no resource package. Please recharge."}}
2026-10-06 22:14:25 +0800	R85/1998/r085-1998-nl1-2005-09	API error for R85/1998/r085-1998-nl1-2005-09: {"error" => {"code" => "1113", "message" => "Insufficient balance or no resource package. Please recharge."}}
2026-10-06 22:14:25 +0800	R85/1998/r085-1998-nl1-2005-10	API error for R85/1998/r085-1998-nl1-2005-10: {"error" => {"code" => "1113", "message" => "Insufficient balance or no resource package. Please recharge."}}
2026-10-06 22:14:25 +0800	R85/1998/r085-1998-nl1-2005-11	API error for R85/1998/r085-1998-nl1-2005-11: {"error" => {"code" => "1113", "message" => "Insufficient balance or no resource package. Please recharge."}}
2026-10-06 22:14:25 +0800	R85/1998/r085-1998-nl1-2006-01	API error for R85/1998/r085-1998-nl1-2006-01: {"error" => {"code" => "1113", "message" => "Insufficient balance or no resource package. Please recharge."}}
2026-10-06 22:14:25 +0800	R85/1998/r085-1998-nl1-2007-03	API error for R85/1998/r085-1998-nl1-2007-03: {"error" => {"code" => "1113", "message" => "Insufficient balance or no resource package. Please recharge."}}
2026-10-06 22:14:25 +0800	R85/1998/r085-1998-nl1-2007-01	API error for R85/1998/r085-1998-nl1-2007-01: {"error" => {"code" => "1113", "message" => "Insufficient balance or no resource package. Please recharge."}}
2026-10-06 22:14:25 +0800	R85/1998/r085-1998-nl1-2007-04	API error for R85/1998/r085-1998-nl1-2007-04: {"error" => {"code" => "1113", "message" => "Insufficient balance or no resource package. Please recharge."}}
2026-10-06 22:14:25 +0800	R85/1998/r085-1998-nl1-2009-02	API error for R85/1998/r085-1998-nl1-2009-02: {"error" => {"code" => "1113", "message" => "Insufficient balance or no resource package. Please recharge."}}
2026-10-06 22:14:25 +0800	R85/1998/r085-1998-nl1-2011-01	API error for R85/1998/r085-1998-nl1-2011-01: {"error" => {"code" => "1113", "message" => "Insufficient balance or no resource package. Please recharge."}}
2026-10-06 22:14:25 +0800	R85/2008/r085-2008-cz1-2012-05-rev1	API error for R85/2008/r085-2008-cz1-2012-05-rev1: {"error" => {"code" => "1113", "message" => "Insufficient balance or no resource package. Please recharge."}}
2026-10-06 22:14:25 +0800	R85/2008/r085-2008-cz1-2014-03	API error for R85/2008/r085-2008-cz1-2014-03: {"error" => {"code" => "1113", "message" => "Insufficient balance or no resource package. Please recharge."}}
2026-10-06 22:14:25 +0800	R85/2008/r085-2008-gb1-2011-01-rev1	API error for R85/2008/r085-2008-gb1-2011-01-rev1: {"error" => {"code" => "1113", "message" => "Insufficient balance or no resource package. Please recharge."}}
2026-10-06 22:14:25 +0800	R85/2008/r085-2008-nl1-2014-01	API error for R85/2008/r085-2008-nl1-2014-01: {"error" => {"code" => "1113", "message" => "Insufficient balance or no resource package. Please recharge."}}
2026-10-06 22:14:25 +0800	R85/2008/r085-2008-nl1-2019-02	API error for R85/2008/r085-2008-nl1-2019-02: {"error" => {"code" => "1113", "message" => "Insufficient balance or no resource package. Please recharge."}}
2026-10-06 22:14:25 +0800	R85/2008/r085-2008-nl1-2020-04	API error for R85/2008/r085-2008-nl1-2020-04: {"error" => {"code" => "1113", "message" => "Insufficient balance or no resource package. Please recharge."}}
2026-10-06 22:14:25 +0800	R85/2008/r085-2008-nl1-2017-04-rev3	API error for R85/2008/r085-2008-nl1-2017-04-rev3: {"error" => {"code" => "1113", "message" => "Insufficient balance or no resource package. Please recharge."}}
2026-10-06 22:14:25 +0800	R85/2008/r85-2008-cz1-2024-01	API error for R85/2008/r85-2008-cz1-2024-01: {"error" => {"code" => "1113", "message" => "Insufficient balance or no resource package. Please recharge."}}
2026-10-06 22:14:25 +0800	R85/2008/r85-2008-nl1-2020-03-rev3	API error for R85/2008/r85-2008-nl1-2020-03-rev3: {"error" => {"code" => "1113", "message" => "Insufficient balance or no resource package. Please recharge."}}
2026-10-06 22:14:25 +0800	R85/2008/r85-2008-nl1-2022-01-rev1	API error for R85/2008/r85-2008-nl1-2022-01-rev1: {"error" => {"code" => "1113", "message" => "Insufficient balance or no resource package. Please recharge."}}
2026-10-06 22:14:25 +0800	R85/2008/r85-2008-nl1-2026-01	API error for R85/2008/r85-2008-nl1-2026-01: {"error" => {"code" => "1113", "message" => "Insufficient balance or no resource package. Please recharge."}}
2026-10-06 22:14:25 +0800	R117/2007/r117-2007-nl1-2021-02-rev2	API error for R117/2007/r117-2007-nl1-2021-02-rev2: {"error" => {"code" => "1113", "message" => "Insufficient balance or no resource package. Please recharge."}}
2026-10-06 22:14:25 +0800	R117/2007/r117-2007-nl1-2021-02-rev3	API error for R117/2007/r117-2007-nl1-2021-02-rev3: {"error" => {"code" => "1113", "message" => "Insufficient balance or no resource package. Please recharge."}}
2026-10-06 22:14:25 +0800	R117/2007/r117-2007-nl1-2021-03-rev2	API error for R117/2007/r117-2007-nl1-2021-03-rev2: {"error" => {"code" => "1113", "message" => "Insufficient balance or no resource package. Please recharge."}}
2026-10-08 22:09:54 +0800	R137/2012/r137-2012-nl1-2015-01	expected ',' or ']' after array value at line 397 column 224
2026-10-08 22:09:54 +0800	R137/2012/r137-2012-nl1-2020-07-rev4	expected ',' or ']' after array value at line 149 column 57
2026-10-08 22:09:54 +0800	R49/2006/r049-2006-cz1-2011-01-rev1	expected ',' or ']' after array value at line 144 column 153
2026-10-08 22:09:54 +0800	R49/2006/r049-2006-de1-2014-01	expected ',' or ']' after array value at line 156 column 74
2026-10-08 22:09:54 +0800	R49/2006/r049-2006-sk1-2014-02-rev1	API error for R49/2006/r049-2006-sk1-2014-02-rev1: {"error" => "HTTP 429: {\"type\":\"error\",\"error\":{\"type\":\"rate_limit_error\",\"code\":\"1302\",\"message\":\"[1302][Rate limit reached for requests][20261008154440982b74e9d9ff456f]\"},\"request_id\":\"20261008154440982b74e9d9ff456f\"}"}
2026-10-08 22:09:54 +0800	R49/2013/r049-2013-cz1-2022-02	expected ',' or ']' after array value at line 479 column 203
2026-10-08 22:09:54 +0800	R49/2013/r049-2013-nl1-2020-01-rev2	expected ',' or ']' after array value at line 265 column 164
2026-10-08 22:09:54 +0800	R49/2013/r049-2013-nl1-2020-01-rev5	expected ',' or ']' after array value at line 209 column 125
2026-10-08 22:09:54 +0800	R49/2013/r049-2013-nl1-2020-01-rev6	expected ',' or ']' after array value at line 269 column 164
2026-10-08 22:09:54 +0800	R49/2013/r049-2013-nl1-2020-01	expected ',' or ']' after array value at line 432 column 117
2026-10-08 22:09:54 +0800	R117/2007/r117-2007-nl1-2022-02-rev0	API error for R117/2007/r117-2007-nl1-2022-02-rev0: {"error" => "HTTP 429: {\"type\":\"error\",\"error\":{\"type\":\"rate_limit_error\",\"code\":\"1302\",\"message\":\"[1302][Rate limit reached for requests][20261008154440804392fd557b4e01]\"},\"request_id\":\"20261008154440804392fd557b4e01\"}"}
2026-10-08 22:09:54 +0800	R49/2013/r49-2013-cz1-2024-06	expected ',' or ']' after array value at line 285 column 55
2026-10-08 22:09:54 +0800	R49/2013/r49-2013-nl1-2020-01-rev10	expected ',' or ']' after array value at line 412 column 197
2026-10-08 22:09:54 +0800	R49/2013/r49-2013-nl1-2020-01-rev11	expected ',' or ']' after array value at line 219 column 130
2026-10-08 22:09:54 +0800	R49/2013/r49-2013-nl1-2020-01-rev12	expected ',' or ']' after array value at line 327 column 159
2026-10-08 22:09:54 +0800	R49/2013/r49-2013-nl1-2020-01-rev13	expected ',' or ']' after array value at line 244 column 6
2026-10-08 22:09:54 +0800	R49/2013/r49-2013-nl1-2020-01-rev14	expected ',' or ']' after array value at line 133 column 56
2026-10-08 22:09:54 +0800	R49/2013/r49-2013-nl1-2020-01-rev15	expected ',' or ']' after array value at line 1239 column 10
2026-10-08 22:09:54 +0800	R49/2013/r49-2013-nl1-2020-01-rev7	expected ',' or ']' after array value at line 296 column 122
2026-10-08 22:09:54 +0800	R49/2013/r49-2013-nl1-2020-01-rev8	expected ',' or ']' after array value at line 257 column 166
2026-10-08 22:09:54 +0800	R49/2013/r49-2013-nl1-2020-01-rev9	expected ',' or ']' after array value at line 252 column 118
2026-10-08 22:09:54 +0800	R49/2013/r49-2013-nl1-2020-02-rev2	expected ',' or ']' after array value at line 287 column 118
2026-10-08 22:09:54 +0800	R49/2013/r49-2013-nl1-2020-02-rev3	expected ',' or ']' after array value at line 391 column 155
2026-10-08 22:09:54 +0800	R49/2013/r49-2013-nl1-2021-03-rev10	expected ',' or ']' after array value at line 240 column 168
2026-10-08 22:09:54 +0800	R49/2013/r49-2013-nl1-2021-03-rev6	expected ',' or ']' after array value at line 273 column 94
2026-10-08 22:09:54 +0800	R49/2013/r49-2013-nl1-2021-03-rev7	duplicate key "maximum_admissible_pressure" at line 86 column 19
2026-10-08 22:09:54 +0800	R49/2013/r49-2013-sk1-2020-02-rev1	expected ',' or ']' after array value at line 494 column 197
2026-10-08 22:09:54 +0800	R49/2013/r49-2013-sk1-2023-02-rev1	expected ',' or ']' after array value at line 444 column 8
2026-10-08 22:09:54 +0800	R49/2013/r49-2013-sk1-2023-02-rev3	expected ',' or ']' after array value at line 179 column 188
2026-10-08 22:09:54 +0800	R51/2006/r051-2006-de1-2007-05	expected ',' or ']' after array value at line 46 column 8
2026-10-08 22:09:54 +0800	R51/2006/r051-2006-gb1-2009-04-rev2	expected ',' or ']' after array value at line 316 column 118
2026-10-08 22:09:54 +0800	R76/1992/r076-1992-gb1-2010-04-rev2	expected ',' or ']' after array value at line 255 column 86
2026-10-08 22:09:54 +0800	R76/1992/r076-1992-gb1-2010-04-rev3	expected ',' or ']' after array value at line 384 column 6
2026-10-08 22:09:54 +0800	R137/2012/r137-2012-nl1-2018-05	API error for R137/2012/r137-2012-nl1-2018-05: {"id" => "msg_20261008154118ede145b31e6a4de4", "type" => "message", "role" => "assistant", "model" => "glm-5.3-flash", "content" => [{"type" => "thinking", "thinking" => "Let me analyze this certificate carefully.\n\n**Certificate level:**\n- Number:
2026-10-08 22:09:54 +0800	R49/2006/r049-2006-nl1-2019-03	expected ',' or ']' after array value at line 299 column 119
2026-10-08 22:09:54 +0800	R137/2012/r137-2012-nl1-2018-04	expected ',' or ']' after array value at line 271 column 60
2026-10-08 22:09:54 +0800	R117/2007/r117-2007-nl1-2021-02-rev3	expected ',' or ']' after array value at line 375 column 55
2026-10-08 22:09:54 +0800	R76/2006/r076-2006-ch1-2019-04-rev3	expected ',' or ']' after array value at line 256 column 498
2026-10-08 22:09:54 +0800	R137/2012/r137-2012-nl1-2014-03-rev1	API error for R137/2012/r137-2012-nl1-2014-03-rev1: {"id" => "msg_202610081543197466d31949a942a0", "type" => "message", "role" => "assistant", "model" => "glm-5.3-flash", "content" => [{"type" => "thinking", "thinking" => "Let me analyze this OIML certificate carefully.\n\nCertificate details:\n- Numb
2026-10-08 22:09:54 +0800	R49/2013/r49-2013-cz1-2024-02-rev3	API error for R49/2013/r49-2013-cz1-2024-02-rev3: {"id" => "msg_202610081546405474e225e72446d9", "type" => "message", "role" => "assistant", "model" => "glm-5.3-flash", "content" => [{"type" => "thinking", "thinking" => "Let me analyze this OIML certificate carefully.\n\n**Document-level info:**\n- 
2026-10-08 22:09:54 +0800	R76/2006/r076-2006-gb1-2009-02-rev1	API error for R76/2006/r076-2006-gb1-2009-02-rev1: {"error" => "HTTP 429: {\"type\":\"error\",\"error\":{\"type\":\"rate_limit_error\",\"code\":\"1302\",\"message\":\"[1302][Rate limit reached for requests][20261008160541e17e9ed2f79143b1]\"},\"request_id\":\"20261008160541e17e9ed2f79143b1\"}"}
2026-10-08 22:09:54 +0800	R76/2006/r076-2006-gb1-2012-05-rev2	expected ',' or ']' after array value at line 344 column 219
2026-10-08 22:09:54 +0800	R76/2006/r076-2006-gb1-2013-01	API error for R76/2006/r076-2006-gb1-2013-01: {"error" => "HTTP 429: {\"type\":\"error\",\"error\":{\"type\":\"rate_limit_error\",\"code\":\"1302\",\"message\":\"[1302][Rate limit reached for requests][20261008165228c44ca4c2bd2045af]\"},\"request_id\":\"20261008165228c44ca4c2bd2045af\"}"}
2026-10-08 22:09:54 +0800	R76/2006/r076-2006-gb1-2017-01	API error for R76/2006/r076-2006-gb1-2017-01: {"error" => "HTTP 429: {\"type\":\"error\",\"error\":{\"type\":\"rate_limit_error\",\"code\":\"1302\",\"message\":\"[1302][Rate limit reached for requests][202610081708134bf3120eb72949aa]\"},\"request_id\":\"202610081708134bf3120eb72949aa\"}"}
2026-10-08 22:09:54 +0800	R76/2006/r076-2006-gb1-2017-07	API error for R76/2006/r076-2006-gb1-2017-07: {"error" => "HTTP 429: {\"type\":\"error\",\"error\":{\"type\":\"rate_limit_error\",\"code\":\"1302\",\"message\":\"[1302][Rate limit reached for requests][20261008171115253b5010668b49d2]\"},\"request_id\":\"20261008171115253b5010668b49d2\"}"}
2026-10-08 22:09:54 +0800	R76/2006/r076-2006-gb1-2018-07	expected ',' or ']' after array value at line 340 column 99
2026-10-08 22:09:54 +0800	R76/2006/r076-2006-gb1-2018-15	API error for R76/2006/r076-2006-gb1-2018-15: {"error" => "HTTP 429: {\"type\":\"error\",\"error\":{\"type\":\"rate_limit_error\",\"code\":\"1302\",\"message\":\"[1302][Rate limit reached for requests][2026100817235209bc2a5415404520]\"},\"request_id\":\"2026100817235209bc2a5415404520\"}"}
2026-10-08 22:09:54 +0800	R76/2006/r076-2006-gb1-2019-14	API error for R76/2006/r076-2006-gb1-2019-14: {"error" => "HTTP 429: {\"type\":\"error\",\"error\":{\"type\":\"rate_limit_error\",\"code\":\"1302\",\"message\":\"[1302][Rate limit reached for requests][202610081732299da92c6099d5407f]\"},\"request_id\":\"202610081732299da92c6099d5407f\"}"}
2026-10-08 22:09:54 +0800	R76/2006/r076-2006-gb1-2021-02	API error for R76/2006/r076-2006-gb1-2021-02: {"error" => "HTTP 429: {\"type\":\"error\",\"error\":{\"type\":\"rate_limit_error\",\"code\":\"1302\",\"message\":\"[1302][Rate limit reached for requests][202610081738331f320265f17348c9]\"},\"request_id\":\"202610081738331f320265f17348c9\"}"}
2026-10-08 22:09:54 +0800	R76/2006/r076-2006-nl1-2009-21	API error for R76/2006/r076-2006-nl1-2009-21: {"error" => "HTTP 429: {\"type\":\"error\",\"error\":{\"type\":\"rate_limit_error\",\"code\":\"1302\",\"message\":\"[1302][Rate limit reached for requests][2026100817483058c9cf6993b74427]\"},\"request_id\":\"2026100817483058c9cf6993b74427\"}"}
2026-10-08 22:09:54 +0800	R76/2006/r076-2006-nl1-2013-21	API error for R76/2006/r076-2006-nl1-2013-21: {"error" => "HTTP 429: {\"type\":\"error\",\"error\":{\"type\":\"rate_limit_error\",\"code\":\"1302\",\"message\":\"[1302][Rate limit reached for requests][20261008180817a10f823f0ce34876]\"},\"request_id\":\"20261008180817a10f823f0ce34876\"}"}
2026-10-08 22:09:54 +0800	R76/2006/r076-2006-nl1-2014-31	API error for R76/2006/r076-2006-nl1-2014-31: {"error" => "HTTP 429: {\"type\":\"error\",\"error\":{\"type\":\"rate_limit_error\",\"code\":\"1302\",\"message\":\"[1302][Rate limit reached for requests][2026100818230389e7b568860f4db1]\"},\"request_id\":\"2026100818230389e7b568860f4db1\"}"}
2026-10-08 22:09:54 +0800	R76/2006/r076-2006-nl1-2015-01	API error for R76/2006/r076-2006-nl1-2015-01: {"error" => "HTTP 429: {\"type\":\"error\",\"error\":{\"type\":\"rate_limit_error\",\"code\":\"1302\",\"message\":\"[1302][Rate limit reached for requests][20261008182752523ba710fe6343d2]\"},\"request_id\":\"20261008182752523ba710fe6343d2\"}"}
2026-10-08 22:09:54 +0800	R76/2006/r076-2006-nl1-2015-30	API error for R76/2006/r076-2006-nl1-2015-30: {"error" => "HTTP 429: {\"type\":\"error\",\"error\":{\"type\":\"rate_limit_error\",\"code\":\"1302\",\"message\":\"[1302][Rate limit reached for requests][20261008183254f0c9d8e77da34adb]\"},\"request_id\":\"20261008183254f0c9d8e77da34adb\"}"}
2026-10-08 22:09:54 +0800	R76/2006/r076-2006-nl1-2016-46	API error for R76/2006/r076-2006-nl1-2016-46: {"error" => "HTTP 429: {\"type\":\"error\",\"error\":{\"type\":\"rate_limit_error\",\"code\":\"1302\",\"message\":\"[1302][Rate limit reached for requests][202610081845113bbda5be9dbb4281]\"},\"request_id\":\"202610081845113bbda5be9dbb4281\"}"}
2026-10-08 22:09:54 +0800	R76/2006/r076-2006-nl1-2017-03	API error for R76/2006/r076-2006-nl1-2017-03: {"error" => "HTTP 429: {\"type\":\"error\",\"error\":{\"type\":\"rate_limit_error\",\"code\":\"1302\",\"message\":\"[1302][Rate limit reached for requests][20261008185013f9705432c09f498e]\"},\"request_id\":\"20261008185013f9705432c09f498e\"}"}
2026-10-08 22:09:54 +0800	R76/2006/r076-2006-nl1-2017-06	API error for R76/2006/r076-2006-nl1-2017-06: {"error" => "HTTP 429: {\"type\":\"error\",\"error\":{\"type\":\"rate_limit_error\",\"code\":\"1302\",\"message\":\"[1302][Rate limit reached for requests][2026100818514628877c4a668e421c]\"},\"request_id\":\"2026100818514628877c4a668e421c\"}"}
2026-10-08 22:09:54 +0800	R76/2006/r076-2006-nl1-2018-04	API error for R76/2006/r076-2006-nl1-2018-04: {"error" => "HTTP 429: {\"type\":\"error\",\"error\":{\"type\":\"rate_limit_error\",\"code\":\"1302\",\"message\":\"[1302][Rate limit reached for requests][2026100819090562ef5a8366f34900]\"},\"request_id\":\"2026100819090562ef5a8366f34900\"}"}
2026-10-08 22:09:54 +0800	R76/2006/r076-2006-nl1-2018-06	API error for R76/2006/r076-2006-nl1-2018-06: {"error" => "HTTP 429: {\"type\":\"error\",\"error\":{\"type\":\"rate_limit_error\",\"code\":\"1302\",\"message\":\"[1302][Rate limit reached for requests][2026100819092162d0477d12874c71]\"},\"request_id\":\"2026100819092162d0477d12874c71\"}"}
2026-10-08 22:09:54 +0800	R76/2006/r076-2006-nl1-2018-41	API error for R76/2006/r076-2006-nl1-2018-41: {"error" => "HTTP 429: {\"type\":\"error\",\"error\":{\"type\":\"rate_limit_error\",\"code\":\"1302\",\"message\":\"[1302][Rate limit reached for requests][2026100819180153600aa6565f42e9]\"},\"request_id\":\"2026100819180153600aa6565f42e9\"}"}
2026-10-08 22:09:54 +0800	R76/2006/r076-2006-nl1-2018-46	API error for R76/2006/r076-2006-nl1-2018-46: {"error" => "HTTP 429: {\"type\":\"error\",\"error\":{\"type\":\"rate_limit_error\",\"code\":\"1302\",\"message\":\"[1302][Rate limit reached for requests][2026100819191024280c16d7fa489e]\"},\"request_id\":\"2026100819191024280c16d7fa489e\"}"}
2026-10-08 22:09:54 +0800	R76/2006/r076-2006-nl1-2019-21	API error for R76/2006/r076-2006-nl1-2019-21: {"error" => "HTTP 429: {\"type\":\"error\",\"error\":{\"type\":\"rate_limit_error\",\"code\":\"1302\",\"message\":\"[1302][Rate limit reached for requests][202610081926047fef22b3845f460e]\"},\"request_id\":\"202610081926047fef22b3845f460e\"}"}
2026-10-08 22:09:54 +0800	R76/2006/r076-2006-nl1-2021-04	API error for R76/2006/r076-2006-nl1-2021-04: {"error" => "HTTP 429: {\"type\":\"error\",\"error\":{\"type\":\"rate_limit_error\",\"code\":\"1302\",\"message\":\"[1302][Rate limit reached for requests][2026100819584375218804dd5743e7]\"},\"request_id\":\"2026100819584375218804dd5743e7\"}"}
2026-10-08 22:09:54 +0800	R76/2006/r076-2006-nl1-2021-34	API error for R76/2006/r076-2006-nl1-2021-34: {"error" => "HTTP 429: {\"type\":\"error\",\"error\":{\"type\":\"rate_limit_error\",\"code\":\"1302\",\"message\":\"[1302][Rate limit reached for requests][2026100820065545e3461165b342a3]\"},\"request_id\":\"2026100820065545e3461165b342a3\"}"}
2026-10-08 22:09:54 +0800	R76/2006/r076-2006-nl1-2022-11-rev0	API error for R76/2006/r076-2006-nl1-2022-11-rev0: {"error" => "HTTP 429: {\"type\":\"error\",\"error\":{\"type\":\"rate_limit_error\",\"code\":\"1302\",\"message\":\"[1302][Rate limit reached for requests][20261008201124e73e3fe303cb465a]\"},\"request_id\":\"20261008201124e73e3fe303cb465a\"}"}
2026-10-08 22:09:54 +0800	R76/2006/r76-2006-ch1-2019-04-rev5	API error for R76/2006/r76-2006-ch1-2019-04-rev5: {"error" => "HTTP 429: {\"type\":\"error\",\"error\":{\"type\":\"rate_limit_error\",\"code\":\"1302\",\"message\":\"[1302][Rate limit reached for requests][202610082016253bcccb7942b94813]\"},\"request_id\":\"202610082016253bcccb7942b94813\"}"}
2026-10-08 22:09:54 +0800	R76/2006/r76-2006-cn2-2024-04	API error for R76/2006/r76-2006-cn2-2024-04: {"error" => "HTTP 429: {\"type\":\"error\",\"error\":{\"type\":\"rate_limit_error\",\"code\":\"1302\",\"message\":\"[1302][Rate limit reached for requests][202610082025097a81d87894624b83]\"},\"request_id\":\"202610082025097a81d87894624b83\"}"}
2026-10-08 22:09:54 +0800	R76/2006/r76-2006-de1-2023-09	API error for R76/2006/r76-2006-de1-2023-09: {"error" => "HTTP 429: {\"type\":\"error\",\"error\":{\"type\":\"rate_limit_error\",\"code\":\"1302\",\"message\":\"[1302][Rate limit reached for requests][20261008204130b46f579a87694a82]\"},\"request_id\":\"20261008204130b46f579a87694a82\"}"}
2026-10-08 22:09:54 +0800	R76/2006/r76-2006-dk2-2019-01-rev1	API error for R76/2006/r76-2006-dk2-2019-01-rev1: {"error" => "HTTP 429: {\"type\":\"error\",\"error\":{\"type\":\"rate_limit_error\",\"code\":\"1302\",\"message\":\"[1302][Rate limit reached for requests][202610082042247b6e3e2bafd44f4f]\"},\"request_id\":\"202610082042247b6e3e2bafd44f4f\"}"}
2026-10-08 22:09:54 +0800	R76/2006/r76-2006-dk2-2022-09	API error for R76/2006/r76-2006-dk2-2022-09: {"error" => "HTTP 429: {\"type\":\"error\",\"error\":{\"type\":\"rate_limit_error\",\"code\":\"1302\",\"message\":\"[1302][Rate limit reached for requests][20261008204631cdaf122bf41c4914]\"},\"request_id\":\"20261008204631cdaf122bf41c4914\"}"}
2026-10-08 22:09:54 +0800	R76/2006/r76-2006-dk2-2023-06	API error for R76/2006/r76-2006-dk2-2023-06: {"error" => "HTTP 429: {\"type\":\"error\",\"error\":{\"type\":\"rate_limit_error\",\"code\":\"1302\",\"message\":\"[1302][Rate limit reached for requests][20261008205133feb5041460174d06]\"},\"request_id\":\"20261008205133feb5041460174d06\"}"}
2026-10-08 22:09:54 +0800	R76/2006/r76-2006-dk2-2024-08	API error for R76/2006/r76-2006-dk2-2024-08: {"id" => "msg_202610082049593e2ca1acf8cc4364", "type" => "message", "role" => "assistant", "model" => "glm-5.3-flash", "content" => [{"type" => "thinking", "thinking" => "Let me analyze this OIML certificate document carefully.\n\n**Document overview
2026-10-08 22:09:54 +0800	R76/2006/r76-2006-nl1-2021-24-rev3	API error for R76/2006/r76-2006-nl1-2021-24-rev3: {"error" => "HTTP 429: {\"type\":\"error\",\"error\":{\"type\":\"rate_limit_error\",\"code\":\"1302\",\"message\":\"[1302][Rate limit reached for requests][2026100821275122efcfa0705d48ac]\"},\"request_id\":\"2026100821275122efcfa0705d48ac\"}"}
2026-10-08 22:09:54 +0800	R76/2006/r76-2006-nl1-2023-04-rev0	API error for R76/2006/r76-2006-nl1-2023-04-rev0: {"error" => "HTTP 429: {\"type\":\"error\",\"error\":{\"type\":\"rate_limit_error\",\"code\":\"1302\",\"message\":\"[1302][Rate limit reached for requests][20261008213701b9f799dbd763479a]\"},\"request_id\":\"20261008213701b9f799dbd763479a\"}"}
2026-10-08 22:09:54 +0800	R76/2006/r76-2006-nl1-2024-04-rev0	API error for R76/2006/r76-2006-nl1-2024-04-rev0: {"error" => "HTTP 429: {\"type\":\"error\",\"error\":{\"type\":\"rate_limit_error\",\"code\":\"1302\",\"message\":\"[1302][Rate limit reached for requests][202610082145301265659156df4f05]\"},\"request_id\":\"202610082145301265659156df4f05\"}"}
2026-10-08 22:09:54 +0800	R76/2006/r76-2006-nl1-2025-18-rev0	API error for R76/2006/r76-2006-nl1-2025-18-rev0: {"error" => "HTTP 429: {\"type\":\"error\",\"error\":{\"type\":\"rate_limit_error\",\"code\":\"1302\",\"message\":\"[1302][Rate limit reached for requests][20261008215816f90c57f253c14d4e]\"},\"request_id\":\"20261008215816f90c57f253c14d4e\"}"}
2026-10-08 22:09:54 +0800	R76/2006/r76-2006-nl1-2026-31-rev0	API error for R76/2006/r76-2006-nl1-2026-31-rev0: {"error" => "HTTP 429: {\"type\":\"error\",\"error\":{\"type\":\"rate_limit_error\",\"code\":\"1302\",\"message\":\"[1302][Rate limit reached for requests][20261008220317f56544bf2b44441c]\"},\"request_id\":\"20261008220317f56544bf2b44441c\"}"}
2026-10-08 22:09:54 +0800	R85/2008/r085-2008-gb1-2011-01-rev1	API error for R85/2008/r085-2008-gb1-2011-01-rev1: {"error" => "HTTP 429: {\"type\":\"error\",\"error\":{\"type\":\"rate_limit_error\",\"code\":\"1302\",\"message\":\"[1302][Rate limit reached for requests][2026100822081828877a519db349a6]\"},\"request_id\":\"2026100822081828877a519db349a6\"}"}
2026-10-08 23:19:39 +0800	R117/2007/r117-2007-nl1-2021-02-rev3	expected ',' or ']' after array value at line 375 column 55
2026-10-08 23:19:39 +0800	R117/2007/r117-2007-nl1-2022-02-rev0	expected ',' or ']' after array value at line 246 column 163
2026-10-08 23:19:39 +0800	R137/2012/r137-2012-nl1-2015-01	expected ',' or ']' after array value at line 397 column 224
2026-10-08 23:19:39 +0800	R137/2012/r137-2012-nl1-2018-04	expected ',' or ']' after array value at line 271 column 60
2026-10-08 23:19:39 +0800	R137/2012/r137-2012-nl1-2014-03-rev1	API error for R137/2012/r137-2012-nl1-2014-03-rev1: {"id" => "msg_20261008221102ac616efdc6be40f2", "type" => "message", "role" => "assistant", "model" => "glm-5.3-flash", "content" => [{"type" => "thinking", "thinking" => "Let me analyze this OIML certificate document carefully.\n\n**Certificate-level
2026-10-08 23:19:39 +0800	R137/2012/r137-2012-nl1-2020-07-rev4	expected ',' or ']' after array value at line 149 column 57
2026-10-08 23:19:39 +0800	R49/2006/r049-2006-cz1-2011-01-rev1	expected ',' or ']' after array value at line 144 column 153
2026-10-08 23:19:39 +0800	R49/2006/r049-2006-de1-2014-01	expected ',' or ']' after array value at line 156 column 74
2026-10-08 23:19:39 +0800	R49/2006/r049-2006-nl1-2019-03	expected ',' or ']' after array value at line 299 column 119
2026-10-08 23:19:39 +0800	R49/2013/r049-2013-cz1-2022-02	expected ',' or ']' after array value at line 479 column 203
2026-10-08 23:19:39 +0800	R49/2013/r049-2013-nl1-2020-01-rev2	expected ',' or ']' after array value at line 265 column 164
2026-10-08 23:19:39 +0800	R49/2013/r049-2013-nl1-2020-01-rev5	expected ',' or ']' after array value at line 209 column 125
2026-10-08 23:19:39 +0800	R49/2013/r049-2013-nl1-2020-01-rev6	expected ',' or ']' after array value at line 269 column 164
2026-10-08 23:19:39 +0800	R49/2013/r049-2013-nl1-2020-01	expected ',' or ']' after array value at line 432 column 117
2026-10-08 23:19:39 +0800	R137/2012/r137-2012-nl1-2018-05	API error for R137/2012/r137-2012-nl1-2018-05: {"id" => "msg_202610082217431c492cbe928c4e94", "type" => "message", "role" => "assistant", "model" => "glm-5.3-flash", "content" => [{"type" => "thinking", "thinking" => "Let me analyze this OIML certificate document.\n\n**Document-level info:**\n- N
2026-10-08 23:19:39 +0800	R49/2013/r49-2013-cz1-2024-06	expected ',' or ']' after array value at line 285 column 55
2026-10-08 23:19:39 +0800	R49/2013/r49-2013-nl1-2020-01-rev10	expected ',' or ']' after array value at line 412 column 197
2026-10-08 23:19:39 +0800	R49/2013/r49-2013-nl1-2020-01-rev11	expected ',' or ']' after array value at line 219 column 130
2026-10-08 23:19:39 +0800	R49/2013/r49-2013-nl1-2020-01-rev12	expected ',' or ']' after array value at line 327 column 159
2026-10-08 23:19:39 +0800	R49/2013/r49-2013-nl1-2020-01-rev13	expected ',' or ']' after array value at line 244 column 6
2026-10-08 23:19:39 +0800	R49/2013/r49-2013-nl1-2020-01-rev14	expected ',' or ']' after array value at line 133 column 56
2026-10-08 23:19:39 +0800	R49/2013/r49-2013-nl1-2020-01-rev15	expected ',' or ']' after array value at line 1239 column 10
2026-10-08 23:19:39 +0800	R49/2013/r49-2013-nl1-2020-01-rev7	expected ',' or ']' after array value at line 296 column 122
2026-10-08 23:19:39 +0800	R49/2013/r49-2013-nl1-2020-01-rev8	expected ',' or ']' after array value at line 257 column 166
2026-10-08 23:19:39 +0800	R49/2013/r49-2013-nl1-2020-01-rev9	expected ',' or ']' after array value at line 252 column 118
2026-10-08 23:19:39 +0800	R49/2013/r49-2013-nl1-2020-02-rev2	expected ',' or ']' after array value at line 287 column 118
2026-10-08 23:19:39 +0800	R49/2013/r49-2013-nl1-2020-02-rev3	expected ',' or ']' after array value at line 391 column 155
2026-10-08 23:19:39 +0800	R49/2013/r49-2013-nl1-2021-03-rev10	expected ',' or ']' after array value at line 240 column 168
2026-10-08 23:19:39 +0800	R49/2013/r49-2013-nl1-2021-03-rev6	expected ',' or ']' after array value at line 273 column 94
2026-10-08 23:19:39 +0800	R49/2013/r49-2013-nl1-2021-03-rev7	duplicate key "maximum_admissible_pressure" at line 86 column 19
2026-10-08 23:19:39 +0800	R49/2013/r49-2013-sk1-2020-02-rev1	expected ',' or ']' after array value at line 494 column 197
2026-10-08 23:19:39 +0800	R49/2013/r49-2013-sk1-2023-02-rev1	expected ',' or ']' after array value at line 444 column 8
2026-10-08 23:19:39 +0800	R49/2013/r49-2013-sk1-2023-02-rev3	expected ',' or ']' after array value at line 179 column 188
2026-10-08 23:19:39 +0800	R51/2006/r051-2006-de1-2007-05	expected ',' or ']' after array value at line 46 column 8
2026-10-08 23:19:39 +0800	R51/2006/r051-2006-gb1-2009-04-rev2	expected ',' or ']' after array value at line 316 column 118
2026-10-08 23:19:39 +0800	R76/1992/r076-1992-gb1-2010-04-rev2	expected ',' or ']' after array value at line 255 column 86
2026-10-08 23:19:39 +0800	R76/1992/r076-1992-gb1-2010-04-rev3	expected ',' or ']' after array value at line 384 column 6
2026-10-08 23:19:39 +0800	R76/2006/r076-2006-ch1-2019-04-rev3	expected ',' or ']' after array value at line 256 column 498
2026-10-08 23:19:39 +0800	R76/2006/r076-2006-gb1-2012-05-rev2	expected ',' or ']' after array value at line 344 column 219
2026-10-08 23:19:39 +0800	R49/2013/r49-2013-cz1-2024-02-rev3	expected ',' or ']' after array value at line 131 column 8
2026-10-08 23:19:39 +0800	R76/2006/r076-2006-gb1-2018-07	expected ',' or ']' after array value at line 340 column 99
2026-10-08 23:19:39 +0800	R85/2008/r085-2008-gb1-2011-01-rev1	API error for R85/2008/r085-2008-gb1-2011-01-rev1: {"error" => "HTTP 429: {\"type\":\"error\",\"error\":{\"type\":\"rate_limit_error\",\"code\":\"1302\",\"message\":\"[1302][Rate limit reached for requests][202610082318042793f3ffceed4d12]\"},\"request_id\":\"202610082318042793f3ffceed4d12\"}"}
