mds: 5088; already have yaml: 1541; to extract: 3547
FAIL R117/2007/r117-2007-nl1-2021-02-rev2: expected ',' or ']' after array value at line 207 column 44
FAIL R117/2007/r117-2007-nl1-2021-03-rev2: expected ',' or ']' after array value at line 252 column 281
FAIL R117/2007/r117-2007-nl1-2016-01-rev1: expected ',' or '}' after object value, got: '.replace("\"",' at line 265 column 22
FAIL R137/2012/r137-2012-nl1-2015-01: expected ',' or ']' after array value at line 397 column 224
16:54:37 [00009/03547] R129/2000/r129-2000-nl1-2016-02 (112.1s)
16:56:06 [00010/03547] R137/2012/r137-2012-nl1-2015-05 (201.1s)
16:56:40 [00011/03547] R137/2012/r137-2012-nl1-2016-10 (122.4s)
16:56:58 [00012/03547] R137/2012/r137-2012-nl1-2016-15-annex1 (51.5s)
FAIL R117/2007/r117-2007-nl1-2022-02-rev0: API error for R117/2007/r117-2007-nl1-2022-02-rev0: {"id" => "msg_20261007165250138c28eb600742ad", "type" => "message", "role" => "assistant", "model" => "glm-5.3-flash", "content" => [{"type" => "thinking", "thinking" => "Let me analyze this OIML ce
FAIL R117/2007/r117-2007-nl1-2021-02-rev3: API error for R117/2007/r117-2007-nl1-2021-02-rev3: {"id" => "msg_20261007165250d13e5a491ac843bc", "type" => "message", "role" => "assistant", "model" => "glm-5.3-flash", "content" => [{"type" => "thinking", "thinking" => "Let me analyze this OIML ce
FAIL R137/2012/r137-2012-nl1-2020-07-rev4: expected ',' or ']' after array value at line 149 column 57
FAIL R137/2012/r137-2012-nl1-2020-07-rev6: expected ',' or ']' after array value at line 197 column 85
FAIL R137/2012/r137-2012-nl1-2014-03-rev1: API error for R137/2012/r137-2012-nl1-2014-03-rev1: {"id" => "msg_202610071652500f8cdbd9c2904c7c", "type" => "message", "role" => "assistant", "model" => "glm-5.3-flash", "content" => [{"type" => "thinking", "thinking" => "Let me analyze this OIML ce
17:03:13 [00018/03547] R137/2012/r137-2012-nl1-2020-12-rev1 (135.6s)
FAIL R137/2012/r137-2012-nl1-2017-01: expected ',' or ']' after array value at line 129 column 427
FAIL R137/2012/r137-2012-nl1-2025-03-rev0: expected ',' or ']' after array value at line 98 column 58
FAIL R49/2006/r049-2006-cz1-2011-01-rev1: expected ',' or ']' after array value at line 144 column 153
FAIL R49/2006/r049-2006-cz1-2011-01: expected ',' or '}' after object value, got: EOF at line 446 column 4
FAIL R49/2006/r049-2006-cz1-2012-01: expected ',' or ']' after array value at line 353 column 933
FAIL R49/2006/r049-2006-de1-2008-01-rev1: expected ',' or ']' after array value at line 176 column 71
FAIL R49/2006/r049-2006-de1-2008-01-rev2: expected ',' or ']' after array value at line 125 column 8
17:04:51 [00026/03547] R137/2012/r137-2012-nl1-2020-11-rev10 (268.2s)
17:07:25 [00027/03547] R49/2006/r049-2006-de1-2008-02 (169.6s)
FAIL R49/2006/r049-2006-de1-2012-05: expected ',' or ']' after array value at line 311 column 287
FAIL R49/2006/r049-2006-de1-2014-01: expected ',' or ']' after array value at line 156 column 74
FAIL R137/2012/r137-2012-nl1-2018-04: API error for R137/2012/r137-2012-nl1-2018-04: {"id" => "msg_202610071700238064d9d8db224913", "type" => "message", "role" => "assistant", "model" => "glm-5.3-flash", "content" => [{"type" => "thinking", "thinking" => "Let me analyze this OIML certifi
FAIL R137/2012/r137-2012-nl1-2018-05: API error for R137/2012/r137-2012-nl1-2018-05: {"id" => "msg_2026100717000082839120524142c8", "type" => "message", "role" => "assistant", "model" => "glm-5.3-flash", "content" => [{"type" => "thinking", "thinking" => "Let me analyze this OIML certifi
17:08:23 [00032/03547] R49/2006/r049-2006-de1-2012-03-rev1 (211.4s)
17:10:23 [00033/03547] R49/2006/r049-2006-gb1-2007-01 (169.2s)
17:10:38 [00034/03547] R49/2006/r049-2006-gb1-2008-01-rev1 (179.4s)
FAIL R49/2006/r049-2006-nl1-2011-01: expected ',' or ']' after array value at line 164 column 225
FAIL R49/2006/r049-2006-nl1-2011-02-rev1: expected ',' or ']' after array value at line 436 column 242
FAIL R49/2006/r049-2006-nl1-2012-01-rev1: expected ',' or '}' after object value, got: EOF at line 484 column 217
FAIL R49/2006/r049-2006-nl1-2012-01-rev4: expected ',' or ']' after array value at line 396 column 59
FAIL R49/2006/r049-2006-nl1-2012-01-rev9: expected ',' or '}' after object value, got: EOF at line 494 column 4
FAIL R49/2006/r049-2006-nl1-2012-02: expected ',' or ']' after array value at line 446 column 251
FAIL R49/2006/r049-2006-nl1-2012-03-rev1: expected ',' or ']' after array value at line 446 column 6
FAIL R49/2006/r049-2006-nl1-2012-03: expected ',' or ']' after array value at line 482 column 6
FAIL R137/2012/r137-2012-nl1-2021-06-rev1: expected ',' or ']' after array value at line 332 column 89
17:13:23 [00044/03547] R49/2006/r049-2006-fr2-2009-01-rev3 (358.5s)
17:13:43 [00045/03547] R49/2006/r049-2006-gb1-2009-01-rev4 (320.4s)
FAIL R49/2006/r049-2006-gb1-2011-02: API error for R49/2006/r049-2006-gb1-2011-02: {"error" => "HTTP 429: {\"type\":\"error\",\"error\":{\"type\":\"rate_limit_error\",\"code\":\"1302\",\"message\":\"[1302][Rate limit reached for requests][20261007171349055fbc719fac40bf]\"},\"request_id\
17:16:12 [00047/03547] R49/2006/r049-2006-nl1-2013-01-rev1 (333.4s)
17:16:46 [00048/03547] R49/2006/r049-2006-nl1-2013-01-rev10 (365.4s)
17:19:01 [00049/03547] R49/2006/r049-2006-nl1-2013-01-rev3 (317.7s)
17:19:54 [00050/03547] R49/2006/r049-2006-nl1-2013-01-rev2 (391.1s)
17:20:58 [00051/03547] R49/2006/r049-2006-nl1-2013-01-rev6 (251.8s)
17:21:13 [00052/03547] R49/2006/r049-2006-nl1-2013-01-rev4 (349.0s)
17:21:22 [00053/03547] R49/2006/r049-2006-nl1-2013-01-rev5 (310.4s)
17:22:57 [00054/03547] R49/2006/r049-2006-nl1-2014-01 (95.0s)
17:24:55 [00055/03547] R49/2006/r049-2006-nl1-2013-01-rev8 (300.2s)
17:25:59 [00056/03547] R49/2006/r049-2006-nl1-2013-01-rev7 (417.9s)
17:26:31 [00057/03547] R49/2006/r049-2006-nl1-2013-01-rev9 (333.3s)
17:28:20 [00058/03547] R49/2006/r049-2006-nl1-2016-14-rev1 (322.7s)
17:29:29 [00059/03547] R49/2006/r049-2006-nl1-2013-01 (496.0s)
FAIL R49/2006/r049-2006-nl1-2019-03: API error for R49/2006/r049-2006-nl1-2019-03: {"error" => "HTTP 429: {\"type\":\"error\",\"error\":{\"type\":\"rate_limit_error\",\"code\":\"1302\",\"message\":\"[1302][Rate limit reached for requests][20261007172925195e6bf925bb402b]\"},\"request_id\
17:31:26 [00061/03547] R49/2006/r049-2006-sk1-2013-01 (186.6s)
FAIL R49/2006/r049-2006-sk1-2013-01-rev1: API error for R49/2006/r049-2006-sk1-2013-01-rev1: {"error" => "HTTP 429: {\"type\":\"error\",\"error\":{\"type\":\"rate_limit_error\",\"code\":\"1302\",\"message\":\"[1302][Rate limit reached for requests][20261007172957dedd8ad5ebea49b1]\"},\"reques
FAIL R49/2006/r049-2006-nl1-2019-03-rev1: expected ',' or ']' after array value at line 453 column 119
17:32:56 [00064/03547] R49/2006/r049-2006-sk1-2014-01 (206.8s)
17:33:35 [00065/03547] R49/2006/r49-2006-fr2-2009-07-rev2-annex1 (38.7s)
17:34:51 [00066/03547] R49/2006/r049-2006-sk1-2014-03 (152.7s)
17:35:31 [00067/03547] R49/2006/r049-2006-sk1-2014-02 (244.8s)
17:35:59 [00068/03547] R49/2006/r49-2006-fr2-2011-01-rev0 (144.6s)
FAIL R49/2006/r049-2006-sk1-2014-02-rev1: API error for R49/2006/r049-2006-sk1-2014-02-rev1: {"error" => "HTTP 429: {\"type\":\"error\",\"error\":{\"type\":\"rate_limit_error\",\"code\":\"1302\",\"message\":\"[1302][Rate limit reached for requests][2026100717342660a656437f46420c]\"},\"reques
FAIL R49/2006/r049-2006-sk1-2014-03-rev1: API error for R49/2006/r049-2006-sk1-2014-03-rev1: {"error" => "HTTP 429: {\"type\":\"error\",\"error\":{\"type\":\"rate_limit_error\",\"code\":\"1302\",\"message\":\"[1302][Rate limit reached for requests][20261007173458cc2cf5230f344651]\"},\"reques
17:39:00 [00071/03547] R49/2006/r49-2006-nl1-2026-02-rev0 (208.4s)
FAIL R49/2006/r49-2006-fr2-2011-03-rev0: API error for R49/2006/r49-2006-fr2-2011-03-rev0: {"error" => "HTTP 429: {\"type\":\"error\",\"error\":{\"type\":\"rate_limit_error\",\"code\":\"1302\",\"message\":\"[1302][Rate limit reached for requests][202610071738172d07e57b7fbd4dff]\"},\"request
17:40:02 [00073/03547] R49/2006/r49-2006-nl1-2026-04-rev0 (240.1s)
17:40:27 [00074/03547] R49/2006/r49-2006-nl1-2026-03-rev0 (267.2s)
17:40:49 [00075/03547] R49/2006/r49-2006-nl1-2026-05-rev0 (255.8s)
17:42:58 [00076/03547] R49/2006/r49-2006-nl1-2026-06-rev0 (238.4s)
17:43:05 [00077/03547] R49/2013/r049-2013-cz1-2015-01-rev3 (158.7s)
17:43:25 [00078/03547] R49/2013/r049-2013-cz1-2015-01 (155.9s)
17:43:31 [00079/03547] R49/2013/r049-2013-cz1-2015-01-rev1 (218.9s)
17:43:33 [00080/03547] R49/2013/r049-2013-cz1-2015-01-rev2 (211.9s)
17:46:48 [00081/03547] R49/2013/r049-2013-cz1-2016-01-rev2 (197.2s)
17:47:00 [00082/03547] R49/2013/r049-2013-cz1-2016-01-rev1 (214.9s)
17:47:25 [00083/03547] R49/2013/r049-2013-cz1-2016-01 (231.8s)
FAIL R49/2013/r049-2013-cz1-2015-02: API error for R49/2013/r049-2013-cz1-2015-02: {"error" => "HTTP 429: {\"type\":\"error\",\"error\":{\"type\":\"rate_limit_error\",\"code\":\"1302\",\"message\":\"[1302][Rate limit reached for requests][2026100717462443e3f6e2ebd945a6]\"},\"request_id\
17:48:00 [00085/03547] R49/2013/r049-2013-cz1-2015-03 (294.4s)
17:50:02 [00086/03547] R49/2013/r049-2013-cz1-2016-04-annex1 (122.4s)
17:53:27 [00087/03547] R49/2013/r049-2013-cz1-2016-03 (361.6s)
FAIL R49/2013/r049-2013-cz1-2016-02: expected ',' or ']' after array value at line 285 column 62
FAIL R49/2013/r049-2013-cz1-2016-03-rev1: expected ',' or ']' after array value at line 291 column 6
FAIL R49/2013/r049-2013-cz1-2016-04-rev1: expected ',' or ']' after array value at line 424 column 103
17:55:39 [00091/03547] R49/2013/r049-2013-cz1-2016-04 (336.7s)
17:58:12 [00092/03547] R49/2013/r049-2013-cz1-2017-02 (237.6s)
17:58:26 [00093/03547] R49/2013/r049-2013-cz1-2017-04 (167.0s)
17:58:37 [00094/03547] R49/2013/r049-2013-cz1-2017-01 (309.9s)
17:59:21 [00095/03547] R49/2013/r049-2013-cz1-2017-03-annex1 (271.0s)
FAIL R49/2013/r049-2013-cz1-2017-03: API error for R49/2013/r049-2013-cz1-2017-03: {"error" => "HTTP 429: {\"type\":\"error\",\"error\":{\"type\":\"rate_limit_error\",\"code\":\"1302\",\"message\":\"[1302][Rate limit reached for requests][20261007175840f104fe76f8c0473a]\"},\"request_id\
18:00:27 [00097/03547] R49/2013/r049-2013-cz1-2017-06 (135.1s)
18:01:48 [00098/03547] R49/2013/r049-2013-cz1-2021-01-rev1 (191.5s)
18:02:29 [00099/03547] R49/2013/r049-2013-cz1-2020-01 (243.5s)
18:02:33 [00100/03547] R49/2013/r049-2013-cz1-2021-02 (137.3s)
18:03:37 [00101/03547] R49/2013/r049-2013-cz1-2021-03 (189.7s)
18:03:47 [00102/03547] R49/2013/r049-2013-cz1-2021-01 (265.4s)
18:05:21 [00103/03547] R49/2013/r049-2013-cz1-2021-07 (104.5s)
18:06:04 [00104/03547] R49/2013/r049-2013-cz1-2021-06 (211.2s)
FAIL R49/2013/r049-2013-cz1-2021-04: API error for R49/2013/r049-2013-cz1-2021-04: {"error" => "HTTP 429: {\"type\":\"error\",\"error\":{\"type\":\"rate_limit_error\",\"code\":\"1302\",\"message\":\"[1302][Rate limit reached for requests][202610071805144cf7766b0fd3465d]\"},\"request_id\
18:08:15 [00106/03547] R49/2013/r049-2013-cz1-2022-03 (131.0s)
FAIL R49/2013/r049-2013-cz1-2021-05: expected ',' or ']' after array value at line 255 column 127
FAIL R49/2013/r049-2013-cz1-2022-02: expected ',' or ']' after array value at line 479 column 203
18:12:26 [00109/03547] R49/2013/r049-2013-cz1-2022-01 (519.5s)
18:12:30 [00110/03547] R49/2013/r049-2013-de1-2015-04 (255.7s)
18:13:12 [00111/03547] R49/2013/r049-2013-cz1-2022-04 (382.1s)
18:13:48 [00112/03547] R49/2013/r049-2013-de1-2015-05 (132.1s)
18:16:36 [00113/03547] R49/2013/r049-2013-dk2-2021-02 (167.9s)
18:16:37 [00114/03547] R49/2013/r049-2013-de1-2016-01 (281.9s)
18:16:46 [00115/03547] R49/2013/r049-2013-de1-2016-03 (255.7s)
FAIL R49/2013/r049-2013-de1-2016-02: API error for R49/2013/r049-2013-de1-2016-02: {"error" => "HTTP 429: {\"type\":\"error\",\"error\":{\"type\":\"rate_limit_error\",\"code\":\"1302\",\"message\":\"[1302][Rate limit reached for requests][20261007181552ebf2dbdff70144f7]\"},\"request_id\
18:18:36 [00117/03547] R49/2013/r049-2013-fr2-2014-03-rev2 (119.3s)
18:21:04 [00118/03547] R49/2013/r049-2013-dk2-2021-01 (471.9s)
18:22:56 [00119/03547] R49/2013/r049-2013-dk2-2022-01 (380.0s)
18:23:23 [00120/03547] R49/2013/r049-2013-fr2-2015-02 (139.5s)
18:23:37 [00121/03547] R49/2013/r049-2013-fr2-2015-01-rev1 (411.0s)
18:23:49 [00122/03547] R49/2013/r049-2013-fr2-2016-02-annex1 (52.5s)
18:24:25 [00123/03547] R49/2013/r049-2013-fr2-2015-01 (348.9s)
18:50:16 [00124/03547] R49/2013/r049-2013-fr2-2016-02-rev1 (1612.8s)
18:51:56 [00125/03547] R49/2013/r049-2013-fr2-2017-01 (99.8s)
18:55:04 [00126/03547] R49/2013/r049-2013-fr2-2017-03-rev1 (187.9s)
18:57:14 [00127/03547] R49/2013/r049-2013-fr2-2018-0 (130.2s)
18:58:43 [00128/03547] R49/2013/r049-2013-fr2-2016-02 (2105.6s)
FAIL R49/2013/r049-2013-fr2-2015-01-rev2: expected ',' or ']' after array value at line 192 column 90
18:58:45 [00130/03547] R49/2013/r049-2013-fr2-2016-03 (2059.8s)
19:00:31 [00131/03547] R49/2013/r049-2013-fr2-2018-01 (196.8s)
19:00:48 [00132/03547] R49/2013/r049-2013-fr2-2018-02 (124.9s)
19:01:26 [00133/03547] R49/2013/r049-2013-fr2-2016-03-rev2 (2257.1s)
19:02:11 [00134/03547] R49/2013/r049-2013-fr2-2018-03 (206.7s)
19:03:02 [00135/03547] R49/2013/r049-2013-jp1-2017-01 (96.6s)
19:03:31 [00136/03547] R49/2013/r049-2013-gb1-2017-01 (285.8s)
19:04:23 [00137/03547] R49/2013/r049-2013-gb1-2017-02 (232.6s)
19:04:37 [00138/03547] R49/2013/r049-2013-gb1-2017-03 (229.8s)
19:05:19 [00139/03547] R49/2013/r049-2013-nl1-2015-01 (136.3s)
19:06:41 [00140/03547] R49/2013/r049-2013-nl1-2016-02 (124.0s)
19:06:55 [00141/03547] R49/2013/r049-2013-nl1-2015-01-rev2 (284.0s)
19:06:58 [00142/03547] R49/2013/r049-2013-nl1-2016-01 (207.1s)
FAIL R49/2013/r049-2013-nl1-2016-03-rev1-annex1: expected ',' or ']' after array value at line 79 column 3
19:08:21 [00144/03547] R49/2013/r049-2013-nl1-2016-03 (85.8s)
19:09:11 [00145/03547] R49/2013/r049-2013-nl1-2017-01 (133.1s)
19:10:11 [00146/03547] R49/2013/r049-2013-nl1-2017-03 (109.9s)
19:10:31 [00147/03547] R49/2013/r049-2013-nl1-2017-02 (133.6s)
19:10:35 [00148/03547] R49/2013/r049-2013-nl1-2016-03-rev1 (234.0s)
19:11:30 [00149/03547] R49/2013/r049-2013-nl1-2016-02-rev1 (426.8s)
19:12:13 [00150/03547] R49/2013/r049-2013-nl1-2018-02 (122.1s)
19:12:38 [00151/03547] R49/2013/r049-2013-nl1-2018-01 (206.6s)
19:16:01 [00152/03547] R49/2013/r049-2013-nl1-2019-01 (271.0s)
19:16:38 [00153/03547] R49/2013/r049-2013-nl1-2019-01-rev2 (362.7s)
19:16:54 [00154/03547] R49/2013/r049-2013-nl1-2019-02 (280.8s)
19:17:20 [00155/03547] R49/2013/r049-2013-nl1-2019-01-rev1 (409.7s)
19:17:25 [00156/03547] R49/2013/r049-2013-nl1-2019-06-rev1 (287.6s)
19:21:07 [00157/03547] R49/2013/r049-2013-nl1-2019-06 (305.4s)
19:23:50 [00158/03547] R49/2013/r049-2013-nl1-2020-01-rev3 (389.2s)
FAIL R49/2013/r049-2013-nl1-2020-01-rev2: expected ',' or ']' after array value at line 265 column 164
19:24:15 [00160/03547] R49/2013/r049-2013-nl1-2020-01-rev4 (409.4s)
FAIL R49/2013/r049-2013-nl1-2020-01-rev1: expected ',' or ']' after array value at line 405 column 163
FAIL R49/2013/r049-2013-nl1-2020-01-rev5: expected ',' or ']' after array value at line 209 column 125
19:29:50 [00163/03547] R49/2013/r049-2013-nl1-2020-02-rev1 (335.7s)
FAIL R49/2013/r049-2013-nl1-2020-01: expected ',' or ']' after array value at line 432 column 117
FAIL R49/2013/r049-2013-nl1-2020-01-rev6: API error for R49/2013/r049-2013-nl1-2020-01-rev6: {"id" => "msg_202610071923541c0f59f8dfa941df", "type" => "message", "role" => "assistant", "model" => "glm-5.3-flash", "content" => [{"type" => "thinking", "thinking" => "Let me analyze this OIML cer
19:32:29 [00166/03547] R49/2013/r049-2013-nl1-2021-01-rev1 (201.4s)
FAIL R49/2013/r049-2013-nl1-2020-02: expected ',' or ']' after array value at line 532 column 63
19:33:41 [00168/03547] R49/2013/r049-2013-nl1-2021-02-rev1 (230.6s)
19:34:08 [00169/03547] R49/2013/r049-2013-nl1-2021-03-rev1 (155.0s)
19:34:18 [00170/03547] R49/2013/r049-2013-nl1-2021-02 (179.3s)
19:36:26 [00171/03547] R49/2013/r049-2013-nl1-2022-02 (127.5s)
19:36:47 [00172/03547] R49/2013/r049-2013-nl1-2021-04 (258.0s)
19:37:29 [00173/03547] R49/2013/r049-2013-nl1-2021-05-rev2 (297.4s)
19:39:18 [00174/03547] R49/2013/r049-2013-nl1-2022-03-rev0 (171.9s)
19:39:20 [00175/03547] R49/2013/r049-2013-nl1-2021-06 (338.6s)
19:39:39 [00176/03547] R49/2013/r049-2013-sk1-2014-03 (129.8s)
19:39:55 [00177/03547] R49/2013/r049-2013-nl1-2022-01-rev0 (346.7s)
19:42:25 [00178/03547] R49/2013/r049-2013-sk1-2014-04 (187.6s)
19:42:59 [00179/03547] R49/2013/r049-2013-sk1-2014-02-rev2 (371.8s)
19:44:02 [00180/03547] R49/2013/r049-2013-sk1-2016-01 (262.4s)
FAIL R49/2013/r049-2013-sk1-2014-05: API error for R49/2013/r049-2013-sk1-2014-05: {"error" => "HTTP 429: {\"type\":\"error\",\"error\":{\"type\":\"rate_limit_error\",\"code\":\"1302\",\"message\":\"[1302][Rate limit reached for requests][202610071942451dc348106ba44759]\"},\"request_id\
19:46:43 [00182/03547] R49/2013/r049-2013-sk1-2016-02-rev1 (407.8s)
19:47:09 [00183/03547] R49/2013/r049-2013-sk1-2016-02 (283.6s)
19:47:25 [00184/03547] R49/2013/r049-2013-sk1-2017-01 (42.3s)
19:48:40 [00185/03547] R49/2013/r049-2013-sk1-2016-04 (258.9s)
19:50:02 [00186/03547] R49/2013/r049-2013-sk1-2016-03 (360.5s)
19:50:38 [00187/03547] R49/2013/r049-2013-sk1-2016-03-rev1 (458.8s)
19:51:59 [00188/03547] R49/2013/r049-2013-sk1-2018-01 (274.0s)
19:52:47 [00189/03547] R49/2013/r049-2013-sk1-2020-01 (129.5s)
19:53:46 [00190/03547] R49/2013/r049-2013-sk1-2018-03 (224.3s)
19:53:52 [00191/03547] R49/2013/r049-2013-sk1-2018-02 (312.1s)
FAIL R49/2013/r049-2013-sk1-2017-02: expected ',' or ']' after array value at line 93 column 96
19:54:57 [00193/03547] R49/2013/r049-2013-sk1-2020-02 (177.9s)
19:55:42 [00194/03547] R49/2013/r49-2013-cz1-2017-01-annex1 (45.2s)
19:55:52 [00195/03547] R49/2013/r49-2013-cz1-2015-01-annex2 (58.7s)
19:55:57 [00196/03547] R49/2013/r049-2013-sk1-2021-01 (189.9s)
19:56:36 [00197/03547] R49/2013/r49-2013-cz1-2017-06-annex2 (53.3s)
19:56:52 [00198/03547] R49/2013/r049-2013-sk1-2022-01 (185.5s)
19:57:05 [00199/03547] R49/2013/r049-2013-sk1-2022-02 (193.0s)
19:58:36 [00200/03547] R49/2013/r49-2013-cz1-2020-01-rev2 (163.6s)
19:59:54 [00201/03547] R49/2013/r49-2013-cz1-2020-01-rev3 (236.6s)
20:01:12 [00202/03547] R49/2013/r49-2013-cz1-2021-01-rev1 (246.8s)
20:01:48 [00203/03547] R49/2013/r49-2013-cz1-2020-02 (312.5s)
20:02:05 [00204/03547] R49/2013/r49-2013-cz1-2021-06-rev1 (130.8s)
20:03:51 [00205/03547] R49/2013/r49-2013-cz1-2020-03 (419.2s)
20:03:57 [00206/03547] R49/2013/r49-2013-cz1-2021-01-rev2 (320.9s)
20:04:54 [00207/03547] R49/2013/r49-2013-cz1-2021-07-rev1 (222.5s)
20:05:13 [00208/03547] R49/2013/r49-2013-cz1-2021-07-rev2 (204.6s)
FAIL R49/2013/r49-2013-cz1-2022-02-rev1: expected ',' or ']' after array value at line 187 column 8
FAIL R49/2013/r49-2013-cz1-2022-02-rev2: expected ',' or ']' after array value at line 471 column 211
FAIL R49/2013/r49-2013-cz1-2022-02-rev3: expected ',' or ']' after array value at line 217 column 43
20:12:13 [00212/03547] R49/2013/r49-2013-cz1-2022-02-rev4 (438.8s)
FAIL R49/2013/r49-2013-cz1-2022-02-rev5: expected ',' or ']' after array value at line 325 column 88
20:15:54 [00214/03547] R49/2013/r49-2013-cz1-2023-02-rev1 (327.1s)
20:17:15 [00215/03547] R49/2013/r49-2013-cz1-2024-01-rev1 (222.4s)
FAIL R49/2013/r49-2013-cz1-2023-01: expected ',' or ']' after array value at line 212 column 95
20:18:20 [00217/03547] R49/2013/r49-2013-cz1-2023-03 (367.0s)
FAIL R49/2013/r49-2013-cz1-2023-02: expected ',' or ']' after array value at line 116 column 88
20:22:14 [00219/03547] R49/2013/r49-2013-cz1-2024-02-rev1 (380.2s)
20:22:46 [00220/03547] R49/2013/r49-2013-cz1-2024-02-rev2 (330.9s)
FAIL R49/2013/r49-2013-cz1-2024-02: expected ',' or ']' after array value at line 294 column 56
20:25:03 [00222/03547] R49/2013/r49-2013-cz1-2024-05 (136.8s)
FAIL R49/2013/r49-2013-cz1-2024-02-rev3: API error for R49/2013/r49-2013-cz1-2024-02-rev3: {"id" => "msg_202610072018019d82a04ff134423d", "type" => "message", "role" => "assistant", "model" => "glm-5.3-flash", "content" => [{"type" => "thinking", "thinking" => "Let me analyze this OIML cert
20:27:02 [00224/03547] R49/2013/r49-2013-cz1-2024-04-rev3 (288.1s)
20:27:56 [00225/03547] R49/2013/r49-2013-cz1-2024-07 (169.6s)
20:29:21 [00226/03547] R49/2013/r49-2013-cz1-2024-04-rev2 (466.5s)
20:30:55 [00227/03547] R49/2013/r49-2013-cz1-2025-01-rev1 (233.5s)
20:31:05 [00228/03547] R49/2013/r49-2013-cz1-2025-01 (189.2s)
FAIL R49/2013/r49-2013-cz1-2024-06-rev1: expected ',' or '}' after object value, got: EOF at line 128 column 139
FAIL R49/2013/r49-2013-cz1-2024-06: API error for R49/2013/r49-2013-cz1-2024-06: {"id" => "msg_20261007202528338b2ee918284670", "type" => "message", "role" => "assistant", "model" => "glm-5.3-flash", "content" => [{"type" => "thinking", "thinking" => "Let me analyze this OIML certifica
20:35:01 [00231/03547] R49/2013/r49-2013-cz1-2026-01 (148.0s)
20:35:28 [00232/03547] R49/2013/r49-2013-cz1-2025-03 (367.9s)
FAIL R49/2013/r49-2013-cz1-2025-04: API error for R49/2013/r49-2013-cz1-2025-04: {"error" => "HTTP 429: {\"type\":\"error\",\"error\":{\"type\":\"rate_limit_error\",\"code\":\"1302\",\"message\":\"[1302][Rate limit reached for requests][20261007203421a735d3ad6f0649e2]\"},\"request_id\"
20:36:51 [00234/03547] R49/2013/r49-2013-cz1-2025-07 (346.1s)
20:37:58 [00235/03547] R49/2013/r49-2013-de1-2024-01 (149.4s)
20:38:25 [00236/03547] R49/2013/r49-2013-cz1-2026-02 (331.0s)
20:39:13 [00237/03547] R49/2013/r49-2013-de1-2024-03 (142.6s)
20:40:26 [00238/03547] R49/2013/r49-2013-de1-2023-01 (325.2s)
20:41:28 [00239/03547] R49/2013/r49-2013-dk2-2022-02-rev1 (183.1s)
20:43:02 [00240/03547] R49/2013/r49-2013-dk2-2021-04-rev5 (304.0s)
20:43:29 [00241/03547] R49/2013/r49-2013-de1-2024-02 (451.8s)
20:43:46 [00242/03547] R49/2013/r49-2013-dk2-2025-01-rev2 (272.3s)
20:44:50 [00243/03547] R49/2013/r49-2013-dk2-2025-02-rev2 (264.4s)
20:46:19 [00244/03547] R49/2013/r49-2013-dk2-2025-03 (291.0s)
20:48:34 [00245/03547] R49/2013/r49-2013-fr2-2022-03-rev0 (288.4s)
20:48:57 [00246/03547] R49/2013/r49-2013-fr2-2022-02-rev0 (328.6s)
20:49:36 [00247/03547] R49/2013/r49-2013-fr2-2022-01-rev0 (394.5s)
20:51:05 [00248/03547] R49/2013/r49-2013-fr2-2022-03-rev2 (374.3s)
20:51:21 [00249/03547] R49/2013/r49-2013-fr2-2023-04-rev0 (104.6s)
20:52:05 [00250/03547] R49/2013/r49-2013-fr2-2023-01-rev0 (346.3s)
20:53:49 [00251/03547] R49/2013/r49-2013-fr2-2023-02-rev0 (315.2s)
20:54:28 [00252/03547] R49/2013/r49-2013-fr2-2023-05-rev1 (203.9s)
20:55:02 [00253/03547] R49/2013/r49-2013-fr2-2023-03-rev0 (364.7s)
20:55:47 [00254/03547] R49/2013/r49-2013-fr2-2023-05-rev3 (265.8s)
20:57:24 [00255/03547] R49/2013/r49-2013-fr2-2023-05-rev4 (318.5s)
20:59:01 [00256/03547] R49/2013/r49-2013-nl1-2019-01-rev4 (272.0s)
21:00:05 [00257/03547] R49/2013/r49-2013-nl1-2019-01-rev3 (375.3s)
21:00:32 [00258/03547] R49/2013/r49-2013-nl1-2019-01-rev5 (330.5s)
21:01:10 [00259/03547] R49/2013/r49-2013-nl1-2019-02-rev1 (323.6s)
21:03:53 [00260/03547] R49/2013/r49-2013-nl1-2019-02-rev2 (389.0s)
21:04:51 [00261/03547] R49/2013/r49-2013-nl1-2019-02-rev3 (350.1s)
21:05:33 [00262/03547] R49/2013/r49-2013-nl1-2019-06-rev2 (328.0s)
21:05:59 [00263/03547] R49/2013/r49-2013-nl1-2019-06-rev3 (326.3s)
21:08:00 [00264/03547] R49/2013/r49-2013-nl1-2019-06-rev4 (410.1s)
FAIL R49/2013/r49-2013-nl1-2020-01-rev12: expected ',' or ']' after array value at line 327 column 159
FAIL R49/2013/r49-2013-nl1-2020-01-rev13: expected ',' or ']' after array value at line 244 column 6
FAIL R49/2013/r49-2013-nl1-2020-01-rev11: expected ',' or ']' after array value at line 219 column 130
FAIL R49/2013/r49-2013-nl1-2020-01-rev10: expected ',' or ']' after array value at line 412 column 197
FAIL R49/2013/r49-2013-nl1-2020-01-rev14: expected ',' or ']' after array value at line 133 column 56
FAIL R49/2013/r49-2013-nl1-2020-01-rev15: expected ',' or ']' after array value at line 1239 column 10
FAIL R49/2013/r49-2013-nl1-2020-01-rev7: expected ',' or ']' after array value at line 296 column 122
FAIL R49/2013/r49-2013-nl1-2020-01-rev8: expected ',' or ']' after array value at line 257 column 166
FAIL R49/2013/r49-2013-nl1-2020-01-rev9: expected ',' or ']' after array value at line 252 column 118
FAIL R49/2013/r49-2013-nl1-2020-02-rev2: expected ',' or ']' after array value at line 287 column 118
21:23:47 [00275/03547] R49/2013/r49-2013-nl1-2021-02-rev2 (187.3s)
21:24:27 [00276/03547] R49/2013/r49-2013-nl1-2021-02-rev3 (226.1s)
21:24:56 [00277/03547] R49/2013/r49-2013-nl1-2021-02-rev4 (224.4s)
FAIL R49/2013/r49-2013-nl1-2020-02-rev3: expected ',' or ']' after array value at line 391 column 155
21:28:42 [00279/03547] R49/2013/r49-2013-nl1-2021-03-rev2 (294.3s)
FAIL R49/2013/r49-2013-nl1-2021-03-rev10: expected ',' or ']' after array value at line 240 column 168
FAIL R49/2013/r49-2013-nl1-2021-03-rev4: API error for R49/2013/r49-2013-nl1-2021-03-rev4: {"error" => "HTTP 429: {\"type\":\"error\",\"error\":{\"type\":\"rate_limit_error\",\"code\":\"1302\",\"message\":\"[1302][Rate limit reached for requests][20261007212821a1e4b6d51c2f4197]\"},\"request
21:30:41 [00282/03547] R49/2013/r49-2013-nl1-2021-03-rev3 (373.9s)
21:33:40 [00283/03547] R49/2013/r49-2013-nl1-2021-03-rev5 (380.3s)
FAIL R49/2013/r49-2013-nl1-2021-03-rev6: expected ',' or ']' after array value at line 273 column 94
21:36:23 [00285/03547] R49/2013/r49-2013-nl1-2021-03-rev9 (341.6s)
FAIL R49/2013/r49-2013-nl1-2021-03-rev7: duplicate key "maximum_admissible_pressure" at line 86 column 19
21:36:27 [00287/03547] R49/2013/r49-2013-nl1-2021-04-rev2 (166.9s)
21:38:11 [00288/03547] R49/2013/r49-2013-nl1-2022-01-rev1 (104.1s)
21:39:35 [00289/03547] R49/2013/r49-2013-nl1-2021-04-rev3 (208.7s)
21:39:37 [00290/03547] R49/2013/r49-2013-nl1-2021-03-rev8 (580.4s)
21:40:23 [00291/03547] R49/2013/r49-2013-nl1-2021-05-rev3 (239.3s)
21:40:52 [00292/03547] R49/2013/r49-2013-nl1-2022-02-rev1 (160.3s)
21:41:07 [00293/03547] R49/2013/r49-2013-nl1-2024-02-rev0 (92.4s)
21:41:22 [00294/03547] R49/2013/r49-2013-nl1-2021-04-rev4 (299.5s)
21:43:04 [00295/03547] R49/2013/r49-2013-nl1-2026-09-rev0 (116.7s)
21:43:10 [00296/03547] R49/2013/r49-2013-nl1-2025-02-rev0 (166.6s)
21:45:30 [00297/03547] R49/2013/r49-2013-nl1-2025-01-rev0 (352.8s)
21:47:19 [00298/03547] R49/2013/r49-2013-nl1-2026-01-rev0 (387.9s)
21:48:04 [00299/03547] R49/2013/r49-2013-sk1-2023-02 (44.5s)
21:48:41 [00300/03547] R49/2013/r49-2013-sk1-2023-01 (337.1s)
FAIL R49/2013/r49-2013-sk1-2020-02-rev1: expected ',' or ']' after array value at line 494 column 197
FAIL R49/2013/r49-2013-sk1-2023-02-rev1: expected ',' or ']' after array value at line 444 column 8
21:53:45 [00303/03547] R49/2013/r49-2013-sk1-2023-03 (303.9s)
21:53:58 [00304/03547] R49/2013/r49-2013-sk1-2023-03-rev1 (354.2s)
FAIL R49/2013/r49-2013-sk1-2023-02-rev3: expected ',' or ']' after array value at line 179 column 188
21:54:40 [00306/03547] R49/2013/r49-2013-sk1-2023-04-rev2 (345.2s)
21:56:12 [00307/03547] R49/2013/r49-2013-sk1-2023-04-rev3 (321.2s)
21:56:59 [00308/03547] R49/2013/r49-2013-sk1-2023-06 (163.6s)
21:57:41 [00309/03547] R49/2013/r49-2013-sk1-2023-04 (236.3s)
21:57:43 [00310/03547] R49/2013/r49-2013-sk1-2023-05 (224.7s)
21:58:57 [00311/03547] R49/2013/r49-2013-sk1-2024-01-rev1 (257.5s)
21:59:40 [00312/03547] R49/2013/r49-2013-sk1-2024-01-rev2 (207.6s)
22:00:13 [00313/03547] R49/2013/r49-2013-sk1-2024-01 (194.5s)
22:01:34 [00314/03547] R49/2013/r49-2013-sk1-2024-03-rev1 (231.2s)
22:01:41 [00315/03547] R49/2013/r49-2013-sk1-2024-02 (239.4s)
22:02:40 [00316/03547] R49/2013/r49-2013-sk1-2024-03-rev2 (222.5s)
22:02:52 [00317/03547] R49/2013/r49-2013-sk1-2024-03 (192.1s)
22:03:35 [00318/03547] R49/2013/r49-2013-sk1-2024-04 (201.6s)
22:05:41 [00319/03547] R49/2013/r49-2013-sk1-2024-05 (246.6s)
22:06:14 [00320/03547] R49/2013/r49-2013-sk1-2024-06 (273.2s)
22:06:33 [00321/03547] R49/2013/r49-2013-sk1-2024-07 (221.2s)
22:06:35 [00322/03547] R49/2013/r49-2013-sk1-2024-07-rev1 (235.4s)
22:10:33 [00323/03547] R49/2013/r49-2013-sk1-2025-04 (240.0s)
22:10:46 [00324/03547] R49/2013/r49-2013-sk1-2025-03 (272.5s)
22:11:03 [00325/03547] R49/2013/r49-2013-sk1-2025-01 (448.2s)
22:11:23 [00326/03547] R49/2013/r49-2013-sk1-2025-05 (287.4s)
22:12:14 [00327/03547] R49/2013/r49-2013-sk1-2025-02 (393.7s)
22:13:21 [00328/03547] R49/2013/r49-2013-sk1-2025-06 (167.9s)
22:13:58 [00329/03547] R49/2013/r49-2013-sk1-2025-07 (191.8s)
22:14:19 [00330/03547] R49/2013/r49-2013-sk1-2025-08 (195.7s)
22:14:56 [00331/03547] R49/2013/r49-2013-sk1-2025-10 (161.4s)
22:15:41 [00332/03547] R49/2013/r49-2013-sk1-2025-09 (258.4s)
22:16:14 [00333/03547] R49/2013/r49-2013-sk1-2025-11 (172.5s)
22:18:14 [00334/03547] R49/2013/r49-2013-sk1-2026-04 (152.5s)
22:18:30 [00335/03547] R49/2013/r49-2013-sk1-2025-12 (271.6s)
22:19:31 [00336/03547] R49/2013/r49-2013-sk1-2026-05 (197.1s)
22:19:44 [00337/03547] R50/1997/r050-1997-dk3-2012-01 (90.6s)
22:20:44 [00338/03547] R49/2013/r49-2013-sk1-2026-02 (348.0s)
22:20:57 [00339/03547] R50/1997/r050-1997-gb1-2009-01-rev1 (147.2s)
22:21:28 [00340/03547] R49/2013/r49-2013-sk1-2025-14 (428.9s)
22:21:48 [00341/03547] R50/1997/r050-1997-gb1-2009-01 (124.1s)
22:22:14 [00342/03547] R51/1996/r051-1996-cn1-2014-01 (89.8s)
22:23:18 [00343/03547] R51/1996/r051-1996-de1-2003-07-rev1 (64.2s)
22:24:24 [00344/03547] R50/1997/r050-1997-gb1-2009-01-rev2 (292.9s)
22:24:51 [00345/03547] R51/1996/r051-1996-de1-2003-03-rev1 (182.8s)
22:25:33 [00346/03547] R51/1996/r051-1996-de1-1998-01-rev4 (275.9s)
22:25:47 [00347/03547] R51/1996/r051-1996-de1-2003-13-rev1 (83.1s)
22:26:34 [00348/03547] R51/1996/r051-1996-de1-1999-03-rev2 (306.3s)
22:26:35 [00349/03547] R51/1996/r051-1996-de1-2004-01-rev1 (104.4s)
22:28:10 [00350/03547] R51/1996/r051-1996-de1-2003-11-rev1 (292.5s)
22:28:11 [00351/03547] R51/1996/r051-1996-de1-2004-06 (158.4s)
22:28:13 [00352/03547] R51/1996/r051-1996-de1-2005-03 (97.7s)
22:28:42 [00353/03547] R51/1996/r051-1996-de1-2005-02 (128.1s)
22:28:50 [00354/03547] R51/1996/r051-1996-de1-2005-01 (182.9s)
22:29:34 [00355/03547] R51/1996/r051-1996-dk1-2005-01 (81.2s)
22:29:43 [00356/03547] R51/1996/r051-1996-de1-2005-05 (91.6s)
22:29:51 [00357/03547] R51/1996/r051-1996-de1-2005-04 (101.0s)
22:30:45 [00358/03547] R51/1996/r051-1996-fr2-2005-01 (122.7s)
22:30:48 [00359/03547] R51/1996/r051-1996-gb1-2007-01 (73.9s)
22:32:19 [00360/03547] R51/1996/r051-1996-gb1-2008-02 (94.1s)
22:32:41 [00361/03547] R51/1996/r051-1996-gb1-2008-02-rev1 (169.8s)
22:35:19 [00362/03547] R51/1996/r051-1996-gb1-2006-01 (389.4s)
22:35:27 [00363/03547] R51/1996/r051-1996-gb1-2008-01-rev12 (344.6s)
22:35:57 [00364/03547] R51/1996/r051-1996-nl1-2005-01-rev1 (196.1s)
22:36:07 [00365/03547] R51/1996/r051-1996-nl1-2005-02-rev1 (39.3s)
22:36:55 [00366/03547] R51/1996/r051-1996-nl1-2005-02 (58.0s)
22:38:02 [00367/03547] R51/1996/r051-1996-nl1-2004-05-rev1 (343.1s)
22:38:12 [00368/03547] R51/1996/r051-1996-nl1-2006-01 (125.5s)
22:38:15 [00369/03547] R51/1996/r051-1996-gb1-2014-03-rev1 (446.4s)
22:38:24 [00370/03547] R51/1996/r051-1996-nl1-2006-02 (89.4s)
22:39:17 [00371/03547] R51/1996/r051-1996-nl1-2006-03 (74.8s)
22:39:22 [00372/03547] R51/1996/r051-1996-nl1-2005-01 (242.8s)
22:39:31 [00373/03547] R51/1996/r051-1996-nl1-2006-04 (78.5s)
22:39:56 [00374/03547] R51/1996/r051-1996-nl1-2013-06 (92.0s)
22:40:01 [00375/03547] R51/1996/r051-1996-nl1-2012-02 (106.8s)
22:40:07 [00376/03547] R51/2006/r051-2006-cn2-2018-01-rev1 (50.1s)
22:43:02 [00377/03547] R51/2006/r051-2006-de1-2007-06 (185.5s)
22:43:03 [00378/03547] R51/2006/r051-2006-de1-2007-07-rev2 (176.1s)
22:43:50 [00379/03547] R51/2006/r051-2006-de1-2007-07-rev1 (229.1s)
22:43:59 [00380/03547] R51/2006/r051-2006-de1-2007-03 (277.1s)
22:44:41 [00381/03547] R51/2006/r051-2006-de1-2008-02 (50.2s)
22:47:16 [00382/03547] R51/2006/r051-2006-de1-2010-01 (155.8s)
22:47:33 [00383/03547] R51/2006/r051-2006-de1-2008-01 (270.2s)
22:47:45 [00384/03547] R51/2006/r051-2006-de1-2009-01 (225.9s)
22:48:22 [00385/03547] R51/2006/r051-2006-de1-2015-02 (48.6s)
FAIL R51/2006/r051-2006-de1-2007-05: expected ',' or ']' after array value at line 46 column 8
22:49:15 [00387/03547] R51/2006/r051-2006-de1-2008-01-rev1 (372.6s)
22:51:20 [00388/03547] R51/2006/r051-2006-gb1-2008-01-rev1 (178.4s)
22:51:44 [00389/03547] R51/2006/r051-2006-de1-2013-01 (267.5s)
22:51:57 [00390/03547] R51/2006/r051-2006-de1-2022-02 (251.7s)
22:53:57 [00391/03547] R51/2006/r051-2006-gb1-2008-01-rev10 (325.1s)
22:54:02 [00392/03547] R51/2006/r051-2006-gb1-2008-01-rev3 (287.5s)
22:55:52 [00393/03547] R51/2006/r051-2006-gb1-2008-01-rev7 (247.8s)
22:56:01 [00394/03547] R51/2006/r051-2006-gb1-2008-01-rev5 (280.4s)
22:56:22 [00395/03547] R51/2006/r051-2006-gb1-2009-01 (265.3s)
22:58:16 [00396/03547] R51/2006/r051-2006-gb1-2009-03-rev2 (253.9s)
22:59:25 [00397/03547] R51/2006/r051-2006-gb1-2009-03-rev1 (327.8s)
23:00:27 [00398/03547] R51/2006/r051-2006-gb1-2009-03-rev3 (275.7s)
23:00:42 [00399/03547] R51/2006/r051-2006-gb1-2009-04 (260.5s)
23:03:14 [00400/03547] R51/2006/r051-2006-gb1-2009-05 (166.1s)
FAIL R51/2006/r051-2006-gb1-2009-04-rev2: expected ',' or ']' after array value at line 316 column 118
23:04:49 [00402/03547] R51/2006/r051-2006-gb1-2009-05-rev4 (325.0s)
23:04:58 [00403/03547] R51/2006/r051-2006-gb1-2009-05-rev2 (401.6s)
23:05:48 [00404/03547] R51/2006/r051-2006-gb1-2010-01-rev1 (154.7s)
23:06:18 [00405/03547] R51/2006/r051-2006-gb1-2010-01 (112.5s)
23:07:23 [00406/03547] R51/2006/r051-2006-gb1-2009-07-rev1 (400.5s)
23:08:13 [00407/03547] R51/2006/r051-2006-gb1-2011-02 (195.5s)
23:09:30 [00408/03547] R51/2006/r051-2006-gb1-2012-03 (126.9s)
23:09:57 [00409/03547] R51/2006/r051-2006-gb1-2012-01-rev2 (248.3s)
23:10:29 [00410/03547] R51/2006/r051-2006-gb1-2013-01-rev1 (136.4s)
23:10:32 [00411/03547] R51/2006/r051-2006-gb1-2012-02 (253.3s)
23:12:16 [00412/03547] R51/2006/r051-2006-gb1-2013-01-rev3 (166.7s)
23:13:53 [00413/03547] R51/2006/r051-2006-gb1-2011-02-rev2 (543.2s)
23:13:57 [00414/03547] R51/2006/r051-2006-gb1-2013-02 (208.0s)
23:14:30 [00415/03547] R51/2006/r051-2006-gb1-2013-01-rev4 (273.9s)
23:14:52 [00416/03547] R51/2006/r051-2006-gb1-2013-04-rev1 (260.5s)
23:15:44 [00417/03547] R51/2006/r051-2006-gb1-2014-02 (207.7s)
23:16:08 [00418/03547] R51/2006/r051-2006-gb1-2014-03-rev1 (135.3s)
23:16:28 [00419/03547] R51/2006/r051-2006-gb1-2014-03 (150.3s)
23:19:48 [00420/03547] R51/2006/r051-2006-gb1-2017-01-rev1 (220.0s)
23:19:58 [00421/03547] R51/2006/r051-2006-gb1-2014-04-rev3 (253.9s)
23:20:21 [00422/03547] R51/2006/r051-2006-gb1-2017-01 (233.1s)
23:21:21 [00423/03547] R51/2006/r051-2006-gb1-2014-04-rev1 (410.7s)
23:21:24 [00424/03547] R51/2006/r051-2006-gb1-2014-04-rev2 (391.4s)
23:22:08 [00425/03547] R51/2006/r051-2006-gb1-2017-02 (129.7s)
23:22:33 [00426/03547] R51/2006/r051-2006-gb1-2017-03-rev1 (132.6s)
23:22:40 [00427/03547] R51/2006/r051-2006-gb1-2017-02-rev1 (171.5s)
FAIL R51/2006/r051-2006-gb1-2018-01: API error for R51/2006/r051-2006-gb1-2018-01: {"error" => "HTTP 429: {\"type\":\"error\",\"error\":{\"type\":\"rate_limit_error\",\"code\":\"1302\",\"message\":\"[1302][Rate limit reached for requests][20261007232447e76f571c81e74b1f]\"},\"request_id\
23:26:47 [00429/03547] R51/2006/r051-2006-gb1-2022-01 (253.4s)
23:27:24 [00430/03547] R51/2006/r051-2006-gb1-2019-03-rev5 (316.4s)
FAIL R51/2006/r051-2006-nl1-2009-01: API error for R51/2006/r051-2006-nl1-2009-01: {"error" => "HTTP 429: {\"type\":\"error\",\"error\":{\"type\":\"rate_limit_error\",\"code\":\"1302\",\"message\":\"[1302][Rate limit reached for requests][202610072326058b67f962e4ac4d30]\"},\"request_id\
23:27:54 [00432/03547] R51/2006/r051-2006-nl1-2011-03 (67.0s)
23:28:01 [00433/03547] R51/2006/r051-2006-gb1-2018-04 (397.7s)
23:28:03 [00434/03547] R51/2006/r051-2006-nl1-2010-02 (100.2s)
23:28:28 [00435/03547] R51/2006/r051-2006-nl1-2012-03 (47.6s)
23:29:45 [00436/03547] R51/2006/r051-2006-nl1-2013-01 (102.6s)
23:29:52 [00437/03547] R51/2006/r051-2006-nl1-2012-01 (148.1s)
23:30:43 [00438/03547] R51/2006/r051-2006-nl1-2012-04-rev2 (161.5s)
23:30:57 [00439/03547] R51/2006/r051-2006-nl1-2012-04-rev1 (182.7s)
23:31:30 [00440/03547] R51/2006/r051-2006-nl1-2013-07 (104.7s)
23:31:48 [00441/03547] R51/2006/r051-2006-nl1-2013-04 (199.6s)
23:32:58 [00442/03547] R51/2006/r051-2006-nl1-2014-04-rev1 (121.9s)
23:33:10 [00443/03547] R51/2006/r051-2006-nl1-2014-01 (198.0s)
23:34:16 [00444/03547] R51/2006/r051-2006-nl1-2015-05-rev1 (148.3s)
23:34:27 [00445/03547] R51/2006/r051-2006-nl1-2016-03 (76.6s)
23:34:38 [00446/03547] R51/2006/r051-2006-nl1-2014-03 (235.4s)
23:34:40 [00447/03547] R51/2006/r051-2006-nl1-2015-02 (189.7s)
23:36:06 [00448/03547] R51/2006/r051-2006-nl1-2017-03 (99.0s)
23:36:44 [00449/03547] R51/2006/r051-2006-nl1-2017-05 (126.1s)
23:36:46 [00450/03547] R51/2006/r051-2006-nl1-2016-05 (150.3s)
23:36:59 [00451/03547] R51/2006/r051-2006-nl1-2017-06 (139.4s)
23:37:57 [00452/03547] R51/2006/r051-2006-nl1-2018-03 (73.2s)
23:38:52 [00453/03547] R51/2006/r051-2006-nl1-2019-02 (113.4s)
23:39:08 [00454/03547] R51/2006/r051-2006-nl1-2016-01 (369.8s)
23:39:17 [00455/03547] R51/2006/r051-2006-nl1-2018-05 (150.9s)
23:39:23 [00456/03547] R51/2006/r051-2006-nl1-2018-02 (196.7s)
23:40:10 [00457/03547] R51/2006/r051-2006-nl1-2020-02 (53.0s)
23:41:15 [00458/03547] R51/2006/r051-2006-nl1-2019-04 (126.7s)
23:42:48 [00459/03547] R51/2006/r051-2006-nl1-2020-04 (205.9s)
23:42:51 [00460/03547] R51/2006/r051-2006-nl1-2019-03-rev2 (294.0s)
23:43:46 [00461/03547] R51/2006/r051-2006-nl1-2021-02 (151.5s)
23:44:17 [00462/03547] R51/2006/r051-2006-nl1-2021-10 (85.7s)
23:44:33 [00463/03547] R51/2006/r051-2006-nl1-2019-03 (340.3s)
23:45:29 [00464/03547] R51/2006/r051-2006-nl1-2022-02-rev0 (103.0s)
23:46:49 [00465/03547] R51/2006/r051-2006-se1-2019-02 (136.4s)
23:46:53 [00466/03547] R51/2006/r051-2006-nl1-2021-04 (244.4s)
23:47:24 [00467/03547] R51/2006/r51-2006-cn2-2024-01 (34.7s)
23:47:58 [00468/03547] R51/2006/r051-2006-nl1-2021-01 (468.0s)
23:48:18 [00469/03547] R51/2006/r51-2006-de1-2023-04-rev1 (54.5s)
23:48:22 [00470/03547] R51/2006/r51-2006-cn2-2023-01 (172.2s)
23:48:51 [00471/03547] R51/2006/r51-2006-de1-2025-01 (32.5s)
23:49:01 [00472/03547] R51/2006/r051-2006-se1-2019-01 (284.1s)
23:50:31 [00473/03547] R51/2006/r51-2006-de1-2023-04 (152.8s)
23:50:41 [00474/03547] R51/2006/r51-2006-dk2-2023-02-rev1 (100.3s)
23:51:05 [00475/03547] R51/2006/r51-2006-de1-2023-01 (252.4s)
23:52:20 [00476/03547] R51/2006/r51-2006-fr2-2023-01-rev1 (75.1s)
23:52:35 [00477/03547] R51/2006/r51-2006-dk2-2022-01-rev1 (253.1s)
23:52:49 [00478/03547] R51/2006/r51-2006-fr2-2023-01-rev0 (127.5s)
23:53:20 [00479/03547] R51/2006/r51-2006-dk2-2024-01 (168.4s)
23:54:55 [00480/03547] R51/2006/r51-2006-nl1-2023-01-rev0 (95.5s)
23:55:07 [00481/03547] R51/2006/r51-2006-nl1-2021-10-rev1 (138.4s)
23:56:22 [00482/03547] R51/2006/r51-2006-nl1-2021-05-rev2 (227.0s)
23:56:48 [00483/03547] R51/2006/r51-2006-gb1-2023-01 (267.8s)
23:58:18 [00484/03547] R51/2006/r51-2006-nl1-2023-03-rev1 (190.5s)
23:58:35 [00485/03547] R51/2006/r51-2006-nl1-2023-03-rev0 (220.0s)
23:58:58 [00486/03547] R51/2006/r51-2006-dk2-2023-01 (607.6s)
23:59:01 [00487/03547] R51/2006/r51-2006-nl1-2023-05-rev0 (132.3s)
23:59:33 [00488/03547] R51/2006/r51-2006-nl1-2023-06-rev0 (75.3s)
00:00:01 [00489/03547] R51/2006/r51-2006-nl1-2024-03-rev0 (62.8s)
00:00:38 [00490/03547] R60/1991/r060-1991-gb1-2000-05-rev1 (64.7s)
00:00:40 [00491/03547] R51/2006/r51-2006-nl1-2023-04-rev1 (258.8s)
00:00:51 [00492/03547] R60/1991/r060-1991-nl1-1998-23-rev1 (49.8s)
00:01:25 [00493/03547] R51/2006/r51-2006-nl1-2024-02-rev1 (169.9s)
00:01:55 [00494/03547] R60/2000/r060-2000-cn1-2005-03 (64.5s)
00:02:48 [00495/03547] R60/2000/r060-2000-cn1-2005-01 (129.6s)
00:03:24 [00496/03547] R60/2000/r060-2000-cn1-2005-02 (163.2s)
00:03:58 [00497/03547] R60/1991/r060-1991-gb1-1995-01-rev1 (297.5s)
00:04:30 [00498/03547] R60/2000/r060-2000-cn1-2005-05 (154.9s)
00:04:39 [00499/03547] R60/2000/r060-2000-cn1-2006-01 (111.2s)
00:04:45 [00500/03547] R60/2000/r060-2000-cn1-2005-04 (200.2s)
00:05:08 [00501/03547] R60/2000/r060-2000-cn1-2006-02 (104.7s)
00:05:58 [00502/03547] R60/2000/r060-2000-cn1-2006-03 (119.7s)
00:06:14 [00503/03547] R60/2000/r060-2000-cn1-2006-05 (95.6s)
00:06:31 [00504/03547] R60/2000/r060-2000-cn1-2006-04 (121.0s)
00:06:43 [00505/03547] R60/2000/r060-2000-cn1-2006-06 (118.2s)
00:07:08 [00506/03547] R60/2000/r060-2000-cn1-2006-07 (119.5s)
00:08:01 [00507/03547] R60/2000/r060-2000-cn1-2006-09 (106.8s)
00:08:02 [00508/03547] R60/2000/r060-2000-cn1-2007-01 (78.4s)
00:08:12 [00509/03547] R60/2000/r060-2000-cn1-2006-08 (134.7s)
00:08:48 [00510/03547] R60/2000/r060-2000-cn1-2007-02 (99.8s)
00:09:00 [00511/03547] R60/2000/r060-2000-cn1-2006-10 (148.4s)
00:10:02 [00512/03547] R60/2000/r060-2000-cn1-2007-06 (74.2s)
00:10:04 [00513/03547] R60/2000/r060-2000-cn1-2008-01 (64.5s)
00:10:22 [00514/03547] R60/2000/r060-2000-cn1-2007-03 (140.8s)
00:10:58 [00515/03547] R60/2000/r060-2000-cn1-2007-04 (176.7s)
00:12:25 [00516/03547] R60/2000/r060-2000-cn1-2008-02 (143.5s)
00:12:42 [00517/03547] R60/2000/r060-2000-cn1-2008-13 (157.8s)
00:12:53 [00518/03547] R60/2000/r060-2000-cn1-2008-14 (150.5s)
00:13:24 [00519/03547] R60/2000/r060-2000-cn1-2007-05 (311.3s)
00:13:47 [00520/03547] R60/2000/r060-2000-cn1-2009-02-rev1 (54.0s)
00:14:29 [00521/03547] R60/2000/r060-2000-cn1-2009-03 (42.6s)
00:14:40 [00522/03547] R60/2000/r060-2000-cn1-2008-16 (134.6s)
00:14:47 [00523/03547] R60/2000/r060-2000-cn1-2008-15 (228.4s)
00:15:25 [00524/03547] R60/2000/r060-2000-cn1-2009-01 (162.8s)
00:15:50 [00525/03547] R60/2000/r060-2000-cn1-2010-01 (70.1s)
00:15:59 [00526/03547] R60/2000/r060-2000-cn1-2009-04 (89.6s)
00:16:37 [00527/03547] R60/2000/r060-2000-cn1-2011-01 (46.9s)
00:16:41 [00528/03547] R60/2000/r060-2000-cn1-2010-03 (76.0s)
00:16:52 [00529/03547] R60/2000/r060-2000-cn1-2010-02 (125.0s)
00:17:28 [00530/03547] R60/2000/r060-2000-cn1-2014-01 (50.8s)
00:17:57 [00531/03547] R60/2000/r060-2000-cn1-2013-01 (118.6s)
FAIL R60/2000/r060-2000-cn1-2009-02: API error for R60/2000/r060-2000-cn1-2009-02: {"error" => "HTTP 429: {\"type\":\"error\",\"error\":{\"type\":\"rate_limit_error\",\"code\":\"1302\",\"message\":\"[1302][Rate limit reached for requests][202610080016508d1715b311384923]\"},\"request_id\
00:18:37 [00533/03547] R60/2000/r060-2000-cn1-2016-01 (40.2s)
00:18:47 [00534/03547] R60/2000/r060-2000-cn1-2015-03 (79.8s)
00:18:49 [00535/03547] R60/2000/r060-2000-cn1-2015-01 (128.1s)
00:18:49 [00536/03547] R60/2000/r060-2000-cn1-2015-02 (117.4s)
00:20:18 [00537/03547] R60/2000/r060-2000-de1-2005-01 (89.4s)
00:20:19 [00538/03547] R60/2000/r060-2000-cn2-2018-01 (101.6s)
00:20:39 [00539/03547] R60/2000/r060-2000-cn1-2017-01 (133.6s)
00:21:12 [00540/03547] R60/2000/r060-2000-de1-2005-02-rev1 (142.6s)
00:21:17 [00541/03547] R60/2000/r060-2000-de1-2005-02 (58.8s)
00:21:53 [00542/03547] R60/2000/r060-2000-de1-2006-02-rev2 (41.4s)
00:22:09 [00543/03547] R60/2000/r060-2000-de1-2002-01-rev2 (201.8s)
00:22:10 [00544/03547] R60/2000/r060-2000-de1-2006-01 (111.1s)
00:22:50 [00545/03547] R60/2000/r060-2000-de1-2006-02-rev1 (131.2s)
00:24:05 [00546/03547] R60/2000/r060-2000-de1-2008-01 (115.0s)
00:24:07 [00547/03547] R60/2000/r060-2000-de1-2006-02 (169.9s)
00:24:14 [00548/03547] R60/2000/r060-2000-de1-2008-02 (83.9s)
00:24:51 [00549/03547] R60/2000/r060-2000-de1-2006-03 (161.6s)
00:24:54 [00550/03547] R60/2000/r060-2000-de1-2008-03 (48.4s)
00:26:36 [00551/03547] R60/2000/r060-2000-de1-2008-05 (105.7s)
FAIL R60/2000/r060-2000-de1-2006-03-rev2: API error for R60/2000/r060-2000-de1-2006-03-rev2: {"error" => "HTTP 429: {\"type\":\"error\",\"error\":{\"type\":\"rate_limit_error\",\"code\":\"1302\",\"message\":\"[1302][Rate limit reached for requests][202610080025197b264773c13249f7]\"},\"reques
00:27:03 [00553/03547] R60/2000/r060-2000-de1-2008-04 (175.9s)
00:27:15 [00554/03547] R60/2000/r060-2000-de1-2008-06 (140.9s)
00:28:04 [00555/03547] R60/2000/r060-2000-de1-2008-05-rev1 (229.5s)
00:30:05 [00556/03547] R60/2000/r060-2000-de1-2008-09 (181.8s)
00:30:06 [00557/03547] R60/2000/r060-2000-de1-2008-07 (209.8s)
00:31:21 [00558/03547] R60/2000/r060-2000-de1-2008-10 (246.6s)
00:31:43 [00559/03547] R60/2000/r060-2000-de1-2008-12 (96.3s)
00:32:19 [00560/03547] R60/2000/r060-2000-de1-2008-11-rev1 (255.7s)
00:32:37 [00561/03547] R60/2000/r060-2000-de1-2008-08 (342.1s)
00:33:52 [00562/03547] R60/2000/r060-2000-de1-2008-14 (129.8s)
00:34:20 [00563/03547] R60/2000/r060-2000-de1-2009-01 (120.9s)
00:34:23 [00564/03547] R60/2000/r060-2000-de1-2008-13 (181.4s)
00:35:29 [00565/03547] R60/2000/r060-2000-de1-2009-02 (172.1s)
00:35:54 [00566/03547] R60/2000/r060-2000-de1-2009-05 (91.4s)
00:35:59 [00567/03547] R60/2000/r060-2000-de1-2009-04 (98.5s)
00:36:53 [00568/03547] R60/2000/r060-2000-de1-2009-07 (58.5s)
00:37:12 [00569/03547] R60/2000/r060-2000-de1-2009-03 (199.6s)
00:37:20 [00570/03547] R60/2000/r060-2000-de1-2008-11 (435.4s)
00:37:33 [00571/03547] R60/2000/r060-2000-de1-2009-06 (123.8s)
00:38:15 [00572/03547] R60/2000/r060-2000-de1-2009-08 (136.6s)
00:38:44 [00573/03547] R60/2000/r060-2000-de1-2009-10 (83.4s)
00:39:10 [00574/03547] R60/2000/r060-2000-de1-2009-11-rev1 (97.9s)
00:39:26 [00575/03547] R60/2000/r060-2000-de1-2009-11 (70.1s)
00:39:47 [00576/03547] R60/2000/r060-2000-de1-2009-09 (154.9s)
00:40:46 [00577/03547] R60/2000/r060-2000-de1-2009-14 (80.5s)
00:40:52 [00578/03547] R60/2000/r060-2000-de1-2009-12 (128.1s)
00:40:54 [00579/03547] R60/2000/r060-2000-de1-2009-16 (66.9s)
00:41:14 [00580/03547] R60/2000/r060-2000-de1-2009-13 (123.5s)
00:41:33 [00581/03547] R60/2000/r060-2000-de1-2009-09-rev1 (280.2s)
00:41:51 [00582/03547] R60/2000/r060-2000-de1-2009-17 (65.0s)
00:42:29 [00583/03547] R60/2000/r060-2000-de1-2009-18 (97.8s)
00:42:45 [00584/03547] R60/2000/r060-2000-de1-2009-19 (111.4s)
00:43:07 [00585/03547] R60/2000/r060-2000-de1-2010-02 (75.8s)
00:43:10 [00586/03547] R60/2000/r060-2000-de1-2010-01 (115.9s)
00:43:27 [00587/03547] R60/2000/r060-2000-de1-2010-05-rev1 (42.2s)
00:43:53 [00588/03547] R60/2000/r060-2000-de1-2010-02-rev1 (140.5s)
00:44:09 [00589/03547] R60/2000/r060-2000-de1-2010-05 (62.7s)
00:44:31 [00590/03547] R60/2000/r060-2000-de1-2010-03 (121.2s)
00:44:48 [00591/03547] R60/2000/r060-2000-de1-2010-06 (97.8s)
00:45:04 [00592/03547] R60/2000/r060-2000-de1-2010-08 (70.7s)
00:45:11 [00593/03547] R60/2000/r060-2000-de1-2010-09 (61.5s)
00:45:33 [00594/03547] R60/2000/r060-2000-de1-2010-10 (62.1s)
00:45:45 [00595/03547] R60/2000/r060-2000-de1-2010-07 (137.3s)
00:46:22 [00596/03547] R60/2000/r060-2000-de1-2010-12 (78.4s)
00:46:47 [00597/03547] R60/2000/r060-2000-de1-2011-02 (96.1s)
00:47:38 [00598/03547] R60/2000/r060-2000-de1-2010-11 (170.5s)
00:47:54 [00599/03547] R60/2000/r060-2000-de1-2011-03 (141.5s)
00:48:00 [00600/03547] R60/2000/r060-2000-de1-2013-02 (73.4s)
00:48:57 [00601/03547] R60/2000/r060-2000-de1-2014-01 (79.3s)
00:49:07 [00602/03547] R60/2000/r060-2000-de1-2015-01-rev1 (73.2s)
00:49:40 [00603/03547] R60/2000/r060-2000-de1-2015-01 (99.6s)
00:49:42 [00604/03547] R60/2000/r060-2000-de1-2012-01-rev1 (237.0s)
00:50:29 [00605/03547] R60/2000/r060-2000-de1-2019-01 (81.8s)
00:51:35 [00606/03547] R60/2000/r060-2000-de1-2019-04 (66.1s)
00:51:43 [00607/03547] R60/2000/r060-2000-de1-2019-02 (122.9s)
00:52:09 [00608/03547] R60/2000/r060-2000-de1-2022-01 (25.6s)
00:52:31 [00609/03547] R60/2000/r060-2000-de1-2012-01 (368.9s)
00:52:43 [00610/03547] R60/2000/r060-2000-de1-2019-03 (181.5s)
00:53:18 [00611/03547] R60/2000/r060-2000-dk1-2004-01-rev1 (69.0s)
00:53:19 [00612/03547] R60/2000/r060-2000-de1-2017-15 (261.1s)
00:54:21 [00613/03547] R60/2000/r060-2000-dk1-2006-01 (63.4s)
00:54:32 [00614/03547] R60/2000/r060-2000-dk1-2006-01-rev1 (108.5s)
00:54:35 [00615/03547] R60/2000/r060-2000-de1-2020-02 (179.1s)
00:55:25 [00616/03547] R60/2000/r060-2000-dk1-2004-01-rev2 (174.1s)
00:55:29 [00617/03547] R60/2000/r060-2000-dk1-2006-03-rev1 (129.9s)
00:55:43 [00618/03547] R60/2000/r060-2000-dk1-2006-04 (81.6s)
00:57:05 [00619/03547] R60/2000/r060-2000-dk1-2008-01-rev1 (153.6s)
00:58:02 [00620/03547] R60/2000/r060-2000-dk1-2008-01 (207.4s)
00:58:08 [00621/03547] R60/2000/r060-2000-dk1-2009-01 (163.2s)
00:58:17 [00622/03547] R60/2000/r060-2000-dk2-2022-01 (168.5s)
00:58:20 [00623/03547] R60/2000/r060-2000-dk3-2011-01-rev1 (157.2s)
00:59:40 [00624/03547] R60/2000/r060-2000-dk3-2013-01 (97.7s)
00:59:49 [00625/03547] R60/2000/r060-2000-dk3-2016-01 (100.9s)
00:59:57 [00626/03547] R60/2000/r060-2000-dk3-2017-02 (96.8s)
01:00:24 [00627/03547] R60/2000/r060-2000-dk3-2011-01 (199.1s)
01:00:32 [00628/03547] R60/2000/r060-2000-es1-2009-01 (42.5s)
01:01:13 [00629/03547] R60/2000/r060-2000-es1-2010-01 (76.4s)
01:01:17 [00630/03547] R60/2000/r060-2000-dk3-2017-03 (97.1s)
01:01:36 [00631/03547] R60/2000/r060-2000-es1-2010-04 (64.4s)
01:01:37 [00632/03547] R60/2000/r060-2000-es1-2010-03 (72.5s)
01:01:42 [00633/03547] R60/2000/r060-2000-dk3-2017-01 (205.3s)
01:02:19 [00634/03547] R60/2000/r060-2000-es1-2013-03 (42.5s)
01:02:22 [00635/03547] R60/2000/r060-2000-es1-2013-02 (46.1s)
01:02:28 [00636/03547] R60/2000/r060-2000-es1-2011-01 (74.7s)
01:03:07 [00637/03547] R60/2000/r060-2000-es1-2013-01 (110.6s)
01:03:37 [00638/03547] R60/2000/r060-2000-fr2-2009-02-rev1 (115.0s)
01:03:52 [00639/03547] R60/2000/r060-2000-fr2-2012-01 (44.4s)
01:03:58 [00640/03547] R60/2000/r060-2000-fr2-2009-02 (99.0s)
01:04:36 [00641/03547] R60/2000/r060-2000-fr2-2011-01 (128.1s)
01:05:08 [00642/03547] R60/2000/r060-2000-fr2-2017-01-rev0 (90.5s)
01:05:16 [00643/03547] R60/2000/r060-2000-fr2-2011-01-rev1 (174.0s)
01:05:59 [00644/03547] R60/2000/r060-2000-gb1-2005-02-rev1 (83.4s)
01:06:38 [00645/03547] R60/2000/r060-2000-gb1-2005-03 (81.1s)
01:06:43 [00646/03547] R60/2000/r060-2000-gb1-2004-03-rev1 (171.4s)
01:06:54 [00647/03547] R60/2000/r060-2000-gb1-2005-03-rev1 (105.8s)
01:07:07 [00648/03547] R60/2000/r060-2000-gb1-2005-01 (189.0s)
01:08:19 [00649/03547] R60/2000/r060-2000-gb1-2005-04-rev1 (139.7s)
01:08:22 [00650/03547] R60/2000/r060-2000-gb1-2005-05-rev1 (103.9s)
01:08:52 [00651/03547] R60/2000/r060-2000-gb1-2005-06-rev2-annex01 (118.0s)
01:10:16 [00652/03547] R60/2000/r060-2000-gb1-2005-06 (116.9s)
01:10:46 [00653/03547] R60/2000/r060-2000-gb1-2005-06-rev2 (219.1s)
01:10:53 [00654/03547] R60/2000/r060-2000-gb1-2005-07-rev1 (151.7s)
01:12:05 [00655/03547] R60/2000/r060-2000-gb1-2005-07-rev2 (193.3s)
01:12:39 [00656/03547] R60/2000/r060-2000-gb1-2006-01 (105.9s)
01:13:36 [00657/03547] R60/2000/r060-2000-gb1-2005-07-rev3 (200.6s)
01:13:51 [00658/03547] R60/2000/r060-2000-gb1-2006-02 (106.2s)
01:14:21 [00659/03547] R60/2000/r060-2000-gb1-2005-06-rev1 (457.4s)
01:14:49 [00660/03547] R60/2000/r060-2000-gb1-2005-07 (242.4s)
01:14:49 [00661/03547] R60/2000/r060-2000-gb1-2006-03 (129.7s)
01:14:57 [00662/03547] R60/2000/r060-2000-gb1-2007-01 (65.6s)
01:15:29 [00663/03547] R60/2000/r060-2000-gb1-2007-02 (67.9s)
01:15:58 [00664/03547] R60/2000/r060-2000-gb1-2007-04 (69.1s)
01:16:44 [00665/03547] R60/2000/r060-2000-gb1-2007-05 (75.2s)
01:17:08 [00666/03547] R60/2000/r060-2000-gb1-2006-04 (211.1s)
01:17:08 [00667/03547] R60/2000/r060-2000-gb1-2007-05-rev1 (131.4s)
01:17:24 [00668/03547] R60/2000/r060-2000-gb1-2007-06 (85.9s)
01:18:24 [00669/03547] R60/2000/r060-2000-gb1-2008-03 (76.4s)
01:18:39 [00670/03547] R60/2000/r060-2000-gb1-2008-02 (91.9s)
01:18:57 [00671/03547] R60/2000/r060-2000-gb1-2008-04 (92.9s)
01:19:28 [00672/03547] R60/2000/r060-2000-gb1-2008-01 (164.2s)
01:20:00 [00673/03547] R60/2000/r060-2000-gb1-2008-06 (96.0s)
01:20:25 [00674/03547] R60/2000/r060-2000-gb1-2007-03 (335.8s)
01:20:46 [00675/03547] R60/2000/r060-2000-gb1-2008-07 (126.7s)
01:21:03 [00676/03547] R60/2000/r060-2000-gb1-2008-08 (126.7s)
01:21:21 [00677/03547] R60/2000/r060-2000-gb1-2009-04 (56.2s)
01:21:54 [00678/03547] R60/2000/r060-2000-gb1-2009-03 (113.1s)
01:22:10 [00679/03547] R60/2000/r060-2000-gb1-2009-05 (83.7s)
01:22:14 [00680/03547] R60/2000/r060-2000-gb1-2009-02 (165.7s)
01:22:35 [00681/03547] R60/2000/r060-2000-gb1-2009-06 (91.6s)
01:22:47 [00682/03547] R60/2000/r060-2000-gb1-2009-07 (86.8s)
01:23:23 [00683/03547] R60/2000/r060-2000-gb1-2009-08 (89.8s)
01:24:29 [00684/03547] R60/2000/r060-2000-gb1-2009-10-rev2 (114.0s)
01:24:30 [00685/03547] R60/2000/r060-2000-gb1-2009-09 (140.5s)
01:24:41 [00686/03547] R60/2000/r060-2000-gb1-2009-10 (113.5s)
01:25:03 [00687/03547] R60/2000/r060-2000-gb1-2009-11 (99.6s)
01:25:05 [00688/03547] R60/2000/r060-2000-gb1-2009-10-rev1 (170.9s)
01:25:34 [00689/03547] R60/2000/r060-2000-gb1-2010-02 (63.9s)
01:26:42 [00690/03547] R60/2000/r060-2000-gb1-2010-01 (133.2s)
01:26:51 [00691/03547] R60/2000/r060-2000-gb1-2010-04 (108.2s)
01:27:15 [00692/03547] R60/2000/r060-2000-gb1-2010-05 (130.9s)
01:28:09 [00693/03547] R60/2000/r060-2000-gb1-2010-03 (207.7s)
01:28:37 [00694/03547] R60/2000/r060-2000-gb1-2010-06-rev1 (182.9s)
01:28:44 [00695/03547] R60/2000/r060-2000-gb1-2010-08 (89.0s)
01:29:12 [00696/03547] R60/2000/r060-2000-gb1-2011-01 (63.1s)
01:29:32 [00697/03547] R60/2000/r060-2000-gb1-2010-07 (161.1s)
01:29:57 [00698/03547] R60/2000/r060-2000-gb1-2011-02-rev1 (72.8s)
01:30:42 [00699/03547] R60/2000/r060-2000-gb1-2011-02 (90.0s)
01:31:01 [00700/03547] R60/2000/r060-2000-gb1-2011-03 (88.5s)
01:31:10 [00701/03547] R60/2000/r060-2000-gb1-2011-04 (72.7s)
01:31:23 [00702/03547] R60/2000/r060-2000-gb1-2011-02-rev02 (165.6s)
01:33:19 [00703/03547] R60/2000/r060-2000-gb1-2011-05-rev1 (157.0s)
01:33:53 [00704/03547] R60/2000/r060-2000-gb1-2011-06 (163.1s)
01:33:56 [00705/03547] R60/2000/r060-2000-gb1-2011-07 (153.5s)
01:35:00 [00706/03547] R60/2000/r060-2000-gb1-2011-05 (238.9s)
01:35:10 [00707/03547] R60/2000/r060-2000-gb1-2010-06 (508.4s)
01:35:58 [00708/03547] R60/2000/r060-2000-gb1-2012-01 (158.9s)
01:36:08 [00709/03547] R60/2000/r060-2000-gb1-2012-03 (132.2s)
01:36:32 [00710/03547] R60/2000/r060-2000-gb1-2012-02 (159.2s)
01:37:31 [00711/03547] R60/2000/r060-2000-gb1-2012-07-rev1 (93.9s)
01:37:33 [00712/03547] R60/2000/r060-2000-gb1-2012-05 (142.6s)
01:38:07 [00713/03547] R60/2000/r060-2000-gb1-2012-07 (95.0s)
01:38:15 [00714/03547] R60/2000/r060-2000-gb1-2012-04 (194.9s)
01:38:25 [00715/03547] R60/2000/r060-2000-gb1-2012-07-rev2 (136.3s)
01:39:36 [00716/03547] R60/2000/r060-2000-gb1-2012-08 (124.9s)
01:39:40 [00717/03547] R60/2000/r060-2000-gb1-2013-01-rev1 (127.0s)
01:39:47 [00718/03547] R60/2000/r060-2000-gb1-2014-01 (82.5s)
01:39:55 [00719/03547] R60/2000/r060-2000-gb1-2013-01 (107.9s)
01:39:59 [00720/03547] R60/2000/r060-2000-gb1-2013-02 (104.2s)
01:41:27 [00721/03547] R60/2000/r060-2000-gb1-2015-02 (88.4s)
01:41:29 [00722/03547] R60/2000/r060-2000-gb1-2014-02 (112.7s)
01:41:34 [00723/03547] R60/2000/r060-2000-gb1-2014-03 (113.7s)
01:42:06 [00724/03547] R60/2000/r060-2000-gb1-2015-01 (130.4s)
01:42:12 [00725/03547] R60/2000/r060-2000-gb1-2014-04 (144.7s)
01:43:24 [00726/03547] R60/2000/r060-2000-gb1-2016-02 (78.1s)
01:43:44 [00727/03547] R60/2000/r060-2000-gb1-2015-04 (135.3s)
01:43:45 [00728/03547] R60/2000/r060-2000-gb1-2015-03 (138.2s)
01:44:12 [00729/03547] R60/2000/r060-2000-gb1-2016-01 (158.3s)
01:44:59 [00730/03547] R60/2000/r060-2000-gb1-2016-04 (94.8s)
01:45:00 [00731/03547] R60/2000/r060-2000-gb1-2016-03 (168.3s)
01:45:07 [00732/03547] R60/2000/r060-2000-gb1-2016-07 (81.1s)
01:45:39 [00733/03547] R60/2000/r060-2000-gb1-2016-05 (114.7s)
01:46:00 [00734/03547] R60/2000/r060-2000-gb1-2016-08 (108.0s)
01:46:09 [00735/03547] R60/2000/r060-2000-gb1-2017-02 (68.8s)
01:46:55 [00736/03547] R60/2000/r060-2000-gb1-2017-03 (108.7s)
01:47:33 [00737/03547] R60/2000/r060-2000-gb1-2017-04 (114.0s)
01:47:55 [00738/03547] R60/2000/r060-2000-gb1-2017-05 (115.3s)
01:48:13 [00739/03547] R60/2000/r060-2000-gb1-2017-06 (123.5s)
01:48:28 [00740/03547] R60/2000/r060-2000-gb1-2017-07 (93.1s)
01:48:47 [00741/03547] R60/2000/r060-2000-gb1-2017-09 (73.6s)
01:49:36 [00742/03547] R60/2000/r060-2000-gb1-2017-10 (101.1s)
01:49:43 [00743/03547] R60/2000/r060-2000-gb1-2017-01 (284.7s)
01:50:04 [00744/03547] R60/2000/r060-2000-gb1-2017-12 (111.7s)
01:50:22 [00745/03547] R60/2000/r060-2000-gb1-2017-13 (113.6s)
01:51:16 [00746/03547] R60/2000/r060-2000-gb1-2017-15 (92.9s)
01:51:35 [00747/03547] R60/2000/r060-2000-gb1-2017-14 (118.9s)
01:51:36 [00748/03547] R60/2000/r060-2000-gb1-2017-16 (91.8s)
01:52:15 [00749/03547] R60/2000/r060-2000-gb1-2017-14-rev1 (208.1s)
01:52:39 [00750/03547] R60/2000/r060-2000-gb1-2018-01 (82.7s)
01:52:42 [00751/03547] R60/2000/r060-2000-gb1-2017-17 (140.2s)
01:53:04 [00752/03547] R60/2000/r060-2000-gb1-2018-02-rev1 (88.9s)
01:53:22 [00753/03547] R60/2000/r060-2000-gb1-2018-02-rev2 (106.5s)
01:54:32 [00754/03547] R60/2000/r060-2000-gb1-2018-03 (87.8s)
01:54:34 [00755/03547] R60/2000/r060-2000-gb1-2018-02 (138.7s)
01:54:42 [00756/03547] R60/2000/r060-2000-gb1-2018-04 (79.2s)
01:55:00 [00757/03547] R60/2000/r060-2000-gb1-2018-03-rev2 (138.3s)
01:56:05 [00758/03547] R60/2000/r060-2000-gb1-2018-05 (92.0s)
01:56:13 [00759/03547] R60/2000/r060-2000-gb1-2020-01 (91.5s)
01:56:37 [00760/03547] R60/2000/r060-2000-gb1-2020-02 (96.4s)
01:56:40 [00761/03547] R60/2000/r060-2000-gb1-2018-03-rev1 (241.2s)
01:56:54 [00762/03547] R60/2000/r060-2000-gb1-2018-05-rev1 (141.6s)
01:57:29 [00763/03547] R60/2000/r060-2000-jp1-2005-01 (49.3s)
01:57:43 [00764/03547] R60/2000/r060-2000-jp1-2006-01 (49.6s)
01:57:46 [00765/03547] R60/2000/r060-2000-gb1-2021-01 (92.5s)
01:58:09 [00766/03547] R60/2000/r060-2000-gb1-2022-01 (91.8s)
01:58:17 [00767/03547] R60/2000/r060-2000-gb1-2020-03 (131.7s)
01:58:34 [00768/03547] R60/2000/r060-2000-jp1-2010-01 (50.8s)
01:58:53 [00769/03547] R60/2000/r060-2000-jp1-2010-01-rev1 (84.2s)
01:59:25 [00770/03547] R60/2000/r060-2000-jp1-2010-04 (51.2s)
01:59:40 [00771/03547] R60/2000/r060-2000-jp1-2010-04-rev1 (82.5s)
01:59:44 [00772/03547] R60/2000/r060-2000-jp1-2010-02 (95.5s)
02:01:40 [00773/03547] R60/2000/r060-2000-jp1-2010-05 (166.3s)
02:02:09 [00774/03547] R60/2000/r060-2000-jp1-2010-02-rev1 (263.6s)
02:02:14 [00775/03547] R60/2000/r060-2000-jp1-2010-06 (154.6s)
02:02:18 [00776/03547] R60/2000/r060-2000-jp1-2010-06-rev1 (173.4s)
02:02:43 [00777/03547] R60/2000/r060-2000-jp1-2010-09 (63.5s)
02:02:51 [00778/03547] R60/2000/r060-2000-jp1-2010-08 (186.6s)
02:03:42 [00779/03547] R60/2000/r060-2000-jp1-2010-13 (51.7s)
02:03:53 [00780/03547] R60/2000/r060-2000-jp1-2010-10 (103.5s)
02:04:44 [00781/03547] R60/2000/r060-2000-jp1-2010-12-rev1 (145.1s)
02:05:14 [00782/03547] R60/2000/r060-2000-jp1-2010-11 (179.4s)
02:05:29 [00783/03547] R60/2000/r060-2000-jp1-2010-14-rev1 (106.8s)
02:06:08 [00784/03547] R60/2000/r060-2000-jp1-2010-14 (84.1s)
02:06:09 [00785/03547] R60/2000/r060-2000-jp1-2010-12 (205.9s)
02:08:12 [00786/03547] R60/2000/r060-2000-jp1-2010-16 (122.4s)
02:08:26 [00787/03547] R60/2000/r060-2000-jp1-2010-15 (192.6s)
02:08:32 [00788/03547] R60/2000/r060-2000-jp1-2010-16-rev1 (182.8s)
02:08:41 [00789/03547] R60/2000/r060-2000-jp1-2010-16-rev2 (153.8s)
02:08:44 [00790/03547] R60/2000/r060-2000-jp1-2010-14-rev2 (291.0s)
02:09:45 [00791/03547] R60/2000/r060-2000-jp1-2010-19-rev1 (72.4s)
02:10:28 [00792/03547] R60/2000/r060-2000-jp1-2010-19 (106.7s)
02:10:56 [00793/03547] R60/2000/r060-2000-jp1-2010-20-rev1 (132.4s)
02:10:58 [00794/03547] R60/2000/r060-2000-jp1-2010-18 (151.6s)
02:11:13 [00795/03547] R60/2000/r060-2000-jp1-2010-20 (88.1s)
02:12:13 [00796/03547] R60/2000/r060-2000-jp1-2011-01 (75.5s)
02:12:20 [00797/03547] R60/2000/r060-2000-jp1-2010-17 (248.0s)
02:12:32 [00798/03547] R60/2000/r060-2000-jp1-2011-01-rev1 (124.0s)
02:12:42 [00799/03547] R60/2000/r060-2000-jp1-2011-01-rev2 (105.8s)
02:13:27 [00800/03547] R60/2000/r060-2000-jp1-2011-03 (55.3s)
02:13:29 [00801/03547] R60/2000/r060-2000-jp1-2011-02 (136.2s)
02:14:02 [00802/03547] R60/2000/r060-2000-jp1-2011-03-rev2 (102.6s)
02:14:17 [00803/03547] R60/2000/r060-2000-jp1-2011-03-rev1 (124.0s)
02:15:19 [00804/03547] R60/2000/r060-2000-jp1-2011-07 (61.9s)
02:16:07 [00805/03547] R60/2000/r060-2000-jp1-2011-05-rev1 (160.0s)
02:17:01 [00806/03547] R60/2000/r060-2000-jp1-2011-05 (211.8s)
02:17:04 [00807/03547] R60/2000/r060-2000-jp1-2011-04 (261.6s)
02:17:29 [00808/03547] R60/2000/r060-2000-jp1-2011-06 (206.4s)
02:17:30 [00809/03547] R60/2000/r060-2000-jp1-2011-08-rev1 (131.1s)
02:19:01 [00810/03547] R60/2000/r060-2000-jp1-2011-10-rev2 (90.5s)
02:19:40 [00811/03547] R60/2000/r060-2000-jp1-2011-09 (156.2s)
02:20:22 [00812/03547] R60/2000/r060-2000-jp1-2011-09-rev1 (201.6s)
02:20:29 [00813/03547] R60/2000/r060-2000-jp1-2011-10 (88.4s)
02:20:55 [00814/03547] R60/2000/r060-2000-jp1-2011-10-rev1 (206.5s)
FAIL R60/2000/r060-2000-jp1-2011-08: API error for R60/2000/r060-2000-jp1-2011-08: {"error" => "HTTP 429: {\"type\":\"error\",\"error\":{\"type\":\"rate_limit_error\",\"code\":\"1302\",\"message\":\"[1302][Rate limit reached for requests][202610080219340de5bc4d075d4b20]\"},\"request_id\
02:22:21 [00816/03547] R60/2000/r060-2000-jp1-2012-04-rev1 (85.5s)
02:22:38 [00817/03547] R60/2000/r060-2000-jp1-2012-04-rev2 (88.8s)
02:22:53 [00818/03547] R60/2000/r060-2000-jp1-2012-03 (143.8s)
02:22:54 [00819/03547] R60/2000/r060-2000-jp1-2012-02 (152.0s)
02:23:07 [00820/03547] R60/2000/r060-2000-jp1-2012-01 (206.9s)
02:23:46 [00821/03547] R60/2000/r060-2000-jp1-2012-05 (52.9s)
02:23:54 [00822/03547] R60/2000/r060-2000-jp1-2012-04 (93.1s)
02:24:14 [00823/03547] R60/2000/r060-2000-jp1-2012-05-rev1 (96.5s)
02:25:24 [00824/03547] R60/2000/r060-2000-jp1-2013-01-rev1 (136.9s)
02:25:37 [00825/03547] R60/2000/r060-2000-jp1-2012-12-rev2 (163.2s)
02:25:38 [00826/03547] R60/2000/r060-2000-jp1-2017-02 (104.4s)
02:25:45 [00827/03547] R60/2000/r060-2000-jp1-2013-01 (118.6s)
02:26:04 [00828/03547] R60/2000/r060-2000-jp1-2022-01 (109.5s)
02:26:23 [00829/03547] R60/2000/r060-2000-nl1-2001-20-rev01 (45.2s)
02:27:02 [00830/03547] R60/2000/r060-2000-nl1-2005-01 (40.0s)
02:27:32 [00831/03547] R60/2000/r060-2000-nl1-2005-02 (29.3s)
02:27:47 [00832/03547] R60/2000/r060-2000-nl1-2004-16-rev2 (103.0s)
02:28:11 [00833/03547] R60/2000/r060-2000-nl1-2005-03 (39.5s)
02:28:31 [00834/03547] R60/2000/r060-2000-nl1-2004-16-rev1 (166.2s)
02:28:50 [00835/03547] R60/2000/r060-2000-nl1-2005-04 (62.9s)
02:29:01 [00836/03547] R60/2000/r060-2000-nl1-2003-09-rev1 (202.7s)
02:29:18 [00837/03547] R60/2000/r060-2000-jp1-2022-02 (234.7s)
02:29:23 [00838/03547] R60/2000/r060-2000-nl1-2005-06-rev1 (52.7s)
02:29:37 [00839/03547] R60/2000/r060-2000-nl1-2005-06 (47.4s)
02:29:54 [00840/03547] R60/2000/r060-2000-nl1-2005-08 (35.3s)
02:30:06 [00841/03547] R60/2000/r060-2000-nl1-2005-05 (114.3s)
02:30:33 [00842/03547] R60/2000/r060-2000-nl1-2005-09 (69.1s)
02:30:34 [00843/03547] R60/2000/r060-2000-nl1-2005-07 (93.3s)
02:30:51 [00844/03547] R60/2000/r060-2000-nl1-2005-11 (57.1s)
02:30:53 [00845/03547] R60/2000/r060-2000-nl1-2005-10 (76.2s)
02:31:27 [00846/03547] R60/2000/r060-2000-nl1-2005-15 (36.5s)
02:31:40 [00847/03547] R60/2000/r060-2000-nl1-2005-12 (94.2s)
02:32:06 [00848/03547] R60/2000/r060-2000-nl1-2005-13 (93.9s)
02:32:14 [00849/03547] R60/2000/r060-2000-nl1-2005-14 (99.8s)
02:32:38 [00850/03547] R60/2000/r060-2000-nl1-2005-19 (23.9s)
02:32:57 [00851/03547] R60/2000/r060-2000-nl1-2005-17-rev1 (76.9s)
02:33:00 [00852/03547] R60/2000/r060-2000-nl1-2005-18 (54.0s)
02:33:27 [00853/03547] R60/2000/r060-2000-nl1-2005-20 (30.2s)
02:33:27 [00854/03547] R60/2000/r060-2000-nl1-2005-20-rev1 (49.5s)
02:34:04 [00855/03547] R60/2000/r060-2000-nl1-2005-23 (36.8s)
02:34:22 [00856/03547] R60/2000/r060-2000-nl1-2005-16-rev1 (208.3s)
02:34:52 [00857/03547] R60/2000/r060-2000-nl1-2006-01 (47.7s)
02:35:24 [00858/03547] R60/2000/r060-2000-nl1-2005-21 (144.0s)
02:36:00 [00859/03547] R60/2000/r060-2000-nl1-2006-02 (68.4s)
02:36:05 [00860/03547] R60/2000/r060-2000-nl1-2005-22-rev1 (157.7s)
02:36:07 [00861/03547] R60/2000/r060-2000-nl1-2006-02-rev1 (105.7s)
02:36:09 [00862/03547] R60/2000/r060-2000-nl1-2006-03 (44.3s)
02:37:00 [00863/03547] R60/2000/r060-2000-nl1-2006-04 (59.4s)
02:37:27 [00864/03547] R60/2000/r060-2000-nl1-2006-05 (82.1s)
02:37:31 [00865/03547] R60/2000/r060-2000-nl1-2006-06 (84.0s)
02:38:02 [00866/03547] R60/2000/r060-2000-nl1-2006-08 (61.9s)
02:38:19 [00867/03547] R60/2000/r060-2000-nl1-2005-16 (412.2s)
02:38:50 [00868/03547] R60/2000/r060-2000-nl1-2006-09 (78.9s)
02:38:58 [00869/03547] R60/2000/r060-2000-nl1-2006-09-rev1 (90.9s)
02:39:49 [00870/03547] R60/2000/r060-2000-nl1-2006-10 (107.0s)
02:39:59 [00871/03547] R60/2000/r060-2000-nl1-2006-12 (61.8s)
02:40:07 [00872/03547] R60/2000/r060-2000-nl1-2006-12-rev1 (76.4s)
02:41:23 [00873/03547] R60/2000/r060-2000-nl1-2006-13 (94.1s)
02:41:42 [00874/03547] R60/2000/r060-2000-nl1-2006-14 (102.5s)
02:41:43 [00875/03547] R60/2000/r060-2000-nl1-2006-15 (96.0s)
02:41:56 [00876/03547] R60/2000/r060-2000-nl1-2006-11 (216.3s)
02:42:43 [00877/03547] R60/2000/r060-2000-nl1-2006-18-rev1 (60.5s)
02:42:44 [00878/03547] R60/2000/r060-2000-nl1-2006-16 (81.7s)
02:42:44 [00879/03547] R60/2000/r060-2000-nl1-2006-07 (395.7s)
02:43:09 [00880/03547] R60/2000/r060-2000-nl1-2006-17 (87.3s)
02:43:27 [00881/03547] R60/2000/r060-2000-nl1-2006-20 (44.2s)
02:43:28 [00882/03547] R60/2000/r060-2000-nl1-2006-21-rev1 (43.3s)
02:43:30 [00883/03547] R60/2000/r060-2000-nl1-2006-21 (45.6s)
02:44:03 [00884/03547] R60/2000/r060-2000-nl1-2006-19 (127.6s)
02:44:26 [00885/03547] R60/2000/r060-2000-nl1-2007-03 (56.1s)
02:44:42 [00886/03547] R60/2000/r060-2000-nl1-2007-04 (38.7s)
02:44:58 [00887/03547] R60/2000/r060-2000-nl1-2006-22 (108.4s)
02:45:00 [00888/03547] R60/2000/r060-2000-nl1-2007-05 (33.9s)
02:45:01 [00889/03547] R60/2000/r060-2000-nl1-2007-01 (93.7s)
02:45:57 [00890/03547] R60/2000/r060-2000-nl1-2007-06 (75.1s)
02:46:01 [00891/03547] R60/2000/r060-2000-nl1-2007-09 (60.4s)
02:46:06 [00892/03547] R60/2000/r060-2000-nl1-2007-07 (67.8s)
02:46:41 [00893/03547] R60/2000/r060-2000-nl1-2007-02 (193.6s)
02:46:43 [00894/03547] R60/2000/r060-2000-nl1-2007-14 (37.3s)
02:46:51 [00895/03547] R60/2000/r060-2000-nl1-2007-10 (53.6s)
02:47:00 [00896/03547] R60/2000/r060-2000-nl1-2007-08 (120.0s)
02:47:44 [00897/03547] R60/2000/r060-2000-nl1-2007-15 (62.6s)
02:48:05 [00898/03547] R60/2000/r060-2000-nl1-2007-12 (123.5s)
02:48:15 [00899/03547] R60/2000/r060-2000-nl1-2007-17 (84.1s)
02:48:24 [00900/03547] R60/2000/r060-2000-nl1-2007-18-rev1 (84.3s)
02:48:37 [00901/03547] R60/2000/r060-2000-nl1-2007-18 (53.2s)
02:49:01 [00902/03547] R60/2000/r060-2000-nl1-2008-02 (45.8s)
02:49:07 [00903/03547] R60/2000/r060-2000-nl1-2008-03-rev1 (42.8s)
02:49:41 [00904/03547] R60/2000/r060-2000-nl1-2008-03 (64.1s)
02:49:46 [00905/03547] R60/2000/r060-2000-nl1-2007-16 (183.2s)
02:50:00 [00906/03547] R60/2000/r060-2000-nl1-2008-05 (52.7s)
02:50:08 [00907/03547] R60/2000/r060-2000-nl1-2008-01 (123.4s)
02:50:23 [00908/03547] R60/2000/r060-2000-nl1-2008-04 (82.4s)
02:50:30 [00909/03547] R60/2000/r060-2000-nl1-2008-07 (44.4s)
02:50:49 [00910/03547] R60/2000/r060-2000-nl1-2008-08 (49.4s)
02:51:06 [00911/03547] R60/2000/r060-2000-nl1-2008-09 (57.6s)
02:51:06 [00912/03547] R60/2000/r060-2000-nl1-2008-10-rev1 (43.3s)
02:51:41 [00913/03547] R60/2000/r060-2000-nl1-2009-01 (51.5s)
02:51:42 [00914/03547] R60/2000/r060-2000-nl1-2008-11 (71.5s)
02:51:43 [00915/03547] R60/2000/r060-2000-nl1-2009-02 (37.1s)
02:52:54 [00916/03547] R60/2000/r060-2000-nl1-2009-03 (107.8s)
02:53:22 [00917/03547] R60/2000/r060-2000-nl1-2008-06 (221.1s)
02:53:32 [00918/03547] R60/2000/r060-2000-nl1-2009-04 (111.8s)
02:53:34 [00919/03547] R60/2000/r060-2000-nl1-2009-06 (111.0s)
02:53:45 [00920/03547] R60/2000/r060-2000-nl1-2009-05 (123.2s)
02:54:27 [00921/03547] R60/2000/r060-2000-nl1-2009-07-rev1 (92.4s)
02:54:43 [00922/03547] R60/2000/r060-2000-nl1-2009-07-rev2 (81.3s)
02:54:44 [00923/03547] R60/2000/r060-2000-nl1-2009-08 (70.0s)
02:54:44 [00924/03547] R60/2000/r060-2000-nl1-2009-07 (71.8s)
02:54:52 [00925/03547] R60/2000/r060-2000-nl1-2009-09 (66.9s)
02:55:16 [00926/03547] R60/2000/r060-2000-nl1-2009-10 (49.9s)
02:55:24 [00927/03547] R60/2000/r060-2000-nl1-2009-13 (32.3s)
02:55:51 [00928/03547] R60/2000/r060-2000-nl1-2009-11 (66.6s)
02:55:57 [00929/03547] R60/2000/r060-2000-nl1-2009-11-rev1 (74.0s)
02:56:15 [00930/03547] R60/2000/r060-2000-nl1-2009-12 (90.8s)
02:56:25 [00931/03547] R60/2000/r060-2000-nl1-2009-15 (60.5s)
02:56:38 [00932/03547] R60/2000/r060-2000-nl1-2009-16 (47.1s)
02:56:52 [00933/03547] R60/2000/r060-2000-nl1-2009-17 (54.9s)
02:57:07 [00934/03547] R60/2000/r060-2000-nl1-2009-18 (52.3s)
02:57:24 [00935/03547] R60/2000/r060-2000-nl1-2010-02 (46.1s)
02:57:50 [00936/03547] R60/2000/r060-2000-nl1-2010-05 (25.9s)
02:57:51 [00937/03547] R60/2000/r060-2000-nl1-2010-03 (58.9s)
02:58:05 [00938/03547] R60/2000/r060-2000-nl1-2009-14-rev1 (168.9s)
02:58:18 [00939/03547] R60/2000/r060-2000-nl1-2010-06 (28.7s)
02:58:26 [00940/03547] R60/2000/r060-2000-nl1-2010-07 (34.7s)
02:58:53 [00941/03547] R60/2000/r060-2000-nl1-2010-04 (105.6s)
02:59:06 [00942/03547] R60/2000/r060-2000-nl1-2010-08 (60.4s)
02:59:18 [00943/03547] R60/2000/r060-2000-nl1-2010-10 (52.2s)
02:59:20 [00944/03547] R60/2000/r060-2000-nl1-2010-09 (61.3s)
03:00:01 [00945/03547] R60/2000/r060-2000-nl1-2010-13 (41.8s)
03:00:03 [00946/03547] R60/2000/r060-2000-nl1-2010-01 (218.2s)
03:01:02 [00947/03547] R60/2000/r060-2000-nl1-2010-14 (60.4s)
03:01:03 [00948/03547] R60/2000/r060-2000-nl1-2010-15 (60.4s)
03:01:29 [00949/03547] R60/2000/r060-2000-nl1-2010-17 (25.5s)
03:02:04 [00950/03547] R60/2000/r060-2000-nl1-2010-16 (62.7s)
03:02:14 [00951/03547] R60/2000/r060-2000-nl1-2010-11-rev2 (188.2s)
03:02:16 [00952/03547] R60/2000/r060-2000-nl1-2010-18 (46.9s)
03:02:19 [00953/03547] R60/2000/r060-2000-nl1-2010-12 (180.4s)
03:02:59 [00954/03547] R60/2000/r060-2000-nl1-2010-19 (54.3s)
03:03:14 [00955/03547] R60/2000/r060-2000-nl1-2010-20 (59.7s)
03:03:23 [00956/03547] R60/2000/r060-2000-nl1-2010-11-rev1 (270.1s)
03:03:26 [00957/03547] R60/2000/r060-2000-nl1-2010-21 (70.0s)
03:03:52 [00958/03547] R60/2000/r060-2000-nl1-2010-23 (53.3s)
03:03:54 [00959/03547] R60/2000/r060-2000-nl1-2010-22 (95.1s)
03:03:56 [00960/03547] R60/2000/r060-2000-nl1-2010-24 (42.3s)
03:04:38 [00961/03547] R60/2000/r060-2000-nl1-2010-29 (41.8s)
03:04:42 [00962/03547] R60/2000/r060-2000-nl1-2010-27 (49.7s)
03:04:44 [00963/03547] R60/2000/r060-2000-nl1-2010-26 (78.2s)
03:05:19 [00964/03547] R60/2000/r060-2000-nl1-2010-28 (85.1s)
03:05:30 [00965/03547] R60/2000/r060-2000-nl1-2010-31 (47.8s)
03:05:31 [00966/03547] R60/2000/r060-2000-nl1-2010-25 (127.7s)
03:05:41 [00967/03547] R60/2000/r060-2000-nl1-2010-30 (63.6s)
03:06:20 [00968/03547] R60/2000/r060-2000-nl1-2010-35 (49.1s)
03:06:28 [00969/03547] R60/2000/r060-2000-nl1-2010-36 (46.9s)
03:06:45 [00970/03547] R60/2000/r060-2000-nl1-2010-34 (75.5s)
03:06:58 [00971/03547] R60/2000/r060-2000-nl1-2011-02 (29.4s)
03:07:20 [00972/03547] R60/2000/r060-2000-nl1-2011-01 (59.9s)
03:07:27 [00973/03547] R60/2000/r060-2000-nl1-2011-04 (29.5s)
03:07:30 [00974/03547] R60/2000/r060-2000-nl1-2010-32 (165.5s)
03:08:02 [00975/03547] R60/2000/r060-2000-nl1-2011-03 (76.6s)
03:08:08 [00976/03547] R60/2000/r060-2000-nl1-2011-05 (47.7s)
03:08:28 [00977/03547] R60/2000/r060-2000-nl1-2011-06 (60.9s)
03:08:50 [00978/03547] R60/2000/r060-2000-nl1-2011-08 (47.9s)
03:09:20 [00979/03547] R60/2000/r060-2000-nl1-2011-11 (30.4s)
03:09:40 [00980/03547] R60/2000/r060-2000-nl1-2011-10 (72.3s)
03:09:51 [00981/03547] R60/2000/r060-2000-nl1-2010-33 (272.6s)
03:09:54 [00982/03547] R60/2000/r060-2000-nl1-2011-12 (34.3s)
03:10:42 [00983/03547] R60/2000/r060-2000-nl1-2011-15 (48.1s)
03:10:53 [00984/03547] R60/2000/r060-2000-nl1-2011-13 (73.2s)
03:11:08 [00985/03547] R60/2000/r060-2000-nl1-2011-14 (76.6s)
03:11:35 [00986/03547] R60/2000/r060-2000-nl1-2011-17 (41.2s)
03:11:38 [00987/03547] R60/2000/r060-2000-nl1-2011-16 (56.1s)
03:11:53 [00988/03547] R60/2000/r060-2000-nl1-2011-09 (225.6s)
03:12:20 [00989/03547] R60/2000/r060-2000-nl1-2011-20 (41.3s)
03:12:36 [00990/03547] R60/2000/r060-2000-nl1-2011-07 (306.4s)
03:13:14 [00991/03547] R60/2000/r060-2000-nl1-2011-18 (125.9s)
03:13:39 [00992/03547] R60/2000/r060-2000-nl1-2011-23 (63.5s)
03:13:54 [00993/03547] R60/2000/r060-2000-nl1-2011-21-rev1 (121.3s)
03:14:08 [00994/03547] R60/2000/r060-2000-nl1-2011-24 (54.3s)
03:14:16 [00995/03547] R60/2000/r060-2000-nl1-2011-25 (36.9s)
03:14:28 [00996/03547] R60/2000/r060-2000-nl1-2011-26 (33.8s)
03:14:57 [00997/03547] R60/2000/r060-2000-nl1-2011-27 (48.6s)
03:15:00 [00998/03547] R60/2000/r060-2000-nl1-2011-21 (160.3s)
03:15:09 [00999/03547] R60/2000/r060-2000-nl1-2011-28 (52.8s)
03:15:27 [01000/03547] R60/2000/r060-2000-nl1-2011-29 (58.7s)
03:15:39 [01001/03547] R60/2000/r060-2000-nl1-2011-19 (244.1s)
03:15:58 [01002/03547] R60/2000/r060-2000-nl1-2011-31 (57.8s)
03:16:03 [01003/03547] R60/2000/r060-2000-nl1-2011-32 (53.4s)
03:17:10 [01004/03547] R60/2000/r060-2000-nl1-2011-34 (91.1s)
03:17:11 [01005/03547] R60/2000/r060-2000-nl1-2012-03 (72.8s)
03:17:17 [01006/03547] R60/2000/r060-2000-nl1-2011-30 (140.4s)
03:17:23 [01007/03547] R60/2000/r060-2000-nl1-2012-05 (80.9s)
03:17:26 [01008/03547] R60/2000/r060-2000-nl1-2011-33 (119.4s)
03:17:57 [01009/03547] R60/2000/r060-2000-nl1-2012-09 (34.0s)
03:18:04 [01010/03547] R60/2000/r060-2000-nl1-2012-06 (54.4s)
03:18:14 [01011/03547] R60/2000/r060-2000-nl1-2012-10 (48.0s)
03:18:29 [01012/03547] R60/2000/r060-2000-nl1-2012-08 (72.3s)
03:19:18 [01013/03547] R60/2000/r060-2000-nl1-2012-13 (48.6s)
03:19:19 [01014/03547] R60/2000/r060-2000-nl1-2012-07 (128.5s)
03:19:47 [01015/03547] R60/2000/r060-2000-nl1-2012-11 (103.1s)
03:19:54 [01016/03547] R60/2000/r060-2000-nl1-2012-11-rev1 (116.9s)
03:20:10 [01017/03547] R60/2000/r060-2000-nl1-2012-15 (50.6s)
03:20:23 [01018/03547] R60/2000/r060-2000-nl1-2012-12 (129.1s)
03:20:42 [01019/03547] R60/2000/r060-2000-nl1-2012-16-rev1 (54.6s)
03:20:56 [01020/03547] R60/2000/r060-2000-nl1-2012-14 (97.9s)
03:21:52 [01021/03547] R60/2000/r060-2000-nl1-2012-18 (88.7s)
03:21:57 [01022/03547] R60/2000/r060-2000-nl1-2012-17 (107.5s)
03:22:03 [01023/03547] R60/2000/r060-2000-nl1-2012-19 (80.9s)
03:22:49 [01024/03547] R60/2000/r060-2000-nl1-2012-20 (113.4s)
03:22:56 [01025/03547] R60/2000/r060-2000-nl1-2012-21 (63.7s)
03:23:01 [01026/03547] R60/2000/r060-2000-nl1-2012-16 (186.3s)
03:23:10 [01027/03547] R60/2000/r060-2000-nl1-2012-22 (72.5s)
03:23:38 [01028/03547] R60/2000/r060-2000-nl1-2012-23 (94.7s)
03:24:21 [01029/03547] R60/2000/r060-2000-nl1-2012-26 (80.8s)
03:24:30 [01030/03547] R60/2000/r060-2000-nl1-2012-27 (80.5s)
03:24:39 [01031/03547] R60/2000/r060-2000-nl1-2012-24 (109.6s)
03:24:47 [01032/03547] R60/2000/r060-2000-nl1-2012-25 (110.7s)
03:24:53 [01033/03547] R60/2000/r060-2000-nl1-2012-28 (75.1s)
03:25:21 [01034/03547] R60/2000/r060-2000-nl1-2012-29 (59.5s)
03:25:21 [01035/03547] R60/2000/r060-2000-nl1-2012-32 (35.0s)
03:25:58 [01036/03547] R60/2000/r060-2000-nl1-2012-30 (87.5s)
03:26:42 [01037/03547] R60/2000/r060-2000-nl1-2012-34 (81.0s)
03:26:45 [01038/03547] R60/2000/r060-2000-nl1-2012-35 (83.8s)
03:26:48 [01039/03547] R60/2000/r060-2000-nl1-2012-36 (50.4s)
03:26:56 [01040/03547] R60/2000/r060-2000-nl1-2012-33 (123.6s)
03:27:18 [01041/03547] R60/2000/r060-2000-nl1-2012-31 (158.9s)
03:27:37 [01042/03547] R60/2000/r060-2000-nl1-2012-38 (52.1s)
03:27:49 [01043/03547] R60/2000/r060-2000-nl1-2012-39-rev1 (60.4s)
03:27:49 [01044/03547] R60/2000/r060-2000-nl1-2012-39 (52.5s)
03:28:35 [01045/03547] R60/2000/r060-2000-nl1-2012-41 (57.9s)
03:28:49 [01046/03547] R60/2000/r060-2000-nl1-2012-37 (127.0s)
03:28:57 [01047/03547] R60/2000/r060-2000-nl1-2012-42 (68.7s)
03:28:57 [01048/03547] R60/2000/r060-2000-nl1-2012-40 (99.5s)
03:29:02 [01049/03547] R60/2000/r060-2000-nl1-2012-43 (73.4s)
03:29:31 [01050/03547] R60/2000/r060-2000-nl1-2012-44 (41.7s)
03:29:42 [01051/03547] R60/2000/r060-2000-nl1-2012-44-rev1 (66.3s)
03:30:10 [01052/03547] R60/2000/r060-2000-nl1-2012-46 (72.6s)
03:30:29 [01053/03547] R60/2000/r060-2000-nl1-2012-45 (91.2s)
03:31:14 [01054/03547] R60/2000/r060-2000-nl1-2012-48 (103.8s)
03:31:22 [01055/03547] R60/2000/r060-2000-nl1-2012-50 (71.8s)
03:31:22 [01056/03547] R60/2000/r060-2000-nl1-2012-47 (140.1s)
03:31:26 [01057/03547] R60/2000/r060-2000-nl1-2012-49 (104.1s)
03:32:13 [01058/03547] R60/2000/r060-2000-nl1-2012-51 (104.8s)
03:32:38 [01059/03547] R60/2000/r060-2000-nl1-2012-52 (83.8s)
03:33:05 [01060/03547] R60/2000/r060-2000-nl1-2012-54-rev1 (102.3s)
03:33:08 [01061/03547] R60/2000/r060-2000-nl1-2012-53 (106.3s)
03:33:16 [01062/03547] R60/2000/r060-2000-nl1-2012-55-rev1 (110.0s)
03:34:20 [01063/03547] R60/2000/r060-2000-nl1-2013-01-rev1 (101.4s)
03:34:39 [01064/03547] R60/2000/r060-2000-nl1-2013-02 (82.9s)
03:34:40 [01065/03547] R60/2000/r060-2000-nl1-2013-02-rev1 (92.3s)
03:34:42 [01066/03547] R60/2000/r060-2000-nl1-2013-01 (97.3s)
03:36:09 [01067/03547] R60/2000/r060-2000-nl1-2013-03 (109.7s)
03:36:13 [01068/03547] R60/2000/r060-2000-nl1-2013-06 (91.3s)
03:36:35 [01069/03547] R60/2000/r060-2000-nl1-2013-05 (114.2s)
03:36:43 [01070/03547] R60/2000/r060-2000-nl1-2013-04-rev1 (123.9s)
03:36:51 [01071/03547] R60/2000/r060-2000-nl1-2012-55 (277.2s)
03:37:33 [01072/03547] R60/2000/r060-2000-nl1-2013-08-rev1 (79.8s)
03:38:01 [01073/03547] R60/2000/r060-2000-nl1-2013-07 (111.4s)
03:38:07 [01074/03547] R60/2000/r060-2000-nl1-2013-08 (92.0s)
03:38:15 [01075/03547] R60/2000/r060-2000-nl1-2013-10 (84.2s)
03:39:05 [01076/03547] R60/2000/r060-2000-nl1-2013-11 (92.5s)
03:39:43 [01077/03547] R60/2000/r060-2000-nl1-2013-12 (96.1s)
03:40:07 [01078/03547] R60/2000/r060-2000-nl1-2013-14-rev1 (61.2s)
03:40:18 [01079/03547] R60/2000/r060-2000-nl1-2013-12-rev1 (137.6s)
03:40:24 [01080/03547] R60/2000/r060-2000-nl1-2013-09 (221.8s)
03:40:32 [01081/03547] R60/2000/r060-2000-nl1-2013-13 (137.4s)
03:41:31 [01082/03547] R60/2000/r060-2000-nl1-2013-15 (84.1s)
03:41:31 [01083/03547] R60/2000/r060-2000-nl1-2013-14 (108.6s)
03:42:37 [01084/03547] R60/2000/r060-2000-nl1-2013-16 (138.6s)
03:43:00 [01085/03547] R60/2000/r060-2000-nl1-2013-18 (88.8s)
03:43:00 [01086/03547] R60/2000/r060-2000-nl1-2013-17 (148.3s)
03:43:14 [01087/03547] R60/2000/r060-2000-nl1-2013-17-rev01 (169.6s)
03:43:54 [01088/03547] R60/2000/r060-2000-nl1-2013-19 (143.0s)
03:43:55 [01089/03547] R60/2000/r060-2000-nl1-2013-21-rev1 (77.9s)
03:44:20 [01090/03547] R60/2000/r060-2000-nl1-2013-21 (79.9s)
03:44:21 [01091/03547] R60/2000/r060-2000-nl1-2013-22-rev1 (80.7s)
03:44:23 [01092/03547] R60/2000/r060-2000-nl1-2013-22 (69.1s)
03:45:18 [01093/03547] R60/2000/r060-2000-nl1-2013-24 (58.9s)
03:45:25 [01094/03547] R60/2000/r060-2000-nl1-2013-23-rev1 (90.5s)
03:45:40 [01095/03547] R60/2000/r060-2000-nl1-2013-23 (104.6s)
03:45:49 [01096/03547] R60/2000/r060-2000-nl1-2013-25 (86.4s)
03:46:24 [01097/03547] R60/2000/r060-2000-nl1-2013-25-rev1 (123.2s)
03:46:58 [01098/03547] R60/2000/r060-2000-nl1-2014-01 (92.9s)
03:47:40 [01099/03547] R60/2000/r060-2000-nl1-2014-02 (110.5s)
03:47:43 [01100/03547] R60/2000/r060-2000-nl1-2014-03 (78.4s)
03:48:21 [01101/03547] R60/2000/r060-2000-nl1-2014-04 (83.2s)
03:48:26 [01102/03547] R60/2000/r060-2000-nl1-2014-02-rev1 (166.4s)
03:49:02 [01103/03547] R60/2000/r060-2000-nl1-2014-05 (81.6s)
03:49:45 [01104/03547] R60/2000/r060-2000-nl1-2014-06 (122.3s)
03:49:53 [01105/03547] R60/2000/r060-2000-nl1-2014-07 (92.5s)
03:50:09 [01106/03547] R60/2000/r060-2000-nl1-2013-26 (290.3s)
03:50:33 [01107/03547] R60/2000/r060-2000-nl1-2014-08 (127.2s)
03:50:46 [01108/03547] R60/2000/r060-2000-nl1-2014-09 (104.3s)
03:51:16 [01109/03547] R60/2000/r060-2000-nl1-2014-11 (82.1s)
03:51:24 [01110/03547] R60/2000/r060-2000-nl1-2014-10 (98.8s)
03:51:53 [01111/03547] R60/2000/r060-2000-nl1-2014-12 (104.7s)
03:52:09 [01112/03547] R60/2000/r060-2000-nl1-2014-13 (95.6s)
03:52:32 [01113/03547] R60/2000/r060-2000-nl1-2014-15-rev1 (76.6s)
03:53:27 [01114/03547] R60/2000/r060-2000-nl1-2014-16-rev1 (93.6s)
03:53:38 [01115/03547] R60/2000/r060-2000-nl1-2014-15 (134.5s)
03:53:52 [01116/03547] R60/2000/r060-2000-nl1-2014-14 (186.1s)
03:53:57 [01117/03547] R60/2000/r060-2000-nl1-2014-16 (108.0s)
03:54:03 [01118/03547] R60/2000/r060-2000-nl1-2014-17-rev1 (90.5s)
03:55:01 [01119/03547] R60/2000/r060-2000-nl1-2014-18-rev1 (82.7s)
03:55:03 [01120/03547] R60/2000/r060-2000-nl1-2014-17 (96.4s)
03:55:09 [01121/03547] R60/2000/r060-2000-nl1-2014-19 (66.3s)
03:55:20 [01122/03547] R60/2000/r060-2000-nl1-2014-19-rev1 (83.5s)
03:55:39 [01123/03547] R60/2000/r060-2000-nl1-2014-18 (107.0s)
03:56:07 [01124/03547] R60/2000/r060-2000-nl1-2014-21-rev1 (57.8s)
03:56:07 [01125/03547] R60/2000/r060-2000-nl1-2014-20-rev1 (66.2s)
03:56:29 [01126/03547] R60/2000/r060-2000-nl1-2014-20 (85.3s)
03:56:36 [01127/03547] R60/2000/r060-2000-nl1-2014-21 (76.1s)
03:57:33 [01128/03547] R60/2000/r060-2000-nl1-2014-22-rev1 (113.8s)
03:57:33 [01129/03547] R60/2000/r060-2000-nl1-2014-22 (86.6s)
03:57:34 [01130/03547] R60/2000/r060-2000-nl1-2014-24-rev1 (65.4s)
03:58:06 [01131/03547] R60/2000/r060-2000-nl1-2014-23 (119.4s)
03:59:05 [01132/03547] R60/2000/r060-2000-nl1-2014-24 (149.0s)
03:59:28 [01133/03547] R60/2000/r060-2000-nl1-2014-27 (114.3s)
03:59:47 [01134/03547] R60/2000/r060-2000-nl1-2014-28 (100.4s)
04:00:02 [01135/03547] R60/2000/r060-2000-nl1-2015-01 (57.1s)
04:00:06 [01136/03547] R60/2000/r060-2000-nl1-2014-26 (152.5s)
04:00:28 [01137/03547] R60/2000/r060-2000-nl1-2014-25 (175.1s)
04:01:08 [01138/03547] R60/2000/r060-2000-nl1-2015-03 (81.2s)
04:01:20 [01139/03547] R60/2000/r060-2000-nl1-2015-06 (51.8s)
04:01:23 [01140/03547] R60/2000/r060-2000-nl1-2015-05 (76.9s)
04:01:31 [01141/03547] R60/2000/r060-2000-nl1-2015-02 (122.5s)
04:01:32 [01142/03547] R60/2000/r060-2000-nl1-2015-04 (89.4s)
04:03:12 [01143/03547] R60/2000/r060-2000-nl1-2015-07-rev1 (124.5s)
04:03:34 [01144/03547] R60/2000/r060-2000-nl1-2015-09 (123.3s)
04:03:42 [01145/03547] R60/2000/r060-2000-nl1-2015-10 (130.7s)
04:03:45 [01146/03547] R60/2000/r060-2000-nl1-2015-07 (145.4s)
04:04:14 [01147/03547] R60/2000/r060-2000-nl1-2015-08 (171.1s)
04:05:12 [01148/03547] R60/2000/r060-2000-nl1-2015-13 (86.6s)
04:05:12 [01149/03547] R60/2000/r060-2000-nl1-2015-11 (97.7s)
04:05:21 [01150/03547] R60/2000/r060-2000-nl1-2015-11-rev1 (128.2s)
04:05:30 [01151/03547] R60/2000/r060-2000-nl1-2015-12 (108.1s)
04:05:33 [01152/03547] R60/2000/r060-2000-nl1-2015-14 (78.8s)
04:06:13 [01153/03547] R60/2000/r060-2000-nl1-2015-16 (52.8s)
04:06:17 [01154/03547] R60/2000/r060-2000-nl1-2015-15 (64.8s)
04:06:19 [01155/03547] R60/2000/r060-2000-nl1-2015-17-rev1 (49.0s)
04:06:37 [01156/03547] R60/2000/r060-2000-nl1-2015-17-rev2 (64.5s)
04:06:49 [01157/03547] R60/2000/r060-2000-nl1-2015-15-rev1 (96.9s)
04:08:00 [01158/03547] R60/2000/r060-2000-nl1-2015-20 (83.4s)
04:08:08 [01159/03547] R60/2000/r060-2000-nl1-2015-17 (115.0s)
04:08:30 [01160/03547] R60/2000/r060-2000-nl1-2015-19 (130.6s)
04:08:35 [01161/03547] R60/2000/r060-2000-nl1-2015-18 (138.2s)
04:08:58 [01162/03547] R60/2000/r060-2000-nl1-2015-21 (129.7s)
04:09:26 [01163/03547] R60/2000/r060-2000-nl1-2015-26 (56.1s)
04:09:33 [01164/03547] R60/2000/r060-2000-nl1-2015-22 (92.7s)
04:09:52 [01165/03547] R60/2000/r060-2000-nl1-2015-24 (103.3s)
04:10:06 [01166/03547] R60/2000/r060-2000-nl1-2016-02 (67.9s)
04:10:15 [01167/03547] R60/2000/r060-2000-nl1-2016-03 (49.0s)
04:10:17 [01168/03547] R60/2000/r060-2000-nl1-2016-01 (102.5s)
04:11:16 [01169/03547] R60/2000/r060-2000-nl1-2016-07 (60.5s)
04:11:20 [01170/03547] R60/2000/r060-2000-nl1-2016-06 (73.8s)
04:11:42 [01171/03547] R60/2000/r060-2000-nl1-2016-05 (110.2s)
04:12:00 [01172/03547] R60/2000/r060-2000-nl1-2016-08 (102.4s)
04:12:32 [01173/03547] R60/2000/r060-2000-nl1-2016-09 (76.3s)
04:13:54 [01174/03547] R60/2000/r060-2000-nl1-2016-12 (113.8s)
04:14:28 [01175/03547] R60/2000/r060-2000-nl1-2016-13 (116.0s)
04:14:33 [01176/03547] R60/2000/r060-2000-nl1-2016-10 (193.3s)
04:15:01 [01177/03547] R60/2000/r060-2000-nl1-2016-04 (328.3s)
04:15:17 [01178/03547] R60/2000/r060-2000-nl1-2016-11 (214.8s)
04:15:50 [01179/03547] R60/2000/r060-2000-nl1-2016-14 (116.3s)
04:16:10 [01180/03547] R60/2000/r060-2000-nl1-2016-15 (102.2s)
04:16:11 [01181/03547] R60/2000/r060-2000-nl1-2016-16 (97.8s)
04:16:22 [01182/03547] R60/2000/r060-2000-nl1-2016-18 (80.7s)
04:16:52 [01183/03547] R60/2000/r060-2000-nl1-2016-21 (41.5s)
04:16:59 [01184/03547] R60/2000/r060-2000-nl1-2016-20 (69.1s)
04:17:37 [01185/03547] R60/2000/r060-2000-nl1-2016-22 (85.6s)
04:18:10 [01186/03547] R60/2000/r060-2000-nl1-2016-19 (173.6s)
04:18:41 [01187/03547] R60/2000/r060-2000-nl1-2016-25 (109.3s)
04:19:19 [01188/03547] R60/2000/r060-2000-nl1-2016-26 (140.1s)
04:19:39 [01189/03547] R60/2000/r060-2000-nl1-2016-29 (88.5s)
04:19:44 [01190/03547] R60/2000/r060-2000-nl1-2016-27 (127.5s)
04:19:57 [01191/03547] R60/2000/r060-2000-nl1-2016-24 (214.6s)
04:20:44 [01192/03547] R60/2000/r060-2000-nl1-2016-39 (47.5s)
04:21:15 [01193/03547] R60/2000/r060-2000-nl1-2016-34 (115.6s)
04:21:15 [01194/03547] R60/2000/r060-2000-nl1-2016-35 (96.1s)
04:21:37 [01195/03547] R60/2000/r060-2000-nl1-2016-38 (112.8s)
04:22:15 [01196/03547] R60/2000/r060-2000-nl1-2016-40 (90.5s)
04:22:23 [01197/03547] R60/2000/r060-2000-nl1-2016-42 (68.3s)
04:22:52 [01198/03547] R60/2000/r060-2000-nl1-2016-33 (250.6s)
04:22:56 [01199/03547] R60/2000/r060-2000-nl1-2016-45 (78.6s)
04:23:01 [01200/03547] R60/2000/r060-2000-nl1-2016-42-rev1 (106.1s)
04:23:47 [01201/03547] R60/2000/r060-2000-nl1-2017-03-rev01 (45.8s)
04:24:00 [01202/03547] R60/2000/r060-2000-nl1-2016-47 (96.5s)
04:24:05 [01203/03547] R60/2000/r060-2000-nl1-2016-46 (109.7s)
04:24:23 [01204/03547] R60/2000/r060-2000-nl1-2017-01 (91.7s)
04:24:31 [01205/03547] R60/2000/r060-2000-nl1-2017-02 (95.2s)
04:25:23 [01206/03547] R60/2000/r060-2000-nl1-2017-04 (96.9s)
04:25:33 [01207/03547] R60/2000/r060-2000-nl1-2017-07 (69.6s)
04:25:42 [01208/03547] R60/2000/r060-2000-nl1-2017-06 (97.8s)
04:26:12 [01209/03547] R60/2000/r060-2000-nl1-2017-05 (132.0s)
04:26:45 [01210/03547] R60/2000/r060-2000-nl1-2017-08 (134.0s)
04:26:54 [01211/03547] R60/2000/r060-2000-nl1-2017-09 (90.3s)
04:27:02 [01212/03547] R60/2000/r060-2000-nl1-2017-10 (88.6s)
04:27:59 [01213/03547] R60/2000/r060-2000-nl1-2017-11-rev1 (136.6s)
04:28:02 [01214/03547] R60/2000/r060-2000-nl1-2017-11 (109.6s)
04:28:15 [01215/03547] R60/2000/r060-2000-nl1-2017-14 (73.1s)
04:28:33 [01216/03547] R60/2000/r060-2000-nl1-2017-13 (99.3s)
04:29:08 [01217/03547] R60/2000/r060-2000-nl1-2017-15 (69.1s)
04:29:24 [01218/03547] R60/2000/r060-2000-nl1-2017-16 (82.1s)
04:29:47 [01219/03547] R60/2000/r060-2000-nl1-2017-17 (92.2s)
04:30:17 [01220/03547] R60/2000/r060-2000-nl1-2017-12-rev1 (212.0s)
04:30:34 [01221/03547] R60/2000/r060-2000-nl1-2017-18 (121.0s)
04:30:47 [01222/03547] R60/2000/r060-2000-nl1-2017-20 (83.1s)
04:30:55 [01223/03547] R60/2000/r060-2000-nl1-2017-21 (68.1s)
04:31:15 [01224/03547] R60/2000/r060-2000-nl1-2017-22 (58.6s)
04:31:32 [01225/03547] R60/2000/r060-2000-nl1-2017-23 (58.4s)
04:31:43 [01226/03547] R60/2000/r060-2000-nl1-2017-24 (56.4s)
04:32:29 [01227/03547] R60/2000/r060-2000-nl1-2017-19 (201.2s)
04:32:44 [01228/03547] R60/2000/r060-2000-nl1-2017-25 (109.1s)
04:33:02 [01229/03547] R60/2000/r060-2000-nl1-2017-27 (89.3s)
04:33:29 [01230/03547] R60/2000/r060-2000-nl1-2017-28 (105.9s)
04:33:51 [01231/03547] R60/2000/r060-2000-nl1-2017-26 (155.6s)
04:33:55 [01232/03547] R60/2000/r060-2000-nl1-2017-30 (70.5s)
04:34:14 [01233/03547] R60/2000/r060-2000-nl1-2017-32 (45.3s)
04:34:27 [01234/03547] R60/2000/r060-2000-nl1-2017-29 (118.2s)
04:34:49 [01235/03547] R60/2000/r060-2000-nl1-2017-33 (58.4s)
04:35:12 [01236/03547] R60/2000/r060-2000-nl1-2017-35 (57.9s)
04:35:19 [01237/03547] R60/2000/r060-2000-nl1-2017-34 (84.5s)
04:35:29 [01238/03547] R60/2000/r060-2000-nl1-2017-31 (146.9s)
04:36:25 [01239/03547] R60/2000/r060-2000-nl1-2017-39 (66.3s)
04:36:53 [01240/03547] R60/2000/r060-2000-nl1-2017-36 (145.5s)
04:36:58 [01241/03547] R60/2000/r060-2000-nl1-2017-37 (128.9s)
04:37:15 [01242/03547] R60/2000/r060-2000-nl1-2017-41 (49.8s)
04:37:25 [01243/03547] R60/2000/r060-2000-nl1-2017-40-rev1 (116.5s)
04:37:40 [01244/03547] R60/2000/r060-2000-nl1-2017-38 (147.4s)
04:38:18 [01245/03547] R60/2000/r060-2000-nl1-2017-44 (52.3s)
04:38:49 [01246/03547] R60/2000/r060-2000-nl1-2017-42 (110.8s)
04:39:06 [01247/03547] R60/2000/r060-2000-nl1-2017-42-rev1 (133.4s)
04:39:13 [01248/03547] R60/2000/r060-2000-nl1-2017-45 (93.6s)
04:39:42 [01249/03547] R60/2000/r060-2000-nl1-2017-43 (146.5s)
04:40:03 [01250/03547] R60/2000/r060-2000-nl1-2017-46 (105.7s)
04:40:13 [01251/03547] R60/2000/r060-2000-nl1-2017-49 (59.5s)
04:40:42 [01252/03547] R60/2000/r060-2000-nl1-2017-47 (113.3s)
04:40:59 [01253/03547] R60/2000/r060-2000-nl1-2017-50 (77.3s)
04:41:12 [01254/03547] R60/2000/r060-2000-nl1-2017-51 (68.7s)
04:41:34 [01255/03547] R60/2000/r060-2000-nl1-2017-48 (147.2s)
04:42:31 [01256/03547] R60/2000/r060-2000-nl1-2017-54 (91.8s)
04:42:47 [01257/03547] R60/2000/r060-2000-nl1-2017-53 (124.6s)
04:42:47 [01258/03547] R60/2000/r060-2000-nl1-2017-52 (154.7s)
04:43:29 [01259/03547] R60/2000/r060-2000-nl1-2017-55 (137.3s)
04:43:47 [01260/03547] R60/2000/r060-2000-nl1-2017-56 (133.5s)
04:45:27 [01261/03547] R60/2000/r060-2000-nl1-2017-57 (159.5s)
04:45:42 [01262/03547] R60/2000/r060-2000-nl1-2017-59 (115.2s)
04:45:45 [01263/03547] R60/2000/r060-2000-nl1-2017-58 (135.5s)
04:45:59 [01264/03547] R60/2000/r060-2000-nl1-2017-58-rev1 (191.6s)
04:46:18 [01265/03547] R60/2000/r060-2000-nl1-2017-57-rev1 (227.2s)
04:46:57 [01266/03547] R60/2000/r060-2000-nl1-2017-60 (90.3s)
04:47:07 [01267/03547] R60/2000/r060-2000-nl1-2017-62 (82.3s)
04:47:23 [01268/03547] R60/2000/r060-2000-nl1-2017-63 (83.9s)
04:47:37 [01269/03547] R60/2000/r060-2000-nl1-2017-61 (114.3s)
04:48:23 [01270/03547] R60/2000/r060-2000-nl1-2017-65 (85.7s)
04:48:26 [01271/03547] R60/2000/r060-2000-nl1-2017-64 (127.7s)
04:48:56 [01272/03547] R60/2000/r060-2000-nl1-2017-66 (108.6s)
04:49:35 [01273/03547] R60/2000/r060-2000-nl1-2017-67 (118.3s)
04:50:12 [01274/03547] R60/2000/r060-2000-nl1-2017-69 (106.2s)
04:50:30 [01275/03547] R60/2000/r060-2000-nl1-2017-67-rev1 (186.8s)
04:50:31 [01276/03547] R60/2000/r060-2000-nl1-2017-70 (95.7s)
04:50:59 [01277/03547] R60/2000/r060-2000-nl1-2018-01-rev1 (84.0s)
04:51:05 [01278/03547] R60/2000/r060-2000-nl1-2018-01 (52.7s)
04:51:35 [01279/03547] R60/2000/r060-2000-nl1-2018-03 (63.5s)
04:51:44 [01280/03547] R60/2000/r060-2000-nl1-2017-68 (201.6s)
04:52:36 [01281/03547] R60/2000/r060-2000-nl1-2018-02 (126.0s)
04:52:37 [01282/03547] R60/2000/r060-2000-nl1-2018-05 (92.0s)
04:52:39 [01283/03547] R60/2000/r060-2000-nl1-2018-06 (64.7s)
04:52:59 [01284/03547] R60/2000/r060-2000-nl1-2018-04 (119.7s)
04:53:02 [01285/03547] R60/2000/r060-2000-nl1-2018-07 (78.2s)
04:53:46 [01286/03547] R60/2000/r060-2000-nl1-2018-11 (66.6s)
04:54:33 [01287/03547] R60/2000/r060-2000-nl1-2018-10 (116.4s)
04:55:17 [01288/03547] R60/2000/r060-2000-nl1-2018-13 (90.9s)
04:55:22 [01289/03547] R60/2000/r060-2000-nl1-2018-15 (48.6s)
04:55:43 [01290/03547] R60/2000/r060-2000-nl1-2018-12 (160.5s)
04:56:23 [01291/03547] R60/2000/r060-2000-nl1-2018-16 (61.2s)
04:56:26 [01292/03547] R60/2000/r060-2000-nl1-2018-09 (230.7s)
04:56:32 [01293/03547] R60/2000/r060-2000-nl1-2018-17 (49.0s)
04:56:59 [01294/03547] R60/2000/r060-2000-nl1-2018-16-rev1 (102.3s)
04:57:46 [01295/03547] R60/2000/r060-2000-nl1-2018-20 (79.2s)
04:57:46 [01296/03547] R60/2000/r060-2000-nl1-2018-21 (74.3s)
04:57:49 [01297/03547] R60/2000/r060-2000-nl1-2018-12-rev1 (290.5s)
04:58:17 [01298/03547] R60/2000/r060-2000-nl1-2018-22 (77.9s)
04:58:18 [01299/03547] R60/2000/r060-2000-nl1-2018-18 (114.8s)
04:58:41 [01300/03547] R60/2000/r060-2000-nl1-2018-26 (55.6s)
04:59:03 [01301/03547] R60/2000/r060-2000-nl1-2018-28 (74.3s)
04:59:05 [01302/03547] R60/2000/r060-2000-nl1-2018-27 (78.6s)
04:59:49 [01303/03547] R60/2000/r060-2000-nl1-2018-29 (91.6s)
04:59:57 [01304/03547] R60/2000/r060-2000-nl1-2018-31 (75.3s)
05:00:28 [01305/03547] R60/2000/r060-2000-nl1-2018-32 (84.1s)
05:00:49 [01306/03547] R60/2000/r060-2000-nl1-2018-33 (104.0s)
05:00:54 [01307/03547] R60/2000/r060-2000-nl1-2018-30 (155.9s)
05:01:11 [01308/03547] R60/2000/r060-2000-nl1-2018-35 (74.2s)
05:01:19 [01309/03547] R60/2000/r060-2000-nl1-2018-34 (90.6s)
05:01:48 [01310/03547] R60/2000/r060-2000-nl1-2019-01 (80.3s)
05:01:57 [01311/03547] R60/2000/r060-2000-nl1-2019-03 (63.0s)
05:02:23 [01312/03547] R60/2000/r060-2000-nl1-2019-02 (93.8s)
05:02:41 [01313/03547] R60/2000/r060-2000-nl1-2019-06-rev1 (81.7s)
05:03:23 [01314/03547] R60/2000/r060-2000-nl1-2019-05 (132.0s)
05:03:27 [01315/03547] R60/2000/r060-2000-nl1-2019-06 (99.5s)
05:03:27 [01316/03547] R60/2000/r060-2000-nl1-2019-08 (46.4s)
05:04:14 [01317/03547] R60/2000/r060-2000-nl1-2019-07 (111.8s)
05:04:17 [01318/03547] R60/2000/r060-2000-nl1-2019-07-rev1 (140.6s)
05:04:48 [01319/03547] R60/2000/r060-2000-nl1-2019-09 (85.4s)
05:04:48 [01320/03547] R60/2000/r060-2000-nl1-2019-11 (80.9s)
05:05:09 [01321/03547] R60/2000/r060-2000-nl1-2019-13 (51.5s)
05:05:26 [01322/03547] R60/2000/r060-2000-nl1-2019-12 (71.8s)
05:05:55 [01323/03547] R60/2000/r060-2000-nl1-2019-10 (147.3s)
05:05:55 [01324/03547] R60/2000/r060-2000-nl1-2019-14 (67.2s)
05:06:13 [01325/03547] R60/2000/r060-2000-nl1-2019-15 (84.6s)
05:07:27 [01326/03547] R60/2000/r060-2000-nl1-2020-03 (74.0s)
05:07:28 [01327/03547] R60/2000/r060-2000-nl1-2019-20 (93.5s)
05:07:37 [01328/03547] R60/2000/r060-2000-nl1-2020-01 (101.6s)
05:07:50 [01329/03547] R60/2000/r060-2000-nl1-2019-17 (143.7s)
05:08:00 [01330/03547] R60/2000/r060-2000-nl1-2019-16 (171.3s)
05:08:19 [01331/03547] R60/2000/r060-2000-nl1-2020-04 (52.5s)
05:08:40 [01332/03547] R60/2000/r060-2000-nl1-2020-17 (39.7s)
05:08:50 [01333/03547] R60/2000/r060-2000-nl1-2020-12 (72.9s)
05:08:53 [01334/03547] R60/2000/r060-2000-nl1-2020-11 (85.0s)
05:09:30 [01335/03547] R60/2000/r060-2000-nl1-2020-29 (71.0s)
05:09:32 [01336/03547] R60/2000/r060-2000-nl1-2020-15 (102.1s)
05:09:56 [01337/03547] R60/2000/r060-2000-nl1-2021-05 (75.8s)
05:10:17 [01338/03547] R60/2000/r060-2000-nl1-2021-44 (84.0s)
05:10:26 [01339/03547] R60/2000/r060-2000-nl1-2022-17-rev0 (55.6s)
05:10:32 [01340/03547] R60/2000/r060-2000-ru1-2005-02 (36.5s)
05:10:48 [01341/03547] R60/2000/r060-2000-ru1-2005-01 (75.5s)
05:11:02 [01342/03547] R60/2000/r060-2000-ru1-2005-03 (44.6s)
05:11:18 [01343/03547] R60/2000/r060-2000-se1-2017-01-rev1 (46.3s)
05:11:24 [01344/03547] R60/2000/r060-2000-ru1-2005-04 (58.5s)
05:11:54 [01345/03547] R60/2000/r60-2000-ch1-2025-01 (29.9s)
05:12:43 [01346/03547] R60/2000/r060-2000_nl1-2013-20-rev1 (100.9s)
05:12:45 [01347/03547] R60/2000/r060-2000_nl1-2013-20 (86.0s)
05:12:45 [01348/03547] R60/2000/r060-2000-se1-2017-01 (118.0s)
FAIL R60/2000/r060-2000-nl1-2021-30: API error for R60/2000/r060-2000-nl1-2021-30: {"error" => "HTTP 429: {\"type\":\"error\",\"error\":{\"type\":\"rate_limit_error\",\"code\":\"1302\",\"message\":\"[1302][Rate limit reached for requests][20261008051216d88fa68a71cc493c]\"},\"request_id\
05:13:53 [01350/03547] R60/2000/r60-2000-de1-2023-02 (70.5s)
05:14:06 [01351/03547] R60/2000/r60-2000-de1-2019-03-rev1 (131.5s)
05:14:40 [01352/03547] R60/2000/r60-2000-dk2-2025-01 (115.6s)
05:16:12 [01353/03547] R60/2000/r60-2000-jp1-2022-03 (138.6s)
05:16:24 [01354/03547] R60/2000/r60-2000-fr2-2023-02-rev0 (219.0s)
05:17:40 [01355/03547] R60/2000/r60-2000-nl1-2016-38-rev1 (75.4s)
05:17:47 [01356/03547] R60/2000/r60-2000-nl1-2015-27 (95.2s)
05:18:17 [01357/03547] R60/2000/r60-2000-jp1-2023-02 (251.6s)
05:18:30 [01358/03547] R60/2000/r60-2000-jp1-2023-03 (230.2s)
FAIL R60/2000/r60-2000-gb1-2022-01-rev1: API error for R60/2000/r60-2000-gb1-2022-01-rev1: {"error" => "HTTP 429: {\"type\":\"error\",\"error\":{\"type\":\"rate_limit_error\",\"code\":\"1302\",\"message\":\"[1302][Rate limit reached for requests][202610080517173a59c0bf612e4170]\"},\"request
05:19:14 [01360/03547] R60/2000/r60-2000-nl1-2023-11-rev0 (56.3s)
05:20:21 [01361/03547] R60/2000/r60-2000-nl1-2017-58-rev3 (153.7s)
05:20:30 [01362/03547] R60/2000/r60-2000-nl1-2023-29-rev0 (119.8s)
05:20:46 [01363/03547] R60/2000/r60-2000-nl1-2017-58-rev2 (186.5s)
05:21:15 [01364/03547] R60/2000/r60-2000-nl1-2024-17-rev0 (121.0s)
05:22:20 [01365/03547] R60/2000/r60-2000-nl1-2024-07-rev0 (207.0s)
05:22:22 [01366/03547] R60/2017/r060-2017-de1-2022-01 (67.6s)
05:23:10 [01367/03547] R60/2000/r60-2000-nl1-2025-05-rev0 (169.4s)
05:24:07 [01368/03547] R60/2017/r060-2017-gb1-2021-01 (104.3s)
05:24:13 [01369/03547] R60/2017/r060-2017-de1-2021-01 (222.6s)
05:24:22 [01370/03547] R60/2017/r060-2017-de1-2021-02 (216.0s)
05:24:24 [01371/03547] R60/2017/r060-2017-gb1-2022-01 (74.2s)
05:24:30 [01372/03547] R60/2017/r060-2017-dk2-2021-01 (130.4s)
05:25:37 [01373/03547] R60/2017/r060-2017-jp1-2021-01 (90.5s)
05:25:42 [01374/03547] R60/2017/r060-2017-nl1-2019-19 (79.3s)
05:25:51 [01375/03547] R60/2017/r060-2017-nl1-2019-19-rev1 (98.4s)
05:25:59 [01376/03547] R60/2017/r060-2017-nl1-2019-21-rev1 (95.1s)
05:26:10 [01377/03547] R60/2017/r060-2017-nl1-2019-21 (99.9s)
05:26:31 [01378/03547] R60/2017/r060-2017-nl1-2019-22 (49.1s)
05:27:39 [01379/03547] R60/2017/r060-2017-nl1-2019-23 (108.2s)
05:28:59 [01380/03547] R60/2017/r060-2017-nl1-2019-25-rev1 (147.8s)
05:29:05 [01381/03547] R60/2017/r060-2017-nl1-2019-24 (174.9s)
05:29:11 [01382/03547] R60/2017/r060-2017-nl1-2019-25 (91.8s)
05:29:39 [01383/03547] R60/2017/r060-2017-nl1-2019-24-rev1 (219.5s)
05:29:58 [01384/03547] R60/2017/r060-2017-nl1-2019-22-rev1 (260.9s)
05:30:28 [01385/03547] R60/2017/r060-2017-nl1-2019-28 (76.5s)
05:30:39 [01386/03547] R60/2017/r060-2017-nl1-2019-29 (60.2s)
05:30:44 [01387/03547] R60/2017/r060-2017-nl1-2019-26 (105.3s)
05:30:55 [01388/03547] R60/2017/r060-2017-nl1-2019-30 (56.9s)
05:31:03 [01389/03547] R60/2017/r060-2017-nl1-2019-27 (117.6s)
05:31:41 [01390/03547] R60/2017/r060-2017-nl1-2019-32 (56.9s)
05:32:06 [01391/03547] R60/2017/r060-2017-nl1-2019-32-rev1 (87.0s)
05:32:16 [01392/03547] R60/2017/r060-2017-nl1-2019-33 (80.8s)
05:32:25 [01393/03547] R60/2017/r060-2017-nl1-2019-31 (117.7s)
05:32:52 [01394/03547] R60/2017/r060-2017-nl1-2019-35 (71.8s)
05:32:53 [01395/03547] R60/2017/r060-2017-nl1-2019-34 (110.1s)
05:33:18 [01396/03547] R60/2017/r060-2017-nl1-2020-05 (62.5s)
05:33:36 [01397/03547] R60/2017/r060-2017-nl1-2020-02 (90.4s)
05:33:55 [01398/03547] R60/2017/r060-2017-nl1-2020-07 (62.0s)
05:34:13 [01399/03547] R60/2017/r060-2017-nl1-2020-06 (108.1s)
05:34:40 [01400/03547] R60/2017/r060-2017-nl1-2020-08 (107.0s)
05:35:10 [01401/03547] R60/2017/r060-2017-nl1-2020-10 (93.9s)
05:35:17 [01402/03547] R60/2017/r060-2017-nl1-2020-09 (119.0s)
05:35:28 [01403/03547] R60/2017/r060-2017-nl1-2020-13 (93.5s)
05:35:46 [01404/03547] R60/2017/r060-2017-nl1-2020-14 (92.1s)
05:35:47 [01405/03547] R60/2017/r060-2017-nl1-2020-16-rev1 (67.3s)
05:36:00 [01406/03547] R60/2017/r060-2017-nl1-2020-16 (49.8s)
05:37:08 [01407/03547] R60/2017/r060-2017-nl1-2020-20 (82.5s)
05:37:16 [01408/03547] R60/2017/r060-2017-nl1-2020-19 (108.1s)
05:37:26 [01409/03547] R60/2017/r060-2017-nl1-2020-21 (98.9s)
05:38:21 [01410/03547] R60/2017/r060-2017-nl1-2020-24 (64.7s)
05:38:37 [01411/03547] R60/2017/r060-2017-nl1-2020-25 (71.4s)
05:38:40 [01412/03547] R60/2017/r060-2017-nl1-2020-18 (203.4s)
05:40:10 [01413/03547] R60/2017/r060-2017-nl1-2020-27 (93.1s)
05:40:20 [01414/03547] R60/2017/r060-2017-nl1-2020-23 (191.5s)
05:40:55 [01415/03547] R60/2017/r060-2017-nl1-2020-28 (134.4s)
05:40:59 [01416/03547] R60/2017/r060-2017-nl1-2020-22 (299.1s)
05:41:31 [01417/03547] R60/2017/r060-2017-nl1-2020-30 (80.9s)
05:41:56 [01418/03547] R60/2017/r060-2017-nl1-2020-36 (96.9s)
05:42:10 [01419/03547] R60/2017/r060-2017-nl1-2020-38 (74.9s)
05:42:40 [01420/03547] R60/2017/r060-2017-nl1-2020-39 (100.4s)
05:42:40 [01421/03547] R60/2017/r060-2017-nl1-2020-26 (259.6s)
05:42:49 [01422/03547] R60/2017/r060-2017-nl1-2020-62 (52.4s)
05:42:58 [01423/03547] R60/2017/r060-2017-nl1-2021-01 (48.4s)
05:43:02 [01424/03547] R60/2017/r060-2017-nl1-2020-40 (90.3s)
05:43:34 [01425/03547] R60/2017/r060-2017-nl1-2021-03 (53.5s)
05:43:43 [01426/03547] R60/2017/r060-2017-nl1-2021-04 (54.2s)
05:43:53 [01427/03547] R60/2017/r060-2017-nl1-2021-06 (55.3s)
05:44:09 [01428/03547] R60/2017/r060-2017-nl1-2021-02 (89.2s)
05:44:34 [01429/03547] R60/2017/r060-2017-nl1-2021-07 (92.9s)
05:44:46 [01430/03547] R60/2017/r060-2017-nl1-2021-09 (62.8s)
05:45:02 [01431/03547] R60/2017/r060-2017-nl1-2021-08 (88.3s)
05:45:36 [01432/03547] R60/2017/r060-2017-nl1-2021-10 (86.7s)
05:45:38 [01433/03547] R60/2017/r060-2017-nl1-2021-11 (63.3s)
05:46:19 [01434/03547] R60/2017/r060-2017-nl1-2021-14 (93.1s)
05:46:32 [01435/03547] R60/2017/r060-2017-nl1-2021-10-rev1 (158.1s)
05:46:43 [01436/03547] R60/2017/r060-2017-nl1-2021-18 (65.7s)
05:46:52 [01437/03547] R60/2017/r060-2017-nl1-2021-15 (110.0s)
05:47:02 [01438/03547] R60/2017/r060-2017-nl1-2021-17 (86.1s)
05:48:26 [01439/03547] R60/2017/r060-2017-nl1-2021-19 (126.6s)
05:48:50 [01440/03547] R60/2017/r060-2017-nl1-2021-20-rev1 (138.1s)
05:48:58 [01441/03547] R60/2017/r060-2017-nl1-2021-21 (126.0s)
05:49:15 [01442/03547] R60/2017/r060-2017-nl1-2021-20 (151.3s)
05:49:16 [01443/03547] R60/2017/r060-2017-nl1-2021-22 (134.1s)
05:49:50 [01444/03547] R60/2017/r060-2017-nl1-2021-23-rev1 (84.6s)
05:49:52 [01445/03547] R60/2017/r060-2017-nl1-2021-24 (53.9s)
05:50:09 [01446/03547] R60/2017/r060-2017-nl1-2021-25 (54.4s)
05:51:02 [01447/03547] R60/2017/r060-2017-nl1-2021-23 (132.6s)
05:51:15 [01448/03547] R60/2017/r060-2017-nl1-2021-27 (83.1s)
05:52:13 [01449/03547] R60/2017/r060-2017-nl1-2021-26-rev1 (177.0s)
05:52:30 [01450/03547] R60/2017/r060-2017-nl1-2021-26 (159.4s)
05:52:44 [01451/03547] R60/2017/r060-2017-nl1-2021-30-rev1 (89.3s)
05:53:14 [01452/03547] R60/2017/r060-2017-nl1-2021-29 (132.1s)
05:53:17 [01453/03547] R60/2017/r060-2017-nl1-2021-28 (187.7s)
05:53:52 [01454/03547] R60/2017/r060-2017-nl1-2021-32 (81.9s)
05:54:15 [01455/03547] R60/2017/r060-2017-nl1-2021-34 (61.0s)
05:54:48 [01456/03547] R60/2017/r060-2017-nl1-2021-35 (91.5s)
05:55:00 [01457/03547] R60/2017/r060-2017-nl1-2021-32-rev1 (167.7s)
05:55:40 [01458/03547] R60/2017/r060-2017-nl1-2021-36-rev1 (108.1s)
05:55:44 [01459/03547] R60/2017/r060-2017-nl1-2021-33 (179.5s)
05:55:58 [01460/03547] R60/2017/r060-2017-nl1-2021-36 (103.0s)
05:56:02 [01461/03547] R60/2017/r060-2017-nl1-2021-40 (61.8s)
05:56:04 [01462/03547] R60/2017/r060-2017-nl1-2021-38 (75.8s)
05:56:30 [01463/03547] R60/2017/r060-2017-nl1-2021-42 (46.4s)
05:57:05 [01464/03547] R60/2017/r060-2017-nl1-2021-41 (85.4s)
05:57:38 [01465/03547] R60/2017/r060-2017-nl1-2022-05 (68.0s)
05:57:47 [01466/03547] R60/2017/r060-2017-nl1-2022-03 (102.5s)
05:58:00 [01467/03547] R60/2017/r060-2017-nl1-2022-01 (117.8s)
05:58:17 [01468/03547] R60/2017/r060-2017-nl1-2022-06 (71.8s)
05:59:02 [01469/03547] R60/2017/r060-2017-nl1-2022-07-rev0 (83.5s)
05:59:31 [01470/03547] R60/2017/r060-2017-nl1-2022-01-rev1 (212.5s)
05:59:40 [01471/03547] R60/2017/r060-2017-nl1-2022-08-rev0 (113.8s)
06:00:16 [01472/03547] R60/2017/r060-2017-nl1-2022-13 (74.1s)
06:00:16 [01473/03547] R60/2017/r060-2017-nl1-2022-11 (136.5s)
06:01:00 [01474/03547] R60/2017/r060-2017-nl1-2022-12 (162.6s)
06:01:09 [01475/03547] R60/2017/r060-2017-nl1-2022-16-rev0 (53.2s)
06:01:40 [01476/03547] R60/2017/r060-2017-nl1-2022-14-rev0 (129.0s)
06:01:40 [01477/03547] R60/2017/r060-2017-nl1-2022-15-rev0 (119.7s)
06:01:58 [01478/03547] R60/2017/r060-2017-se1-2021-01 (101.3s)
06:02:37 [01479/03547] R60/2017/r60-2017-de1-2023-01 (88.0s)
06:03:47 [01480/03547] R60/2017/r60-2017-dk2-2023-01 (126.8s)
06:04:41 [01481/03547] R60/2017/r60-2017-dk2-2023-02 (181.4s)
06:05:03 [01482/03547] R60/2017/r60-2017-dk2-2023-03 (185.2s)
06:05:08 [01483/03547] R60/2017/r60-2017-dk2-2023-05 (81.6s)
06:05:15 [01484/03547] R60/2017/r60-2017-de1-2021-02-rev1 (255.0s)
06:06:20 [01485/03547] R60/2017/r60-2017-fr2-2023-01-rev0 (71.6s)
06:06:34 [01486/03547] R60/2017/r60-2017-fr2-2023-01-rev1 (79.0s)
06:06:46 [01487/03547] R60/2017/r60-2017-dk2-2024-01 (124.3s)
06:08:03 [01488/03547] R60/2017/r60-2017-nl1-2019-32-rev2 (89.4s)
06:08:06 [01489/03547] R60/2017/r60-2017-nl1-2020-02-rev1 (80.7s)
06:08:38 [01490/03547] R60/2017/r60-2017-dk2-2025-02 (214.8s)
06:08:44 [01491/03547] R60/2017/r60-2017-jp1-2023-01 (144.0s)
06:08:47 [01492/03547] R60/2017/r60-2017-dk2-2023-04 (369.4s)
06:10:04 [01493/03547] R60/2017/r60-2017-nl1-2020-10-rev1 (121.0s)
06:10:26 [01494/03547] R60/2017/r60-2017-nl1-2022-02 (102.0s)
06:11:26 [01495/03547] R60/2017/r60-2017-nl1-2022-07-rev1 (81.7s)
06:12:00 [01496/03547] R60/2017/r60-2017-nl1-2021-27-rev1 (202.0s)
06:12:16 [01497/03547] R60/2017/r60-2017-nl1-2020-18-rev1 (249.7s)
06:12:19 [01498/03547] R60/2017/r60-2017-nl1-2022-08-rev1 (112.9s)
06:12:28 [01499/03547] R60/2017/r60-2017-nl1-2022-04-rev0 (221.0s)
06:12:55 [01500/03547] R60/2017/r60-2017-nl1-2022-10-rev1 (54.7s)
06:13:08 [01501/03547] R60/2017/r60-2017-nl1-2022-09 (101.9s)
06:13:18 [01502/03547] R60/2017/r60-2017-nl1-2022-18-rev0 (62.0s)
06:14:07 [01503/03547] R60/2017/r60-2017-nl1-2022-20-rev0 (72.8s)
06:14:12 [01504/03547] R60/2017/r60-2017-nl1-2022-19-rev0 (104.1s)
06:14:15 [01505/03547] R60/2017/r60-2017-nl1-2022-18-rev1 (116.3s)
06:14:29 [01506/03547] R60/2017/r60-2017-nl1-2022-22-rev0 (71.1s)
06:15:32 [01507/03547] R60/2017/r60-2017-nl1-2022-26-rev0 (62.3s)
06:15:47 [01508/03547] R60/2017/r60-2017-nl1-2022-21-rev0 (159.4s)
06:16:10 [01509/03547] R60/2017/r60-2017-nl1-2022-25-rev0 (114.4s)
06:16:32 [01510/03547] R60/2017/r60-2017-nl1-2022-23-rev0 (145.0s)
06:16:49 [01511/03547] R60/2017/r60-2017-nl1-2022-28-rev0 (62.0s)
06:17:09 [01512/03547] R60/2017/r60-2017-nl1-2022-27-rev0 (97.2s)
06:17:22 [01513/03547] R60/2017/r60-2017-nl1-2022-30-rev0 (72.3s)
06:18:03 [01514/03547] R60/2017/r60-2017-nl1-2022-31-rev0 (90.2s)
06:18:50 [01515/03547] R60/2017/r60-2017-nl1-2022-34-rev0 (87.7s)
06:18:58 [01516/03547] R60/2017/r60-2017-nl1-2022-24-rev0 (286.1s)
06:19:20 [01517/03547] R60/2017/r60-2017-nl1-2022-35-rev0 (77.7s)
06:19:40 [01518/03547] R60/2017/r60-2017-nl1-2022-32-rev0 (171.2s)
06:20:17 [01519/03547] R60/2017/r60-2017-nl1-2022-36-rev1 (78.8s)
06:20:54 [01520/03547] R60/2017/r60-2017-nl1-2022-37-rev0 (94.0s)
06:21:30 [01521/03547] R60/2017/r60-2017-nl1-2022-39-rev0 (109.8s)
06:21:42 [01522/03547] R60/2017/r60-2017-nl1-2022-36-rev0 (172.0s)
06:21:57 [01523/03547] R60/2017/r60-2017-nl1-2022-43-rev0 (100.0s)
06:21:58 [01524/03547] R60/2017/r60-2017-nl1-2022-33-rev0 (289.3s)
06:23:08 [01525/03547] R60/2017/r60-2017-nl1-2022-43-rev2 (98.4s)
06:23:31 [01526/03547] R60/2017/r60-2017-nl1-2023-02-rev0 (92.7s)
06:24:43 [01527/03547] R60/2017/r60-2017-nl1-2023-01-rev0 (181.2s)
06:25:04 [01528/03547] R60/2017/r60-2017-nl1-2023-02-rev1 (115.2s)
06:25:08 [01529/03547] R60/2017/r60-2017-nl1-2023-03-rev0 (96.9s)
FAIL R60/2017/r60-2017-nl1-2022-43-rev1: API error for R60/2017/r60-2017-nl1-2022-43-rev1: {"error" => "HTTP 429: {\"type\":\"error\",\"error\":{\"type\":\"rate_limit_error\",\"code\":\"1302\",\"message\":\"[1302][Rate limit reached for requests][202610080624200dd4e82145604883]\"},\"request
06:25:58 [01531/03547] R60/2017/r60-2017-nl1-2023-05-rev0 (50.6s)
06:26:18 [01532/03547] R60/2017/r60-2017-nl1-2023-03-rev1 (95.5s)
06:26:57 [01533/03547] R60/2017/r60-2017-nl1-2023-04-rev0 (113.7s)
06:27:29 [01534/03547] R60/2017/r60-2017-nl1-2023-07-rev0 (90.9s)
06:27:59 [01535/03547] R60/2017/r60-2017-nl1-2023-08-rev0 (100.8s)
06:28:11 [01536/03547] R60/2017/r60-2017-nl1-2023-01-rev1 (374.3s)
06:28:22 [01537/03547] R60/2017/r60-2017-nl1-2023-09-rev0 (84.3s)
06:28:38 [01538/03547] R60/2017/r60-2017-nl1-2023-09-rev1 (69.0s)
06:29:13 [01539/03547] R60/2017/r60-2017-nl1-2023-10-rev0 (73.9s)
06:29:29 [01540/03547] R60/2017/r60-2017-nl1-2023-12-rev1 (67.0s)
06:30:03 [01541/03547] R60/2017/r60-2017-nl1-2023-12-rev0 (112.0s)
06:30:39 [01542/03547] R60/2017/r60-2017-nl1-2023-14-rev0 (86.0s)
06:30:43 [01543/03547] R60/2017/r60-2017-nl1-2023-15-rev0 (74.3s)
06:30:50 [01544/03547] R60/2017/r60-2017-nl1-2023-06-rev0 (294.6s)
06:31:15 [01545/03547] R60/2017/r60-2017-nl1-2023-15-rev1 (72.3s)
06:31:52 [01546/03547] R60/2017/r60-2017-nl1-2023-16-rev0 (72.7s)
06:32:00 [01547/03547] R60/2017/r60-2017-nl1-2023-18-rev0 (69.7s)
06:32:14 [01548/03547] R60/2017/r60-2017-nl1-2023-17-rev0 (91.4s)
06:32:33 [01549/03547] R60/2017/r60-2017-nl1-2023-19-rev0 (77.7s)
06:33:10 [01550/03547] R60/2017/r60-2017-nl1-2023-20-rev0 (78.3s)
06:33:14 [01551/03547] R60/2017/r60-2017-nl1-2023-20-rev1 (73.7s)
06:33:49 [01552/03547] R60/2017/r60-2017-nl1-2023-21-rev0 (94.3s)
06:33:59 [01553/03547] R60/2017/r60-2017-nl1-2023-13-rev0 (321.2s)
06:34:50 [01554/03547] R60/2017/r60-2017-nl1-2023-22-rev0 (136.8s)
06:34:57 [01555/03547] R60/2017/r60-2017-nl1-2023-22-rev1 (106.4s)
06:36:06 [01556/03547] R60/2017/r60-2017-nl1-2023-24-rev0 (76.6s)
06:36:11 [01557/03547] R60/2017/r60-2017-nl1-2023-23-rev2 (131.2s)
06:36:15 [01558/03547] R60/2017/r60-2017-nl1-2023-23-rev0 (180.9s)
06:36:32 [01559/03547] R60/2017/r60-2017-nl1-2023-23-rev1 (162.9s)
06:37:05 [01560/03547] R60/2017/r60-2017-nl1-2023-26-rev0 (58.4s)
06:37:32 [01561/03547] R60/2017/r60-2017-nl1-2023-27-rev0 (81.4s)
06:37:40 [01562/03547] R60/2017/r60-2017-nl1-2023-28-rev0 (86.0s)
06:37:49 [01563/03547] R60/2017/r60-2017-nl1-2023-30-rev0 (77.2s)
06:38:07 [01564/03547] R60/2017/r60-2017-nl1-2023-25-rev0 (190.4s)
06:38:40 [01565/03547] R60/2017/r60-2017-nl1-2023-31-rev0 (67.9s)
06:39:14 [01566/03547] R60/2017/r60-2017-nl1-2023-31-rev1 (93.7s)
06:40:00 [01567/03547] R60/2017/r60-2017-nl1-2023-30-rev1 (174.9s)
06:40:27 [01568/03547] R60/2017/r60-2017-nl1-2023-32-rev0 (158.6s)
06:40:29 [01569/03547] R60/2017/r60-2017-nl1-2023-34-rev0 (74.8s)
06:41:05 [01570/03547] R60/2017/r60-2017-nl1-2023-33-rev0 (144.6s)
06:41:19 [01571/03547] R60/2017/r60-2017-nl1-2024-01-rev0 (51.8s)
06:41:21 [01572/03547] R60/2017/r60-2017-nl1-2023-36-rev0 (81.4s)
06:42:22 [01573/03547] R60/2017/r60-2017-nl1-2023-32-rev1 (254.9s)
06:42:49 [01574/03547] R60/2017/r60-2017-nl1-2024-02-rev0 (140.3s)
06:42:52 [01575/03547] R60/2017/r60-2017-nl1-2024-03-rev0 (107.9s)
06:42:55 [01576/03547] R60/2017/r60-2017-nl1-2024-04-rev0 (94.2s)
06:43:01 [01577/03547] R60/2017/r60-2017-nl1-2024-03-rev1 (102.0s)
06:43:37 [01578/03547] R60/2017/r60-2017-nl1-2024-12-rev0 (44.9s)
06:43:50 [01579/03547] R60/2021/r60-2021-nl1-2024-25-rev0 (48.7s)
06:43:52 [01580/03547] R60/2017/r60-2017-nl1-2024-05-rev0 (89.6s)
06:44:10 [01581/03547] R60/2017/r60-2017-nl1-2024-06-rev0 (80.7s)
06:44:46 [01582/03547] R60/2017/r60-2017-nl1-2024-35-rev0 (111.3s)
06:45:06 [01583/03547] R60/2021/r60-2021-nl1-2025-21-rev0 (75.8s)
06:45:24 [01584/03547] R60/2021/r60-2021-nl1-2025-08-rev0 (106.8s)
06:46:17 [01585/03547] R60/2021/r60-2021-nl1-2026-09-rev0 (127.4s)
06:46:23 [01586/03547] R61/1996/r061-1996-de1-2004-05-rev1 (58.5s)
06:46:40 [01587/03547] R61/1996/r061-1996-de1-2001-01-rev1 (114.0s)
06:46:47 [01588/03547] R61/1996/r061-1996-de1-2004-03-rev2 (100.9s)
06:47:28 [01589/03547] R61/1996/r061-1996-nl1-2006-01 (65.4s)
06:48:00 [01590/03547] R60/2021/r60-2021-nl1-2025-43-rev0 (248.6s)
06:48:02 [01591/03547] R61/2004/r061-2004-de1-2005-01 (81.5s)
06:48:18 [01592/03547] R61/2004/r061-2004-de1-2005-02-rev1 (90.9s)
06:48:57 [01593/03547] R61/1996/r061-1996-de1-2004-06-rev1 (159.3s)
06:49:23 [01594/03547] R61/2004/r061-2004-de1-2005-02 (115.0s)
06:49:35 [01595/03547] R61/2004/r061-2004-de1-2006-01 (93.0s)
06:50:11 [01596/03547] R61/2004/r061-2004-de1-2006-02 (112.9s)
06:50:19 [01597/03547] R61/2004/r061-2004-de1-2005-03 (138.6s)
06:50:24 [01598/03547] R61/2004/r061-2004-de1-2013-01 (61.5s)
06:50:28 [01599/03547] R61/2004/r061-2004-de1-2010-01 (91.7s)
06:50:59 [01600/03547] R61/2004/r061-2004-gb1-2006-02 (34.5s)
06:51:36 [01601/03547] R61/2004/r061-2004-gb1-2006-01-rev1 (85.6s)
06:52:18 [01602/03547] R61/2004/r061-2004-gb1-2012-01-rev1 (109.5s)
06:53:12 [01603/03547] R61/2004/r061-2004-gb1-2012-01 (133.2s)
06:54:07 [01604/03547] R61/2004/r061-2004-dk3-2017-01 (271.8s)
06:54:44 [01605/03547] R61/2004/r061-2004-gb1-2013-01 (188.1s)
06:55:01 [01606/03547] R61/2004/r061-2004-gb1-2015-01 (163.1s)
06:55:20 [01607/03547] R61/2004/r061-2004-gb1-2006-01 (301.3s)
06:55:29 [01608/03547] R61/2004/r061-2004-nl1-2005-01 (82.6s)
06:56:27 [01609/03547] R61/2004/r061-2004-gb1-2017-01 (195.3s)
06:57:12 [01610/03547] R61/2004/r061-2004-nl1-2011-01 (102.7s)
06:57:13 [01611/03547] R61/2004/r061-2004-nl1-2009-01 (148.9s)
06:57:39 [01612/03547] R61/2004/r061-2004-nl1-2010-01 (139.0s)
06:57:40 [01613/03547] R61/2004/r061-2004-nl1-2010-01-rev1 (159.3s)
06:58:09 [01614/03547] R61/2004/r061-2004-nl1-2013-01-rev1 (101.8s)
06:58:40 [01615/03547] R61/2004/r061-2004-nl1-2015-02 (87.1s)
06:59:28 [01616/03547] R61/2004/r061-2004-nl1-2016-03 (78.9s)
07:00:53 [01617/03547] R61/2004/r061-2004-nl1-2016-04 (132.3s)
07:01:25 [01618/03547] R61/2004/r061-2004-nl1-2016-01 (225.7s)
07:01:51 [01619/03547] R61/2004/r061-2004-nl1-2014-01 (278.6s)
07:02:23 [01620/03547] R61/2004/r061-2004-nl1-2017-01 (174.7s)
07:02:30 [01621/03547] R61/2004/r061-2004-nl1-2017-03 (65.1s)
07:02:51 [01622/03547] R61/2004/r061-2004-nl1-2016-02 (310.5s)
07:03:25 [01623/03547] R61/2004/r061-2004-nl1-2017-02 (152.6s)
07:04:00 [01624/03547] R61/2004/r061-2004-nl1-2020-23 (90.0s)
07:04:49 [01625/03547] R61/2004/r61-2004-nl1-2023-01-rev0 (118.3s)
07:05:15 [01626/03547] R76/1992/r076-1992-au1-2002-01-rev2 (110.0s)
07:05:39 [01627/03547] R61/2004/r061-2004-nl1-2018-01 (227.9s)
07:05:52 [01628/03547] R61/2004/r061-2004-nl1-2020-04 (208.8s)
07:06:09 [01629/03547] R76/1992/r076-1992-au1-2002-01-rev3 (129.4s)
07:06:22 [01630/03547] R76/1992/r076-1992-au1-2016-01 (67.3s)
07:06:31 [01631/03547] R76/1992/r076-1992-cn1-2005-01 (39.4s)
07:06:40 [01632/03547] R76/1992/r076-1992-cn1-2005-02 (30.7s)
07:06:40 [01633/03547] R76/1992/r076-1992-au1-2005-01 (110.8s)
07:06:51 [01634/03547] R76/1992/r076-1992-ch1-2006-01 (72.9s)
07:06:58 [01635/03547] R76/1992/r076-1992-cn1-2005-04 (27.6s)
07:07:10 [01636/03547] R76/1992/r076-1992-cn1-2005-03 (47.6s)
07:07:20 [01637/03547] R76/1992/r076-1992-cn1-2005-05 (40.3s)
07:08:11 [01638/03547] R76/1992/r076-1992-cz1-2006-01 (79.7s)
07:08:11 [01639/03547] R76/1992/r076-1992-cn1-2007-01 (91.4s)
07:08:34 [01640/03547] R76/1992/r076-1992-cz1-2006-02 (95.1s)
07:09:11 [01641/03547] R76/1992/r076-1992-cz1-2009-01 (120.6s)
07:09:48 [01642/03547] R76/1992/r076-1992-de1-1995-02-rev4 (147.4s)
07:10:25 [01643/03547] R76/1992/r076-1992-de1-1998-01-rev1 (134.2s)
07:11:04 [01644/03547] R76/1992/r076-1992-de1-1998-04-rev4 (172.7s)
07:11:35 [01645/03547] R76/1992/r076-1992-de1-2002-04-rev2 (70.0s)
07:14:11 [01646/03547] R76/1992/r076-1992-de1-2001-08-rev4 (263.6s)
07:15:18 [01647/03547] R76/1992/r076-1992-de1-2003-01-rev2 (222.6s)
07:15:24 [01648/03547] R76/1992/r076-1992-de1-2000-09-rev8 (410.6s)
07:15:52 [01649/03547] R76/1992/r076-1992-de1-2003-03-rev2 (100.5s)
07:16:00 [01650/03547] R76/1992/r076-1992-de1-2002-05-rev1 (295.7s)
07:16:11 [01651/03547] R76/1992/r076-1992-de1-2001-08-rev3 (420.4s)
07:16:56 [01652/03547] R76/1992/r076-1992-de1-2004-07-rev1 (64.3s)
07:17:32 [01653/03547] R76/1992/r076-1992-de1-2004-04-rev2 (133.6s)
07:17:45 [01654/03547] R76/1992/r076-1992-de1-2005-01 (94.2s)
07:17:51 [01655/03547] R76/1992/r076-1992-de1-2004-08 (111.2s)
07:17:55 [01656/03547] R76/1992/r076-1992-de1-2004-04-rev3 (150.7s)
07:19:07 [01657/03547] R76/1992/r076-1992-de1-2005-02 (131.3s)
07:20:30 [01658/03547] R76/1992/r076-1992-de1-2005-03 (178.2s)
07:20:50 [01659/03547] R76/1992/r076-1992-de1-2005-04 (175.6s)
07:20:53 [01660/03547] R76/1992/r076-1992-de1-2005-05 (106.1s)
07:21:11 [01661/03547] R76/1992/r076-1992-de1-2005-04-rev1 (205.9s)
07:21:34 [01662/03547] R76/1992/r076-1992-de1-2005-06 (63.9s)
07:22:12 [01663/03547] R76/1992/r076-1992-de1-2005-04-rev2 (261.4s)
07:22:35 [01664/03547] R76/1992/r076-1992-de1-2005-07 (104.6s)
07:22:46 [01665/03547] R76/1992/r076-1992-de1-2005-08-rev1 (112.4s)
07:23:06 [01666/03547] R76/1992/r076-1992-de1-2005-09-rev1 (114.6s)
07:24:00 [01667/03547] R76/1992/r076-1992-de1-2005-09-rev2 (146.5s)
07:24:43 [01668/03547] R76/1992/r076-1992-de1-2005-10 (97.7s)
07:24:47 [01669/03547] R76/1992/r076-1992-de1-2005-10-rev1 (131.9s)
07:24:53 [01670/03547] R76/1992/r076-1992-de1-2005-09 (160.5s)
07:25:52 [01671/03547] R76/1992/r076-1992-de1-2005-10-rev2 (185.9s)
07:26:05 [01672/03547] R76/1992/r076-1992-de1-2006-02 (72.1s)
07:27:49 [01673/03547] R76/1992/r076-1992-de1-2006-01-rev2 (185.6s)
07:28:00 [01674/03547] R76/1992/r076-1992-de1-2006-03 (128.4s)
07:28:04 [01675/03547] R76/1992/r076-1992-de1-2006-01-rev3 (197.1s)
07:28:08 [01676/03547] R76/1992/r076-1992-de1-2006-01-rev1 (247.7s)
07:28:24 [01677/03547] R76/1992/r076-1992-de1-2006-04 (139.5s)
07:29:06 [01678/03547] R76/1992/r076-1992-de1-2006-07 (65.9s)
07:29:06 [01679/03547] R76/1992/r076-1992-de1-2006-08 (62.3s)
07:30:25 [01680/03547] R76/1992/r076-1992-de1-2007-02 (78.9s)
07:31:11 [01681/03547] R76/1992/r076-1992-de1-2007-01 (124.6s)
07:31:47 [01682/03547] R76/1992/r076-1992-de1-2006-05 (237.6s)
07:31:57 [01683/03547] R76/1992/r076-1992-de1-2006-09-rev1 (229.0s)
07:32:14 [01684/03547] R76/1992/r076-1992-de1-2007-04 (63.5s)
07:32:30 [01685/03547] R76/1992/r076-1992-de1-2007-03 (125.0s)
07:33:08 [01686/03547] R76/1992/r076-1992-de1-2007-05 (81.6s)
07:33:13 [01687/03547] R76/1992/r076-1992-de1-2006-09 (288.5s)
07:34:41 [01688/03547] R76/1992/r076-1992-de1-2007-08-rev1 (92.8s)
07:34:44 [01689/03547] R76/1992/r076-1992-de1-2007-06 (166.6s)
07:34:47 [01690/03547] R76/1992/r076-1992-de1-2007-07-rev1 (152.7s)
07:34:49 [01691/03547] R76/1992/r076-1992-de1-2007-08-rev2 (96.2s)
07:35:12 [01692/03547] R76/1992/r076-1992-de1-2007-07 (161.6s)
07:36:14 [01693/03547] R76/1992/r076-1992-de1-2007-09 (87.2s)
07:36:45 [01694/03547] R76/1992/r076-1992-de1-2007-08 (121.3s)
07:37:36 [01695/03547] R76/1992/r076-1992-de1-2007-10 (167.4s)
07:37:47 [01696/03547] R76/1992/r076-1992-de1-2007-08-rev3 (186.3s)
07:38:20 [01697/03547] R76/1992/r076-1992-de1-2008-02 (188.0s)
07:40:22 [01698/03547] R76/1992/r076-1992-de1-2012-03-rev1 (217.5s)
07:40:44 [01699/03547] R76/1992/r076-1992-dk1-2002-01-rev1 (144.6s)
07:40:55 [01700/03547] R76/1992/r076-1992-dk1-2001-02-rev1 (198.9s)
07:41:16 [01701/03547] R76/1992/r076-1992-dk1-2001-02-rev2 (208.5s)
07:41:43 [01702/03547] R76/1992/r076-1992-de1-2008-03-rev2 (329.6s)
07:41:49 [01703/03547] R76/1992/r076-1992-dk1-2002-01-rev2 (87.1s)
07:42:30 [01704/03547] R76/1992/r076-1992-dk1-2006-01 (94.4s)
07:43:28 [01705/03547] R76/1992/r076-1992-dk1-2007-01 (98.2s)
07:43:34 [01706/03547] R76/1992/r076-1992-dk1-2006-02 (137.8s)
07:43:42 [01707/03547] R76/1992/r076-1992-dk1-2006-01-rev1 (177.5s)
07:44:07 [01708/03547] R76/1992/r076-1992-dk1-2008-02 (97.1s)
07:44:12 [01709/03547] R76/1992/r076-1992-dk1-2006-03 (148.4s)
07:45:03 [01710/03547] R76/1992/r076-1992-dk1-2009-01-rev2 (81.2s)
07:45:27 [01711/03547] R76/1992/r076-1992-dk1-2008-03 (119.4s)
07:45:39 [01712/03547] R76/1992/r076-1992-dk1-2009-02 (86.9s)
07:46:02 [01713/03547] R76/1992/r076-1992-dk1-2009-03 (58.4s)
07:46:33 [01714/03547] R76/1992/r076-1992-dk1-2009-01 (145.9s)
07:46:45 [01715/03547] R76/1992/r076-1992-dk1-2009-05 (66.0s)
07:46:46 [01716/03547] R76/1992/r076-1992-dk3-2011-01 (43.9s)
07:46:49 [01717/03547] R76/1992/r076-1992-dk1-2009-01-rev1 (195.6s)
07:48:12 [01718/03547] R76/1992/r076-1992-dk3-2011-03 (87.1s)
07:48:45 [01719/03547] R76/1992/r076-1992-dk3-2011-05 (115.7s)
07:48:54 [01720/03547] R76/1992/r076-1992-dk1-2009-04 (206.4s)
07:48:54 [01721/03547] R76/1992/r076-1992-dk3-2011-02 (141.2s)
07:48:55 [01722/03547] R76/1992/r076-1992-dk3-2011-04 (129.6s)
07:49:23 [01723/03547] R76/1992/r076-1992-dk3-2011-08 (37.9s)
07:49:50 [01724/03547] R76/1992/r076-1992-dk3-2012-01 (56.8s)
07:50:07 [01725/03547] R76/1992/r076-1992-dk3-2011-07 (114.7s)
07:50:18 [01726/03547] R76/1992/r076-1992-gb1-2004-02-rev1 (83.4s)
07:50:34 [01727/03547] R76/1992/r076-1992-gb1-2004-07-rev1 (70.6s)
07:50:35 [01728/03547] R76/1992/r076-1992-dk3-2017-02 (101.4s)
07:51:44 [01729/03547] R76/1992/r076-1992-gb1-2006-03 (68.2s)
07:51:49 [01730/03547] R76/1992/r076-1992-gb1-2006-02 (75.7s)
07:52:10 [01731/03547] R76/1992/r076-1992-gb1-2005-01 (123.9s)
07:52:14 [01732/03547] R76/1992/r076-1992-gb1-2004-11-rev2 (143.7s)
07:52:44 [01733/03547] R76/1992/r076-1992-gb1-2007-01 (60.7s)
07:53:03 [01734/03547] R76/1992/r076-1992-gb1-2006-01 (164.3s)
07:53:11 [01735/03547] R76/1992/r076-1992-gb1-2007-03-rev1 (60.4s)
07:53:41 [01736/03547] R76/1992/r076-1992-gb1-2007-03 (56.9s)
07:53:43 [01737/03547] R76/1992/r076-1992-gb1-2007-03-rev3 (89.1s)
07:55:02 [01738/03547] R76/1992/r076-1992-gb1-2007-05 (111.2s)
07:55:04 [01739/03547] R76/1992/r076-1992-gb1-2007-04 (121.1s)
07:55:39 [01740/03547] R76/1992/r076-1992-gb1-2007-06 (115.8s)
07:56:34 [01741/03547] R76/1992/r076-1992-gb1-2007-07-rev1 (91.9s)
07:56:38 [01742/03547] R76/1992/r076-1992-gb1-2007-06-rev1 (176.4s)
07:57:04 [01743/03547] R76/1992/r076-1992-gb1-2007-07 (30.5s)
07:57:13 [01744/03547] R76/1992/r076-1992-gb1-2007-02 (323.8s)
07:57:50 [01745/03547] R76/1992/r076-1992-gb1-2007-07-rev3 (131.5s)
07:58:02 [01746/03547] R76/1992/r076-1992-gb1-2007-07-rev2 (178.0s)
07:58:32 [01747/03547] R76/1992/r076-1992-gb1-2007-08-rev1 (114.2s)
07:58:34 [01748/03547] R76/1992/r076-1992-gb1-2007-08-rev3 (80.7s)
07:58:59 [01749/03547] R76/1992/r076-1992-gb1-2007-08 (68.6s)
07:59:07 [01750/03547] R76/1992/r076-1992-gb1-2007-08-rev2 (122.4s)
07:59:33 [01751/03547] R76/1992/r076-1992-gb1-2007-10 (59.0s)
08:00:07 [01752/03547] R76/1992/r076-1992-gb1-2007-11 (67.7s)
08:02:24 [01753/03547] R76/1992/r076-1992-gb1-2007-12 (196.6s)
08:02:53 [01754/03547] R76/1992/r076-1992-gb1-2007-09-rev1 (290.8s)
08:03:45 [01755/03547] R76/1992/r076-1992-gb1-2007-13-rev2 (252.7s)
08:03:47 [01756/03547] R76/1992/r076-1992-gb1-2008-01 (54.1s)
08:04:20 [01757/03547] R76/1992/r076-1992-gb1-2007-13 (116.7s)
08:04:41 [01758/03547] R76/1992/r076-1992-gb1-2008-02 (55.8s)
08:04:45 [01759/03547] R76/1992/r076-1992-gb1-2007-13-rev3 (278.1s)
08:05:30 [01760/03547] R76/1992/r076-1992-gb1-2007-09 (418.3s)
08:05:47 [01761/03547] R76/1992/r076-1992-gb1-2008-04 (86.8s)
08:05:55 [01762/03547] R76/1992/r076-1992-gb1-2008-03 (128.0s)
08:06:37 [01763/03547] R76/1992/r076-1992-gb1-2008-05-rev1 (115.9s)
08:07:02 [01764/03547] R76/1992/r076-1992-gb1-2008-06 (91.6s)
08:07:06 [01765/03547] R76/1992/r076-1992-gb1-2008-07-rev1 (78.7s)
08:07:30 [01766/03547] R76/1992/r076-1992-gb1-2008-05 (165.5s)
08:07:48 [01767/03547] R76/1992/r076-1992-gb1-2008-07 (113.1s)
08:08:21 [01768/03547] R76/1992/r076-1992-gb1-2009-01 (75.7s)
08:09:12 [01769/03547] R76/1992/r076-1992-gb1-2008-09-rev1 (155.1s)
08:09:24 [01770/03547] R76/1992/r076-1992-gb1-2008-09 (141.9s)
08:09:58 [01771/03547] R76/1992/r076-1992-gb1-2009-03 (147.2s)
08:11:01 [01772/03547] R76/1992/r076-1992-gb1-2009-04-rev1 (193.5s)
08:11:12 [01773/03547] R76/1992/r076-1992-gb1-2009-06 (108.2s)
08:12:52 [01774/03547] R76/1992/r076-1992-gb1-2009-07 (174.5s)
08:13:03 [01775/03547] R76/1992/r076-1992-gb1-2009-04 (281.7s)
08:13:25 [01776/03547] R76/1992/r076-1992-gb1-2009-08-rev2 (132.8s)
08:13:25 [01777/03547] R76/1992/r076-1992-gb1-2009-05 (253.2s)
08:13:28 [01778/03547] R76/1992/r076-1992-gb1-2009-08-rev1 (146.5s)
08:14:54 [01779/03547] R76/1992/r076-1992-gb1-2009-09 (88.8s)
08:15:02 [01780/03547] R76/1992/r076-1992-gb1-2009-08-rev3 (130.3s)
08:15:25 [01781/03547] R76/1992/r076-1992-gb1-2009-08 (120.5s)
08:18:11 [01782/03547] R76/1992/r076-1992-gb1-2009-10 (165.8s)
08:18:17 [01783/03547] R76/1992/r076-1992-gb1-2009-08-rev4 (313.9s)
08:18:59 [01784/03547] R76/1992/r076-1992-gb1-2009-10-rev1 (331.3s)
08:19:43 [01785/03547] R76/1992/r076-1992-gb1-2009-10-rev3 (281.1s)
08:19:59 [01786/03547] R76/1992/r076-1992-gb1-2010-01-rev1 (102.3s)
08:20:26 [01787/03547] R76/1992/r076-1992-gb1-2009-10-rev2 (331.8s)
08:21:52 [01788/03547] R76/1992/r076-1992-gb1-2010-01 (113.3s)
08:21:53 [01789/03547] R76/1992/r076-1992-gb1-2010-01-rev2 (174.3s)
08:22:03 [01790/03547] R76/1992/r076-1992-gb1-2010-02 (97.3s)
08:22:05 [01791/03547] R76/1992/r076-1992-gb1-2010-01-rev3 (141.2s)
08:24:17 [01792/03547] R76/1992/r076-1992-gb1-2010-03 (144.7s)
