mds: 5088; already have yaml: 1143; to extract: 3945
FAIL R117/2007/r117-2007-nl1-2016-01-rev1: expected ',' or '}' after object value, got: '.replace("\"",' at line 265 column 22
FAIL R117/2007/r117-2007-nl1-2021-03-rev2: API error for R117/2007/r117-2007-nl1-2021-03-rev2: {"type" => "error", "error" => {"type" => "rate_limit_error", "code" => "1302", "message" => "[1302][Rate limit reached for requests][202610071147314d2cdb50b4584c5d]"}, "request_id" => "202610071147
FAIL R117/2007/r117-2007-nl1-2020-08: API error for R117/2007/r117-2007-nl1-2020-08: {"type" => "error", "error" => {"type" => "rate_limit_error", "code" => "1302", "message" => "[1302][Rate limit reached for requests][2026100711473185c528d9a25e492d]"}, "request_id" => "2026100711473185c
FAIL R117/2007/r117-2007-nl1-2021-02-rev2: API error for R117/2007/r117-2007-nl1-2021-02-rev2: {"type" => "error", "error" => {"type" => "rate_limit_error", "code" => "1302", "message" => "[1302][Rate limit reached for requests][2026100711473104f083edf2784655]"}, "request_id" => "202610071147
FAIL R117/2007/r117-2007-nl1-2020-07-rev3: API error for R117/2007/r117-2007-nl1-2020-07-rev3: {"type" => "error", "error" => {"type" => "rate_limit_error", "code" => "1302", "message" => "[1302][Rate limit reached for requests][20261007114731930127a30f004f44]"}, "request_id" => "202610071147
FAIL R117/2007/r117-2007-nl1-2021-02-rev3: API error for R117/2007/r117-2007-nl1-2021-02-rev3: {"type" => "error", "error" => {"type" => "rate_limit_error", "code" => "1302", "message" => "[1302][Rate limit reached for requests][20261007114731d962be7ab6e54d8d]"}, "request_id" => "202610071147
FAIL R117/2007/r117-2007-nl1-2022-02-rev0: API error for R117/2007/r117-2007-nl1-2022-02-rev0: {"type" => "error", "error" => {"type" => "rate_limit_error", "code" => "1302", "message" => "[1302][Rate limit reached for requests][20261007114732b9b55ec1388b4dd6]"}, "request_id" => "202610071147
FAIL R117/2007/r117-2007-ru1-2017-05-annex01: API error for R117/2007/r117-2007-ru1-2017-05-annex01: {"type" => "error", "error" => {"type" => "rate_limit_error", "code" => "1302", "message" => "[1302][Rate limit reached for requests][202610071147324c4e968b22b5419c]"}, "request_id" => "202610071
FAIL R117/2007/r117-2007-ru1-2017-05: API error for R117/2007/r117-2007-ru1-2017-05: {"type" => "error", "error" => {"type" => "rate_limit_error", "code" => "1302", "message" => "[1302][Rate limit reached for requests][202610071147322ddbc3d2df2a4436]"}, "request_id" => "202610071147322dd
FAIL R129/2000/r129-2000-de1-2005-01: API error for R129/2000/r129-2000-de1-2005-01: {"type" => "error", "error" => {"type" => "rate_limit_error", "code" => "1302", "message" => "[1302][Rate limit reached for requests][202610071147329359a3a61c5f4f1f]"}, "request_id" => "20261007114732935
FAIL R129/2000/r129-2000-de1-2005-01-rev1: API error for R129/2000/r129-2000-de1-2005-01-rev1: {"type" => "error", "error" => {"type" => "rate_limit_error", "code" => "1302", "message" => "[1302][Rate limit reached for requests][2026100711473265eb252b225340f9]"}, "request_id" => "202610071147
FAIL R129/2000/r129-2000-de1-2007-01: API error for R129/2000/r129-2000-de1-2007-01: {"type" => "error", "error" => {"type" => "rate_limit_error", "code" => "1302", "message" => "[1302][Rate limit reached for requests][202610071147320a37df67b028473c]"}, "request_id" => "202610071147320a3
FAIL R129/2000/r129-2000-de1-2008-01: API error for R129/2000/r129-2000-de1-2008-01: {"type" => "error", "error" => {"type" => "rate_limit_error", "code" => "1302", "message" => "[1302][Rate limit reached for requests][2026100711473299ec2e534b9f476d]"}, "request_id" => "2026100711473299e
FAIL R129/2000/r129-2000-de1-2008-02: API error for R129/2000/r129-2000-de1-2008-02: {"type" => "error", "error" => {"type" => "rate_limit_error", "code" => "1302", "message" => "[1302][Rate limit reached for requests][2026100711473279eb138a7ca84dfd]"}, "request_id" => "2026100711473279e
FAIL R129/2000/r129-2000-de1-2009-01: API error for R129/2000/r129-2000-de1-2009-01: {"type" => "error", "error" => {"type" => "rate_limit_error", "code" => "1302", "message" => "[1302][Rate limit reached for requests][202610071147325693098052ae4d6b]"}, "request_id" => "20261007114732569
FAIL R129/2000/r129-2000-de1-2009-02: API error for R129/2000/r129-2000-de1-2009-02: {"type" => "error", "error" => {"type" => "rate_limit_error", "code" => "1302", "message" => "[1302][Rate limit reached for requests][202610071147327cfdea7f184a4942]"}, "request_id" => "202610071147327cf
FAIL R129/2000/r129-2000-de1-2009-03: API error for R129/2000/r129-2000-de1-2009-03: {"type" => "error", "error" => {"type" => "rate_limit_error", "code" => "1302", "message" => "[1302][Rate limit reached for requests][202610071147329a3bfe80f6a84a0d]"}, "request_id" => "202610071147329a3
FAIL R129/2000/r129-2000-de1-2009-04: API error for R129/2000/r129-2000-de1-2009-04: {"type" => "error", "error" => {"type" => "rate_limit_error", "code" => "1302", "message" => "[1302][Rate limit reached for requests][20261007114732b5b9ae885ea0437b]"}, "request_id" => "20261007114732b5b
FAIL R129/2000/r129-2000-dk2-2020-01: API error for R129/2000/r129-2000-dk2-2020-01: {"type" => "error", "error" => {"type" => "rate_limit_error", "code" => "1302", "message" => "[1302][Rate limit reached for requests][20261007114732c69eeeb6bb2644bc]"}, "request_id" => "20261007114732c69
FAIL R129/2000/r129-2000-dk1-2005-01: API error for R129/2000/r129-2000-dk1-2005-01: {"type" => "error", "error" => {"type" => "rate_limit_error", "code" => "1302", "message" => "[1302][Rate limit reached for requests][202610071147325885aab2c8ca46f3]"}, "request_id" => "20261007114732588
FAIL R129/2000/r129-2000-dk2-2022-01: API error for R129/2000/r129-2000-dk2-2022-01: {"type" => "error", "error" => {"type" => "rate_limit_error", "code" => "1302", "message" => "[1302][Rate limit reached for requests][202610071147323095ac08abd44324]"}, "request_id" => "20261007114732309
FAIL R129/2000/r129-2000-fr2-2017-01-rev2: API error for R129/2000/r129-2000-fr2-2017-01-rev2: {"type" => "error", "error" => {"type" => "rate_limit_error", "code" => "1302", "message" => "[1302][Rate limit reached for requests][20261007114732352535c304cb436a]"}, "request_id" => "202610071147
FAIL R129/2000/r129-2000-fr2-2017-01-rev0: API error for R129/2000/r129-2000-fr2-2017-01-rev0: {"type" => "error", "error" => {"type" => "rate_limit_error", "code" => "1302", "message" => "[1302][Rate limit reached for requests][2026100711473215165302eecb4a9d]"}, "request_id" => "202610071147
FAIL R129/2000/r129-2000-gb1-2013-01: API error for R129/2000/r129-2000-gb1-2013-01: {"type" => "error", "error" => {"type" => "rate_limit_error", "code" => "1302", "message" => "[1302][Rate limit reached for requests][20261007114732f21db422c643492d]"}, "request_id" => "20261007114732f21
FAIL R129/2000/r129-2000-gb1-2013-01-rev2: API error for R129/2000/r129-2000-gb1-2013-01-rev2: {"type" => "error", "error" => {"type" => "rate_limit_error", "code" => "1302", "message" => "[1302][Rate limit reached for requests][20261007114732c1b8e07b14184297]"}, "request_id" => "202610071147
FAIL R129/2000/r129-2000-nl1-2004-03-rev1: API error for R129/2000/r129-2000-nl1-2004-03-rev1: {"type" => "error", "error" => {"type" => "rate_limit_error", "code" => "1302", "message" => "[1302][Rate limit reached for requests][2026100711473329cffe3276d34ad0]"}, "request_id" => "202610071147
FAIL R129/2000/r129-2000-gb1-2012-01: API error for R129/2000/r129-2000-gb1-2012-01: {"type" => "error", "error" => {"type" => "rate_limit_error", "code" => "1302", "message" => "[1302][Rate limit reached for requests][20261007114732114c86114b35463c]"}, "request_id" => "20261007114732114
FAIL R129/2000/r129-2000-nl1-2006-01-rev1: API error for R129/2000/r129-2000-nl1-2006-01-rev1: {"type" => "error", "error" => {"type" => "rate_limit_error", "code" => "1302", "message" => "[1302][Rate limit reached for requests][202610071147336e0afb756f754ff0]"}, "request_id" => "202610071147
FAIL R129/2000/r129-2000-nl1-2006-01: API error for R129/2000/r129-2000-nl1-2006-01: {"type" => "error", "error" => {"type" => "rate_limit_error", "code" => "1302", "message" => "[1302][Rate limit reached for requests][20261007114733b2969284f8f94cdb]"}, "request_id" => "20261007114733b29
FAIL R129/2000/r129-2000-nl1-2006-01-rev2: API error for R129/2000/r129-2000-nl1-2006-01-rev2: {"type" => "error", "error" => {"type" => "rate_limit_error", "code" => "1302", "message" => "[1302][Rate limit reached for requests][20261007114733503af0127856490b]"}, "request_id" => "202610071147
FAIL R129/2000/r129-2000-nl1-2007-01-rev1: API error for R129/2000/r129-2000-nl1-2007-01-rev1: {"type" => "error", "error" => {"type" => "rate_limit_error", "code" => "1302", "message" => "[1302][Rate limit reached for requests][202610071147330ec516eb634e4d1a]"}, "request_id" => "202610071147
FAIL R129/2000/r129-2000-nl1-2007-01-rev2: API error for R129/2000/r129-2000-nl1-2007-01-rev2: {"type" => "error", "error" => {"type" => "rate_limit_error", "code" => "1302", "message" => "[1302][Rate limit reached for requests][202610071147336716759f50e64349]"}, "request_id" => "202610071147
FAIL R129/2000/r129-2000-nl1-2007-02: API error for R129/2000/r129-2000-nl1-2007-02: {"type" => "error", "error" => {"type" => "rate_limit_error", "code" => "1302", "message" => "[1302][Rate limit reached for requests][20261007114733e882bac637f34e6a]"}, "request_id" => "20261007114733e88
FAIL R129/2000/r129-2000-nl1-2007-01: API error for R129/2000/r129-2000-nl1-2007-01: {"type" => "error", "error" => {"type" => "rate_limit_error", "code" => "1302", "message" => "[1302][Rate limit reached for requests][20261007114733c8ec84de43554b32]"}, "request_id" => "20261007114733c8e
FAIL R129/2000/r129-2000-nl1-2009-01: API error for R129/2000/r129-2000-nl1-2009-01: {"type" => "error", "error" => {"type" => "rate_limit_error", "code" => "1302", "message" => "[1302][Rate limit reached for requests][20261007114733edc8e9c67f7b45e0]"}, "request_id" => "20261007114733edc
FAIL R129/2000/r129-2000-nl1-2010-01-rev1: API error for R129/2000/r129-2000-nl1-2010-01-rev1: {"type" => "error", "error" => {"type" => "rate_limit_error", "code" => "1302", "message" => "[1302][Rate limit reached for requests][20261007114733922372ad7c124c82]"}, "request_id" => "202610071147
FAIL R129/2000/r129-2000-nl1-2010-01: API error for R129/2000/r129-2000-nl1-2010-01: {"type" => "error", "error" => {"type" => "rate_limit_error", "code" => "1302", "message" => "[1302][Rate limit reached for requests][202610071147339f9e4ad2e4d5405f]"}, "request_id" => "202610071147339f9
FAIL R129/2000/r129-2000-nl1-2014-01: API error for R129/2000/r129-2000-nl1-2014-01: {"type" => "error", "error" => {"type" => "rate_limit_error", "code" => "1302", "message" => "[1302][Rate limit reached for requests][202610071147330d5005ac77e54804]"}, "request_id" => "202610071147330d5
FAIL R129/2000/r129-2000-nl1-2014-02: API error for R129/2000/r129-2000-nl1-2014-02: {"type" => "error", "error" => {"type" => "rate_limit_error", "code" => "1302", "message" => "[1302][Rate limit reached for requests][202610071147330d64c5774e8c4d9f]"}, "request_id" => "202610071147330d6
FAIL R129/2000/r129-2000-nl1-2015-06: API error for R129/2000/r129-2000-nl1-2015-06: {"type" => "error", "error" => {"type" => "rate_limit_error", "code" => "1302", "message" => "[1302][Rate limit reached for requests][202610071147330194059cf40a4304]"}, "request_id" => "20261007114733019
FAIL R129/2000/r129-2000-nl1-2016-01: API error for R129/2000/r129-2000-nl1-2016-01: {"type" => "error", "error" => {"type" => "rate_limit_error", "code" => "1302", "message" => "[1302][Rate limit reached for requests][20261007114733dd9ca6fb7aae453f]"}, "request_id" => "20261007114733dd9
FAIL R129/2000/r129-2000-nl1-2016-02: API error for R129/2000/r129-2000-nl1-2016-02: {"type" => "error", "error" => {"type" => "rate_limit_error", "code" => "1302", "message" => "[1302][Rate limit reached for requests][202610071147338b3587e41a834bf1]"}, "request_id" => "202610071147338b3
FAIL R129/2000/r129-2000-nl1-2016-04: API error for R129/2000/r129-2000-nl1-2016-04: {"type" => "error", "error" => {"type" => "rate_limit_error", "code" => "1302", "message" => "[1302][Rate limit reached for requests][2026100711473377be45dc0f0f48dd]"}, "request_id" => "2026100711473377b
FAIL R129/2000/r129-2000-nl1-2016-03: API error for R129/2000/r129-2000-nl1-2016-03: {"type" => "error", "error" => {"type" => "rate_limit_error", "code" => "1302", "message" => "[1302][Rate limit reached for requests][20261007114733803cde9720684c91]"}, "request_id" => "20261007114733803
FAIL R129/2000/r129-2000-nl1-2016-06: API error for R129/2000/r129-2000-nl1-2016-06: {"type" => "error", "error" => {"type" => "rate_limit_error", "code" => "1302", "message" => "[1302][Rate limit reached for requests][2026100711473494c8d277e7374685]"}, "request_id" => "2026100711473494c
FAIL R129/2000/r129-2000-nl1-2016-05: API error for R129/2000/r129-2000-nl1-2016-05: {"type" => "error", "error" => {"type" => "rate_limit_error", "code" => "1302", "message" => "[1302][Rate limit reached for requests][202610071147341c20087245e84ead]"}, "request_id" => "202610071147341c2
FAIL R129/2000/r129-2000-nl1-2016-07: API error for R129/2000/r129-2000-nl1-2016-07: {"type" => "error", "error" => {"type" => "rate_limit_error", "code" => "1302", "message" => "[1302][Rate limit reached for requests][20261007114734877cdd45c11b42ad]"}, "request_id" => "20261007114734877
FAIL R129/2000/r129-2000-nl1-2017-03: API error for R129/2000/r129-2000-nl1-2017-03: {"type" => "error", "error" => {"type" => "rate_limit_error", "code" => "1302", "message" => "[1302][Rate limit reached for requests][2026100711473492fe5c4c76fe47ac]"}, "request_id" => "2026100711473492f
FAIL R129/2000/r129-2000-nl1-2018-01: API error for R129/2000/r129-2000-nl1-2018-01: {"type" => "error", "error" => {"type" => "rate_limit_error", "code" => "1302", "message" => "[1302][Rate limit reached for requests][2026100711473437750904b3b4436b]"}, "request_id" => "20261007114734377
FAIL R129/2000/r129-2000-nl1-2018-02: API error for R129/2000/r129-2000-nl1-2018-02: {"type" => "error", "error" => {"type" => "rate_limit_error", "code" => "1302", "message" => "[1302][Rate limit reached for requests][2026100711473418dd190d80f54c01]"}, "request_id" => "2026100711473418d
FAIL R129/2000/r129-2000-nl1-2019-01: API error for R129/2000/r129-2000-nl1-2019-01: {"type" => "error", "error" => {"type" => "rate_limit_error", "code" => "1302", "message" => "[1302][Rate limit reached for requests][202610071147348ec2166548bf4403]"}, "request_id" => "202610071147348ec
FAIL R129/2000/r129-2000-nl1-2019-02: API error for R129/2000/r129-2000-nl1-2019-02: {"type" => "error", "error" => {"type" => "rate_limit_error", "code" => "1302", "message" => "[1302][Rate limit reached for requests][20261007114734bbd451a96ea44899]"}, "request_id" => "20261007114734bbd
FAIL R129/2000/r129-2000-nl1-2020-01-rev1: API error for R129/2000/r129-2000-nl1-2020-01-rev1: {"type" => "error", "error" => {"type" => "rate_limit_error", "code" => "1302", "message" => "[1302][Rate limit reached for requests][20261007114734528ca771794047de]"}, "request_id" => "202610071147
FAIL R129/2000/r129-2000-nl1-2020-01: API error for R129/2000/r129-2000-nl1-2020-01: {"type" => "error", "error" => {"type" => "rate_limit_error", "code" => "1302", "message" => "[1302][Rate limit reached for requests][20261007114734861f7f6d7d65479e]"}, "request_id" => "20261007114734861
FAIL R129/2000/r129-2000-nl1-2017-02: API error for R129/2000/r129-2000-nl1-2017-02: {"type" => "error", "error" => {"type" => "rate_limit_error", "code" => "1302", "message" => "[1302][Rate limit reached for requests][202610071147341937d25d68a34794]"}, "request_id" => "20261007114734193
FAIL R129/2000/r129-2000-nl1-2020-02: API error for R129/2000/r129-2000-nl1-2020-02: {"type" => "error", "error" => {"type" => "rate_limit_error", "code" => "1302", "message" => "[1302][Rate limit reached for requests][20261007114734504beef118d043e6]"}, "request_id" => "20261007114734504
FAIL R129/2000/r129-2000-nl1-2020-03-rev1: API error for R129/2000/r129-2000-nl1-2020-03-rev1: {"type" => "error", "error" => {"type" => "rate_limit_error", "code" => "1302", "message" => "[1302][Rate limit reached for requests][202610071147346f25e99709c84864]"}, "request_id" => "202610071147
FAIL R129/2000/r129-2000-nl1-2020-03-rev2: API error for R129/2000/r129-2000-nl1-2020-03-rev2: {"type" => "error", "error" => {"type" => "rate_limit_error", "code" => "1302", "message" => "[1302][Rate limit reached for requests][202610071147347c3e1211ab9f49e8]"}, "request_id" => "202610071147
FAIL R129/2000/r129-2000-nl1-2020-04-rev1: API error for R129/2000/r129-2000-nl1-2020-04-rev1: {"type" => "error", "error" => {"type" => "rate_limit_error", "code" => "1302", "message" => "[1302][Rate limit reached for requests][2026100711473494a01acaa13c46c0]"}, "request_id" => "202610071147
FAIL R129/2000/r129-2000-nl1-2020-03: API error for R129/2000/r129-2000-nl1-2020-03: {"type" => "error", "error" => {"type" => "rate_limit_error", "code" => "1302", "message" => "[1302][Rate limit reached for requests][20261007114734f43c4bda8e854081]"}, "request_id" => "20261007114734f43
FAIL R129/2000/r129-2000-nl1-2020-04-rev2: API error for R129/2000/r129-2000-nl1-2020-04-rev2: {"type" => "error", "error" => {"type" => "rate_limit_error", "code" => "1302", "message" => "[1302][Rate limit reached for requests][20261007114734e300fe20c8974f46]"}, "request_id" => "202610071147
FAIL R129/2000/r129-2000-nl1-2020-04-rev3: API error for R129/2000/r129-2000-nl1-2020-04-rev3: {"type" => "error", "error" => {"type" => "rate_limit_error", "code" => "1302", "message" => "[1302][Rate limit reached for requests][202610071147354535bdcb65604c35]"}, "request_id" => "202610071147
FAIL R129/2000/r129-2000-nl1-2020-05: API error for R129/2000/r129-2000-nl1-2020-05: {"type" => "error", "error" => {"type" => "rate_limit_error", "code" => "1302", "message" => "[1302][Rate limit reached for requests][202610071147356cf7bfc4f9014ddf]"}, "request_id" => "202610071147356cf
FAIL R129/2000/r129-2000-nl1-2020-04: API error for R129/2000/r129-2000-nl1-2020-04: {"type" => "error", "error" => {"type" => "rate_limit_error", "code" => "1302", "message" => "[1302][Rate limit reached for requests][2026100711473599c920f7117b45d2]"}, "request_id" => "2026100711473599c
FAIL R129/2000/r129-2000-nl1-2020-05-rev1: API error for R129/2000/r129-2000-nl1-2020-05-rev1: {"type" => "error", "error" => {"type" => "rate_limit_error", "code" => "1302", "message" => "[1302][Rate limit reached for requests][20261007114735f4a15b6d260f4997]"}, "request_id" => "202610071147
FAIL R129/2000/r129-2000-nl1-2021-01: API error for R129/2000/r129-2000-nl1-2021-01: {"type" => "error", "error" => {"type" => "rate_limit_error", "code" => "1302", "message" => "[1302][Rate limit reached for requests][20261007114735143e3c64a6c548c0]"}, "request_id" => "20261007114735143
FAIL R129/2000/r129-2000-nl1-2021-02-rev1: API error for R129/2000/r129-2000-nl1-2021-02-rev1: {"type" => "error", "error" => {"type" => "rate_limit_error", "code" => "1302", "message" => "[1302][Rate limit reached for requests][20261007114735daa15a695b8d40a7]"}, "request_id" => "202610071147
FAIL R129/2000/r129-2000-nl1-2021-02: API error for R129/2000/r129-2000-nl1-2021-02: {"type" => "error", "error" => {"type" => "rate_limit_error", "code" => "1302", "message" => "[1302][Rate limit reached for requests][20261007114735c7e10b071b524118]"}, "request_id" => "20261007114735c7e
FAIL R129/2000/r129-2000-nl1-2021-04: API error for R129/2000/r129-2000-nl1-2021-04: {"type" => "error", "error" => {"type" => "rate_limit_error", "code" => "1302", "message" => "[1302][Rate limit reached for requests][20261007114735929a3a21c56b4ad9]"}, "request_id" => "20261007114735929
FAIL R129/2000/r129-2000-nl1-2021-03: API error for R129/2000/r129-2000-nl1-2021-03: {"type" => "error", "error" => {"type" => "rate_limit_error", "code" => "1302", "message" => "[1302][Rate limit reached for requests][20261007114735e551cb46ac4544d7]"}, "request_id" => "20261007114735e55
FAIL R129/2000/r129-2000-nl1-2021-05: API error for R129/2000/r129-2000-nl1-2021-05: {"type" => "error", "error" => {"type" => "rate_limit_error", "code" => "1302", "message" => "[1302][Rate limit reached for requests][2026100711473572e8c0be3f554093]"}, "request_id" => "2026100711473572e
FAIL R129/2000/r129-2000-nl1-2021-06: API error for R129/2000/r129-2000-nl1-2021-06: {"type" => "error", "error" => {"type" => "rate_limit_error", "code" => "1302", "message" => "[1302][Rate limit reached for requests][2026100711473519de4c41072f4508]"}, "request_id" => "2026100711473519d
FAIL R129/2000/r129-2000-nl1-2022-01-rev0: API error for R129/2000/r129-2000-nl1-2022-01-rev0: {"type" => "error", "error" => {"type" => "rate_limit_error", "code" => "1302", "message" => "[1302][Rate limit reached for requests][20261007114735642e1369571047f7]"}, "request_id" => "202610071147
FAIL R129/2000/r129-2000-nl1-2023-01-rev0: API error for R129/2000/r129-2000-nl1-2023-01-rev0: {"type" => "error", "error" => {"type" => "rate_limit_error", "code" => "1302", "message" => "[1302][Rate limit reached for requests][20261007114735e9ab670b6ed148be]"}, "request_id" => "202610071147
FAIL R129/2000/r129-2000-nl1-2023-02-rev0: API error for R129/2000/r129-2000-nl1-2023-02-rev0: {"type" => "error", "error" => {"type" => "rate_limit_error", "code" => "1302", "message" => "[1302][Rate limit reached for requests][2026100711473581ed7a03b2e54db8]"}, "request_id" => "202610071147
FAIL R129/2000/r129-2000-nl1-2023-02-rev1: API error for R129/2000/r129-2000-nl1-2023-02-rev1: {"type" => "error", "error" => {"type" => "rate_limit_error", "code" => "1302", "message" => "[1302][Rate limit reached for requests][20261007114735ca49f36c0bf841ce]"}, "request_id" => "202610071147
FAIL R129/2000/r129-2000-nl1-2023-03-rev0: API error for R129/2000/r129-2000-nl1-2023-03-rev0: {"type" => "error", "error" => {"type" => "rate_limit_error", "code" => "1302", "message" => "[1302][Rate limit reached for requests][20261007114735375337426a8c4072]"}, "request_id" => "202610071147
FAIL R129/2000/r129-2000-nl1-2024-01-rev0: API error for R129/2000/r129-2000-nl1-2024-01-rev0: {"type" => "error", "error" => {"type" => "rate_limit_error", "code" => "1302", "message" => "[1302][Rate limit reached for requests][20261007114735572cd3264afc4d38]"}, "request_id" => "202610071147
FAIL R129/2000/r129-2000-nl1-2023-04-rev0: API error for R129/2000/r129-2000-nl1-2023-04-rev0: {"type" => "error", "error" => {"type" => "rate_limit_error", "code" => "1302", "message" => "[1302][Rate limit reached for requests][20261007114735e8f0ff1afbd54acd]"}, "request_id" => "202610071147
FAIL R129/2000/r129-2000-nl1-2024-01-rev1: API error for R129/2000/r129-2000-nl1-2024-01-rev1: {"type" => "error", "error" => {"type" => "rate_limit_error", "code" => "1302", "message" => "[1302][Rate limit reached for requests][20261007114735a481213c271a4041]"}, "request_id" => "202610071147
FAIL R129/2000/r129-2000-nl1-2024-04-rev0: API error for R129/2000/r129-2000-nl1-2024-04-rev0: {"type" => "error", "error" => {"type" => "rate_limit_error", "code" => "1302", "message" => "[1302][Rate limit reached for requests][202610071147360683d3641485460e]"}, "request_id" => "202610071147
FAIL R129/2000/r129-2000-nl1-2024-02-rev1: API error for R129/2000/r129-2000-nl1-2024-02-rev1: {"type" => "error", "error" => {"type" => "rate_limit_error", "code" => "1302", "message" => "[1302][Rate limit reached for requests][202610071147364c9c57b8ff654021]"}, "request_id" => "202610071147
FAIL R129/2000/r129-2000-nl1-2024-04-rev1: API error for R129/2000/r129-2000-nl1-2024-04-rev1: {"type" => "error", "error" => {"type" => "rate_limit_error", "code" => "1302", "message" => "[1302][Rate limit reached for requests][20261007114736e9b7ad7107304efa]"}, "request_id" => "202610071147
FAIL R129/2000/r129-2000-no1-2006-02: API error for R129/2000/r129-2000-no1-2006-02: {"type" => "error", "error" => {"type" => "rate_limit_error", "code" => "1302", "message" => "[1302][Rate limit reached for requests][2026100711473621243856ef804fe7]"}, "request_id" => "20261007114736212
FAIL R129/2000/r129-2000-no1-2006-03: API error for R129/2000/r129-2000-no1-2006-03: {"type" => "error", "error" => {"type" => "rate_limit_error", "code" => "1302", "message" => "[1302][Rate limit reached for requests][2026100711473628c4c164d7054e7f]"}, "request_id" => "2026100711473628c
FAIL R129/2000/r129-2000-no1-2007-01: API error for R129/2000/r129-2000-no1-2007-01: {"type" => "error", "error" => {"type" => "rate_limit_error", "code" => "1302", "message" => "[1302][Rate limit reached for requests][20261007114736186934e739a74b08]"}, "request_id" => "20261007114736186
FAIL R129/2000/r129-2000-no1-2007-02: API error for R129/2000/r129-2000-no1-2007-02: {"type" => "error", "error" => {"type" => "rate_limit_error", "code" => "1302", "message" => "[1302][Rate limit reached for requests][20261007114736b092058bf059496c]"}, "request_id" => "20261007114736b09
FAIL R134/2003/r134-2003-dk3-2011-01: API error for R134/2003/r134-2003-dk3-2011-01: {"type" => "error", "error" => {"type" => "rate_limit_error", "code" => "1302", "message" => "[1302][Rate limit reached for requests][202610071147367749a133a32d4f06]"}, "request_id" => "20261007114736774
FAIL R129/2000/r129-2000-no1-2007-03: API error for R129/2000/r129-2000-no1-2007-03: {"type" => "error", "error" => {"type" => "rate_limit_error", "code" => "1302", "message" => "[1302][Rate limit reached for requests][202610071147362718d55ffd1548c9]"}, "request_id" => "20261007114736271
FAIL R134/2003/r134-2003-dk1-2009-01: API error for R134/2003/r134-2003-dk1-2009-01: {"type" => "error", "error" => {"type" => "rate_limit_error", "code" => "1302", "message" => "[1302][Rate limit reached for requests][202610071147360c849f944ee94b12]"}, "request_id" => "202610071147360c8
FAIL R134/2003/r134-2003-nl1-2008-01-rev1: API error for R134/2003/r134-2003-nl1-2008-01-rev1: {"type" => "error", "error" => {"type" => "rate_limit_error", "code" => "1302", "message" => "[1302][Rate limit reached for requests][2026100711473656c8ac03e758422f]"}, "request_id" => "202610071147
FAIL R134/2003/r134-2003-nl1-2008-01: API error for R134/2003/r134-2003-nl1-2008-01: {"type" => "error", "error" => {"type" => "rate_limit_error", "code" => "1302", "message" => "[1302][Rate limit reached for requests][20261007114736ce8de1f06a634b24]"}, "request_id" => "20261007114736ce8
FAIL R137/2012/r137-2012-cz1-2022-01-rev1: API error for R137/2012/r137-2012-cz1-2022-01-rev1: {"type" => "error", "error" => {"type" => "rate_limit_error", "code" => "1302", "message" => "[1302][Rate limit reached for requests][20261007114736440d40e76de149b4]"}, "request_id" => "202610071147
FAIL R137/2012/r137-2012-cn2-2018-02: API error for R137/2012/r137-2012-cn2-2018-02: {"type" => "error", "error" => {"type" => "rate_limit_error", "code" => "1302", "message" => "[1302][Rate limit reached for requests][20261007114736d319fff415204d59]"}, "request_id" => "20261007114736d31
FAIL R137/2012/r137-2012-cz1-2023-02: API error for R137/2012/r137-2012-cz1-2023-02: {"type" => "error", "error" => {"type" => "rate_limit_error", "code" => "1302", "message" => "[1302][Rate limit reached for requests][202610071147361cb1b75aa715474b]"}, "request_id" => "202610071147361cb
FAIL R137/2012/r137-2012-cz1-2023-03: API error for R137/2012/r137-2012-cz1-2023-03: {"type" => "error", "error" => {"type" => "rate_limit_error", "code" => "1302", "message" => "[1302][Rate limit reached for requests][20261007114736e26f77d45b144b43]"}, "request_id" => "20261007114736e26
FAIL R137/2012/r137-2012-cz1-2024-02: API error for R137/2012/r137-2012-cz1-2024-02: {"type" => "error", "error" => {"type" => "rate_limit_error", "code" => "1302", "message" => "[1302][Rate limit reached for requests][20261007114736347b982ee6d9447d]"}, "request_id" => "20261007114736347
FAIL R137/2012/r137-2012-it2-2024-01-rev02: API error for R137/2012/r137-2012-it2-2024-01-rev02: {"type" => "error", "error" => {"type" => "rate_limit_error", "code" => "1302", "message" => "[1302][Rate limit reached for requests][2026100711473603ea20efbefb46e7]"}, "request_id" => "20261007114
FAIL R137/2012/r137-2012-cz1-2024-04: API error for R137/2012/r137-2012-cz1-2024-04: {"type" => "error", "error" => {"type" => "rate_limit_error", "code" => "1302", "message" => "[1302][Rate limit reached for requests][20261007114736ba35048f28554573]"}, "request_id" => "20261007114736ba3
FAIL R137/2012/r137-2012-cz1-2024-03: API error for R137/2012/r137-2012-cz1-2024-03: {"type" => "error", "error" => {"type" => "rate_limit_error", "code" => "1302", "message" => "[1302][Rate limit reached for requests][2026100711473633aaca9a545f4041]"}, "request_id" => "2026100711473633a
FAIL R137/2012/r137-2012-it2-2025-03: API error for R137/2012/r137-2012-it2-2025-03: {"type" => "error", "error" => {"type" => "rate_limit_error", "code" => "1302", "message" => "[1302][Rate limit reached for requests][2026100711473735093c05c13d464e]"}, "request_id" => "20261007114737350
FAIL R137/2012/r137-2012-nl1-2014-03-rev1: API error for R137/2012/r137-2012-nl1-2014-03-rev1: {"type" => "error", "error" => {"type" => "rate_limit_error", "code" => "1302", "message" => "[1302][Rate limit reached for requests][202610071147370e8094d9477b43db]"}, "request_id" => "202610071147
FAIL R137/2012/r137-2012-it2-2025-01-rev1: API error for R137/2012/r137-2012-it2-2025-01-rev1: {"type" => "error", "error" => {"type" => "rate_limit_error", "code" => "1302", "message" => "[1302][Rate limit reached for requests][202610071147378b8eafe8c8d64614]"}, "request_id" => "202610071147
FAIL R137/2012/r137-2012-it2-2025-02: API error for R137/2012/r137-2012-it2-2025-02: {"type" => "error", "error" => {"type" => "rate_limit_error", "code" => "1302", "message" => "[1302][Rate limit reached for requests][2026100711473775eb2c74f0e44aa1]"}, "request_id" => "2026100711473775e
FAIL R137/2012/r137-2012-nl1-2015-03: API error for R137/2012/r137-2012-nl1-2015-03: {"type" => "error", "error" => {"type" => "rate_limit_error", "code" => "1302", "message" => "[1302][Rate limit reached for requests][20261007114737d9acd739233f49ae]"}, "request_id" => "20261007114737d9a
FAIL R137/2012/r137-2012-it2-2024-01-rev1: API error for R137/2012/r137-2012-it2-2024-01-rev1: {"type" => "error", "error" => {"type" => "rate_limit_error", "code" => "1302", "message" => "[1302][Rate limit reached for requests][20261007114737d136e5d677c54c59]"}, "request_id" => "202610071147
FAIL R137/2012/r137-2012-nl1-2015-01: API error for R137/2012/r137-2012-nl1-2015-01: {"type" => "error", "error" => {"type" => "rate_limit_error", "code" => "1302", "message" => "[1302][Rate limit reached for requests][202610071147377fa6f726405947d4]"}, "request_id" => "202610071147377fa
FAIL R137/2012/r137-2012-nl1-2015-04: API error for R137/2012/r137-2012-nl1-2015-04: {"type" => "error", "error" => {"type" => "rate_limit_error", "code" => "1302", "message" => "[1302][Rate limit reached for requests][20261007114737a88e1314d4e54722]"}, "request_id" => "20261007114737a88
FAIL R137/2012/r137-2012-nl1-2015-05: API error for R137/2012/r137-2012-nl1-2015-05: {"type" => "error", "error" => {"type" => "rate_limit_error", "code" => "1302", "message" => "[1302][Rate limit reached for requests][2026100711473797371381040049db]"}, "request_id" => "20261007114737973
FAIL R137/2012/r137-2012-nl1-2015-06: API error for R137/2012/r137-2012-nl1-2015-06: {"type" => "error", "error" => {"type" => "rate_limit_error", "code" => "1302", "message" => "[1302][Rate limit reached for requests][2026100711473706d72ee6513e4394]"}, "request_id" => "2026100711473706d
FAIL R137/2012/r137-2012-nl1-2015-09-rev3: API error for R137/2012/r137-2012-nl1-2015-09-rev3: {"type" => "error", "error" => {"type" => "rate_limit_error", "code" => "1302", "message" => "[1302][Rate limit reached for requests][2026100711473703bba9bf14594f41]"}, "request_id" => "202610071147
FAIL R137/2012/r137-2012-nl1-2015-08: API error for R137/2012/r137-2012-nl1-2015-08: {"type" => "error", "error" => {"type" => "rate_limit_error", "code" => "1302", "message" => "[1302][Rate limit reached for requests][202610071147379f45d32cad5a496e]"}, "request_id" => "202610071147379f4
FAIL R137/2012/r137-2012-nl1-2015-10: API error for R137/2012/r137-2012-nl1-2015-10: {"type" => "error", "error" => {"type" => "rate_limit_error", "code" => "1302", "message" => "[1302][Rate limit reached for requests][2026100711473746e25d16d9a54529]"}, "request_id" => "2026100711473746e
FAIL R137/2012/r137-2012-nl1-2016-01-rev1: API error for R137/2012/r137-2012-nl1-2016-01-rev1: {"type" => "error", "error" => {"type" => "rate_limit_error", "code" => "1302", "message" => "[1302][Rate limit reached for requests][20261007114737bd2101def5514079]"}, "request_id" => "202610071147
FAIL R137/2012/r137-2012-nl1-2016-09: API error for R137/2012/r137-2012-nl1-2016-09: {"type" => "error", "error" => {"type" => "rate_limit_error", "code" => "1302", "message" => "[1302][Rate limit reached for requests][20261007114737233cf04c539d4963]"}, "request_id" => "20261007114737233
FAIL R137/2012/r137-2012-nl1-2016-09-rev2: API error for R137/2012/r137-2012-nl1-2016-09-rev2: {"type" => "error", "error" => {"type" => "rate_limit_error", "code" => "1302", "message" => "[1302][Rate limit reached for requests][20261007114737baed15bc367d403c]"}, "request_id" => "202610071147
FAIL R137/2012/r137-2012-nl1-2016-07: API error for R137/2012/r137-2012-nl1-2016-07: {"type" => "error", "error" => {"type" => "rate_limit_error", "code" => "1302", "message" => "[1302][Rate limit reached for requests][20261007114737b38c923a9ffd475b]"}, "request_id" => "20261007114737b38
FAIL R137/2012/r137-2012-nl1-2016-06: API error for R137/2012/r137-2012-nl1-2016-06: {"type" => "error", "error" => {"type" => "rate_limit_error", "code" => "1302", "message" => "[1302][Rate limit reached for requests][20261007114737c438570de72f4315]"}, "request_id" => "20261007114737c43
FAIL R137/2012/r137-2012-nl1-2016-10: API error for R137/2012/r137-2012-nl1-2016-10: {"type" => "error", "error" => {"type" => "rate_limit_error", "code" => "1302", "message" => "[1302][Rate limit reached for requests][20261007114737869785ce43714f3e]"}, "request_id" => "20261007114737869
FAIL R137/2012/r137-2012-nl1-2016-13: API error for R137/2012/r137-2012-nl1-2016-13: {"type" => "error", "error" => {"type" => "rate_limit_error", "code" => "1302", "message" => "[1302][Rate limit reached for requests][20261007114738703e0dd26d944a5e]"}, "request_id" => "20261007114738703
FAIL R137/2012/r137-2012-nl1-2016-14: API error for R137/2012/r137-2012-nl1-2016-14: {"type" => "error", "error" => {"type" => "rate_limit_error", "code" => "1302", "message" => "[1302][Rate limit reached for requests][202610071147383d88208c95c84260]"}, "request_id" => "202610071147383d8
FAIL R137/2012/r137-2012-nl1-2016-18: API error for R137/2012/r137-2012-nl1-2016-18: {"type" => "error", "error" => {"type" => "rate_limit_error", "code" => "1302", "message" => "[1302][Rate limit reached for requests][20261007114738f8057438834f4b3d]"}, "request_id" => "20261007114738f80
FAIL R137/2012/r137-2012-nl1-2016-15-annex1: API error for R137/2012/r137-2012-nl1-2016-15-annex1: {"type" => "error", "error" => {"type" => "rate_limit_error", "code" => "1302", "message" => "[1302][Rate limit reached for requests][202610071147380cdd93ac320c48b1]"}, "request_id" => "2026100711
FAIL R137/2012/r137-2012-nl1-2017-01: API error for R137/2012/r137-2012-nl1-2017-01: {"type" => "error", "error" => {"type" => "rate_limit_error", "code" => "1302", "message" => "[1302][Rate limit reached for requests][20261007114738fa7a521ce650405d]"}, "request_id" => "20261007114738fa7
FAIL R137/2012/r137-2012-nl1-2017-05: API error for R137/2012/r137-2012-nl1-2017-05: {"type" => "error", "error" => {"type" => "rate_limit_error", "code" => "1302", "message" => "[1302][Rate limit reached for requests][202610071147386b78dd4b04a24859]"}, "request_id" => "202610071147386b7
FAIL R137/2012/r137-2012-nl1-2017-04: API error for R137/2012/r137-2012-nl1-2017-04: {"type" => "error", "error" => {"type" => "rate_limit_error", "code" => "1302", "message" => "[1302][Rate limit reached for requests][2026100711473878792444a7f744b7]"}, "request_id" => "20261007114738787
FAIL R137/2012/r137-2012-nl1-2017-06: API error for R137/2012/r137-2012-nl1-2017-06: {"type" => "error", "error" => {"type" => "rate_limit_error", "code" => "1302", "message" => "[1302][Rate limit reached for requests][202610071147382d31c8a9f141494f]"}, "request_id" => "202610071147382d3
FAIL R137/2012/r137-2012-nl1-2017-08-rev1: API error for R137/2012/r137-2012-nl1-2017-08-rev1: {"type" => "error", "error" => {"type" => "rate_limit_error", "code" => "1302", "message" => "[1302][Rate limit reached for requests][20261007114738193c3993ae1b4351]"}, "request_id" => "202610071147
FAIL R137/2012/r137-2012-nl1-2017-08-rev2: API error for R137/2012/r137-2012-nl1-2017-08-rev2: {"type" => "error", "error" => {"type" => "rate_limit_error", "code" => "1302", "message" => "[1302][Rate limit reached for requests][20261007114738690eac9ee4f6410c]"}, "request_id" => "202610071147
FAIL R137/2012/r137-2012-nl1-2017-08: API error for R137/2012/r137-2012-nl1-2017-08: {"type" => "error", "error" => {"type" => "rate_limit_error", "code" => "1302", "message" => "[1302][Rate limit reached for requests][202610071147380cdc73f26cdb43b7]"}, "request_id" => "202610071147380cd
FAIL R137/2012/r137-2012-nl1-2018-02-rev1: API error for R137/2012/r137-2012-nl1-2018-02-rev1: {"type" => "error", "error" => {"type" => "rate_limit_error", "code" => "1302", "message" => "[1302][Rate limit reached for requests][20261007114738cbce7c5139534335]"}, "request_id" => "202610071147
FAIL R137/2012/r137-2012-nl1-2018-02: API error for R137/2012/r137-2012-nl1-2018-02: {"type" => "error", "error" => {"type" => "rate_limit_error", "code" => "1302", "message" => "[1302][Rate limit reached for requests][20261007114738cfdb0b220613489d]"}, "request_id" => "20261007114738cfd
FAIL R137/2012/r137-2012-nl1-2018-04: API error for R137/2012/r137-2012-nl1-2018-04: {"type" => "error", "error" => {"type" => "rate_limit_error", "code" => "1302", "message" => "[1302][Rate limit reached for requests][20261007114738c9c1a7bb2c284f19]"}, "request_id" => "20261007114738c9c
FAIL R137/2012/r137-2012-nl1-2018-06: API error for R137/2012/r137-2012-nl1-2018-06: {"type" => "error", "error" => {"type" => "rate_limit_error", "code" => "1302", "message" => "[1302][Rate limit reached for requests][2026100711473871ca7f83d56f4d9a]"}, "request_id" => "2026100711473871c
FAIL R137/2012/r137-2012-nl1-2018-09-rev1: API error for R137/2012/r137-2012-nl1-2018-09-rev1: {"type" => "error", "error" => {"type" => "rate_limit_error", "code" => "1302", "message" => "[1302][Rate limit reached for requests][202610071147389f597d502a644406]"}, "request_id" => "202610071147
FAIL R137/2012/r137-2012-nl1-2018-08: API error for R137/2012/r137-2012-nl1-2018-08: {"type" => "error", "error" => {"type" => "rate_limit_error", "code" => "1302", "message" => "[1302][Rate limit reached for requests][202610071147384519672c551d4ac4]"}, "request_id" => "20261007114738451
FAIL R137/2012/r137-2012-nl1-2018-12: API error for R137/2012/r137-2012-nl1-2018-12: {"type" => "error", "error" => {"type" => "rate_limit_error", "code" => "1302", "message" => "[1302][Rate limit reached for requests][20261007114738ede2bcedea87419f]"}, "request_id" => "20261007114738ede
FAIL R137/2012/r137-2012-nl1-2018-14: API error for R137/2012/r137-2012-nl1-2018-14: {"type" => "error", "error" => {"type" => "rate_limit_error", "code" => "1302", "message" => "[1302][Rate limit reached for requests][20261007114739fe130c04fe4b4507]"}, "request_id" => "20261007114739fe1
FAIL R137/2012/r137-2012-nl1-2018-17: API error for R137/2012/r137-2012-nl1-2018-17: {"type" => "error", "error" => {"type" => "rate_limit_error", "code" => "1302", "message" => "[1302][Rate limit reached for requests][20261007114739e3b7e7267b324737]"}, "request_id" => "20261007114739e3b
FAIL R137/2012/r137-2012-nl1-2018-15: API error for R137/2012/r137-2012-nl1-2018-15: {"type" => "error", "error" => {"type" => "rate_limit_error", "code" => "1302", "message" => "[1302][Rate limit reached for requests][202610071147397c720db2b33a4d19]"}, "request_id" => "202610071147397c7
FAIL R137/2012/r137-2012-nl1-2018-05: API error for R137/2012/r137-2012-nl1-2018-05: {"type" => "error", "error" => {"type" => "rate_limit_error", "code" => "1302", "message" => "[1302][Rate limit reached for requests][20261007114738efabedb32be342d8]"}, "request_id" => "20261007114738efa
FAIL R137/2012/r137-2012-nl1-2019-01: API error for R137/2012/r137-2012-nl1-2019-01: {"type" => "error", "error" => {"type" => "rate_limit_error", "code" => "1302", "message" => "[1302][Rate limit reached for requests][202610071147392e3379b0ecce4343]"}, "request_id" => "202610071147392e3
FAIL R137/2012/r137-2012-nl1-2019-02: API error for R137/2012/r137-2012-nl1-2019-02: {"type" => "error", "error" => {"type" => "rate_limit_error", "code" => "1302", "message" => "[1302][Rate limit reached for requests][20261007114739803e860d67ba4a0f]"}, "request_id" => "20261007114739803
FAIL R137/2012/r137-2012-nl1-2019-04: API error for R137/2012/r137-2012-nl1-2019-04: {"type" => "error", "error" => {"type" => "rate_limit_error", "code" => "1302", "message" => "[1302][Rate limit reached for requests][20261007114739d880548c76664e72]"}, "request_id" => "20261007114739d88
FAIL R137/2012/r137-2012-nl1-2019-06: API error for R137/2012/r137-2012-nl1-2019-06: {"type" => "error", "error" => {"type" => "rate_limit_error", "code" => "1302", "message" => "[1302][Rate limit reached for requests][2026100711473998a997653cd9435c]"}, "request_id" => "2026100711473998a
FAIL R137/2012/r137-2012-nl1-2019-08: API error for R137/2012/r137-2012-nl1-2019-08: {"type" => "error", "error" => {"type" => "rate_limit_error", "code" => "1302", "message" => "[1302][Rate limit reached for requests][202610071147394d7981f3b0b14c75]"}, "request_id" => "202610071147394d7
FAIL R137/2012/r137-2012-nl1-2019-09: API error for R137/2012/r137-2012-nl1-2019-09: {"type" => "error", "error" => {"type" => "rate_limit_error", "code" => "1302", "message" => "[1302][Rate limit reached for requests][20261007114739a601cf9bba4841ea]"}, "request_id" => "20261007114739a60
FAIL R137/2012/r137-2012-nl1-2019-12: API error for R137/2012/r137-2012-nl1-2019-12: {"type" => "error", "error" => {"type" => "rate_limit_error", "code" => "1302", "message" => "[1302][Rate limit reached for requests][20261007114739d2937ebe59224bab]"}, "request_id" => "20261007114739d29
FAIL R137/2012/r137-2012-nl1-2019-14-rev1: API error for R137/2012/r137-2012-nl1-2019-14-rev1: {"type" => "error", "error" => {"type" => "rate_limit_error", "code" => "1302", "message" => "[1302][Rate limit reached for requests][202610071147397a1c365857e841e0]"}, "request_id" => "202610071147
FAIL R137/2012/r137-2012-nl1-2019-14: API error for R137/2012/r137-2012-nl1-2019-14: {"type" => "error", "error" => {"type" => "rate_limit_error", "code" => "1302", "message" => "[1302][Rate limit reached for requests][2026100711473930471a9ea9da45f8]"}, "request_id" => "20261007114739304
FAIL R137/2012/r137-2012-nl1-2020-01: API error for R137/2012/r137-2012-nl1-2020-01: {"type" => "error", "error" => {"type" => "rate_limit_error", "code" => "1302", "message" => "[1302][Rate limit reached for requests][2026100711473931caa3b3271e4428]"}, "request_id" => "2026100711473931c
FAIL R137/2012/r137-2012-nl1-2020-03: API error for R137/2012/r137-2012-nl1-2020-03: {"type" => "error", "error" => {"type" => "rate_limit_error", "code" => "1302", "message" => "[1302][Rate limit reached for requests][20261007114739ea39e5b8ed3b492d]"}, "request_id" => "20261007114739ea3
FAIL R137/2012/r137-2012-nl1-2020-04-rev2: API error for R137/2012/r137-2012-nl1-2020-04-rev2: {"type" => "error", "error" => {"type" => "rate_limit_error", "code" => "1302", "message" => "[1302][Rate limit reached for requests][2026100711473939ee84a1dfc54010]"}, "request_id" => "202610071147
FAIL R137/2012/r137-2012-nl1-2020-04-rev3: API error for R137/2012/r137-2012-nl1-2020-04-rev3: {"type" => "error", "error" => {"type" => "rate_limit_error", "code" => "1302", "message" => "[1302][Rate limit reached for requests][2026100711473972d6f79bc77842d1]"}, "request_id" => "202610071147
FAIL R137/2012/r137-2012-nl1-2020-04-rev4: API error for R137/2012/r137-2012-nl1-2020-04-rev4: {"type" => "error", "error" => {"type" => "rate_limit_error", "code" => "1302", "message" => "[1302][Rate limit reached for requests][20261007114739d2606d496f6f43f4]"}, "request_id" => "202610071147
FAIL R137/2012/r137-2012-nl1-2020-04-rev5: API error for R137/2012/r137-2012-nl1-2020-04-rev5: {"type" => "error", "error" => {"type" => "rate_limit_error", "code" => "1302", "message" => "[1302][Rate limit reached for requests][20261007114739c0cd54365e834fab]"}, "request_id" => "202610071147
FAIL R137/2012/r137-2012-nl1-2020-04-rev6: API error for R137/2012/r137-2012-nl1-2020-04-rev6: {"type" => "error", "error" => {"type" => "rate_limit_error", "code" => "1302", "message" => "[1302][Rate limit reached for requests][202610071147405dd6f83fd31347e0]"}, "request_id" => "202610071147
FAIL R137/2012/r137-2012-nl1-2020-04-rev9: API error for R137/2012/r137-2012-nl1-2020-04-rev9: {"type" => "error", "error" => {"type" => "rate_limit_error", "code" => "1302", "message" => "[1302][Rate limit reached for requests][2026100711474087245f574c9d42e8]"}, "request_id" => "202610071147
FAIL R137/2012/r137-2012-nl1-2020-04: API error for R137/2012/r137-2012-nl1-2020-04: {"type" => "error", "error" => {"type" => "rate_limit_error", "code" => "1302", "message" => "[1302][Rate limit reached for requests][2026100711474050ac32a99832436b]"}, "request_id" => "2026100711474050a
FAIL R137/2012/r137-2012-nl1-2020-05: API error for R137/2012/r137-2012-nl1-2020-05: {"type" => "error", "error" => {"type" => "rate_limit_error", "code" => "1302", "message" => "[1302][Rate limit reached for requests][2026100711474087fd7136ed6e4d85]"}, "request_id" => "2026100711474087f
FAIL R137/2012/r137-2012-nl1-2020-04-rev7: API error for R137/2012/r137-2012-nl1-2020-04-rev7: {"type" => "error", "error" => {"type" => "rate_limit_error", "code" => "1302", "message" => "[1302][Rate limit reached for requests][20261007114740473aec7ce6de401c]"}, "request_id" => "202610071147
FAIL R137/2012/r137-2012-nl1-2020-07-rev3: API error for R137/2012/r137-2012-nl1-2020-07-rev3: {"type" => "error", "error" => {"type" => "rate_limit_error", "code" => "1302", "message" => "[1302][Rate limit reached for requests][20261007114740b5ad7a2347534a54]"}, "request_id" => "202610071147
FAIL R137/2012/r137-2012-nl1-2020-07-rev4: API error for R137/2012/r137-2012-nl1-2020-07-rev4: {"type" => "error", "error" => {"type" => "rate_limit_error", "code" => "1302", "message" => "[1302][Rate limit reached for requests][2026100711474065b72e28a6814852]"}, "request_id" => "202610071147
FAIL R137/2012/r137-2012-nl1-2020-07-rev6: API error for R137/2012/r137-2012-nl1-2020-07-rev6: {"type" => "error", "error" => {"type" => "rate_limit_error", "code" => "1302", "message" => "[1302][Rate limit reached for requests][202610071147401038e449bcca4466]"}, "request_id" => "202610071147
FAIL R137/2012/r137-2012-nl1-2020-07: API error for R137/2012/r137-2012-nl1-2020-07: {"type" => "error", "error" => {"type" => "rate_limit_error", "code" => "1302", "message" => "[1302][Rate limit reached for requests][202610071147408f662e9d7d814ea7]"}, "request_id" => "202610071147408f6
FAIL R137/2012/r137-2012-nl1-2020-09-rev1: API error for R137/2012/r137-2012-nl1-2020-09-rev1: {"type" => "error", "error" => {"type" => "rate_limit_error", "code" => "1302", "message" => "[1302][Rate limit reached for requests][202610071147400b723b5533954ab2]"}, "request_id" => "202610071147
FAIL R137/2012/r137-2012-nl1-2020-09: API error for R137/2012/r137-2012-nl1-2020-09: {"type" => "error", "error" => {"type" => "rate_limit_error", "code" => "1302", "message" => "[1302][Rate limit reached for requests][20261007114740bae6390b4300431e]"}, "request_id" => "20261007114740bae
FAIL R137/2012/r137-2012-nl1-2020-10-rev11: API error for R137/2012/r137-2012-nl1-2020-10-rev11: {"type" => "error", "error" => {"type" => "rate_limit_error", "code" => "1302", "message" => "[1302][Rate limit reached for requests][20261007114740642b749e785449a1]"}, "request_id" => "20261007114
FAIL R137/2012/r137-2012-nl1-2020-10-rev12: API error for R137/2012/r137-2012-nl1-2020-10-rev12: {"type" => "error", "error" => {"type" => "rate_limit_error", "code" => "1302", "message" => "[1302][Rate limit reached for requests][20261007114740bfba394658f74c74]"}, "request_id" => "20261007114
FAIL R137/2012/r137-2012-nl1-2020-10-rev14: API error for R137/2012/r137-2012-nl1-2020-10-rev14: {"type" => "error", "error" => {"type" => "rate_limit_error", "code" => "1302", "message" => "[1302][Rate limit reached for requests][202610071147404be62295be61493f]"}, "request_id" => "20261007114
FAIL R137/2012/r137-2012-nl1-2020-10-rev5: API error for R137/2012/r137-2012-nl1-2020-10-rev5: {"type" => "error", "error" => {"type" => "rate_limit_error", "code" => "1302", "message" => "[1302][Rate limit reached for requests][202610071147407ec00acdde7b48e6]"}, "request_id" => "202610071147
FAIL R137/2012/r137-2012-nl1-2020-10-rev13: API error for R137/2012/r137-2012-nl1-2020-10-rev13: {"type" => "error", "error" => {"type" => "rate_limit_error", "code" => "1302", "message" => "[1302][Rate limit reached for requests][202610071147403215294a7abe4caa]"}, "request_id" => "20261007114
FAIL R137/2012/r137-2012-nl1-2020-10-rev7: API error for R137/2012/r137-2012-nl1-2020-10-rev7: {"type" => "error", "error" => {"type" => "rate_limit_error", "code" => "1302", "message" => "[1302][Rate limit reached for requests][20261007114740a6cdb2765706470b]"}, "request_id" => "202610071147
FAIL R137/2012/r137-2012-nl1-2020-10-rev8: API error for R137/2012/r137-2012-nl1-2020-10-rev8: {"type" => "error", "error" => {"type" => "rate_limit_error", "code" => "1302", "message" => "[1302][Rate limit reached for requests][202610071147407f950d62e2454274]"}, "request_id" => "202610071147
FAIL R137/2012/r137-2012-nl1-2020-10-rev9: API error for R137/2012/r137-2012-nl1-2020-10-rev9: {"type" => "error", "error" => {"type" => "rate_limit_error", "code" => "1302", "message" => "[1302][Rate limit reached for requests][20261007114740f6acdcc80f094df2]"}, "request_id" => "202610071147
FAIL R137/2012/r137-2012-nl1-2020-10: API error for R137/2012/r137-2012-nl1-2020-10: {"type" => "error", "error" => {"type" => "rate_limit_error", "code" => "1302", "message" => "[1302][Rate limit reached for requests][202610071147408ab1580c93fe41a9]"}, "request_id" => "202610071147408ab
FAIL R137/2012/r137-2012-nl1-2020-11-rev1: API error for R137/2012/r137-2012-nl1-2020-11-rev1: {"type" => "error", "error" => {"type" => "rate_limit_error", "code" => "1302", "message" => "[1302][Rate limit reached for requests][2026100711474135aea391792c4932]"}, "request_id" => "202610071147
FAIL R137/2012/r137-2012-nl1-2020-11-rev10: API error for R137/2012/r137-2012-nl1-2020-11-rev10: {"type" => "error", "error" => {"type" => "rate_limit_error", "code" => "1302", "message" => "[1302][Rate limit reached for requests][20261007114741741e9788bea740ed]"}, "request_id" => "20261007114
FAIL R137/2012/r137-2012-nl1-2020-11-rev5: API error for R137/2012/r137-2012-nl1-2020-11-rev5: {"type" => "error", "error" => {"type" => "rate_limit_error", "code" => "1302", "message" => "[1302][Rate limit reached for requests][202610071147419562b340f89a4162]"}, "request_id" => "202610071147
FAIL R137/2012/r137-2012-nl1-2020-12-rev1: API error for R137/2012/r137-2012-nl1-2020-12-rev1: {"type" => "error", "error" => {"type" => "rate_limit_error", "code" => "1302", "message" => "[1302][Rate limit reached for requests][2026100711474162cd852675594153]"}, "request_id" => "202610071147
FAIL R137/2012/r137-2012-nl1-2020-12-rev2: API error for R137/2012/r137-2012-nl1-2020-12-rev2: {"type" => "error", "error" => {"type" => "rate_limit_error", "code" => "1302", "message" => "[1302][Rate limit reached for requests][20261007114741b9d6b1862a2b4141]"}, "request_id" => "202610071147
FAIL R137/2012/r137-2012-nl1-2020-12-rev3: API error for R137/2012/r137-2012-nl1-2020-12-rev3: {"type" => "error", "error" => {"type" => "rate_limit_error", "code" => "1302", "message" => "[1302][Rate limit reached for requests][202610071147417b2b46a6712c4660]"}, "request_id" => "202610071147
FAIL R137/2012/r137-2012-nl1-2020-12: API error for R137/2012/r137-2012-nl1-2020-12: {"type" => "error", "error" => {"type" => "rate_limit_error", "code" => "1302", "message" => "[1302][Rate limit reached for requests][20261007114741dee00030b14d44e6]"}, "request_id" => "20261007114741dee
FAIL R137/2012/r137-2012-nl1-2020-13-rev2: API error for R137/2012/r137-2012-nl1-2020-13-rev2: {"type" => "error", "error" => {"type" => "rate_limit_error", "code" => "1302", "message" => "[1302][Rate limit reached for requests][202610071147411aee09d287184562]"}, "request_id" => "202610071147
FAIL R137/2012/r137-2012-nl1-2020-14-rev2: API error for R137/2012/r137-2012-nl1-2020-14-rev2: {"type" => "error", "error" => {"type" => "rate_limit_error", "code" => "1302", "message" => "[1302][Rate limit reached for requests][202610071147412824f83f77fd47c3]"}, "request_id" => "202610071147
FAIL R137/2012/r137-2012-nl1-2020-14-rev3: API error for R137/2012/r137-2012-nl1-2020-14-rev3: {"type" => "error", "error" => {"type" => "rate_limit_error", "code" => "1302", "message" => "[1302][Rate limit reached for requests][20261007114741b44b3e862c0f4f5e]"}, "request_id" => "202610071147
FAIL R137/2012/r137-2012-nl1-2020-14-rev4: API error for R137/2012/r137-2012-nl1-2020-14-rev4: {"type" => "error", "error" => {"type" => "rate_limit_error", "code" => "1302", "message" => "[1302][Rate limit reached for requests][2026100711474105105578a2d64501]"}, "request_id" => "202610071147
FAIL R137/2012/r137-2012-nl1-2020-14-rev7: API error for R137/2012/r137-2012-nl1-2020-14-rev7: {"type" => "error", "error" => {"type" => "rate_limit_error", "code" => "1302", "message" => "[1302][Rate limit reached for requests][20261007114741d7e70adeca364889]"}, "request_id" => "202610071147
FAIL R137/2012/r137-2012-nl1-2020-14-rev8: API error for R137/2012/r137-2012-nl1-2020-14-rev8: {"type" => "error", "error" => {"type" => "rate_limit_error", "code" => "1302", "message" => "[1302][Rate limit reached for requests][2026100711474120bbae9e40cf4a78]"}, "request_id" => "202610071147
FAIL R137/2012/r137-2012-nl1-2020-14: API error for R137/2012/r137-2012-nl1-2020-14: {"type" => "error", "error" => {"type" => "rate_limit_error", "code" => "1302", "message" => "[1302][Rate limit reached for requests][20261007114741715fbd89d73a4d3f]"}, "request_id" => "20261007114741715
FAIL R137/2012/r137-2012-nl1-2020-15-rev1: API error for R137/2012/r137-2012-nl1-2020-15-rev1: {"type" => "error", "error" => {"type" => "rate_limit_error", "code" => "1302", "message" => "[1302][Rate limit reached for requests][2026100711474102daeb79a31e4df3]"}, "request_id" => "202610071147
FAIL R137/2012/r137-2012-nl1-2020-15-rev3: API error for R137/2012/r137-2012-nl1-2020-15-rev3: {"type" => "error", "error" => {"type" => "rate_limit_error", "code" => "1302", "message" => "[1302][Rate limit reached for requests][202610071147415824570d5c264eb4]"}, "request_id" => "202610071147
FAIL R137/2012/r137-2012-nl1-2020-16-rev3: API error for R137/2012/r137-2012-nl1-2020-16-rev3: {"type" => "error", "error" => {"type" => "rate_limit_error", "code" => "1302", "message" => "[1302][Rate limit reached for requests][20261007114741db16ba12b55344b1]"}, "request_id" => "202610071147
FAIL R137/2012/r137-2012-nl1-2020-16: API error for R137/2012/r137-2012-nl1-2020-16: {"type" => "error", "error" => {"type" => "rate_limit_error", "code" => "1302", "message" => "[1302][Rate limit reached for requests][202610071147413c8c722c715e4afb]"}, "request_id" => "202610071147413c8
FAIL R137/2012/r137-2012-nl1-2021-01: API error for R137/2012/r137-2012-nl1-2021-01: {"type" => "error", "error" => {"type" => "rate_limit_error", "code" => "1302", "message" => "[1302][Rate limit reached for requests][20261007114741d48146b025f74147]"}, "request_id" => "20261007114741d48
FAIL R137/2012/r137-2012-nl1-2021-02: API error for R137/2012/r137-2012-nl1-2021-02: {"type" => "error", "error" => {"type" => "rate_limit_error", "code" => "1302", "message" => "[1302][Rate limit reached for requests][20261007114741dd19c3d0a84f44fa]"}, "request_id" => "20261007114741dd1
FAIL R137/2012/r137-2012-nl1-2021-04: API error for R137/2012/r137-2012-nl1-2021-04: {"type" => "error", "error" => {"type" => "rate_limit_error", "code" => "1302", "message" => "[1302][Rate limit reached for requests][202610071147429a8ffd1c8aca4dfe]"}, "request_id" => "202610071147429a8
FAIL R137/2012/r137-2012-nl1-2021-06-rev1: API error for R137/2012/r137-2012-nl1-2021-06-rev1: {"type" => "error", "error" => {"type" => "rate_limit_error", "code" => "1302", "message" => "[1302][Rate limit reached for requests][202610071147423fee7a39ad164112]"}, "request_id" => "202610071147
FAIL R137/2012/r137-2012-nl1-2021-06: API error for R137/2012/r137-2012-nl1-2021-06: {"type" => "error", "error" => {"type" => "rate_limit_error", "code" => "1302", "message" => "[1302][Rate limit reached for requests][202610071147425fe37e724d484174]"}, "request_id" => "202610071147425fe
FAIL R137/2012/r137-2012-nl1-2022-02: API error for R137/2012/r137-2012-nl1-2022-02: {"type" => "error", "error" => {"type" => "rate_limit_error", "code" => "1302", "message" => "[1302][Rate limit reached for requests][202610071147423ef3dc49a368402a]"}, "request_id" => "202610071147423ef
FAIL R137/2012/r137-2012-nl1-2022-01: API error for R137/2012/r137-2012-nl1-2022-01: {"type" => "error", "error" => {"type" => "rate_limit_error", "code" => "1302", "message" => "[1302][Rate limit reached for requests][20261007114742d8de92b1872a49a3]"}, "request_id" => "20261007114742d8d
FAIL R137/2012/r137-2012-nl1-2022-03-rev0: API error for R137/2012/r137-2012-nl1-2022-03-rev0: {"type" => "error", "error" => {"type" => "rate_limit_error", "code" => "1302", "message" => "[1302][Rate limit reached for requests][20261007114742b282636c69d647d9]"}, "request_id" => "202610071147
FAIL R137/2012/r137-2012-nl1-2022-04-rev0: API error for R137/2012/r137-2012-nl1-2022-04-rev0: {"type" => "error", "error" => {"type" => "rate_limit_error", "code" => "1302", "message" => "[1302][Rate limit reached for requests][202610071147424204a39441c24719]"}, "request_id" => "202610071147
FAIL R137/2012/r137-2012-nl1-2022-03-rev2: API error for R137/2012/r137-2012-nl1-2022-03-rev2: {"type" => "error", "error" => {"type" => "rate_limit_error", "code" => "1302", "message" => "[1302][Rate limit reached for requests][202610071147423303dad5a606485b]"}, "request_id" => "202610071147
FAIL R137/2012/r137-2012-nl1-2023-01-rev0: API error for R137/2012/r137-2012-nl1-2023-01-rev0: {"type" => "error", "error" => {"type" => "rate_limit_error", "code" => "1302", "message" => "[1302][Rate limit reached for requests][2026100711474227bca386a9944c70]"}, "request_id" => "202610071147
FAIL R137/2012/r137-2012-nl1-2023-01-rev1: API error for R137/2012/r137-2012-nl1-2023-01-rev1: {"type" => "error", "error" => {"type" => "rate_limit_error", "code" => "1302", "message" => "[1302][Rate limit reached for requests][20261007114742cda9aaebd24b40c7]"}, "request_id" => "202610071147
FAIL R137/2012/r137-2012-nl1-2023-01-rev2: API error for R137/2012/r137-2012-nl1-2023-01-rev2: {"type" => "error", "error" => {"type" => "rate_limit_error", "code" => "1302", "message" => "[1302][Rate limit reached for requests][20261007114742b5e5a6eacd114032]"}, "request_id" => "202610071147
FAIL R137/2012/r137-2012-nl1-2023-02-rev1: API error for R137/2012/r137-2012-nl1-2023-02-rev1: {"type" => "error", "error" => {"type" => "rate_limit_error", "code" => "1302", "message" => "[1302][Rate limit reached for requests][202610071147423c3de9234604496a]"}, "request_id" => "202610071147
FAIL R137/2012/r137-2012-nl1-2023-04-rev0: API error for R137/2012/r137-2012-nl1-2023-04-rev0: {"type" => "error", "error" => {"type" => "rate_limit_error", "code" => "1302", "message" => "[1302][Rate limit reached for requests][2026100711474274702a39fbe246ed]"}, "request_id" => "202610071147
FAIL R137/2012/r137-2012-nl1-2023-05-rev0: API error for R137/2012/r137-2012-nl1-2023-05-rev0: {"type" => "error", "error" => {"type" => "rate_limit_error", "code" => "1302", "message" => "[1302][Rate limit reached for requests][202610071147423f45ebf68f5645f0]"}, "request_id" => "202610071147
FAIL R137/2012/r137-2012-nl1-2023-04-rev3: API error for R137/2012/r137-2012-nl1-2023-04-rev3: {"type" => "error", "error" => {"type" => "rate_limit_error", "code" => "1302", "message" => "[1302][Rate limit reached for requests][202610071147427356c8a5e55c4784]"}, "request_id" => "202610071147
FAIL R137/2012/r137-2012-nl1-2023-06-rev0: API error for R137/2012/r137-2012-nl1-2023-06-rev0: {"type" => "error", "error" => {"type" => "rate_limit_error", "code" => "1302", "message" => "[1302][Rate limit reached for requests][20261007114742e9fb989bc985464c]"}, "request_id" => "202610071147
FAIL R137/2012/r137-2012-nl1-2024-01-rev0: API error for R137/2012/r137-2012-nl1-2024-01-rev0: {"type" => "error", "error" => {"type" => "rate_limit_error", "code" => "1302", "message" => "[1302][Rate limit reached for requests][202610071147426f3e62cb7c914948]"}, "request_id" => "202610071147
FAIL R137/2012/r137-2012-nl1-2024-04-rev0: API error for R137/2012/r137-2012-nl1-2024-04-rev0: {"type" => "error", "error" => {"type" => "rate_limit_error", "code" => "1302", "message" => "[1302][Rate limit reached for requests][2026100711474281b9e732b6604d0c]"}, "request_id" => "202610071147
FAIL R137/2012/r137-2012-nl1-2024-07-rev0: API error for R137/2012/r137-2012-nl1-2024-07-rev0: {"type" => "error", "error" => {"type" => "rate_limit_error", "code" => "1302", "message" => "[1302][Rate limit reached for requests][2026100711474229d6763920a4494e]"}, "request_id" => "202610071147
FAIL R137/2012/r137-2012-nl1-2024-08-rev0: API error for R137/2012/r137-2012-nl1-2024-08-rev0: {"type" => "error", "error" => {"type" => "rate_limit_error", "code" => "1302", "message" => "[1302][Rate limit reached for requests][20261007114742722bf78aff7a4118]"}, "request_id" => "202610071147
FAIL R137/2012/r137-2012-nl1-2024-10-rev1: API error for R137/2012/r137-2012-nl1-2024-10-rev1: {"type" => "error", "error" => {"type" => "rate_limit_error", "code" => "1302", "message" => "[1302][Rate limit reached for requests][2026100711474303b7e32285d84a72]"}, "request_id" => "202610071147
FAIL R137/2012/r137-2012-nl1-2024-12-rev0: API error for R137/2012/r137-2012-nl1-2024-12-rev0: {"type" => "error", "error" => {"type" => "rate_limit_error", "code" => "1302", "message" => "[1302][Rate limit reached for requests][20261007114743be75723105744872]"}, "request_id" => "202610071147
FAIL R137/2012/r137-2012-nl1-2025-01-rev0: API error for R137/2012/r137-2012-nl1-2025-01-rev0: {"type" => "error", "error" => {"type" => "rate_limit_error", "code" => "1302", "message" => "[1302][Rate limit reached for requests][2026100711474305e93243d57248ec]"}, "request_id" => "202610071147
FAIL R137/2012/r137-2012-nl1-2025-04-rev1: API error for R137/2012/r137-2012-nl1-2025-04-rev1: {"type" => "error", "error" => {"type" => "rate_limit_error", "code" => "1302", "message" => "[1302][Rate limit reached for requests][202610071147431925e38bbc2d40b9]"}, "request_id" => "202610071147
FAIL R137/2012/r137-2012-nl1-2025-07-rev0: API error for R137/2012/r137-2012-nl1-2025-07-rev0: {"type" => "error", "error" => {"type" => "rate_limit_error", "code" => "1302", "message" => "[1302][Rate limit reached for requests][202610071147436ff6f1cc95df4866]"}, "request_id" => "202610071147
FAIL R137/2012/r137-2012-nl1-2025-03-rev0: API error for R137/2012/r137-2012-nl1-2025-03-rev0: {"type" => "error", "error" => {"type" => "rate_limit_error", "code" => "1302", "message" => "[1302][Rate limit reached for requests][20261007114743b7a5b109bd844c88]"}, "request_id" => "202610071147
FAIL R137/2012/r137-2012-nl1-2024-10-rev0: API error for R137/2012/r137-2012-nl1-2024-10-rev0: {"type" => "error", "error" => {"type" => "rate_limit_error", "code" => "1302", "message" => "[1302][Rate limit reached for requests][20261007114743d7676e2e01c14b1b]"}, "request_id" => "202610071147
FAIL R137/2012/r137-2012-nl1-2026-02-rev0: API error for R137/2012/r137-2012-nl1-2026-02-rev0: {"type" => "error", "error" => {"type" => "rate_limit_error", "code" => "1302", "message" => "[1302][Rate limit reached for requests][2026100711474353080ddb59824dcf]"}, "request_id" => "202610071147
FAIL R137/2012/r137-2012-nl1-2025-05-rev0: API error for R137/2012/r137-2012-nl1-2025-05-rev0: {"type" => "error", "error" => {"type" => "rate_limit_error", "code" => "1302", "message" => "[1302][Rate limit reached for requests][20261007114743517596beb9ac4ab6]"}, "request_id" => "202610071147
FAIL R139/2014/r139-2014-cz1-2016-01: API error for R139/2014/r139-2014-cz1-2016-01: {"type" => "error", "error" => {"type" => "rate_limit_error", "code" => "1302", "message" => "[1302][Rate limit reached for requests][2026100711474333aa4112cea54dd0]"}, "request_id" => "2026100711474333a
FAIL R139/2014/r139-2014-cz1-2016-02: API error for R139/2014/r139-2014-cz1-2016-02: {"type" => "error", "error" => {"type" => "rate_limit_error", "code" => "1302", "message" => "[1302][Rate limit reached for requests][20261007114743412304b97ebf4ede]"}, "request_id" => "20261007114743412
FAIL R139/2014/r139-2014-cz1-2018-01-rev2: API error for R139/2014/r139-2014-cz1-2018-01-rev2: {"type" => "error", "error" => {"type" => "rate_limit_error", "code" => "1302", "message" => "[1302][Rate limit reached for requests][20261007114743287aeb200aff4b4b]"}, "request_id" => "202610071147
FAIL R139/2014/r139-2014-cz1-2018-01: API error for R139/2014/r139-2014-cz1-2018-01: {"type" => "error", "error" => {"type" => "rate_limit_error", "code" => "1302", "message" => "[1302][Rate limit reached for requests][202610071147439254b0d0cf2d44bb]"}, "request_id" => "20261007114743925
FAIL R139/2014/r139-2014-cz1-2020-01: API error for R139/2014/r139-2014-cz1-2020-01: {"type" => "error", "error" => {"type" => "rate_limit_error", "code" => "1302", "message" => "[1302][Rate limit reached for requests][20261007114743e2db613bb9d54860]"}, "request_id" => "20261007114743e2d
FAIL R139/2014/r139-2014-nl1-2017-02-rev1: API error for R139/2014/r139-2014-nl1-2017-02-rev1: {"type" => "error", "error" => {"type" => "rate_limit_error", "code" => "1302", "message" => "[1302][Rate limit reached for requests][202610071147435d8b9fcecf064439]"}, "request_id" => "202610071147
FAIL R139/2014/r139-2014-nl1-2017-01: API error for R139/2014/r139-2014-nl1-2017-01: {"type" => "error", "error" => {"type" => "rate_limit_error", "code" => "1302", "message" => "[1302][Rate limit reached for requests][20261007114743ccad6c55ca3c4513]"}, "request_id" => "20261007114743cca
FAIL R139/2014/r139-2014-nl1-2017-02: API error for R139/2014/r139-2014-nl1-2017-02: {"type" => "error", "error" => {"type" => "rate_limit_error", "code" => "1302", "message" => "[1302][Rate limit reached for requests][2026100711474390e5313b2a0d4f83]"}, "request_id" => "2026100711474390e
FAIL R139/2014/r139-2014-nl1-2017-03: API error for R139/2014/r139-2014-nl1-2017-03: {"type" => "error", "error" => {"type" => "rate_limit_error", "code" => "1302", "message" => "[1302][Rate limit reached for requests][20261007114744244ac64f8dca4291]"}, "request_id" => "20261007114744244
FAIL R139/2014/r139-2014-nl1-2018-01: API error for R139/2014/r139-2014-nl1-2018-01: {"type" => "error", "error" => {"type" => "rate_limit_error", "code" => "1302", "message" => "[1302][Rate limit reached for requests][202610071147445ddfc30986b94fc4]"}, "request_id" => "202610071147445dd
FAIL R139/2014/r139-2014-nl1-2018-02: API error for R139/2014/r139-2014-nl1-2018-02: {"type" => "error", "error" => {"type" => "rate_limit_error", "code" => "1302", "message" => "[1302][Rate limit reached for requests][20261007114744a60f3c0a38c44376]"}, "request_id" => "20261007114744a60
FAIL R49/2003/r049-2003-de1-2006-01-rev1: API error for R49/2003/r049-2003-de1-2006-01-rev1: {"type" => "error", "error" => {"type" => "rate_limit_error", "code" => "1302", "message" => "[1302][Rate limit reached for requests][20261007114744a4e4c1275ffd4d71]"}, "request_id" => "2026100711474
FAIL R49/2003/r049-2003-de1-2006-01: API error for R49/2003/r049-2003-de1-2006-01: {"type" => "error", "error" => {"type" => "rate_limit_error", "code" => "1302", "message" => "[1302][Rate limit reached for requests][2026100711474447d44229e4ea4308]"}, "request_id" => "2026100711474447d4
FAIL R49/2003/r049-2003-de1-2007-01: API error for R49/2003/r049-2003-de1-2007-01: {"type" => "error", "error" => {"type" => "rate_limit_error", "code" => "1302", "message" => "[1302][Rate limit reached for requests][2026100711474431928e1dc17d4ccb]"}, "request_id" => "202610071147443192
FAIL R49/2003/r049-2003-de1-2007-02: API error for R49/2003/r049-2003-de1-2007-02: {"type" => "error", "error" => {"type" => "rate_limit_error", "code" => "1302", "message" => "[1302][Rate limit reached for requests][20261007114744ef6817027307441e]"}, "request_id" => "20261007114744ef68
FAIL R49/2003/r049-2003-fr2-2005-01: API error for R49/2003/r049-2003-fr2-2005-01: {"type" => "error", "error" => {"type" => "rate_limit_error", "code" => "1302", "message" => "[1302][Rate limit reached for requests][20261007114744f62f71cfe9a747df]"}, "request_id" => "20261007114744f62f
FAIL R49/2003/r049-2003-fr2-2006-01: API error for R49/2003/r049-2003-fr2-2006-01: {"type" => "error", "error" => {"type" => "rate_limit_error", "code" => "1302", "message" => "[1302][Rate limit reached for requests][2026100711474433b944da27894422]"}, "request_id" => "2026100711474433b9
FAIL R49/2003/r049-2003-fr2-2006-02: API error for R49/2003/r049-2003-fr2-2006-02: {"type" => "error", "error" => {"type" => "rate_limit_error", "code" => "1302", "message" => "[1302][Rate limit reached for requests][2026100711474456be4885ea3244da]"}, "request_id" => "2026100711474456be
FAIL R49/2003/r049-2003-fr2-2006-03: API error for R49/2003/r049-2003-fr2-2006-03: {"type" => "error", "error" => {"type" => "rate_limit_error", "code" => "1302", "message" => "[1302][Rate limit reached for requests][202610071147448827031c377b4d2e]"}, "request_id" => "202610071147448827
FAIL R49/2003/r049-2003-fr2-2006-04: API error for R49/2003/r049-2003-fr2-2006-04: {"type" => "error", "error" => {"type" => "rate_limit_error", "code" => "1302", "message" => "[1302][Rate limit reached for requests][2026100711474492ffea8fc8d44b21]"}, "request_id" => "2026100711474492ff
FAIL R49/2003/r049-2003-nl1-2006-01-rev1: API error for R49/2003/r049-2003-nl1-2006-01-rev1: {"type" => "error", "error" => {"type" => "rate_limit_error", "code" => "1302", "message" => "[1302][Rate limit reached for requests][202610071147443490a250e9cc4305]"}, "request_id" => "2026100711474
FAIL R49/2003/r049-2003-nl1-2006-01: API error for R49/2003/r049-2003-nl1-2006-01: {"type" => "error", "error" => {"type" => "rate_limit_error", "code" => "1302", "message" => "[1302][Rate limit reached for requests][20261007114744b0ae148d97ef4298]"}, "request_id" => "20261007114744b0ae
FAIL R49/2006/r049-2006-au1-2009-01: API error for R49/2006/r049-2006-au1-2009-01: {"type" => "error", "error" => {"type" => "rate_limit_error", "code" => "1302", "message" => "[1302][Rate limit reached for requests][202610071147443c80b5c85d8e4021]"}, "request_id" => "202610071147443c80
FAIL R49/2006/r049-2006-ch1-2007-01: API error for R49/2006/r049-2006-ch1-2007-01: {"type" => "error", "error" => {"type" => "rate_limit_error", "code" => "1302", "message" => "[1302][Rate limit reached for requests][20261007114744c8acbd82de4f4b07]"}, "request_id" => "20261007114744c8ac
FAIL R49/2006/r049-2006-ch1-2007-02: API error for R49/2006/r049-2006-ch1-2007-02: {"type" => "error", "error" => {"type" => "rate_limit_error", "code" => "1302", "message" => "[1302][Rate limit reached for requests][202610071147444035862b50434762]"}, "request_id" => "202610071147444035
FAIL R49/2003/r049-2003-nl1-2012-04: API error for R49/2003/r049-2003-nl1-2012-04: {"type" => "error", "error" => {"type" => "rate_limit_error", "code" => "1302", "message" => "[1302][Rate limit reached for requests][2026100711474427427a8b642d4d77]"}, "request_id" => "202610071147442742
FAIL R49/2006/r049-2006-ch1-2007-03: API error for R49/2006/r049-2006-ch1-2007-03: {"type" => "error", "error" => {"type" => "rate_limit_error", "code" => "1302", "message" => "[1302][Rate limit reached for requests][20261007114744fa9d5ff5fbdf4c18]"}, "request_id" => "20261007114744fa9d
FAIL R49/2006/r049-2006-ch1-2007-04-rev1: API error for R49/2006/r049-2006-ch1-2007-04-rev1: {"type" => "error", "error" => {"type" => "rate_limit_error", "code" => "1302", "message" => "[1302][Rate limit reached for requests][20261007114745fd43d51164d2468d]"}, "request_id" => "2026100711474
FAIL R49/2006/r049-2006-ch1-2007-04: API error for R49/2006/r049-2006-ch1-2007-04: {"type" => "error", "error" => {"type" => "rate_limit_error", "code" => "1302", "message" => "[1302][Rate limit reached for requests][20261007114745dedd7cd3dfc5455e]"}, "request_id" => "20261007114745dedd
FAIL R49/2006/r049-2006-ch1-2007-05: API error for R49/2006/r049-2006-ch1-2007-05: {"type" => "error", "error" => {"type" => "rate_limit_error", "code" => "1302", "message" => "[1302][Rate limit reached for requests][20261007114745a412a03672c0471e]"}, "request_id" => "20261007114745a412
FAIL R49/2006/r049-2006-ch1-2007-05-rev1: API error for R49/2006/r049-2006-ch1-2007-05-rev1: {"type" => "error", "error" => {"type" => "rate_limit_error", "code" => "1302", "message" => "[1302][Rate limit reached for requests][202610071147452bde49f7f36140b9]"}, "request_id" => "2026100711474
FAIL R49/2006/r049-2006-ch1-2008-01: API error for R49/2006/r049-2006-ch1-2008-01: {"type" => "error", "error" => {"type" => "rate_limit_error", "code" => "1302", "message" => "[1302][Rate limit reached for requests][2026100711474566067852d23246ad]"}, "request_id" => "202610071147456606
FAIL R49/2006/r049-2006-ch1-2008-02: API error for R49/2006/r049-2006-ch1-2008-02: {"type" => "error", "error" => {"type" => "rate_limit_error", "code" => "1302", "message" => "[1302][Rate limit reached for requests][20261007114745d9aa4bf38a9d40e4]"}, "request_id" => "20261007114745d9aa
FAIL R49/2006/r049-2006-ch1-2009-03: API error for R49/2006/r049-2006-ch1-2009-03: {"type" => "error", "error" => {"type" => "rate_limit_error", "code" => "1302", "message" => "[1302][Rate limit reached for requests][2026100711474559e0ec649f1a4ea1]"}, "request_id" => "2026100711474559e0
FAIL R49/2006/r049-2006-ch1-2009-01: API error for R49/2006/r049-2006-ch1-2009-01: {"type" => "error", "error" => {"type" => "rate_limit_error", "code" => "1302", "message" => "[1302][Rate limit reached for requests][20261007114745be091825d0824d21]"}, "request_id" => "20261007114745be09
FAIL R49/2006/r049-2006-ch1-2008-04: API error for R49/2006/r049-2006-ch1-2008-04: {"type" => "error", "error" => {"type" => "rate_limit_error", "code" => "1302", "message" => "[1302][Rate limit reached for requests][20261007114745f5094957fa004dc8]"}, "request_id" => "20261007114745f509
FAIL R49/2006/r049-2006-ch1-2009-02: API error for R49/2006/r049-2006-ch1-2009-02: {"type" => "error", "error" => {"type" => "rate_limit_error", "code" => "1302", "message" => "[1302][Rate limit reached for requests][2026100711474541c13b721bbf439b]"}, "request_id" => "2026100711474541c1
FAIL R49/2006/r049-2006-ch1-2009-04: API error for R49/2006/r049-2006-ch1-2009-04: {"type" => "error", "error" => {"type" => "rate_limit_error", "code" => "1302", "message" => "[1302][Rate limit reached for requests][2026100711474594889d12bdc34ed1]"}, "request_id" => "202610071147459488
FAIL R49/2006/r049-2006-cz1-2010-01: API error for R49/2006/r049-2006-cz1-2010-01: {"type" => "error", "error" => {"type" => "rate_limit_error", "code" => "1302", "message" => "[1302][Rate limit reached for requests][20261007114745f1989a5090a9410b]"}, "request_id" => "20261007114745f198
FAIL R49/2006/r049-2006-ch1-2010-01: API error for R49/2006/r049-2006-ch1-2010-01: {"type" => "error", "error" => {"type" => "rate_limit_error", "code" => "1302", "message" => "[1302][Rate limit reached for requests][2026100711474520a1f4a7b9724939]"}, "request_id" => "2026100711474520a1
FAIL R49/2006/r049-2006-cz1-2010-02: API error for R49/2006/r049-2006-cz1-2010-02: {"type" => "error", "error" => {"type" => "rate_limit_error", "code" => "1302", "message" => "[1302][Rate limit reached for requests][2026100711474562b4fb83002345fc]"}, "request_id" => "2026100711474562b4
FAIL R49/2006/r049-2006-cz1-2010-03: API error for R49/2006/r049-2006-cz1-2010-03: {"type" => "error", "error" => {"type" => "rate_limit_error", "code" => "1302", "message" => "[1302][Rate limit reached for requests][2026100711474567984ec86956427c]"}, "request_id" => "202610071147456798
FAIL R49/2006/r049-2006-cz1-2010-04: API error for R49/2006/r049-2006-cz1-2010-04: {"type" => "error", "error" => {"type" => "rate_limit_error", "code" => "1302", "message" => "[1302][Rate limit reached for requests][202610071147454e2923e7d7af4ce5]"}, "request_id" => "202610071147454e29
FAIL R49/2006/r049-2006-cz1-2011-01-rev1: API error for R49/2006/r049-2006-cz1-2011-01-rev1: {"type" => "error", "error" => {"type" => "rate_limit_error", "code" => "1302", "message" => "[1302][Rate limit reached for requests][20261007114745d89e680531cd4f47]"}, "request_id" => "2026100711474
FAIL R49/2006/r049-2006-cz1-2011-01: API error for R49/2006/r049-2006-cz1-2011-01: {"type" => "error", "error" => {"type" => "rate_limit_error", "code" => "1302", "message" => "[1302][Rate limit reached for requests][202610071147456dc6f36500cb4d56]"}, "request_id" => "202610071147456dc6
FAIL R49/2006/r049-2006-cz1-2011-02: API error for R49/2006/r049-2006-cz1-2011-02: {"type" => "error", "error" => {"type" => "rate_limit_error", "code" => "1302", "message" => "[1302][Rate limit reached for requests][202610071147451301c45895234960]"}, "request_id" => "202610071147451301
FAIL R49/2006/r049-2006-cz1-2011-03: API error for R49/2006/r049-2006-cz1-2011-03: {"type" => "error", "error" => {"type" => "rate_limit_error", "code" => "1302", "message" => "[1302][Rate limit reached for requests][202610071147458b9fc90658c245b4]"}, "request_id" => "202610071147458b9f
FAIL R49/2006/r049-2006-cz1-2012-01: API error for R49/2006/r049-2006-cz1-2012-01: {"type" => "error", "error" => {"type" => "rate_limit_error", "code" => "1302", "message" => "[1302][Rate limit reached for requests][20261007114746263dd66fbcc744fc]"}, "request_id" => "20261007114746263d
FAIL R49/2006/r049-2006-cz1-2012-02: API error for R49/2006/r049-2006-cz1-2012-02: {"type" => "error", "error" => {"type" => "rate_limit_error", "code" => "1302", "message" => "[1302][Rate limit reached for requests][20261007114746b97caaabecfb4049]"}, "request_id" => "20261007114746b97c
FAIL R49/2006/r049-2006-cz1-2012-03: API error for R49/2006/r049-2006-cz1-2012-03: {"type" => "error", "error" => {"type" => "rate_limit_error", "code" => "1302", "message" => "[1302][Rate limit reached for requests][202610071147469d2fcdcd89f84a62]"}, "request_id" => "202610071147469d2f
FAIL R49/2006/r049-2006-cz1-2014-01: API error for R49/2006/r049-2006-cz1-2014-01: {"type" => "error", "error" => {"type" => "rate_limit_error", "code" => "1302", "message" => "[1302][Rate limit reached for requests][2026100711474697049466badb456d]"}, "request_id" => "202610071147469704
FAIL R49/2006/r049-2006-cz1-2014-02-rev1: API error for R49/2006/r049-2006-cz1-2014-02-rev1: {"type" => "error", "error" => {"type" => "rate_limit_error", "code" => "1302", "message" => "[1302][Rate limit reached for requests][202610071147467cb8b46175d4496e]"}, "request_id" => "2026100711474
FAIL R49/2006/r049-2006-cz1-2014-02: API error for R49/2006/r049-2006-cz1-2014-02: {"type" => "error", "error" => {"type" => "rate_limit_error", "code" => "1302", "message" => "[1302][Rate limit reached for requests][202610071147461d22230e54df4bde]"}, "request_id" => "202610071147461d22
FAIL R49/2006/r049-2006-cz1-2014-03: API error for R49/2006/r049-2006-cz1-2014-03: {"type" => "error", "error" => {"type" => "rate_limit_error", "code" => "1302", "message" => "[1302][Rate limit reached for requests][2026100711474615259e39ec384156]"}, "request_id" => "202610071147461525
FAIL R49/2006/r049-2006-cz1-2014-04: API error for R49/2006/r049-2006-cz1-2014-04: {"type" => "error", "error" => {"type" => "rate_limit_error", "code" => "1302", "message" => "[1302][Rate limit reached for requests][20261007114746c4840006267845d9]"}, "request_id" => "20261007114746c484
FAIL R49/2006/r049-2006-cz1-2014-05: API error for R49/2006/r049-2006-cz1-2014-05: {"type" => "error", "error" => {"type" => "rate_limit_error", "code" => "1302", "message" => "[1302][Rate limit reached for requests][20261007114746aae02affc236451f]"}, "request_id" => "20261007114746aae0
FAIL R49/2006/r049-2006-de1-2007-03-rev1: API error for R49/2006/r049-2006-de1-2007-03-rev1: {"type" => "error", "error" => {"type" => "rate_limit_error", "code" => "1302", "message" => "[1302][Rate limit reached for requests][2026100711474693e2183a9bae4f1e]"}, "request_id" => "2026100711474
FAIL R49/2006/r049-2006-de1-2007-03-rev2: API error for R49/2006/r049-2006-de1-2007-03-rev2: {"type" => "error", "error" => {"type" => "rate_limit_error", "code" => "1302", "message" => "[1302][Rate limit reached for requests][202610071147467e488cd6977c46c8]"}, "request_id" => "2026100711474
FAIL R49/2006/r049-2006-de1-2007-03-rev4: API error for R49/2006/r049-2006-de1-2007-03-rev4: {"type" => "error", "error" => {"type" => "rate_limit_error", "code" => "1302", "message" => "[1302][Rate limit reached for requests][202610071147460118070560164de4]"}, "request_id" => "2026100711474
FAIL R49/2006/r049-2006-de1-2007-03-rev3: API error for R49/2006/r049-2006-de1-2007-03-rev3: {"type" => "error", "error" => {"type" => "rate_limit_error", "code" => "1302", "message" => "[1302][Rate limit reached for requests][202610071147464d4f8c7a44724b10]"}, "request_id" => "2026100711474
FAIL R49/2006/r049-2006-de1-2007-03: API error for R49/2006/r049-2006-de1-2007-03: {"type" => "error", "error" => {"type" => "rate_limit_error", "code" => "1302", "message" => "[1302][Rate limit reached for requests][2026100711474647b0675c46ca47b8]"}, "request_id" => "2026100711474647b0
FAIL R49/2006/r049-2006-de1-2008-01-rev1: API error for R49/2006/r049-2006-de1-2008-01-rev1: {"type" => "error", "error" => {"type" => "rate_limit_error", "code" => "1302", "message" => "[1302][Rate limit reached for requests][202610071147460937c1cba7cc4ecf]"}, "request_id" => "2026100711474
FAIL R49/2006/r049-2006-de1-2008-01-rev2: API error for R49/2006/r049-2006-de1-2008-01-rev2: {"type" => "error", "error" => {"type" => "rate_limit_error", "code" => "1302", "message" => "[1302][Rate limit reached for requests][20261007114746dfd9797afa594a5d]"}, "request_id" => "2026100711474
FAIL R49/2006/r049-2006-de1-2008-02-rev10: API error for R49/2006/r049-2006-de1-2008-02-rev10: {"type" => "error", "error" => {"type" => "rate_limit_error", "code" => "1302", "message" => "[1302][Rate limit reached for requests][20261007114746bb31e20ab7b84ee0]"}, "request_id" => "202610071147
FAIL R49/2006/r049-2006-de1-2008-02-rev1: API error for R49/2006/r049-2006-de1-2008-02-rev1: {"type" => "error", "error" => {"type" => "rate_limit_error", "code" => "1302", "message" => "[1302][Rate limit reached for requests][2026100711474625dd90a32dad4196]"}, "request_id" => "2026100711474
FAIL R49/2006/r049-2006-de1-2008-02-rev2: API error for R49/2006/r049-2006-de1-2008-02-rev2: {"type" => "error", "error" => {"type" => "rate_limit_error", "code" => "1302", "message" => "[1302][Rate limit reached for requests][202610071147462bf4ccbaae2e4a4b]"}, "request_id" => "2026100711474
FAIL R49/2006/r049-2006-de1-2008-02-rev3: API error for R49/2006/r049-2006-de1-2008-02-rev3: {"type" => "error", "error" => {"type" => "rate_limit_error", "code" => "1302", "message" => "[1302][Rate limit reached for requests][202610071147467d8711cfcf424a7c]"}, "request_id" => "2026100711474
FAIL R49/2006/r049-2006-de1-2008-02-rev4: API error for R49/2006/r049-2006-de1-2008-02-rev4: {"type" => "error", "error" => {"type" => "rate_limit_error", "code" => "1302", "message" => "[1302][Rate limit reached for requests][20261007114747bd5904c5e1724a75]"}, "request_id" => "2026100711474
FAIL R49/2006/r049-2006-de1-2008-02-rev5: API error for R49/2006/r049-2006-de1-2008-02-rev5: {"type" => "error", "error" => {"type" => "rate_limit_error", "code" => "1302", "message" => "[1302][Rate limit reached for requests][202610071147472e210b9e21784b86]"}, "request_id" => "2026100711474
FAIL R49/2006/r049-2006-de1-2008-02-rev6: API error for R49/2006/r049-2006-de1-2008-02-rev6: {"type" => "error", "error" => {"type" => "rate_limit_error", "code" => "1302", "message" => "[1302][Rate limit reached for requests][20261007114747e4cd8c62ea7a4eb8]"}, "request_id" => "2026100711474
FAIL R49/2006/r049-2006-de1-2008-02-rev7: API error for R49/2006/r049-2006-de1-2008-02-rev7: {"type" => "error", "error" => {"type" => "rate_limit_error", "code" => "1302", "message" => "[1302][Rate limit reached for requests][20261007114747f6b280e55b434c6e]"}, "request_id" => "2026100711474
FAIL R49/2006/r049-2006-de1-2008-02-rev8: API error for R49/2006/r049-2006-de1-2008-02-rev8: {"type" => "error", "error" => {"type" => "rate_limit_error", "code" => "1302", "message" => "[1302][Rate limit reached for requests][20261007114747b5e25326d54b4ed8]"}, "request_id" => "2026100711474
FAIL R49/2006/r049-2006-de1-2008-02: API error for R49/2006/r049-2006-de1-2008-02: {"type" => "error", "error" => {"type" => "rate_limit_error", "code" => "1302", "message" => "[1302][Rate limit reached for requests][20261007114747d7821e36890e4640]"}, "request_id" => "20261007114747d782
FAIL R49/2006/r049-2006-de1-2008-02-rev9: API error for R49/2006/r049-2006-de1-2008-02-rev9: {"type" => "error", "error" => {"type" => "rate_limit_error", "code" => "1302", "message" => "[1302][Rate limit reached for requests][202610071147476bc689926d4f4e1f]"}, "request_id" => "2026100711474
FAIL R49/2006/r049-2006-de1-2008-03-rev1: API error for R49/2006/r049-2006-de1-2008-03-rev1: {"type" => "error", "error" => {"type" => "rate_limit_error", "code" => "1302", "message" => "[1302][Rate limit reached for requests][20261007114747806ef46735b447a3]"}, "request_id" => "2026100711474
FAIL R49/2006/r049-2006-de1-2008-04-rev1: API error for R49/2006/r049-2006-de1-2008-04-rev1: {"type" => "error", "error" => {"type" => "rate_limit_error", "code" => "1302", "message" => "[1302][Rate limit reached for requests][2026100711474737d5de585bae41ee]"}, "request_id" => "2026100711474
FAIL R49/2006/r049-2006-de1-2009-01-rev01: API error for R49/2006/r049-2006-de1-2009-01-rev01: {"type" => "error", "error" => {"type" => "rate_limit_error", "code" => "1302", "message" => "[1302][Rate limit reached for requests][20261007114747067994ccd83842d0]"}, "request_id" => "202610071147
FAIL R49/2006/r049-2006-de1-2010-01: API error for R49/2006/r049-2006-de1-2010-01: {"type" => "error", "error" => {"type" => "rate_limit_error", "code" => "1302", "message" => "[1302][Rate limit reached for requests][202610071147475dea1a67f9374cb8]"}, "request_id" => "202610071147475dea
FAIL R49/2006/r049-2006-de1-2010-01-rev1: API error for R49/2006/r049-2006-de1-2010-01-rev1: {"type" => "error", "error" => {"type" => "rate_limit_error", "code" => "1302", "message" => "[1302][Rate limit reached for requests][202610071147474114b197245940ea]"}, "request_id" => "2026100711474
FAIL R49/2006/r049-2006-de1-2010-03-rev1: API error for R49/2006/r049-2006-de1-2010-03-rev1: {"type" => "error", "error" => {"type" => "rate_limit_error", "code" => "1302", "message" => "[1302][Rate limit reached for requests][20261007114747839fffdf60e44c42]"}, "request_id" => "2026100711474
FAIL R49/2006/r049-2006-de1-2010-03-rev2: API error for R49/2006/r049-2006-de1-2010-03-rev2: {"type" => "error", "error" => {"type" => "rate_limit_error", "code" => "1302", "message" => "[1302][Rate limit reached for requests][202610071147479559a7065e8546a3]"}, "request_id" => "2026100711474
FAIL R49/2006/r049-2006-de1-2010-03-rev3: API error for R49/2006/r049-2006-de1-2010-03-rev3: {"type" => "error", "error" => {"type" => "rate_limit_error", "code" => "1302", "message" => "[1302][Rate limit reached for requests][202610071147478ecf402060a94d23]"}, "request_id" => "2026100711474
FAIL R49/2006/r049-2006-de1-2012-01: API error for R49/2006/r049-2006-de1-2012-01: {"type" => "error", "error" => {"type" => "rate_limit_error", "code" => "1302", "message" => "[1302][Rate limit reached for requests][202610071147475e5a8abcbd0d4f88]"}, "request_id" => "202610071147475e5a
FAIL R49/2006/r049-2006-de1-2011-02: API error for R49/2006/r049-2006-de1-2011-02: {"type" => "error", "error" => {"type" => "rate_limit_error", "code" => "1302", "message" => "[1302][Rate limit reached for requests][20261007114747e76af8c71dc54561]"}, "request_id" => "20261007114747e76a
FAIL R49/2006/r049-2006-de1-2012-02-rev1: API error for R49/2006/r049-2006-de1-2012-02-rev1: {"type" => "error", "error" => {"type" => "rate_limit_error", "code" => "1302", "message" => "[1302][Rate limit reached for requests][20261007114747858d3670b54840fe]"}, "request_id" => "2026100711474
FAIL R49/2006/r049-2006-de1-2012-02: API error for R49/2006/r049-2006-de1-2012-02: {"type" => "error", "error" => {"type" => "rate_limit_error", "code" => "1302", "message" => "[1302][Rate limit reached for requests][202610071147471b535a4a26b44a42]"}, "request_id" => "202610071147471b53
FAIL R49/2006/r049-2006-de1-2012-03-rev1: API error for R49/2006/r049-2006-de1-2012-03-rev1: {"type" => "error", "error" => {"type" => "rate_limit_error", "code" => "1302", "message" => "[1302][Rate limit reached for requests][2026100711474771947fe5f06f48d5]"}, "request_id" => "2026100711474
FAIL R49/2006/r049-2006-de1-2012-03: API error for R49/2006/r049-2006-de1-2012-03: {"type" => "error", "error" => {"type" => "rate_limit_error", "code" => "1302", "message" => "[1302][Rate limit reached for requests][202610071147489d68b82fb90349d9]"}, "request_id" => "202610071147489d68
FAIL R49/2006/r049-2006-de1-2012-05: API error for R49/2006/r049-2006-de1-2012-05: {"type" => "error", "error" => {"type" => "rate_limit_error", "code" => "1302", "message" => "[1302][Rate limit reached for requests][2026100711474857c157902d1f4f6e]"}, "request_id" => "2026100711474857c1
FAIL R49/2006/r049-2006-de1-2012-06: API error for R49/2006/r049-2006-de1-2012-06: {"type" => "error", "error" => {"type" => "rate_limit_error", "code" => "1302", "message" => "[1302][Rate limit reached for requests][202610071147486631f9b288c548b9]"}, "request_id" => "202610071147486631
FAIL R49/2006/r049-2006-de1-2013-01-rev1: API error for R49/2006/r049-2006-de1-2013-01-rev1: {"type" => "error", "error" => {"type" => "rate_limit_error", "code" => "1302", "message" => "[1302][Rate limit reached for requests][202610071147483bceb58757cd4d38]"}, "request_id" => "2026100711474
FAIL R49/2006/r049-2006-de1-2013-01: API error for R49/2006/r049-2006-de1-2013-01: {"type" => "error", "error" => {"type" => "rate_limit_error", "code" => "1302", "message" => "[1302][Rate limit reached for requests][20261007114748ada45066f65f4be3]"}, "request_id" => "20261007114748ada4
FAIL R49/2006/r049-2006-de1-2013-02: API error for R49/2006/r049-2006-de1-2013-02: {"type" => "error", "error" => {"type" => "rate_limit_error", "code" => "1302", "message" => "[1302][Rate limit reached for requests][20261007114748505e155b5a9d48b8]"}, "request_id" => "20261007114748505e
FAIL R49/2006/r049-2006-de1-2013-02-rev1: API error for R49/2006/r049-2006-de1-2013-02-rev1: {"type" => "error", "error" => {"type" => "rate_limit_error", "code" => "1302", "message" => "[1302][Rate limit reached for requests][202610071147480db951e1ae5f4e9e]"}, "request_id" => "2026100711474
FAIL R49/2006/r049-2006-de1-2015-01: API error for R49/2006/r049-2006-de1-2015-01: {"type" => "error", "error" => {"type" => "rate_limit_error", "code" => "1302", "message" => "[1302][Rate limit reached for requests][2026100711474869d12bf566914b57]"}, "request_id" => "2026100711474869d1
FAIL R49/2006/r049-2006-de1-2015-02: API error for R49/2006/r049-2006-de1-2015-02: {"type" => "error", "error" => {"type" => "rate_limit_error", "code" => "1302", "message" => "[1302][Rate limit reached for requests][20261007114748a7e414906e184600]"}, "request_id" => "20261007114748a7e4
FAIL R49/2006/r049-2006-de1-2015-03: API error for R49/2006/r049-2006-de1-2015-03: {"type" => "error", "error" => {"type" => "rate_limit_error", "code" => "1302", "message" => "[1302][Rate limit reached for requests][20261007114748a0911fc6a49d40a0]"}, "request_id" => "20261007114748a091
FAIL R49/2006/r049-2006-de1-2014-01: API error for R49/2006/r049-2006-de1-2014-01: {"type" => "error", "error" => {"type" => "rate_limit_error", "code" => "1302", "message" => "[1302][Rate limit reached for requests][2026100711474876ccee5c1fb947ed]"}, "request_id" => "2026100711474876cc
FAIL R49/2006/r049-2006-dk2-2010-01-annex1: API error for R49/2006/r049-2006-dk2-2010-01-annex1: {"type" => "error", "error" => {"type" => "rate_limit_error", "code" => "1302", "message" => "[1302][Rate limit reached for requests][202610071147480d250b2cdef34d60]"}, "request_id" => "20261007114
FAIL R49/2006/r049-2006-dk2-2010-01: API error for R49/2006/r049-2006-dk2-2010-01: {"type" => "error", "error" => {"type" => "rate_limit_error", "code" => "1302", "message" => "[1302][Rate limit reached for requests][20261007114748302bf45821964aa7]"}, "request_id" => "20261007114748302b
FAIL R49/2006/r049-2006-es1-2010-02: API error for R49/2006/r049-2006-es1-2010-02: {"type" => "error", "error" => {"type" => "rate_limit_error", "code" => "1302", "message" => "[1302][Rate limit reached for requests][20261007114748acea5495ec564bb8]"}, "request_id" => "20261007114748acea
FAIL R49/2006/r049-2006-fr2-2008-01: API error for R49/2006/r049-2006-fr2-2008-01: {"type" => "error", "error" => {"type" => "rate_limit_error", "code" => "1302", "message" => "[1302][Rate limit reached for requests][20261007114748733bfa2f4ae4465a]"}, "request_id" => "20261007114748733b
FAIL R49/2006/r049-2006-fr2-2008-02-rev2: API error for R49/2006/r049-2006-fr2-2008-02-rev2: {"type" => "error", "error" => {"type" => "rate_limit_error", "code" => "1302", "message" => "[1302][Rate limit reached for requests][202610071147489a8e150e39cf416c]"}, "request_id" => "2026100711474
FAIL R49/2006/r049-2006-fr2-2008-02-rev3: API error for R49/2006/r049-2006-fr2-2008-02-rev3: {"type" => "error", "error" => {"type" => "rate_limit_error", "code" => "1302", "message" => "[1302][Rate limit reached for requests][202610071147487ed9c9a152e3429e]"}, "request_id" => "2026100711474
FAIL R49/2006/r049-2006-fr2-2008-03: API error for R49/2006/r049-2006-fr2-2008-03: {"type" => "error", "error" => {"type" => "rate_limit_error", "code" => "1302", "message" => "[1302][Rate limit reached for requests][20261007114748d2bb9094166e40de]"}, "request_id" => "20261007114748d2bb
FAIL R49/2006/r049-2006-fr2-2008-04-rev1: API error for R49/2006/r049-2006-fr2-2008-04-rev1: {"type" => "error", "error" => {"type" => "rate_limit_error", "code" => "1302", "message" => "[1302][Rate limit reached for requests][20261007114748efac3cdb011d4bea]"}, "request_id" => "2026100711474
FAIL R49/2006/r049-2006-fr2-2008-05-rev1: API error for R49/2006/r049-2006-fr2-2008-05-rev1: {"type" => "error", "error" => {"type" => "rate_limit_error", "code" => "1302", "message" => "[1302][Rate limit reached for requests][202610071147481ac4096d9b81449a]"}, "request_id" => "2026100711474
FAIL R49/2006/r049-2006-fr2-2008-06: API error for R49/2006/r049-2006-fr2-2008-06: {"type" => "error", "error" => {"type" => "rate_limit_error", "code" => "1302", "message" => "[1302][Rate limit reached for requests][202610071147498bfa77b1964c4b55]"}, "request_id" => "202610071147498bfa
FAIL R49/2006/r049-2006-fr2-2008-05-rev2: API error for R49/2006/r049-2006-fr2-2008-05-rev2: {"type" => "error", "error" => {"type" => "rate_limit_error", "code" => "1302", "message" => "[1302][Rate limit reached for requests][202610071147492d11c2486dbc47f8]"}, "request_id" => "2026100711474
FAIL R49/2006/r049-2006-fr2-2009-01-rev1: API error for R49/2006/r049-2006-fr2-2009-01-rev1: {"type" => "error", "error" => {"type" => "rate_limit_error", "code" => "1302", "message" => "[1302][Rate limit reached for requests][20261007114749e1259a16d5104e2c]"}, "request_id" => "2026100711474
FAIL R49/2006/r049-2006-fr2-2009-01-rev2: API error for R49/2006/r049-2006-fr2-2009-01-rev2: {"type" => "error", "error" => {"type" => "rate_limit_error", "code" => "1302", "message" => "[1302][Rate limit reached for requests][20261007114749b598c67d4dc242a2]"}, "request_id" => "2026100711474
FAIL R49/2006/r049-2006-fr2-2009-01-rev3: API error for R49/2006/r049-2006-fr2-2009-01-rev3: {"type" => "error", "error" => {"type" => "rate_limit_error", "code" => "1302", "message" => "[1302][Rate limit reached for requests][20261007114749df955060188b4f6b]"}, "request_id" => "2026100711474
FAIL R49/2006/r049-2006-fr2-2009-02: API error for R49/2006/r049-2006-fr2-2009-02: {"type" => "error", "error" => {"type" => "rate_limit_error", "code" => "1302", "message" => "[1302][Rate limit reached for requests][20261007114749cf51fb4c942045bc]"}, "request_id" => "20261007114749cf51
FAIL R49/2006/r049-2006-fr2-2009-03: API error for R49/2006/r049-2006-fr2-2009-03: {"type" => "error", "error" => {"type" => "rate_limit_error", "code" => "1302", "message" => "[1302][Rate limit reached for requests][20261007114749a0313cc09fe747c6]"}, "request_id" => "20261007114749a031
FAIL R49/2006/r049-2006-fr2-2009-01: API error for R49/2006/r049-2006-fr2-2009-01: {"type" => "error", "error" => {"type" => "rate_limit_error", "code" => "1302", "message" => "[1302][Rate limit reached for requests][20261007114749cd5de68255a14b72]"}, "request_id" => "20261007114749cd5d
FAIL R49/2006/r049-2006-fr2-2009-04: API error for R49/2006/r049-2006-fr2-2009-04: {"type" => "error", "error" => {"type" => "rate_limit_error", "code" => "1302", "message" => "[1302][Rate limit reached for requests][2026100711474949c66eebbbc34e4d]"}, "request_id" => "2026100711474949c6
FAIL R49/2006/r049-2006-fr2-2009-06: API error for R49/2006/r049-2006-fr2-2009-06: {"type" => "error", "error" => {"type" => "rate_limit_error", "code" => "1302", "message" => "[1302][Rate limit reached for requests][20261007114749cbade5e8b95246a4]"}, "request_id" => "20261007114749cbad
FAIL R49/2006/r049-2006-fr2-2009-06-rev1: API error for R49/2006/r049-2006-fr2-2009-06-rev1: {"type" => "error", "error" => {"type" => "rate_limit_error", "code" => "1302", "message" => "[1302][Rate limit reached for requests][202610071147496d5282d09fbe4421]"}, "request_id" => "2026100711474
FAIL R49/2006/r049-2006-fr2-2009-07-rev1: API error for R49/2006/r049-2006-fr2-2009-07-rev1: {"type" => "error", "error" => {"type" => "rate_limit_error", "code" => "1302", "message" => "[1302][Rate limit reached for requests][202610071147491a5117a407054627]"}, "request_id" => "2026100711474
FAIL R49/2006/r049-2006-fr2-2009-05: API error for R49/2006/r049-2006-fr2-2009-05: {"type" => "error", "error" => {"type" => "rate_limit_error", "code" => "1302", "message" => "[1302][Rate limit reached for requests][2026100711474963e7ededf9b148cd]"}, "request_id" => "2026100711474963e7
FAIL R49/2006/r049-2006-fr2-2009-07-rev2: API error for R49/2006/r049-2006-fr2-2009-07-rev2: {"type" => "error", "error" => {"type" => "rate_limit_error", "code" => "1302", "message" => "[1302][Rate limit reached for requests][202610071147495b738463d6894f87]"}, "request_id" => "2026100711474
FAIL R49/2006/r049-2006-fr2-2010-01-rev1: API error for R49/2006/r049-2006-fr2-2010-01-rev1: {"type" => "error", "error" => {"type" => "rate_limit_error", "code" => "1302", "message" => "[1302][Rate limit reached for requests][20261007114749a4a2b268924842ff]"}, "request_id" => "2026100711474
FAIL R49/2006/r049-2006-fr2-2010-03-rev1: API error for R49/2006/r049-2006-fr2-2010-03-rev1: {"type" => "error", "error" => {"type" => "rate_limit_error", "code" => "1302", "message" => "[1302][Rate limit reached for requests][202610071147495baf42ae2c1e4f74]"}, "request_id" => "2026100711474
FAIL R49/2006/r049-2006-fr2-2010-03: API error for R49/2006/r049-2006-fr2-2010-03: {"type" => "error", "error" => {"type" => "rate_limit_error", "code" => "1302", "message" => "[1302][Rate limit reached for requests][20261007114749a83f3c0a9d474a73]"}, "request_id" => "20261007114749a83f
FAIL R49/2006/r049-2006-fr2-2010-04: API error for R49/2006/r049-2006-fr2-2010-04: {"type" => "error", "error" => {"type" => "rate_limit_error", "code" => "1302", "message" => "[1302][Rate limit reached for requests][202610071147491ab2125e5eec464b]"}, "request_id" => "202610071147491ab2
FAIL R49/2006/r049-2006-fr2-2010-06: API error for R49/2006/r049-2006-fr2-2010-06: {"type" => "error", "error" => {"type" => "rate_limit_error", "code" => "1302", "message" => "[1302][Rate limit reached for requests][20261007114750a93e581dc8204c60]"}, "request_id" => "20261007114750a93e
FAIL R49/2006/r049-2006-fr2-2010-05: API error for R49/2006/r049-2006-fr2-2010-05: {"type" => "error", "error" => {"type" => "rate_limit_error", "code" => "1302", "message" => "[1302][Rate limit reached for requests][20261007114750c12030cf765a45a7]"}, "request_id" => "20261007114750c120
FAIL R49/2006/r049-2006-fr2-2011-04: API error for R49/2006/r049-2006-fr2-2011-04: {"type" => "error", "error" => {"type" => "rate_limit_error", "code" => "1302", "message" => "[1302][Rate limit reached for requests][2026100711475097ba9b6ab95d4b19]"}, "request_id" => "2026100711475097ba
FAIL R49/2006/r049-2006-fr2-2011-02-rev1: API error for R49/2006/r049-2006-fr2-2011-02-rev1: {"type" => "error", "error" => {"type" => "rate_limit_error", "code" => "1302", "message" => "[1302][Rate limit reached for requests][20261007114750666a1e829d794a2c]"}, "request_id" => "2026100711475
FAIL R49/2006/r049-2006-fr2-2012-01: API error for R49/2006/r049-2006-fr2-2012-01: {"type" => "error", "error" => {"type" => "rate_limit_error", "code" => "1302", "message" => "[1302][Rate limit reached for requests][20261007114750189606edf251412d]"}, "request_id" => "202610071147501896
FAIL R49/2006/r049-2006-fr2-2012-02-rev0: API error for R49/2006/r049-2006-fr2-2012-02-rev0: {"type" => "error", "error" => {"type" => "rate_limit_error", "code" => "1302", "message" => "[1302][Rate limit reached for requests][202610071147501a13a7024e2147de]"}, "request_id" => "2026100711475
FAIL R49/2006/r049-2006-fr2-2010-07: API error for R49/2006/r049-2006-fr2-2010-07: {"type" => "error", "error" => {"type" => "rate_limit_error", "code" => "1302", "message" => "[1302][Rate limit reached for requests][20261007114750235684c4604d4497]"}, "request_id" => "202610071147502356
FAIL R49/2006/r049-2006-fr2-2012-03-rev0: API error for R49/2006/r049-2006-fr2-2012-03-rev0: {"type" => "error", "error" => {"type" => "rate_limit_error", "code" => "1302", "message" => "[1302][Rate limit reached for requests][20261007114750a067fe5532914e4f]"}, "request_id" => "2026100711475
FAIL R49/2006/r049-2006-fr2-2012-02-rev1: API error for R49/2006/r049-2006-fr2-2012-02-rev1: {"type" => "error", "error" => {"type" => "rate_limit_error", "code" => "1302", "message" => "[1302][Rate limit reached for requests][202610071147508deed39092f045f9]"}, "request_id" => "2026100711475
FAIL R49/2006/r049-2006-fr2-2012-04-rev4: API error for R49/2006/r049-2006-fr2-2012-04-rev4: {"type" => "error", "error" => {"type" => "rate_limit_error", "code" => "1302", "message" => "[1302][Rate limit reached for requests][202610071147500cb5035d67284435]"}, "request_id" => "2026100711475
FAIL R49/2006/r049-2006-fr2-2013-01-rev1: API error for R49/2006/r049-2006-fr2-2013-01-rev1: {"type" => "error", "error" => {"type" => "rate_limit_error", "code" => "1302", "message" => "[1302][Rate limit reached for requests][20261007114750903bfd2280cc4635]"}, "request_id" => "2026100711475
FAIL R49/2006/r049-2006-fr2-2013-02: API error for R49/2006/r049-2006-fr2-2013-02: {"type" => "error", "error" => {"type" => "rate_limit_error", "code" => "1302", "message" => "[1302][Rate limit reached for requests][202610071147509d98b4e717814918]"}, "request_id" => "202610071147509d98
FAIL R49/2006/r049-2006-fr2-2014-02: API error for R49/2006/r049-2006-fr2-2014-02: {"type" => "error", "error" => {"type" => "rate_limit_error", "code" => "1302", "message" => "[1302][Rate limit reached for requests][20261007114750be47fecafed045c5]"}, "request_id" => "20261007114750be47
FAIL R49/2006/r049-2006-fr2-2014-01: API error for R49/2006/r049-2006-fr2-2014-01: {"type" => "error", "error" => {"type" => "rate_limit_error", "code" => "1302", "message" => "[1302][Rate limit reached for requests][20261007114750e49b5865c6d5487a]"}, "request_id" => "20261007114750e49b
FAIL R49/2006/r049-2006-fr2-2014-03-rev1: API error for R49/2006/r049-2006-fr2-2014-03-rev1: {"type" => "error", "error" => {"type" => "rate_limit_error", "code" => "1302", "message" => "[1302][Rate limit reached for requests][20261007114750e7a959b9c58c4570]"}, "request_id" => "2026100711475
FAIL R49/2006/r049-2006-fr2-2014-03: API error for R49/2006/r049-2006-fr2-2014-03: {"type" => "error", "error" => {"type" => "rate_limit_error", "code" => "1302", "message" => "[1302][Rate limit reached for requests][202610071147500ddb5f5f75cb47b1]"}, "request_id" => "202610071147500ddb
FAIL R49/2006/r049-2006-fr2-2014-03-rev2: API error for R49/2006/r049-2006-fr2-2014-03-rev2: {"type" => "error", "error" => {"type" => "rate_limit_error", "code" => "1302", "message" => "[1302][Rate limit reached for requests][202610071147503f35fef72a81419b]"}, "request_id" => "2026100711475
FAIL R49/2006/r049-2006-fr2-2015-01-rev3: API error for R49/2006/r049-2006-fr2-2015-01-rev3: {"type" => "error", "error" => {"type" => "rate_limit_error", "code" => "1302", "message" => "[1302][Rate limit reached for requests][202610071147508bf23147c5154fe2]"}, "request_id" => "2026100711475
FAIL R49/2006/r049-2006-gb1-2007-01-annex1: API error for R49/2006/r049-2006-gb1-2007-01-annex1: {"type" => "error", "error" => {"type" => "rate_limit_error", "code" => "1302", "message" => "[1302][Rate limit reached for requests][2026100711475186082b96f1db454f]"}, "request_id" => "20261007114
FAIL R49/2006/r049-2006-gb1-2007-01-rev2: API error for R49/2006/r049-2006-gb1-2007-01-rev2: {"type" => "error", "error" => {"type" => "rate_limit_error", "code" => "1302", "message" => "[1302][Rate limit reached for requests][20261007114751916dccdaa69d49b3]"}, "request_id" => "2026100711475
FAIL R49/2006/r049-2006-gb1-2007-01-rev1: API error for R49/2006/r049-2006-gb1-2007-01-rev1: {"type" => "error", "error" => {"type" => "rate_limit_error", "code" => "1302", "message" => "[1302][Rate limit reached for requests][20261007114751b908100acde14f62]"}, "request_id" => "2026100711475
FAIL R49/2006/r049-2006-gb1-2007-01-rev3: API error for R49/2006/r049-2006-gb1-2007-01-rev3: {"type" => "error", "error" => {"type" => "rate_limit_error", "code" => "1302", "message" => "[1302][Rate limit reached for requests][202610071147511e0605a97c5f42bb]"}, "request_id" => "2026100711475
FAIL R49/2006/r049-2006-fr2-2015-01: API error for R49/2006/r049-2006-fr2-2015-01: {"type" => "error", "error" => {"type" => "rate_limit_error", "code" => "1302", "message" => "[1302][Rate limit reached for requests][202610071147506bda73e707624556]"}, "request_id" => "202610071147506bda
FAIL R49/2006/r049-2006-gb1-2007-01-rev4-annex2: API error for R49/2006/r049-2006-gb1-2007-01-rev4-annex2: {"type" => "error", "error" => {"type" => "rate_limit_error", "code" => "1302", "message" => "[1302][Rate limit reached for requests][20261007114751ce36d28367e24043]"}, "request_id" => "202610
FAIL R49/2006/r049-2006-gb1-2007-01: API error for R49/2006/r049-2006-gb1-2007-01: {"type" => "error", "error" => {"type" => "rate_limit_error", "code" => "1302", "message" => "[1302][Rate limit reached for requests][20261007114751b7b0c6ed347545a7]"}, "request_id" => "20261007114751b7b0
FAIL R49/2006/r049-2006-gb1-2007-01-rev4: API error for R49/2006/r049-2006-gb1-2007-01-rev4: {"type" => "error", "error" => {"type" => "rate_limit_error", "code" => "1302", "message" => "[1302][Rate limit reached for requests][2026100711475187d862ae836449f8]"}, "request_id" => "2026100711475
FAIL R49/2006/r049-2006-gb1-2008-01-rev1: API error for R49/2006/r049-2006-gb1-2008-01-rev1: {"type" => "error", "error" => {"type" => "rate_limit_error", "code" => "1302", "message" => "[1302][Rate limit reached for requests][202610071147512c300128f4344825]"}, "request_id" => "2026100711475
FAIL R49/2006/r049-2006-gb1-2008-01-rev2: API error for R49/2006/r049-2006-gb1-2008-01-rev2: {"type" => "error", "error" => {"type" => "rate_limit_error", "code" => "1302", "message" => "[1302][Rate limit reached for requests][2026100711475190c726ff4d41434d]"}, "request_id" => "2026100711475
FAIL R49/2006/r049-2006-gb1-2008-01: API error for R49/2006/r049-2006-gb1-2008-01: {"type" => "error", "error" => {"type" => "rate_limit_error", "code" => "1302", "message" => "[1302][Rate limit reached for requests][202610071147511e99725c095f4efb]"}, "request_id" => "202610071147511e99
FAIL R49/2006/r049-2006-gb1-2009-01-rev1: API error for R49/2006/r049-2006-gb1-2009-01-rev1: {"type" => "error", "error" => {"type" => "rate_limit_error", "code" => "1302", "message" => "[1302][Rate limit reached for requests][202610071147519b62443abe3e4470]"}, "request_id" => "2026100711475
FAIL R49/2006/r049-2006-gb1-2009-01-rev4: API error for R49/2006/r049-2006-gb1-2009-01-rev4: {"type" => "error", "error" => {"type" => "rate_limit_error", "code" => "1302", "message" => "[1302][Rate limit reached for requests][20261007114751728c4ef4acf64e9a]"}, "request_id" => "2026100711475
FAIL R49/2006/r049-2006-gb1-2009-01-rev3: API error for R49/2006/r049-2006-gb1-2009-01-rev3: {"type" => "error", "error" => {"type" => "rate_limit_error", "code" => "1302", "message" => "[1302][Rate limit reached for requests][20261007114751cff8806cfe814d18]"}, "request_id" => "2026100711475
FAIL R49/2006/r049-2006-gb1-2009-01-rev2: API error for R49/2006/r049-2006-gb1-2009-01-rev2: {"type" => "error", "error" => {"type" => "rate_limit_error", "code" => "1302", "message" => "[1302][Rate limit reached for requests][2026100711475145215de956ec4524]"}, "request_id" => "2026100711475
FAIL R49/2006/r049-2006-gb1-2009-01-rev5: API error for R49/2006/r049-2006-gb1-2009-01-rev5: {"type" => "error", "error" => {"type" => "rate_limit_error", "code" => "1302", "message" => "[1302][Rate limit reached for requests][20261007114751e908b67106ed4c36]"}, "request_id" => "2026100711475
FAIL R49/2006/r049-2006-gb1-2009-01: API error for R49/2006/r049-2006-gb1-2009-01: {"type" => "error", "error" => {"type" => "rate_limit_error", "code" => "1302", "message" => "[1302][Rate limit reached for requests][20261007114751356a452c0a7c4bc1]"}, "request_id" => "20261007114751356a
FAIL R49/2006/r049-2006-gb1-2010-01-rev1: API error for R49/2006/r049-2006-gb1-2010-01-rev1: {"type" => "error", "error" => {"type" => "rate_limit_error", "code" => "1302", "message" => "[1302][Rate limit reached for requests][20261007114751b2381a842ac94836]"}, "request_id" => "2026100711475
FAIL R49/2006/r049-2006-gb1-2010-01-rev2: API error for R49/2006/r049-2006-gb1-2010-01-rev2: {"type" => "error", "error" => {"type" => "rate_limit_error", "code" => "1302", "message" => "[1302][Rate limit reached for requests][20261007114751dc781f78df9341d3]"}, "request_id" => "2026100711475
FAIL R49/2006/r049-2006-gb1-2010-02: API error for R49/2006/r049-2006-gb1-2010-02: {"type" => "error", "error" => {"type" => "rate_limit_error", "code" => "1302", "message" => "[1302][Rate limit reached for requests][20261007114752c0545db3548a44f9]"}, "request_id" => "20261007114752c054
FAIL R49/2006/r049-2006-gb1-2010-01: API error for R49/2006/r049-2006-gb1-2010-01: {"type" => "error", "error" => {"type" => "rate_limit_error", "code" => "1302", "message" => "[1302][Rate limit reached for requests][20261007114752570d80598f1642be]"}, "request_id" => "20261007114752570d
FAIL R49/2006/r049-2006-gb1-2010-03: API error for R49/2006/r049-2006-gb1-2010-03: {"type" => "error", "error" => {"type" => "rate_limit_error", "code" => "1302", "message" => "[1302][Rate limit reached for requests][20261007114752008eaffad4104188]"}, "request_id" => "20261007114752008e
FAIL R49/2006/r049-2006-gb1-2010-04-rev1: API error for R49/2006/r049-2006-gb1-2010-04-rev1: {"type" => "error", "error" => {"type" => "rate_limit_error", "code" => "1302", "message" => "[1302][Rate limit reached for requests][2026100711475294e9f8171d704d8f]"}, "request_id" => "2026100711475
FAIL R49/2006/r049-2006-gb1-2010-04: API error for R49/2006/r049-2006-gb1-2010-04: {"type" => "error", "error" => {"type" => "rate_limit_error", "code" => "1302", "message" => "[1302][Rate limit reached for requests][20261007114752226f296c17b84a96]"}, "request_id" => "20261007114752226f
FAIL R49/2006/r049-2006-gb1-2011-01: API error for R49/2006/r049-2006-gb1-2011-01: {"type" => "error", "error" => {"type" => "rate_limit_error", "code" => "1302", "message" => "[1302][Rate limit reached for requests][2026100711475229e881c2d35442bf]"}, "request_id" => "2026100711475229e8
FAIL R49/2006/r049-2006-gb1-2011-03-rev1: API error for R49/2006/r049-2006-gb1-2011-03-rev1: {"type" => "error", "error" => {"type" => "rate_limit_error", "code" => "1302", "message" => "[1302][Rate limit reached for requests][20261007114752ee23db20bbaa456d]"}, "request_id" => "2026100711475
FAIL R49/2006/r049-2006-gb1-2011-03-rev2: API error for R49/2006/r049-2006-gb1-2011-03-rev2: {"type" => "error", "error" => {"type" => "rate_limit_error", "code" => "1302", "message" => "[1302][Rate limit reached for requests][2026100711475217edd1de8ee54748]"}, "request_id" => "2026100711475
FAIL R49/2006/r049-2006-gb1-2011-02: API error for R49/2006/r049-2006-gb1-2011-02: {"type" => "error", "error" => {"type" => "rate_limit_error", "code" => "1302", "message" => "[1302][Rate limit reached for requests][20261007114752b0844a5dba314922]"}, "request_id" => "20261007114752b084
FAIL R49/2006/r049-2006-gb1-2011-03: API error for R49/2006/r049-2006-gb1-2011-03: {"type" => "error", "error" => {"type" => "rate_limit_error", "code" => "1302", "message" => "[1302][Rate limit reached for requests][20261007114752551f0483a44a4c64]"}, "request_id" => "20261007114752551f
FAIL R49/2006/r049-2006-gb1-2010-05-rev1: API error for R49/2006/r049-2006-gb1-2010-05-rev1: {"type" => "error", "error" => {"type" => "rate_limit_error", "code" => "1302", "message" => "[1302][Rate limit reached for requests][2026100711475242d62d0b27c34300]"}, "request_id" => "2026100711475
FAIL R49/2006/r049-2006-gb1-2014-01: API error for R49/2006/r049-2006-gb1-2014-01: {"type" => "error", "error" => {"type" => "rate_limit_error", "code" => "1302", "message" => "[1302][Rate limit reached for requests][202610071147526f542bf3835f4e91]"}, "request_id" => "202610071147526f54
FAIL R49/2006/r049-2006-gb1-2014-02: API error for R49/2006/r049-2006-gb1-2014-02: {"type" => "error", "error" => {"type" => "rate_limit_error", "code" => "1302", "message" => "[1302][Rate limit reached for requests][20261007114752749cd395886f4a78]"}, "request_id" => "20261007114752749c
FAIL R49/2006/r049-2006-gb1-2015-01: API error for R49/2006/r049-2006-gb1-2015-01: {"type" => "error", "error" => {"type" => "rate_limit_error", "code" => "1302", "message" => "[1302][Rate limit reached for requests][202610071147521826364a93184ebd]"}, "request_id" => "202610071147521826
FAIL R49/2006/r049-2006-it1-2013-01: API error for R49/2006/r049-2006-it1-2013-01: {"type" => "error", "error" => {"type" => "rate_limit_error", "code" => "1302", "message" => "[1302][Rate limit reached for requests][2026100711475231402095fc5e4f67]"}, "request_id" => "202610071147523140
FAIL R49/2006/r049-2006-it1-2013-02: API error for R49/2006/r049-2006-it1-2013-02: {"type" => "error", "error" => {"type" => "rate_limit_error", "code" => "1302", "message" => "[1302][Rate limit reached for requests][20261007114752ba5fd77da46b423f]"}, "request_id" => "20261007114752ba5f
FAIL R49/2006/r049-2006-it1-2014-01: API error for R49/2006/r049-2006-it1-2014-01: {"type" => "error", "error" => {"type" => "rate_limit_error", "code" => "1302", "message" => "[1302][Rate limit reached for requests][20261007114752126cd82d803140d2]"}, "request_id" => "20261007114752126c
FAIL R49/2006/r049-2006-jp1-2014-01: API error for R49/2006/r049-2006-jp1-2014-01: {"type" => "error", "error" => {"type" => "rate_limit_error", "code" => "1302", "message" => "[1302][Rate limit reached for requests][20261007114752e1b8ec9bd78047c6]"}, "request_id" => "20261007114752e1b8
FAIL R49/2006/r049-2006-nl1-2006-01-rev2: API error for R49/2006/r049-2006-nl1-2006-01-rev2: {"type" => "error", "error" => {"type" => "rate_limit_error", "code" => "1302", "message" => "[1302][Rate limit reached for requests][20261007114753999fcb2123ae44ff]"}, "request_id" => "2026100711475
FAIL R49/2006/r049-2006-nl1-2009-01: API error for R49/2006/r049-2006-nl1-2009-01: {"type" => "error", "error" => {"type" => "rate_limit_error", "code" => "1302", "message" => "[1302][Rate limit reached for requests][20261007114753f45bf9a2b45b4f2b]"}, "request_id" => "20261007114753f45b
FAIL R49/2006/r049-2006-nl1-2010-01: API error for R49/2006/r049-2006-nl1-2010-01: {"type" => "error", "error" => {"type" => "rate_limit_error", "code" => "1302", "message" => "[1302][Rate limit reached for requests][20261007114753cecd6de7998c4186]"}, "request_id" => "20261007114753cecd
FAIL R49/2006/r049-2006-nl1-2011-02-rev1: API error for R49/2006/r049-2006-nl1-2011-02-rev1: {"type" => "error", "error" => {"type" => "rate_limit_error", "code" => "1302", "message" => "[1302][Rate limit reached for requests][202610071147533e914097bc764800]"}, "request_id" => "2026100711475
FAIL R49/2006/r049-2006-nl1-2011-02: API error for R49/2006/r049-2006-nl1-2011-02: {"type" => "error", "error" => {"type" => "rate_limit_error", "code" => "1302", "message" => "[1302][Rate limit reached for requests][202610071147532951ffe2bc6d44d0]"}, "request_id" => "202610071147532951
FAIL R49/2006/r049-2006-nl1-2011-03: API error for R49/2006/r049-2006-nl1-2011-03: {"type" => "error", "error" => {"type" => "rate_limit_error", "code" => "1302", "message" => "[1302][Rate limit reached for requests][20261007114753861d061f8a2544a9]"}, "request_id" => "20261007114753861d
FAIL R49/2006/r049-2006-nl1-2012-01-rev1: API error for R49/2006/r049-2006-nl1-2012-01-rev1: {"type" => "error", "error" => {"type" => "rate_limit_error", "code" => "1302", "message" => "[1302][Rate limit reached for requests][2026100711475385535fafd04f43ef]"}, "request_id" => "2026100711475
FAIL R49/2006/r049-2006-nl1-2011-01: API error for R49/2006/r049-2006-nl1-2011-01: {"type" => "error", "error" => {"type" => "rate_limit_error", "code" => "1302", "message" => "[1302][Rate limit reached for requests][202610071147534c1ff21e62724ddf]"}, "request_id" => "202610071147534c1f
FAIL R49/2006/r049-2006-nl1-2012-01-rev2: API error for R49/2006/r049-2006-nl1-2012-01-rev2: {"type" => "error", "error" => {"type" => "rate_limit_error", "code" => "1302", "message" => "[1302][Rate limit reached for requests][20261007114753cd17b88475114492]"}, "request_id" => "2026100711475
FAIL R49/2006/r049-2006-nl1-2012-01-rev3: API error for R49/2006/r049-2006-nl1-2012-01-rev3: {"type" => "error", "error" => {"type" => "rate_limit_error", "code" => "1302", "message" => "[1302][Rate limit reached for requests][20261007114753ae88336461314e38]"}, "request_id" => "2026100711475
FAIL R49/2006/r049-2006-nl1-2012-01-rev4: API error for R49/2006/r049-2006-nl1-2012-01-rev4: {"type" => "error", "error" => {"type" => "rate_limit_error", "code" => "1302", "message" => "[1302][Rate limit reached for requests][202610071147533306c8186bea4f1e]"}, "request_id" => "2026100711475
FAIL R49/2006/r049-2006-nl1-2012-01-rev5: API error for R49/2006/r049-2006-nl1-2012-01-rev5: {"type" => "error", "error" => {"type" => "rate_limit_error", "code" => "1302", "message" => "[1302][Rate limit reached for requests][20261007114753c25b8fd871ed4076]"}, "request_id" => "2026100711475
FAIL R49/2006/r049-2006-nl1-2012-01-rev6: API error for R49/2006/r049-2006-nl1-2012-01-rev6: {"type" => "error", "error" => {"type" => "rate_limit_error", "code" => "1302", "message" => "[1302][Rate limit reached for requests][2026100711475312c70c4f781746ad]"}, "request_id" => "2026100711475
FAIL R49/2006/r049-2006-nl1-2012-01-rev8: API error for R49/2006/r049-2006-nl1-2012-01-rev8: {"type" => "error", "error" => {"type" => "rate_limit_error", "code" => "1302", "message" => "[1302][Rate limit reached for requests][202610071147530690f2c276094ad9]"}, "request_id" => "2026100711475
FAIL R49/2006/r049-2006-nl1-2012-01-rev7: API error for R49/2006/r049-2006-nl1-2012-01-rev7: {"type" => "error", "error" => {"type" => "rate_limit_error", "code" => "1302", "message" => "[1302][Rate limit reached for requests][202610071147538032f95ca19d408f]"}, "request_id" => "2026100711475
FAIL R49/2006/r049-2006-nl1-2012-01-rev9: API error for R49/2006/r049-2006-nl1-2012-01-rev9: {"type" => "error", "error" => {"type" => "rate_limit_error", "code" => "1302", "message" => "[1302][Rate limit reached for requests][202610071147538d9438d01bc6406f]"}, "request_id" => "2026100711475
FAIL R49/2006/r049-2006-nl1-2012-01: API error for R49/2006/r049-2006-nl1-2012-01: {"type" => "error", "error" => {"type" => "rate_limit_error", "code" => "1302", "message" => "[1302][Rate limit reached for requests][20261007114753f365f056bbdb420d]"}, "request_id" => "20261007114753f365
FAIL R49/2006/r049-2006-nl1-2012-02: API error for R49/2006/r049-2006-nl1-2012-02: {"type" => "error", "error" => {"type" => "rate_limit_error", "code" => "1302", "message" => "[1302][Rate limit reached for requests][2026100711475366000f273ff548d8]"}, "request_id" => "202610071147536600
FAIL R49/2006/r049-2006-nl1-2012-03-rev1: API error for R49/2006/r049-2006-nl1-2012-03-rev1: {"type" => "error", "error" => {"type" => "rate_limit_error", "code" => "1302", "message" => "[1302][Rate limit reached for requests][2026100711475378be0be0924a43c4]"}, "request_id" => "2026100711475
FAIL R49/2006/r049-2006-nl1-2012-03-rev2: API error for R49/2006/r049-2006-nl1-2012-03-rev2: {"type" => "error", "error" => {"type" => "rate_limit_error", "code" => "1302", "message" => "[1302][Rate limit reached for requests][2026100711475346f05feb099345e4]"}, "request_id" => "2026100711475
FAIL R49/2006/r049-2006-nl1-2012-03: API error for R49/2006/r049-2006-nl1-2012-03: {"type" => "error", "error" => {"type" => "rate_limit_error", "code" => "1302", "message" => "[1302][Rate limit reached for requests][20261007114754236cc376b1e5492e]"}, "request_id" => "20261007114754236c
FAIL R49/2006/r049-2006-nl1-2012-04-rev1: API error for R49/2006/r049-2006-nl1-2012-04-rev1: {"type" => "error", "error" => {"type" => "rate_limit_error", "code" => "1302", "message" => "[1302][Rate limit reached for requests][202610071147542045e325e8074e06]"}, "request_id" => "2026100711475
FAIL R49/2006/r049-2006-nl1-2013-01-rev1: API error for R49/2006/r049-2006-nl1-2013-01-rev1: {"type" => "error", "error" => {"type" => "rate_limit_error", "code" => "1302", "message" => "[1302][Rate limit reached for requests][20261007114754e5f2cebe320e47f0]"}, "request_id" => "2026100711475
FAIL R49/2006/r049-2006-nl1-2013-01-rev10: API error for R49/2006/r049-2006-nl1-2013-01-rev10: {"type" => "error", "error" => {"type" => "rate_limit_error", "code" => "1302", "message" => "[1302][Rate limit reached for requests][20261007114754b090482cb11d4e06]"}, "request_id" => "202610071147
FAIL R49/2006/r049-2006-nl1-2013-01-rev2: API error for R49/2006/r049-2006-nl1-2013-01-rev2: {"type" => "error", "error" => {"type" => "rate_limit_error", "code" => "1302", "message" => "[1302][Rate limit reached for requests][202610071147544e76df0692e448cb]"}, "request_id" => "2026100711475
FAIL R49/2006/r049-2006-nl1-2013-01-rev4: API error for R49/2006/r049-2006-nl1-2013-01-rev4: {"type" => "error", "error" => {"type" => "rate_limit_error", "code" => "1302", "message" => "[1302][Rate limit reached for requests][202610071147546754abf21a344632]"}, "request_id" => "2026100711475
FAIL R49/2006/r049-2006-nl1-2013-01-rev3: API error for R49/2006/r049-2006-nl1-2013-01-rev3: {"type" => "error", "error" => {"type" => "rate_limit_error", "code" => "1302", "message" => "[1302][Rate limit reached for requests][20261007114754ae891560495249e7]"}, "request_id" => "2026100711475
FAIL R49/2006/r049-2006-nl1-2013-01-rev5: API error for R49/2006/r049-2006-nl1-2013-01-rev5: {"type" => "error", "error" => {"type" => "rate_limit_error", "code" => "1302", "message" => "[1302][Rate limit reached for requests][202610071147541d7b913055484e42]"}, "request_id" => "2026100711475
FAIL R49/2006/r049-2006-nl1-2013-01-rev6: API error for R49/2006/r049-2006-nl1-2013-01-rev6: {"type" => "error", "error" => {"type" => "rate_limit_error", "code" => "1302", "message" => "[1302][Rate limit reached for requests][2026100711475498a3fab182094c73]"}, "request_id" => "2026100711475
FAIL R49/2006/r049-2006-nl1-2013-01-rev7: API error for R49/2006/r049-2006-nl1-2013-01-rev7: {"type" => "error", "error" => {"type" => "rate_limit_error", "code" => "1302", "message" => "[1302][Rate limit reached for requests][2026100711475476ec41fc350c4bf8]"}, "request_id" => "2026100711475
FAIL R49/2006/r049-2006-nl1-2013-01-rev8: API error for R49/2006/r049-2006-nl1-2013-01-rev8: {"type" => "error", "error" => {"type" => "rate_limit_error", "code" => "1302", "message" => "[1302][Rate limit reached for requests][202610071147544cf89d777af74a01]"}, "request_id" => "2026100711475
FAIL R49/2006/r049-2006-nl1-2013-01-rev9: API error for R49/2006/r049-2006-nl1-2013-01-rev9: {"type" => "error", "error" => {"type" => "rate_limit_error", "code" => "1302", "message" => "[1302][Rate limit reached for requests][20261007114754d2ff0f5e99f4403a]"}, "request_id" => "2026100711475
FAIL R49/2006/r049-2006-nl1-2013-01: API error for R49/2006/r049-2006-nl1-2013-01: {"type" => "error", "error" => {"type" => "rate_limit_error", "code" => "1302", "message" => "[1302][Rate limit reached for requests][202610071147544e133f73448648ed]"}, "request_id" => "202610071147544e13
FAIL R49/2006/r049-2006-nl1-2014-01: API error for R49/2006/r049-2006-nl1-2014-01: {"type" => "error", "error" => {"type" => "rate_limit_error", "code" => "1302", "message" => "[1302][Rate limit reached for requests][20261007114754f1cd483b0cc5417a]"}, "request_id" => "20261007114754f1cd
FAIL R49/2006/r049-2006-nl1-2016-14-rev1: API error for R49/2006/r049-2006-nl1-2016-14-rev1: {"type" => "error", "error" => {"type" => "rate_limit_error", "code" => "1302", "message" => "[1302][Rate limit reached for requests][202610071147546c757e07f5754733]"}, "request_id" => "2026100711475
FAIL R49/2006/r049-2006-nl1-2019-03-rev1: API error for R49/2006/r049-2006-nl1-2019-03-rev1: {"type" => "error", "error" => {"type" => "rate_limit_error", "code" => "1302", "message" => "[1302][Rate limit reached for requests][202610071147540435537ac8fd48c0]"}, "request_id" => "2026100711475
FAIL R49/2006/r049-2006-nl1-2019-03: API error for R49/2006/r049-2006-nl1-2019-03: {"type" => "error", "error" => {"type" => "rate_limit_error", "code" => "1302", "message" => "[1302][Rate limit reached for requests][202610071147540d9f7fb005db48df]"}, "request_id" => "202610071147540d9f
FAIL R49/2006/r049-2006-sk1-2013-01-rev1: API error for R49/2006/r049-2006-sk1-2013-01-rev1: {"type" => "error", "error" => {"type" => "rate_limit_error", "code" => "1302", "message" => "[1302][Rate limit reached for requests][202610071147543770ed19ef1946dd]"}, "request_id" => "2026100711475
FAIL R49/2006/r049-2006-sk1-2013-01: API error for R49/2006/r049-2006-sk1-2013-01: {"type" => "error", "error" => {"type" => "rate_limit_error", "code" => "1302", "message" => "[1302][Rate limit reached for requests][202610071147547edb8e6a0e554fb5]"}, "request_id" => "202610071147547edb
FAIL R49/2006/r049-2006-sk1-2014-02-rev1: API error for R49/2006/r049-2006-sk1-2014-02-rev1: {"type" => "error", "error" => {"type" => "rate_limit_error", "code" => "1302", "message" => "[1302][Rate limit reached for requests][20261007114754a5bc07abccfd498f]"}, "request_id" => "2026100711475
FAIL R49/2006/r049-2006-sk1-2014-01: API error for R49/2006/r049-2006-sk1-2014-01: {"type" => "error", "error" => {"type" => "rate_limit_error", "code" => "1302", "message" => "[1302][Rate limit reached for requests][202610071147543689590e9cc24a8b]"}, "request_id" => "202610071147543689
FAIL R49/2006/r049-2006-sk1-2014-02: API error for R49/2006/r049-2006-sk1-2014-02: {"type" => "error", "error" => {"type" => "rate_limit_error", "code" => "1302", "message" => "[1302][Rate limit reached for requests][202610071147552b717837330a4036]"}, "request_id" => "202610071147552b71
FAIL R49/2006/r049-2006-sk1-2014-03-rev1: API error for R49/2006/r049-2006-sk1-2014-03-rev1: {"type" => "error", "error" => {"type" => "rate_limit_error", "code" => "1302", "message" => "[1302][Rate limit reached for requests][20261007114755af5cdb9d58494716]"}, "request_id" => "2026100711475
FAIL R49/2006/r049-2006-sk1-2014-03: API error for R49/2006/r049-2006-sk1-2014-03: {"type" => "error", "error" => {"type" => "rate_limit_error", "code" => "1302", "message" => "[1302][Rate limit reached for requests][20261007114755c315652af8194a84]"}, "request_id" => "20261007114755c315
FAIL R49/2006/r49-2006-fr2-2009-07-rev2-annex1: API error for R49/2006/r49-2006-fr2-2009-07-rev2-annex1: {"type" => "error", "error" => {"type" => "rate_limit_error", "code" => "1302", "message" => "[1302][Rate limit reached for requests][20261007114755123278c773764b84]"}, "request_id" => "2026100
FAIL R49/2006/r49-2006-fr2-2011-01-rev0: API error for R49/2006/r49-2006-fr2-2011-01-rev0: {"type" => "error", "error" => {"type" => "rate_limit_error", "code" => "1302", "message" => "[1302][Rate limit reached for requests][20261007114755be35866f772648be]"}, "request_id" => "20261007114755
FAIL R49/2006/r49-2006-fr2-2011-03-rev0: API error for R49/2006/r49-2006-fr2-2011-03-rev0: {"type" => "error", "error" => {"type" => "rate_limit_error", "code" => "1302", "message" => "[1302][Rate limit reached for requests][202610071147555ae982938a8148b3]"}, "request_id" => "20261007114755
FAIL R49/2006/r49-2006-nl1-2026-02-rev0: API error for R49/2006/r49-2006-nl1-2026-02-rev0: {"type" => "error", "error" => {"type" => "rate_limit_error", "code" => "1302", "message" => "[1302][Rate limit reached for requests][202610071147556401db0873af4fc9]"}, "request_id" => "20261007114755
FAIL R49/2006/r49-2006-nl1-2026-03-rev0: API error for R49/2006/r49-2006-nl1-2026-03-rev0: {"type" => "error", "error" => {"type" => "rate_limit_error", "code" => "1302", "message" => "[1302][Rate limit reached for requests][202610071147556e78ef448e3d457f]"}, "request_id" => "20261007114755
FAIL R49/2006/r49-2006-nl1-2026-05-rev0: API error for R49/2006/r49-2006-nl1-2026-05-rev0: {"type" => "error", "error" => {"type" => "rate_limit_error", "code" => "1302", "message" => "[1302][Rate limit reached for requests][202610071147557ea1690def794db9]"}, "request_id" => "20261007114755
FAIL R49/2006/r49-2006-nl1-2026-04-rev0: API error for R49/2006/r49-2006-nl1-2026-04-rev0: {"type" => "error", "error" => {"type" => "rate_limit_error", "code" => "1302", "message" => "[1302][Rate limit reached for requests][20261007114755150e6bb58db14a26]"}, "request_id" => "20261007114755
FAIL R49/2006/r49-2006-nl1-2026-06-rev0: API error for R49/2006/r49-2006-nl1-2026-06-rev0: {"type" => "error", "error" => {"type" => "rate_limit_error", "code" => "1302", "message" => "[1302][Rate limit reached for requests][202610071147554b0f4ddf7ec242f8]"}, "request_id" => "20261007114755
FAIL R49/2013/r049-2013-cz1-2015-01-rev1: API error for R49/2013/r049-2013-cz1-2015-01-rev1: {"type" => "error", "error" => {"type" => "rate_limit_error", "code" => "1302", "message" => "[1302][Rate limit reached for requests][202610071147551b2294ebdda64c83]"}, "request_id" => "2026100711475
FAIL R49/2013/r049-2013-cz1-2015-01: API error for R49/2013/r049-2013-cz1-2015-01: {"type" => "error", "error" => {"type" => "rate_limit_error", "code" => "1302", "message" => "[1302][Rate limit reached for requests][202610071147554108347b05664219]"}, "request_id" => "202610071147554108
FAIL R49/2013/r049-2013-cz1-2015-01-rev2: API error for R49/2013/r049-2013-cz1-2015-01-rev2: {"type" => "error", "error" => {"type" => "rate_limit_error", "code" => "1302", "message" => "[1302][Rate limit reached for requests][202610071147554cf13d59c8b14432]"}, "request_id" => "2026100711475
FAIL R49/2013/r049-2013-cz1-2015-01-rev3: API error for R49/2013/r049-2013-cz1-2015-01-rev3: {"type" => "error", "error" => {"type" => "rate_limit_error", "code" => "1302", "message" => "[1302][Rate limit reached for requests][20261007114755e0c6cddf1016439a]"}, "request_id" => "2026100711475
FAIL R49/2013/r049-2013-cz1-2015-02: API error for R49/2013/r049-2013-cz1-2015-02: {"type" => "error", "error" => {"type" => "rate_limit_error", "code" => "1302", "message" => "[1302][Rate limit reached for requests][2026100711475557ed1ed6969d484f]"}, "request_id" => "2026100711475557ed
FAIL R49/2013/r049-2013-cz1-2015-03: API error for R49/2013/r049-2013-cz1-2015-03: {"type" => "error", "error" => {"type" => "rate_limit_error", "code" => "1302", "message" => "[1302][Rate limit reached for requests][202610071147555bc872d374f848d7]"}, "request_id" => "202610071147555bc8
FAIL R49/2013/r049-2013-cz1-2016-01-rev2: API error for R49/2013/r049-2013-cz1-2016-01-rev2: {"type" => "error", "error" => {"type" => "rate_limit_error", "code" => "1302", "message" => "[1302][Rate limit reached for requests][202610071147554f733ca71caf40d7]"}, "request_id" => "2026100711475
FAIL R49/2013/r049-2013-cz1-2016-01-rev1: API error for R49/2013/r049-2013-cz1-2016-01-rev1: {"type" => "error", "error" => {"type" => "rate_limit_error", "code" => "1302", "message" => "[1302][Rate limit reached for requests][202610071147552e941ce1ca7043e4]"}, "request_id" => "2026100711475
FAIL R49/2013/r049-2013-cz1-2016-01: API error for R49/2013/r049-2013-cz1-2016-01: {"type" => "error", "error" => {"type" => "rate_limit_error", "code" => "1302", "message" => "[1302][Rate limit reached for requests][2026100711475615c6f4fd15df4a2a]"}, "request_id" => "2026100711475615c6
FAIL R49/2013/r049-2013-cz1-2016-02: API error for R49/2013/r049-2013-cz1-2016-02: {"type" => "error", "error" => {"type" => "rate_limit_error", "code" => "1302", "message" => "[1302][Rate limit reached for requests][20261007114756bff1c600179240a7]"}, "request_id" => "20261007114756bff1
FAIL R49/2013/r049-2013-cz1-2016-03-rev1: API error for R49/2013/r049-2013-cz1-2016-03-rev1: {"type" => "error", "error" => {"type" => "rate_limit_error", "code" => "1302", "message" => "[1302][Rate limit reached for requests][2026100711475682b6b60a6be1489b]"}, "request_id" => "2026100711475
FAIL R49/2013/r049-2013-cz1-2016-03: API error for R49/2013/r049-2013-cz1-2016-03: {"type" => "error", "error" => {"type" => "rate_limit_error", "code" => "1302", "message" => "[1302][Rate limit reached for requests][20261007114756fb04bcd95eef4e35]"}, "request_id" => "20261007114756fb04
FAIL R49/2013/r049-2013-cz1-2016-04-annex1: API error for R49/2013/r049-2013-cz1-2016-04-annex1: {"type" => "error", "error" => {"type" => "rate_limit_error", "code" => "1302", "message" => "[1302][Rate limit reached for requests][2026100711475661bcf79d21ff4755]"}, "request_id" => "20261007114
FAIL R49/2013/r049-2013-cz1-2016-04-rev1: API error for R49/2013/r049-2013-cz1-2016-04-rev1: {"type" => "error", "error" => {"type" => "rate_limit_error", "code" => "1302", "message" => "[1302][Rate limit reached for requests][2026100711475605e9f17bfba445e2]"}, "request_id" => "2026100711475
FAIL R49/2013/r049-2013-cz1-2016-04: API error for R49/2013/r049-2013-cz1-2016-04: {"type" => "error", "error" => {"type" => "rate_limit_error", "code" => "1302", "message" => "[1302][Rate limit reached for requests][20261007114756b6c25baf696a46ab]"}, "request_id" => "20261007114756b6c2
FAIL R49/2013/r049-2013-cz1-2017-01: API error for R49/2013/r049-2013-cz1-2017-01: {"type" => "error", "error" => {"type" => "rate_limit_error", "code" => "1302", "message" => "[1302][Rate limit reached for requests][20261007114756cfbd49307bd3414a]"}, "request_id" => "20261007114756cfbd
FAIL R49/2013/r049-2013-cz1-2017-03-annex1: API error for R49/2013/r049-2013-cz1-2017-03-annex1: {"type" => "error", "error" => {"type" => "rate_limit_error", "code" => "1302", "message" => "[1302][Rate limit reached for requests][20261007114756d1012dd747b642ba]"}, "request_id" => "20261007114
FAIL R49/2013/r049-2013-cz1-2017-02: API error for R49/2013/r049-2013-cz1-2017-02: {"type" => "error", "error" => {"type" => "rate_limit_error", "code" => "1302", "message" => "[1302][Rate limit reached for requests][202610071147565bf1d72066ce4d5c]"}, "request_id" => "202610071147565bf1
FAIL R49/2013/r049-2013-cz1-2017-03: API error for R49/2013/r049-2013-cz1-2017-03: {"type" => "error", "error" => {"type" => "rate_limit_error", "code" => "1302", "message" => "[1302][Rate limit reached for requests][202610071147561243a13de4464e75]"}, "request_id" => "202610071147561243
FAIL R49/2013/r049-2013-cz1-2017-04: API error for R49/2013/r049-2013-cz1-2017-04: {"type" => "error", "error" => {"type" => "rate_limit_error", "code" => "1302", "message" => "[1302][Rate limit reached for requests][20261007114756bd794788cac74c4d]"}, "request_id" => "20261007114756bd79
FAIL R49/2013/r049-2013-cz1-2017-06: API error for R49/2013/r049-2013-cz1-2017-06: {"type" => "error", "error" => {"type" => "rate_limit_error", "code" => "1302", "message" => "[1302][Rate limit reached for requests][2026100711475662b44ddfcda044c8]"}, "request_id" => "2026100711475662b4
FAIL R49/2013/r049-2013-cz1-2020-01: API error for R49/2013/r049-2013-cz1-2020-01: {"type" => "error", "error" => {"type" => "rate_limit_error", "code" => "1302", "message" => "[1302][Rate limit reached for requests][202610071147566024d37bc1c14182]"}, "request_id" => "202610071147566024
FAIL R49/2013/r049-2013-cz1-2021-01: API error for R49/2013/r049-2013-cz1-2021-01: {"type" => "error", "error" => {"type" => "rate_limit_error", "code" => "1302", "message" => "[1302][Rate limit reached for requests][20261007114756604a227b6e644460]"}, "request_id" => "20261007114756604a
FAIL R49/2013/r049-2013-cz1-2021-02: API error for R49/2013/r049-2013-cz1-2021-02: {"type" => "error", "error" => {"type" => "rate_limit_error", "code" => "1302", "message" => "[1302][Rate limit reached for requests][20261007114756a6e72f55499d4405]"}, "request_id" => "20261007114756a6e7
FAIL R49/2013/r049-2013-cz1-2021-03: API error for R49/2013/r049-2013-cz1-2021-03: {"type" => "error", "error" => {"type" => "rate_limit_error", "code" => "1302", "message" => "[1302][Rate limit reached for requests][202610071147567f086fc480784500]"}, "request_id" => "202610071147567f08
FAIL R49/2013/r049-2013-cz1-2021-04: API error for R49/2013/r049-2013-cz1-2021-04: {"type" => "error", "error" => {"type" => "rate_limit_error", "code" => "1302", "message" => "[1302][Rate limit reached for requests][20261007114756777504d975e94841]"}, "request_id" => "202610071147567775
FAIL R49/2013/r049-2013-cz1-2021-06: API error for R49/2013/r049-2013-cz1-2021-06: {"type" => "error", "error" => {"type" => "rate_limit_error", "code" => "1302", "message" => "[1302][Rate limit reached for requests][20261007114757b5db2b4a28bb41d0]"}, "request_id" => "20261007114757b5db
FAIL R49/2013/r049-2013-cz1-2021-07: API error for R49/2013/r049-2013-cz1-2021-07: {"type" => "error", "error" => {"type" => "rate_limit_error", "code" => "1302", "message" => "[1302][Rate limit reached for requests][20261007114757406a49e02a89418a]"}, "request_id" => "20261007114757406a
FAIL R49/2013/r049-2013-cz1-2021-05: API error for R49/2013/r049-2013-cz1-2021-05: {"type" => "error", "error" => {"type" => "rate_limit_error", "code" => "1302", "message" => "[1302][Rate limit reached for requests][20261007114757a3e3b7544ea54f87]"}, "request_id" => "20261007114757a3e3
FAIL R49/2013/r049-2013-cz1-2021-01-rev1: API error for R49/2013/r049-2013-cz1-2021-01-rev1: {"type" => "error", "error" => {"type" => "rate_limit_error", "code" => "1302", "message" => "[1302][Rate limit reached for requests][202610071147565099e698106b4c56]"}, "request_id" => "2026100711475
FAIL R49/2013/r049-2013-cz1-2022-01: API error for R49/2013/r049-2013-cz1-2022-01: {"type" => "error", "error" => {"type" => "rate_limit_error", "code" => "1302", "message" => "[1302][Rate limit reached for requests][20261007114757d6f643ba2aca4961]"}, "request_id" => "20261007114757d6f6
FAIL R49/2013/r049-2013-cz1-2022-02: API error for R49/2013/r049-2013-cz1-2022-02: {"type" => "error", "error" => {"type" => "rate_limit_error", "code" => "1302", "message" => "[1302][Rate limit reached for requests][202610071147573ff2969ce74a4e2f]"}, "request_id" => "202610071147573ff2
FAIL R49/2013/r049-2013-cz1-2022-03: API error for R49/2013/r049-2013-cz1-2022-03: {"type" => "error", "error" => {"type" => "rate_limit_error", "code" => "1302", "message" => "[1302][Rate limit reached for requests][20261007114757bb816735299d40a5]"}, "request_id" => "20261007114757bb81
FAIL R49/2013/r049-2013-cz1-2022-04: API error for R49/2013/r049-2013-cz1-2022-04: {"type" => "error", "error" => {"type" => "rate_limit_error", "code" => "1302", "message" => "[1302][Rate limit reached for requests][20261007114757867496d9c0af4049]"}, "request_id" => "202610071147578674
FAIL R49/2013/r049-2013-de1-2015-04: API error for R49/2013/r049-2013-de1-2015-04: {"type" => "error", "error" => {"type" => "rate_limit_error", "code" => "1302", "message" => "[1302][Rate limit reached for requests][20261007114757afbf663b2e724b5b]"}, "request_id" => "20261007114757afbf
FAIL R49/2013/r049-2013-de1-2015-05: API error for R49/2013/r049-2013-de1-2015-05: {"type" => "error", "error" => {"type" => "rate_limit_error", "code" => "1302", "message" => "[1302][Rate limit reached for requests][20261007114757677a675d9af94de3]"}, "request_id" => "20261007114757677a
FAIL R49/2013/r049-2013-de1-2016-01: API error for R49/2013/r049-2013-de1-2016-01: {"type" => "error", "error" => {"type" => "rate_limit_error", "code" => "1302", "message" => "[1302][Rate limit reached for requests][202610071147575fd6207e8f4e4fde]"}, "request_id" => "202610071147575fd6
FAIL R49/2013/r049-2013-de1-2016-02: API error for R49/2013/r049-2013-de1-2016-02: {"type" => "error", "error" => {"type" => "rate_limit_error", "code" => "1302", "message" => "[1302][Rate limit reached for requests][20261007114757b29f7fd1c6d24c6a]"}, "request_id" => "20261007114757b29f
FAIL R49/2013/r049-2013-de1-2016-03: API error for R49/2013/r049-2013-de1-2016-03: {"type" => "error", "error" => {"type" => "rate_limit_error", "code" => "1302", "message" => "[1302][Rate limit reached for requests][20261007114757a28821bed3674c69]"}, "request_id" => "20261007114757a288
FAIL R49/2013/r049-2013-dk2-2021-01: API error for R49/2013/r049-2013-dk2-2021-01: {"type" => "error", "error" => {"type" => "rate_limit_error", "code" => "1302", "message" => "[1302][Rate limit reached for requests][20261007114757d4dc2c9b8c464151]"}, "request_id" => "20261007114757d4dc
FAIL R49/2013/r049-2013-dk2-2021-02: API error for R49/2013/r049-2013-dk2-2021-02: {"type" => "error", "error" => {"type" => "rate_limit_error", "code" => "1302", "message" => "[1302][Rate limit reached for requests][20261007114757381a9bb9e7024374]"}, "request_id" => "20261007114757381a
FAIL R49/2013/r049-2013-dk2-2022-01: API error for R49/2013/r049-2013-dk2-2022-01: {"type" => "error", "error" => {"type" => "rate_limit_error", "code" => "1302", "message" => "[1302][Rate limit reached for requests][2026100711475736bbba50c23d4721]"}, "request_id" => "2026100711475736bb
FAIL R49/2013/r049-2013-fr2-2014-03-rev2: API error for R49/2013/r049-2013-fr2-2014-03-rev2: {"type" => "error", "error" => {"type" => "rate_limit_error", "code" => "1302", "message" => "[1302][Rate limit reached for requests][20261007114757e151f2897f7d4c89]"}, "request_id" => "2026100711475
FAIL R49/2013/r049-2013-fr2-2015-01-rev1: API error for R49/2013/r049-2013-fr2-2015-01-rev1: {"type" => "error", "error" => {"type" => "rate_limit_error", "code" => "1302", "message" => "[1302][Rate limit reached for requests][20261007114757582186c89b6e4158]"}, "request_id" => "2026100711475
FAIL R49/2013/r049-2013-fr2-2015-01-rev2: API error for R49/2013/r049-2013-fr2-2015-01-rev2: {"type" => "error", "error" => {"type" => "rate_limit_error", "code" => "1302", "message" => "[1302][Rate limit reached for requests][2026100711475792fcabd5bafe40dc]"}, "request_id" => "2026100711475
FAIL R49/2013/r049-2013-fr2-2015-01: API error for R49/2013/r049-2013-fr2-2015-01: {"type" => "error", "error" => {"type" => "rate_limit_error", "code" => "1302", "message" => "[1302][Rate limit reached for requests][202610071147578c19703d45c14aaa]"}, "request_id" => "202610071147578c19
FAIL R49/2013/r049-2013-fr2-2015-02: API error for R49/2013/r049-2013-fr2-2015-02: {"type" => "error", "error" => {"type" => "rate_limit_error", "code" => "1302", "message" => "[1302][Rate limit reached for requests][2026100711475749f9e681a6074a53]"}, "request_id" => "2026100711475749f9
FAIL R49/2013/r049-2013-fr2-2016-02-rev1: API error for R49/2013/r049-2013-fr2-2016-02-rev1: {"type" => "error", "error" => {"type" => "rate_limit_error", "code" => "1302", "message" => "[1302][Rate limit reached for requests][20261007114758bcbaf460e53a4033]"}, "request_id" => "2026100711475
FAIL R49/2013/r049-2013-fr2-2016-02: API error for R49/2013/r049-2013-fr2-2016-02: {"type" => "error", "error" => {"type" => "rate_limit_error", "code" => "1302", "message" => "[1302][Rate limit reached for requests][2026100711475816facb8a51934ecf]"}, "request_id" => "2026100711475816fa
FAIL R49/2013/r049-2013-fr2-2016-03-rev2: API error for R49/2013/r049-2013-fr2-2016-03-rev2: {"type" => "error", "error" => {"type" => "rate_limit_error", "code" => "1302", "message" => "[1302][Rate limit reached for requests][202610071147589992aa5bc9024b8a]"}, "request_id" => "2026100711475
FAIL R49/2013/r049-2013-fr2-2016-03: API error for R49/2013/r049-2013-fr2-2016-03: {"type" => "error", "error" => {"type" => "rate_limit_error", "code" => "1302", "message" => "[1302][Rate limit reached for requests][20261007114758c7814f1e29e442a3]"}, "request_id" => "20261007114758c781
FAIL R49/2013/r049-2013-fr2-2017-01: API error for R49/2013/r049-2013-fr2-2017-01: {"type" => "error", "error" => {"type" => "rate_limit_error", "code" => "1302", "message" => "[1302][Rate limit reached for requests][20261007114758c6e5630d274042be]"}, "request_id" => "20261007114758c6e5
FAIL R49/2013/r049-2013-fr2-2017-03-rev1: API error for R49/2013/r049-2013-fr2-2017-03-rev1: {"type" => "error", "error" => {"type" => "rate_limit_error", "code" => "1302", "message" => "[1302][Rate limit reached for requests][20261007114758c66148d704704de1]"}, "request_id" => "2026100711475
FAIL R49/2013/r049-2013-fr2-2016-02-annex1: API error for R49/2013/r049-2013-fr2-2016-02-annex1: {"type" => "error", "error" => {"type" => "rate_limit_error", "code" => "1302", "message" => "[1302][Rate limit reached for requests][202610071147586826b9594f594657]"}, "request_id" => "20261007114
FAIL R49/2013/r049-2013-fr2-2018-0: API error for R49/2013/r049-2013-fr2-2018-0: {"type" => "error", "error" => {"type" => "rate_limit_error", "code" => "1302", "message" => "[1302][Rate limit reached for requests][2026100711475805a2e6f439e44bf5]"}, "request_id" => "2026100711475805a2e
FAIL R49/2013/r049-2013-fr2-2018-01: API error for R49/2013/r049-2013-fr2-2018-01: {"type" => "error", "error" => {"type" => "rate_limit_error", "code" => "1302", "message" => "[1302][Rate limit reached for requests][202610071147585d55deeabd8143a7]"}, "request_id" => "202610071147585d55
FAIL R49/2013/r049-2013-fr2-2018-02: API error for R49/2013/r049-2013-fr2-2018-02: {"type" => "error", "error" => {"type" => "rate_limit_error", "code" => "1302", "message" => "[1302][Rate limit reached for requests][2026100711475802a3eb6299cb4127]"}, "request_id" => "2026100711475802a3
FAIL R49/2013/r049-2013-fr2-2018-03: API error for R49/2013/r049-2013-fr2-2018-03: {"type" => "error", "error" => {"type" => "rate_limit_error", "code" => "1302", "message" => "[1302][Rate limit reached for requests][20261007114758816ab5c347094708]"}, "request_id" => "20261007114758816a
FAIL R49/2013/r049-2013-gb1-2017-01: API error for R49/2013/r049-2013-gb1-2017-01: {"type" => "error", "error" => {"type" => "rate_limit_error", "code" => "1302", "message" => "[1302][Rate limit reached for requests][20261007114758e568b4572bea4cf5]"}, "request_id" => "20261007114758e568
FAIL R49/2013/r049-2013-gb1-2017-02: API error for R49/2013/r049-2013-gb1-2017-02: {"type" => "error", "error" => {"type" => "rate_limit_error", "code" => "1302", "message" => "[1302][Rate limit reached for requests][20261007114758e4e530ba7a7d45c7]"}, "request_id" => "20261007114758e4e5
FAIL R49/2013/r049-2013-gb1-2017-03: API error for R49/2013/r049-2013-gb1-2017-03: {"type" => "error", "error" => {"type" => "rate_limit_error", "code" => "1302", "message" => "[1302][Rate limit reached for requests][202610071147583c2625503ea248cc]"}, "request_id" => "202610071147583c26
FAIL R49/2013/r049-2013-jp1-2017-01: API error for R49/2013/r049-2013-jp1-2017-01: {"type" => "error", "error" => {"type" => "rate_limit_error", "code" => "1302", "message" => "[1302][Rate limit reached for requests][202610071147589309b846dcd6413f]"}, "request_id" => "202610071147589309
FAIL R49/2013/r049-2013-nl1-2015-01-rev2: API error for R49/2013/r049-2013-nl1-2015-01-rev2: {"type" => "error", "error" => {"type" => "rate_limit_error", "code" => "1302", "message" => "[1302][Rate limit reached for requests][2026100711475801322df6b4d345c7]"}, "request_id" => "2026100711475
FAIL R49/2013/r049-2013-nl1-2015-01: API error for R49/2013/r049-2013-nl1-2015-01: {"type" => "error", "error" => {"type" => "rate_limit_error", "code" => "1302", "message" => "[1302][Rate limit reached for requests][20261007114758b0a6e3bf51d04856]"}, "request_id" => "20261007114758b0a6
FAIL R49/2013/r049-2013-nl1-2016-01: API error for R49/2013/r049-2013-nl1-2016-01: {"type" => "error", "error" => {"type" => "rate_limit_error", "code" => "1302", "message" => "[1302][Rate limit reached for requests][20261007114758accca1d1dec94b7a]"}, "request_id" => "20261007114758accc
FAIL R49/2013/r049-2013-nl1-2016-02-rev1: API error for R49/2013/r049-2013-nl1-2016-02-rev1: {"type" => "error", "error" => {"type" => "rate_limit_error", "code" => "1302", "message" => "[1302][Rate limit reached for requests][2026100711475817655f3cb1434832]"}, "request_id" => "2026100711475
FAIL R49/2013/r049-2013-nl1-2016-02: API error for R49/2013/r049-2013-nl1-2016-02: {"type" => "error", "error" => {"type" => "rate_limit_error", "code" => "1302", "message" => "[1302][Rate limit reached for requests][202610071147583474688b89574bd2]"}, "request_id" => "202610071147583474
FAIL R49/2013/r049-2013-nl1-2016-03-rev1-annex1: API error for R49/2013/r049-2013-nl1-2016-03-rev1-annex1: {"type" => "error", "error" => {"type" => "rate_limit_error", "code" => "1302", "message" => "[1302][Rate limit reached for requests][2026100711475986a082a8569f48b1]"}, "request_id" => "202610
FAIL R49/2013/r049-2013-nl1-2016-03: API error for R49/2013/r049-2013-nl1-2016-03: {"type" => "error", "error" => {"type" => "rate_limit_error", "code" => "1302", "message" => "[1302][Rate limit reached for requests][20261007114759b4b97befb7474191]"}, "request_id" => "20261007114759b4b9
FAIL R49/2013/r049-2013-nl1-2016-03-rev1: API error for R49/2013/r049-2013-nl1-2016-03-rev1: {"type" => "error", "error" => {"type" => "rate_limit_error", "code" => "1302", "message" => "[1302][Rate limit reached for requests][202610071147596ac2f4c844594479]"}, "request_id" => "2026100711475
FAIL R49/2013/r049-2013-nl1-2017-01: API error for R49/2013/r049-2013-nl1-2017-01: {"type" => "error", "error" => {"type" => "rate_limit_error", "code" => "1302", "message" => "[1302][Rate limit reached for requests][202610071147590855e644b6ca47a6]"}, "request_id" => "202610071147590855
FAIL R49/2013/r049-2013-nl1-2017-02: API error for R49/2013/r049-2013-nl1-2017-02: {"type" => "error", "error" => {"type" => "rate_limit_error", "code" => "1302", "message" => "[1302][Rate limit reached for requests][2026100711475983cc5aaeb4274524]"}, "request_id" => "2026100711475983cc
FAIL R49/2013/r049-2013-nl1-2017-03: API error for R49/2013/r049-2013-nl1-2017-03: {"type" => "error", "error" => {"type" => "rate_limit_error", "code" => "1302", "message" => "[1302][Rate limit reached for requests][2026100711475902942ef8552e43fd]"}, "request_id" => "202610071147590294
FAIL R49/2013/r049-2013-nl1-2018-02: API error for R49/2013/r049-2013-nl1-2018-02: {"type" => "error", "error" => {"type" => "rate_limit_error", "code" => "1302", "message" => "[1302][Rate limit reached for requests][202610071147595b93726e2ccb4aca]"}, "request_id" => "202610071147595b93
FAIL R49/2013/r049-2013-nl1-2018-01: API error for R49/2013/r049-2013-nl1-2018-01: {"type" => "error", "error" => {"type" => "rate_limit_error", "code" => "1302", "message" => "[1302][Rate limit reached for requests][202610071147598bb92d80ff5a428f]"}, "request_id" => "202610071147598bb9
FAIL R49/2013/r049-2013-nl1-2019-01-rev1: API error for R49/2013/r049-2013-nl1-2019-01-rev1: {"type" => "error", "error" => {"type" => "rate_limit_error", "code" => "1302", "message" => "[1302][Rate limit reached for requests][20261007114759f93cfeebdfb7410d]"}, "request_id" => "2026100711475
FAIL R49/2013/r049-2013-nl1-2019-01-rev2: API error for R49/2013/r049-2013-nl1-2019-01-rev2: {"type" => "error", "error" => {"type" => "rate_limit_error", "code" => "1302", "message" => "[1302][Rate limit reached for requests][202610071147598b13c8d9192e46aa]"}, "request_id" => "2026100711475
FAIL R49/2013/r049-2013-nl1-2019-01: API error for R49/2013/r049-2013-nl1-2019-01: {"type" => "error", "error" => {"type" => "rate_limit_error", "code" => "1302", "message" => "[1302][Rate limit reached for requests][202610071147596601791201714e3b]"}, "request_id" => "202610071147596601
FAIL R49/2013/r049-2013-nl1-2019-02: API error for R49/2013/r049-2013-nl1-2019-02: {"type" => "error", "error" => {"type" => "rate_limit_error", "code" => "1302", "message" => "[1302][Rate limit reached for requests][2026100711475953a72ed88eba4f27]"}, "request_id" => "2026100711475953a7
FAIL R49/2013/r049-2013-nl1-2019-06-rev1: API error for R49/2013/r049-2013-nl1-2019-06-rev1: {"type" => "error", "error" => {"type" => "rate_limit_error", "code" => "1302", "message" => "[1302][Rate limit reached for requests][20261007114759844486b77aaa4822]"}, "request_id" => "2026100711475
FAIL R49/2013/r049-2013-nl1-2020-01-rev1: API error for R49/2013/r049-2013-nl1-2020-01-rev1: {"type" => "error", "error" => {"type" => "rate_limit_error", "code" => "1302", "message" => "[1302][Rate limit reached for requests][20261007114759d900b747db304a01]"}, "request_id" => "2026100711475
FAIL R49/2013/r049-2013-nl1-2019-06: API error for R49/2013/r049-2013-nl1-2019-06: {"type" => "error", "error" => {"type" => "rate_limit_error", "code" => "1302", "message" => "[1302][Rate limit reached for requests][2026100711475925e97523a2f34123]"}, "request_id" => "2026100711475925e9
FAIL R49/2013/r049-2013-nl1-2020-01-rev2: API error for R49/2013/r049-2013-nl1-2020-01-rev2: {"type" => "error", "error" => {"type" => "rate_limit_error", "code" => "1302", "message" => "[1302][Rate limit reached for requests][202610071147595fd64684b77840a9]"}, "request_id" => "2026100711475
FAIL R49/2013/r049-2013-nl1-2020-01-rev3: API error for R49/2013/r049-2013-nl1-2020-01-rev3: {"type" => "error", "error" => {"type" => "rate_limit_error", "code" => "1302", "message" => "[1302][Rate limit reached for requests][20261007114759828e5609ca0a4bd7]"}, "request_id" => "2026100711475
FAIL R49/2013/r049-2013-nl1-2020-01-rev4: API error for R49/2013/r049-2013-nl1-2020-01-rev4: {"type" => "error", "error" => {"type" => "rate_limit_error", "code" => "1302", "message" => "[1302][Rate limit reached for requests][202610071147592216bbc0017246c0]"}, "request_id" => "2026100711475
FAIL R49/2013/r049-2013-nl1-2020-01-rev5: API error for R49/2013/r049-2013-nl1-2020-01-rev5: {"type" => "error", "error" => {"type" => "rate_limit_error", "code" => "1302", "message" => "[1302][Rate limit reached for requests][202610071147595ffec29641894f0a]"}, "request_id" => "2026100711475
FAIL R49/2013/r049-2013-nl1-2020-01-rev6: API error for R49/2013/r049-2013-nl1-2020-01-rev6: {"type" => "error", "error" => {"type" => "rate_limit_error", "code" => "1302", "message" => "[1302][Rate limit reached for requests][202610071147597f7d9d539c7d40bc]"}, "request_id" => "2026100711475
FAIL R49/2013/r049-2013-nl1-2020-01: API error for R49/2013/r049-2013-nl1-2020-01: {"type" => "error", "error" => {"type" => "rate_limit_error", "code" => "1302", "message" => "[1302][Rate limit reached for requests][20261007114800f284f715cf96441c]"}, "request_id" => "20261007114800f284
FAIL R49/2013/r049-2013-nl1-2020-02-rev1: API error for R49/2013/r049-2013-nl1-2020-02-rev1: {"type" => "error", "error" => {"type" => "rate_limit_error", "code" => "1302", "message" => "[1302][Rate limit reached for requests][202610071148001affdae408ae4e30]"}, "request_id" => "2026100711480
FAIL R49/2013/r049-2013-nl1-2020-02: API error for R49/2013/r049-2013-nl1-2020-02: {"type" => "error", "error" => {"type" => "rate_limit_error", "code" => "1302", "message" => "[1302][Rate limit reached for requests][20261007114800fa91c14fcc5843c8]"}, "request_id" => "20261007114800fa91
FAIL R49/2013/r049-2013-nl1-2021-02-rev1: API error for R49/2013/r049-2013-nl1-2021-02-rev1: {"type" => "error", "error" => {"type" => "rate_limit_error", "code" => "1302", "message" => "[1302][Rate limit reached for requests][202610071148006cfe4fc2dbda4280]"}, "request_id" => "2026100711480
FAIL R49/2013/r049-2013-nl1-2021-01-rev1: API error for R49/2013/r049-2013-nl1-2021-01-rev1: {"type" => "error", "error" => {"type" => "rate_limit_error", "code" => "1302", "message" => "[1302][Rate limit reached for requests][20261007114800d6a44f68f6ec432b]"}, "request_id" => "2026100711480
FAIL R49/2013/r049-2013-nl1-2021-02: API error for R49/2013/r049-2013-nl1-2021-02: {"type" => "error", "error" => {"type" => "rate_limit_error", "code" => "1302", "message" => "[1302][Rate limit reached for requests][20261007114800e6096bf38842464c]"}, "request_id" => "20261007114800e609
FAIL R49/2013/r049-2013-nl1-2021-03-rev1: API error for R49/2013/r049-2013-nl1-2021-03-rev1: {"type" => "error", "error" => {"type" => "rate_limit_error", "code" => "1302", "message" => "[1302][Rate limit reached for requests][20261007114800d331af991b7b4ae3]"}, "request_id" => "2026100711480
FAIL R49/2013/r049-2013-nl1-2021-04: API error for R49/2013/r049-2013-nl1-2021-04: {"type" => "error", "error" => {"type" => "rate_limit_error", "code" => "1302", "message" => "[1302][Rate limit reached for requests][20261007114800240cf6e8ebbd42a0]"}, "request_id" => "20261007114800240c
FAIL R49/2013/r049-2013-nl1-2021-05-rev2: API error for R49/2013/r049-2013-nl1-2021-05-rev2: {"type" => "error", "error" => {"type" => "rate_limit_error", "code" => "1302", "message" => "[1302][Rate limit reached for requests][202610071148002feeeeb48f94475f]"}, "request_id" => "2026100711480
FAIL R49/2013/r049-2013-nl1-2021-06: API error for R49/2013/r049-2013-nl1-2021-06: {"type" => "error", "error" => {"type" => "rate_limit_error", "code" => "1302", "message" => "[1302][Rate limit reached for requests][20261007114800e444ceaaa2874ab6]"}, "request_id" => "20261007114800e444
FAIL R49/2013/r049-2013-nl1-2022-01-rev0: API error for R49/2013/r049-2013-nl1-2022-01-rev0: {"type" => "error", "error" => {"type" => "rate_limit_error", "code" => "1302", "message" => "[1302][Rate limit reached for requests][202610071148005583098927334eee]"}, "request_id" => "2026100711480
FAIL R49/2013/r049-2013-nl1-2022-02: API error for R49/2013/r049-2013-nl1-2022-02: {"type" => "error", "error" => {"type" => "rate_limit_error", "code" => "1302", "message" => "[1302][Rate limit reached for requests][20261007114800b2ba087e27a94f69]"}, "request_id" => "20261007114800b2ba
FAIL R49/2013/r049-2013-nl1-2022-03-rev0: API error for R49/2013/r049-2013-nl1-2022-03-rev0: {"type" => "error", "error" => {"type" => "rate_limit_error", "code" => "1302", "message" => "[1302][Rate limit reached for requests][202610071148002f48fee9dfdf459e]"}, "request_id" => "2026100711480
FAIL R49/2013/r049-2013-sk1-2014-02-rev2: API error for R49/2013/r049-2013-sk1-2014-02-rev2: {"type" => "error", "error" => {"type" => "rate_limit_error", "code" => "1302", "message" => "[1302][Rate limit reached for requests][20261007114800f89170a5c6474bac]"}, "request_id" => "2026100711480
FAIL R49/2013/r049-2013-sk1-2014-03: API error for R49/2013/r049-2013-sk1-2014-03: {"type" => "error", "error" => {"type" => "rate_limit_error", "code" => "1302", "message" => "[1302][Rate limit reached for requests][20261007114800aaad15b7f47744ee]"}, "request_id" => "20261007114800aaad
FAIL R49/2013/r049-2013-sk1-2014-04: API error for R49/2013/r049-2013-sk1-2014-04: {"type" => "error", "error" => {"type" => "rate_limit_error", "code" => "1302", "message" => "[1302][Rate limit reached for requests][20261007114800b70fd2fb50014c71]"}, "request_id" => "20261007114800b70f
FAIL R49/2013/r049-2013-sk1-2014-05: API error for R49/2013/r049-2013-sk1-2014-05: {"type" => "error", "error" => {"type" => "rate_limit_error", "code" => "1302", "message" => "[1302][Rate limit reached for requests][202610071148009515868fe0c9497b]"}, "request_id" => "202610071148009515
FAIL R49/2013/r049-2013-sk1-2016-01: API error for R49/2013/r049-2013-sk1-2016-01: {"type" => "error", "error" => {"type" => "rate_limit_error", "code" => "1302", "message" => "[1302][Rate limit reached for requests][20261007114800ea652fc5f4824775]"}, "request_id" => "20261007114800ea65
FAIL R49/2013/r049-2013-sk1-2016-02-rev1: API error for R49/2013/r049-2013-sk1-2016-02-rev1: {"type" => "error", "error" => {"type" => "rate_limit_error", "code" => "1302", "message" => "[1302][Rate limit reached for requests][20261007114800142e01624bf94eb1]"}, "request_id" => "2026100711480
FAIL R49/2013/r049-2013-sk1-2016-02: API error for R49/2013/r049-2013-sk1-2016-02: {"type" => "error", "error" => {"type" => "rate_limit_error", "code" => "1302", "message" => "[1302][Rate limit reached for requests][20261007114800ffc8f79f89ec4e68]"}, "request_id" => "20261007114800ffc8
FAIL R49/2013/r049-2013-sk1-2016-03-rev1: API error for R49/2013/r049-2013-sk1-2016-03-rev1: {"type" => "error", "error" => {"type" => "rate_limit_error", "code" => "1302", "message" => "[1302][Rate limit reached for requests][20261007114801dbfc3854ad8a4fec]"}, "request_id" => "2026100711480
FAIL R49/2013/r049-2013-sk1-2016-03: API error for R49/2013/r049-2013-sk1-2016-03: {"type" => "error", "error" => {"type" => "rate_limit_error", "code" => "1302", "message" => "[1302][Rate limit reached for requests][202610071148011839fe4409c84664]"}, "request_id" => "202610071148011839
FAIL R49/2013/r049-2013-sk1-2016-04: API error for R49/2013/r049-2013-sk1-2016-04: {"type" => "error", "error" => {"type" => "rate_limit_error", "code" => "1302", "message" => "[1302][Rate limit reached for requests][20261007114801dcdc9bd3b2e1456f]"}, "request_id" => "20261007114801dcdc
FAIL R49/2013/r049-2013-sk1-2017-01: API error for R49/2013/r049-2013-sk1-2017-01: {"type" => "error", "error" => {"type" => "rate_limit_error", "code" => "1302", "message" => "[1302][Rate limit reached for requests][202610071148016285871fa0dc4f86]"}, "request_id" => "202610071148016285
FAIL R49/2013/r049-2013-sk1-2017-02: API error for R49/2013/r049-2013-sk1-2017-02: {"type" => "error", "error" => {"type" => "rate_limit_error", "code" => "1302", "message" => "[1302][Rate limit reached for requests][20261007114801ccab9dad1fe2415a]"}, "request_id" => "20261007114801ccab
FAIL R49/2013/r049-2013-sk1-2018-01: API error for R49/2013/r049-2013-sk1-2018-01: {"type" => "error", "error" => {"type" => "rate_limit_error", "code" => "1302", "message" => "[1302][Rate limit reached for requests][2026100711480171e2fe387d624a73]"}, "request_id" => "2026100711480171e2
FAIL R49/2013/r049-2013-sk1-2018-02: API error for R49/2013/r049-2013-sk1-2018-02: {"type" => "error", "error" => {"type" => "rate_limit_error", "code" => "1302", "message" => "[1302][Rate limit reached for requests][20261007114801c253ff5fece74d4b]"}, "request_id" => "20261007114801c253
FAIL R49/2013/r049-2013-sk1-2018-03: API error for R49/2013/r049-2013-sk1-2018-03: {"type" => "error", "error" => {"type" => "rate_limit_error", "code" => "1302", "message" => "[1302][Rate limit reached for requests][20261007114801fa75eb6edbaa46a0]"}, "request_id" => "20261007114801fa75
FAIL R49/2013/r049-2013-sk1-2020-01: API error for R49/2013/r049-2013-sk1-2020-01: {"type" => "error", "error" => {"type" => "rate_limit_error", "code" => "1302", "message" => "[1302][Rate limit reached for requests][2026100711480101aab40630704854]"}, "request_id" => "2026100711480101aa
FAIL R49/2013/r049-2013-sk1-2020-02: API error for R49/2013/r049-2013-sk1-2020-02: {"type" => "error", "error" => {"type" => "rate_limit_error", "code" => "1302", "message" => "[1302][Rate limit reached for requests][20261007114801b70c4929949e4d9a]"}, "request_id" => "20261007114801b70c
FAIL R49/2013/r049-2013-sk1-2021-01: API error for R49/2013/r049-2013-sk1-2021-01: {"type" => "error", "error" => {"type" => "rate_limit_error", "code" => "1302", "message" => "[1302][Rate limit reached for requests][2026100711480120c37a4be7b64f62]"}, "request_id" => "2026100711480120c3
FAIL R49/2013/r049-2013-sk1-2022-01: API error for R49/2013/r049-2013-sk1-2022-01: {"type" => "error", "error" => {"type" => "rate_limit_error", "code" => "1302", "message" => "[1302][Rate limit reached for requests][202610071148014904f12bbfe74990]"}, "request_id" => "202610071148014904
FAIL R49/2013/r049-2013-sk1-2022-02: API error for R49/2013/r049-2013-sk1-2022-02: {"type" => "error", "error" => {"type" => "rate_limit_error", "code" => "1302", "message" => "[1302][Rate limit reached for requests][20261007114801a0da628c34dc48e4]"}, "request_id" => "20261007114801a0da
FAIL R49/2013/r49-2013-cz1-2015-01-annex2: API error for R49/2013/r49-2013-cz1-2015-01-annex2: {"type" => "error", "error" => {"type" => "rate_limit_error", "code" => "1302", "message" => "[1302][Rate limit reached for requests][20261007114801c19f8af742bd443e]"}, "request_id" => "202610071148
FAIL R49/2013/r49-2013-cz1-2017-01-annex1: API error for R49/2013/r49-2013-cz1-2017-01-annex1: {"type" => "error", "error" => {"type" => "rate_limit_error", "code" => "1302", "message" => "[1302][Rate limit reached for requests][2026100711480188446094095b44e6]"}, "request_id" => "202610071148
FAIL R49/2013/r49-2013-cz1-2017-06-annex2: API error for R49/2013/r49-2013-cz1-2017-06-annex2: {"type" => "error", "error" => {"type" => "rate_limit_error", "code" => "1302", "message" => "[1302][Rate limit reached for requests][20261007114801ffe63b412e0f44f0]"}, "request_id" => "202610071148
FAIL R49/2013/r49-2013-cz1-2020-01-rev2: API error for R49/2013/r49-2013-cz1-2020-01-rev2: {"type" => "error", "error" => {"type" => "rate_limit_error", "code" => "1302", "message" => "[1302][Rate limit reached for requests][202610071148013bc3429af704495c]"}, "request_id" => "20261007114801
FAIL R49/2013/r49-2013-cz1-2020-02: API error for R49/2013/r49-2013-cz1-2020-02: {"type" => "error", "error" => {"type" => "rate_limit_error", "code" => "1302", "message" => "[1302][Rate limit reached for requests][202610071148014f8b8c77867c466a]"}, "request_id" => "202610071148014f8b8
FAIL R49/2013/r49-2013-cz1-2020-03: API error for R49/2013/r49-2013-cz1-2020-03: {"type" => "error", "error" => {"type" => "rate_limit_error", "code" => "1302", "message" => "[1302][Rate limit reached for requests][2026100711480180866065df6843cc]"}, "request_id" => "2026100711480180866
FAIL R49/2013/r49-2013-cz1-2021-01-rev1: API error for R49/2013/r49-2013-cz1-2021-01-rev1: {"type" => "error", "error" => {"type" => "rate_limit_error", "code" => "1302", "message" => "[1302][Rate limit reached for requests][2026100711480172faef9413ac4b3d]"}, "request_id" => "20261007114801
FAIL R49/2013/r49-2013-cz1-2021-01-rev2: API error for R49/2013/r49-2013-cz1-2021-01-rev2: {"type" => "error", "error" => {"type" => "rate_limit_error", "code" => "1302", "message" => "[1302][Rate limit reached for requests][2026100711480242c139f8ecf646ec]"}, "request_id" => "20261007114802
FAIL R49/2013/r49-2013-cz1-2021-06-rev1: API error for R49/2013/r49-2013-cz1-2021-06-rev1: {"type" => "error", "error" => {"type" => "rate_limit_error", "code" => "1302", "message" => "[1302][Rate limit reached for requests][20261007114802bc868cccd7484ead]"}, "request_id" => "20261007114802
FAIL R49/2013/r49-2013-cz1-2021-07-rev1: API error for R49/2013/r49-2013-cz1-2021-07-rev1: {"type" => "error", "error" => {"type" => "rate_limit_error", "code" => "1302", "message" => "[1302][Rate limit reached for requests][20261007114802879d441ce0d94db6]"}, "request_id" => "20261007114802
FAIL R49/2013/r49-2013-cz1-2021-07-rev2: API error for R49/2013/r49-2013-cz1-2021-07-rev2: {"type" => "error", "error" => {"type" => "rate_limit_error", "code" => "1302", "message" => "[1302][Rate limit reached for requests][202610071148028fad27df1e1f47a9]"}, "request_id" => "20261007114802
FAIL R49/2013/r49-2013-cz1-2020-01-rev3: API error for R49/2013/r49-2013-cz1-2020-01-rev3: {"type" => "error", "error" => {"type" => "rate_limit_error", "code" => "1302", "message" => "[1302][Rate limit reached for requests][20261007114802b3ac38da701f493f]"}, "request_id" => "20261007114802
FAIL R49/2013/r49-2013-cz1-2022-02-rev1: API error for R49/2013/r49-2013-cz1-2022-02-rev1: {"type" => "error", "error" => {"type" => "rate_limit_error", "code" => "1302", "message" => "[1302][Rate limit reached for requests][202610071148023acb4ab26cbe441d]"}, "request_id" => "20261007114802
FAIL R49/2013/r49-2013-cz1-2022-02-rev2: API error for R49/2013/r49-2013-cz1-2022-02-rev2: {"type" => "error", "error" => {"type" => "rate_limit_error", "code" => "1302", "message" => "[1302][Rate limit reached for requests][20261007114802c3d6aeeaa25342f6]"}, "request_id" => "20261007114802
FAIL R49/2013/r49-2013-cz1-2022-02-rev4: API error for R49/2013/r49-2013-cz1-2022-02-rev4: {"type" => "error", "error" => {"type" => "rate_limit_error", "code" => "1302", "message" => "[1302][Rate limit reached for requests][2026100711480206e2fca617ca43c5]"}, "request_id" => "20261007114802
FAIL R49/2013/r49-2013-cz1-2022-02-rev5: API error for R49/2013/r49-2013-cz1-2022-02-rev5: {"type" => "error", "error" => {"type" => "rate_limit_error", "code" => "1302", "message" => "[1302][Rate limit reached for requests][20261007114802c7544f5e2baa4e0c]"}, "request_id" => "20261007114802
FAIL R49/2013/r49-2013-cz1-2023-01: API error for R49/2013/r49-2013-cz1-2023-01: {"type" => "error", "error" => {"type" => "rate_limit_error", "code" => "1302", "message" => "[1302][Rate limit reached for requests][202610071148026d37008d054c4cf8]"}, "request_id" => "202610071148026d370
FAIL R49/2013/r49-2013-cz1-2022-02-rev3: API error for R49/2013/r49-2013-cz1-2022-02-rev3: {"type" => "error", "error" => {"type" => "rate_limit_error", "code" => "1302", "message" => "[1302][Rate limit reached for requests][202610071148029b04fdfe21e34549]"}, "request_id" => "20261007114802
FAIL R49/2013/r49-2013-cz1-2023-02: API error for R49/2013/r49-2013-cz1-2023-02: {"type" => "error", "error" => {"type" => "rate_limit_error", "code" => "1302", "message" => "[1302][Rate limit reached for requests][20261007114802dee3bee06b864d42]"}, "request_id" => "20261007114802dee3b
FAIL R49/2013/r49-2013-cz1-2023-03: API error for R49/2013/r49-2013-cz1-2023-03: {"type" => "error", "error" => {"type" => "rate_limit_error", "code" => "1302", "message" => "[1302][Rate limit reached for requests][202610071148023ecc0905ff0643cb]"}, "request_id" => "202610071148023ecc0
FAIL R49/2013/r49-2013-cz1-2023-02-rev1: API error for R49/2013/r49-2013-cz1-2023-02-rev1: {"type" => "error", "error" => {"type" => "rate_limit_error", "code" => "1302", "message" => "[1302][Rate limit reached for requests][20261007114802156b88d675404721]"}, "request_id" => "20261007114802
FAIL R49/2013/r49-2013-cz1-2024-01-rev1: API error for R49/2013/r49-2013-cz1-2024-01-rev1: {"type" => "error", "error" => {"type" => "rate_limit_error", "code" => "1302", "message" => "[1302][Rate limit reached for requests][20261007114802cad4755cae73432e]"}, "request_id" => "20261007114802
FAIL R49/2013/r49-2013-cz1-2024-02-rev1: API error for R49/2013/r49-2013-cz1-2024-02-rev1: {"type" => "error", "error" => {"type" => "rate_limit_error", "code" => "1302", "message" => "[1302][Rate limit reached for requests][20261007114802b004f57790ef4edb]"}, "request_id" => "20261007114802
FAIL R49/2013/r49-2013-cz1-2024-02-rev2: API error for R49/2013/r49-2013-cz1-2024-02-rev2: {"type" => "error", "error" => {"type" => "rate_limit_error", "code" => "1302", "message" => "[1302][Rate limit reached for requests][202610071148023e111b64dbe44455]"}, "request_id" => "20261007114802
FAIL R49/2013/r49-2013-cz1-2024-02-rev3: API error for R49/2013/r49-2013-cz1-2024-02-rev3: {"type" => "error", "error" => {"type" => "rate_limit_error", "code" => "1302", "message" => "[1302][Rate limit reached for requests][202610071148036dfc1de324624d92]"}, "request_id" => "20261007114803
FAIL R49/2013/r49-2013-cz1-2024-04-rev2: API error for R49/2013/r49-2013-cz1-2024-04-rev2: {"type" => "error", "error" => {"type" => "rate_limit_error", "code" => "1302", "message" => "[1302][Rate limit reached for requests][202610071148038a3368b059c346e9]"}, "request_id" => "20261007114803
FAIL R49/2013/r49-2013-cz1-2024-02: API error for R49/2013/r49-2013-cz1-2024-02: {"type" => "error", "error" => {"type" => "rate_limit_error", "code" => "1302", "message" => "[1302][Rate limit reached for requests][2026100711480353f2a5f482a94c62]"}, "request_id" => "2026100711480353f2a
FAIL R49/2013/r49-2013-cz1-2024-04-rev3: API error for R49/2013/r49-2013-cz1-2024-04-rev3: {"type" => "error", "error" => {"type" => "rate_limit_error", "code" => "1302", "message" => "[1302][Rate limit reached for requests][202610071148035bdcbe3eed57488f]"}, "request_id" => "20261007114803
FAIL R49/2013/r49-2013-cz1-2024-05: API error for R49/2013/r49-2013-cz1-2024-05: {"type" => "error", "error" => {"type" => "rate_limit_error", "code" => "1302", "message" => "[1302][Rate limit reached for requests][20261007114803cc0f6ced71a64f10]"}, "request_id" => "20261007114803cc0f6
FAIL R49/2013/r49-2013-cz1-2024-07: API error for R49/2013/r49-2013-cz1-2024-07: {"type" => "error", "error" => {"type" => "rate_limit_error", "code" => "1302", "message" => "[1302][Rate limit reached for requests][202610071148035018750578924641]"}, "request_id" => "2026100711480350187
FAIL R49/2013/r49-2013-cz1-2024-06: API error for R49/2013/r49-2013-cz1-2024-06: {"type" => "error", "error" => {"type" => "rate_limit_error", "code" => "1302", "message" => "[1302][Rate limit reached for requests][20261007114803ac9081f5e58a4699]"}, "request_id" => "20261007114803ac908
FAIL R49/2013/r49-2013-cz1-2025-01: API error for R49/2013/r49-2013-cz1-2025-01: {"type" => "error", "error" => {"type" => "rate_limit_error", "code" => "1302", "message" => "[1302][Rate limit reached for requests][202610071148036888b865995b4ad3]"}, "request_id" => "202610071148036888b
FAIL R49/2013/r49-2013-cz1-2025-01-rev1: API error for R49/2013/r49-2013-cz1-2025-01-rev1: {"type" => "error", "error" => {"type" => "rate_limit_error", "code" => "1302", "message" => "[1302][Rate limit reached for requests][2026100711480326276757b3634935]"}, "request_id" => "20261007114803
FAIL R49/2013/r49-2013-cz1-2024-06-rev1: API error for R49/2013/r49-2013-cz1-2024-06-rev1: {"type" => "error", "error" => {"type" => "rate_limit_error", "code" => "1302", "message" => "[1302][Rate limit reached for requests][20261007114803804de989c50a432d]"}, "request_id" => "20261007114803
FAIL R49/2013/r49-2013-cz1-2025-04: API error for R49/2013/r49-2013-cz1-2025-04: {"type" => "error", "error" => {"type" => "rate_limit_error", "code" => "1302", "message" => "[1302][Rate limit reached for requests][202610071148037fdf6897239643f6]"}, "request_id" => "202610071148037fdf6
FAIL R49/2013/r49-2013-cz1-2025-03: API error for R49/2013/r49-2013-cz1-2025-03: {"type" => "error", "error" => {"type" => "rate_limit_error", "code" => "1302", "message" => "[1302][Rate limit reached for requests][20261007114803126d3a4caebd4f8f]"}, "request_id" => "20261007114803126d3
FAIL R49/2013/r49-2013-cz1-2025-07: API error for R49/2013/r49-2013-cz1-2025-07: {"type" => "error", "error" => {"type" => "rate_limit_error", "code" => "1302", "message" => "[1302][Rate limit reached for requests][2026100711480329aeb9bf449a44dc]"}, "request_id" => "2026100711480329aeb
FAIL R49/2013/r49-2013-cz1-2026-01: API error for R49/2013/r49-2013-cz1-2026-01: {"type" => "error", "error" => {"type" => "rate_limit_error", "code" => "1302", "message" => "[1302][Rate limit reached for requests][20261007114803915a8d67e019459a]"}, "request_id" => "20261007114803915a8
FAIL R49/2013/r49-2013-cz1-2026-02: API error for R49/2013/r49-2013-cz1-2026-02: {"type" => "error", "error" => {"type" => "rate_limit_error", "code" => "1302", "message" => "[1302][Rate limit reached for requests][20261007114803a02b55aea2ad4c8a]"}, "request_id" => "20261007114803a02b5
FAIL R49/2013/r49-2013-de1-2023-01: API error for R49/2013/r49-2013-de1-2023-01: {"type" => "error", "error" => {"type" => "rate_limit_error", "code" => "1302", "message" => "[1302][Rate limit reached for requests][20261007114803166968c93a314db1]"}, "request_id" => "2026100711480316696
FAIL R49/2013/r49-2013-de1-2024-01: API error for R49/2013/r49-2013-de1-2024-01: {"type" => "error", "error" => {"type" => "rate_limit_error", "code" => "1302", "message" => "[1302][Rate limit reached for requests][20261007114803a19dd3e74f9f4de8]"}, "request_id" => "20261007114803a19dd
FAIL R49/2013/r49-2013-de1-2024-02: API error for R49/2013/r49-2013-de1-2024-02: {"type" => "error", "error" => {"type" => "rate_limit_error", "code" => "1302", "message" => "[1302][Rate limit reached for requests][20261007114803cec9b1497e8e41dd]"}, "request_id" => "20261007114803cec9b
FAIL R49/2013/r49-2013-de1-2024-03: API error for R49/2013/r49-2013-de1-2024-03: {"type" => "error", "error" => {"type" => "rate_limit_error", "code" => "1302", "message" => "[1302][Rate limit reached for requests][20261007114804db0b9b5c533044da]"}, "request_id" => "20261007114804db0b9
FAIL R49/2013/r49-2013-dk2-2021-04-rev5: API error for R49/2013/r49-2013-dk2-2021-04-rev5: {"type" => "error", "error" => {"type" => "rate_limit_error", "code" => "1302", "message" => "[1302][Rate limit reached for requests][2026100711480420d1604bf5cd4f6f]"}, "request_id" => "20261007114804
FAIL R49/2013/r49-2013-dk2-2022-02-rev1: API error for R49/2013/r49-2013-dk2-2022-02-rev1: {"type" => "error", "error" => {"type" => "rate_limit_error", "code" => "1302", "message" => "[1302][Rate limit reached for requests][202610071148040a48491239f9454c]"}, "request_id" => "20261007114804
FAIL R49/2013/r49-2013-dk2-2025-03: API error for R49/2013/r49-2013-dk2-2025-03: {"type" => "error", "error" => {"type" => "rate_limit_error", "code" => "1302", "message" => "[1302][Rate limit reached for requests][20261007114804b6142b26065b4ac1]"}, "request_id" => "20261007114804b6142
FAIL R49/2013/r49-2013-dk2-2025-02-rev2: API error for R49/2013/r49-2013-dk2-2025-02-rev2: {"type" => "error", "error" => {"type" => "rate_limit_error", "code" => "1302", "message" => "[1302][Rate limit reached for requests][2026100711480484047663e6f547e2]"}, "request_id" => "20261007114804
FAIL R49/2013/r49-2013-fr2-2022-01-rev0: API error for R49/2013/r49-2013-fr2-2022-01-rev0: {"type" => "error", "error" => {"type" => "rate_limit_error", "code" => "1302", "message" => "[1302][Rate limit reached for requests][20261007114804237c701c2a6c419d]"}, "request_id" => "20261007114804
FAIL R49/2013/r49-2013-dk2-2025-01-rev2: API error for R49/2013/r49-2013-dk2-2025-01-rev2: {"type" => "error", "error" => {"type" => "rate_limit_error", "code" => "1302", "message" => "[1302][Rate limit reached for requests][20261007114804f73de319e2914260]"}, "request_id" => "20261007114804
FAIL R49/2013/r49-2013-fr2-2022-02-rev0: API error for R49/2013/r49-2013-fr2-2022-02-rev0: {"type" => "error", "error" => {"type" => "rate_limit_error", "code" => "1302", "message" => "[1302][Rate limit reached for requests][202610071148048b642b48e5bb4739]"}, "request_id" => "20261007114804
FAIL R49/2013/r49-2013-fr2-2022-03-rev2: API error for R49/2013/r49-2013-fr2-2022-03-rev2: {"type" => "error", "error" => {"type" => "rate_limit_error", "code" => "1302", "message" => "[1302][Rate limit reached for requests][2026100711480401ceb0d3fe244c48]"}, "request_id" => "20261007114804
FAIL R49/2013/r49-2013-fr2-2022-03-rev0: API error for R49/2013/r49-2013-fr2-2022-03-rev0: {"type" => "error", "error" => {"type" => "rate_limit_error", "code" => "1302", "message" => "[1302][Rate limit reached for requests][202610071148042556f0dd13f34699]"}, "request_id" => "20261007114804
FAIL R49/2013/r49-2013-fr2-2023-01-rev0: API error for R49/2013/r49-2013-fr2-2023-01-rev0: {"type" => "error", "error" => {"type" => "rate_limit_error", "code" => "1302", "message" => "[1302][Rate limit reached for requests][20261007114804b6ee6533cb434045]"}, "request_id" => "20261007114804
FAIL R49/2013/r49-2013-fr2-2023-02-rev0: API error for R49/2013/r49-2013-fr2-2023-02-rev0: {"type" => "error", "error" => {"type" => "rate_limit_error", "code" => "1302", "message" => "[1302][Rate limit reached for requests][2026100711480481a6f48fd23643cb]"}, "request_id" => "20261007114804
FAIL R49/2013/r49-2013-fr2-2023-03-rev0: API error for R49/2013/r49-2013-fr2-2023-03-rev0: {"type" => "error", "error" => {"type" => "rate_limit_error", "code" => "1302", "message" => "[1302][Rate limit reached for requests][202610071148044583348efa774b67]"}, "request_id" => "20261007114804
FAIL R49/2013/r49-2013-fr2-2023-04-rev0: API error for R49/2013/r49-2013-fr2-2023-04-rev0: {"type" => "error", "error" => {"type" => "rate_limit_error", "code" => "1302", "message" => "[1302][Rate limit reached for requests][20261007114804d34881ce7be04b87]"}, "request_id" => "20261007114804
FAIL R49/2013/r49-2013-fr2-2023-05-rev1: API error for R49/2013/r49-2013-fr2-2023-05-rev1: {"type" => "error", "error" => {"type" => "rate_limit_error", "code" => "1302", "message" => "[1302][Rate limit reached for requests][202610071148048bd79c67390e4d37]"}, "request_id" => "20261007114804
FAIL R49/2013/r49-2013-fr2-2023-05-rev3: API error for R49/2013/r49-2013-fr2-2023-05-rev3: {"type" => "error", "error" => {"type" => "rate_limit_error", "code" => "1302", "message" => "[1302][Rate limit reached for requests][202610071148040a44306b1c4d4dcb]"}, "request_id" => "20261007114804
FAIL R49/2013/r49-2013-fr2-2023-05-rev4: API error for R49/2013/r49-2013-fr2-2023-05-rev4: {"type" => "error", "error" => {"type" => "rate_limit_error", "code" => "1302", "message" => "[1302][Rate limit reached for requests][20261007114804897211697d4c429d]"}, "request_id" => "20261007114804
FAIL R49/2013/r49-2013-nl1-2019-01-rev3: API error for R49/2013/r49-2013-nl1-2019-01-rev3: {"type" => "error", "error" => {"type" => "rate_limit_error", "code" => "1302", "message" => "[1302][Rate limit reached for requests][2026100711480428a694ad27894e71]"}, "request_id" => "20261007114804
FAIL R49/2013/r49-2013-nl1-2019-01-rev4: API error for R49/2013/r49-2013-nl1-2019-01-rev4: {"type" => "error", "error" => {"type" => "rate_limit_error", "code" => "1302", "message" => "[1302][Rate limit reached for requests][202610071148040aca8029e0354b1f]"}, "request_id" => "20261007114804
FAIL R49/2013/r49-2013-nl1-2019-01-rev5: API error for R49/2013/r49-2013-nl1-2019-01-rev5: {"type" => "error", "error" => {"type" => "rate_limit_error", "code" => "1302", "message" => "[1302][Rate limit reached for requests][20261007114805885626594f6d4373]"}, "request_id" => "20261007114805
FAIL R49/2013/r49-2013-nl1-2019-02-rev1: API error for R49/2013/r49-2013-nl1-2019-02-rev1: {"type" => "error", "error" => {"type" => "rate_limit_error", "code" => "1302", "message" => "[1302][Rate limit reached for requests][20261007114805632c6fbcd0f04c31]"}, "request_id" => "20261007114805
FAIL R49/2013/r49-2013-nl1-2019-02-rev2: API error for R49/2013/r49-2013-nl1-2019-02-rev2: {"type" => "error", "error" => {"type" => "rate_limit_error", "code" => "1302", "message" => "[1302][Rate limit reached for requests][20261007114805111c804ed92642b3]"}, "request_id" => "20261007114805
FAIL R49/2013/r49-2013-nl1-2019-02-rev3: API error for R49/2013/r49-2013-nl1-2019-02-rev3: {"type" => "error", "error" => {"type" => "rate_limit_error", "code" => "1302", "message" => "[1302][Rate limit reached for requests][20261007114805f6092c8eeb8a4c55]"}, "request_id" => "20261007114805
FAIL R49/2013/r49-2013-nl1-2019-06-rev2: API error for R49/2013/r49-2013-nl1-2019-06-rev2: {"type" => "error", "error" => {"type" => "rate_limit_error", "code" => "1302", "message" => "[1302][Rate limit reached for requests][2026100711480543c0ab36f8e04f17]"}, "request_id" => "20261007114805
FAIL R49/2013/r49-2013-nl1-2019-06-rev3: API error for R49/2013/r49-2013-nl1-2019-06-rev3: {"type" => "error", "error" => {"type" => "rate_limit_error", "code" => "1302", "message" => "[1302][Rate limit reached for requests][202610071148057579ea795642411c]"}, "request_id" => "20261007114805
FAIL R49/2013/r49-2013-nl1-2019-06-rev4: API error for R49/2013/r49-2013-nl1-2019-06-rev4: {"type" => "error", "error" => {"type" => "rate_limit_error", "code" => "1302", "message" => "[1302][Rate limit reached for requests][2026100711480508729e487f5e4222]"}, "request_id" => "20261007114805
FAIL R49/2013/r49-2013-nl1-2020-01-rev11: API error for R49/2013/r49-2013-nl1-2020-01-rev11: {"type" => "error", "error" => {"type" => "rate_limit_error", "code" => "1302", "message" => "[1302][Rate limit reached for requests][202610071148055e10d61dd8184901]"}, "request_id" => "2026100711480
FAIL R49/2013/r49-2013-nl1-2020-01-rev10: API error for R49/2013/r49-2013-nl1-2020-01-rev10: {"type" => "error", "error" => {"type" => "rate_limit_error", "code" => "1302", "message" => "[1302][Rate limit reached for requests][20261007114805747af57c75cd4edd]"}, "request_id" => "2026100711480
FAIL R49/2013/r49-2013-nl1-2020-01-rev12: API error for R49/2013/r49-2013-nl1-2020-01-rev12: {"type" => "error", "error" => {"type" => "rate_limit_error", "code" => "1302", "message" => "[1302][Rate limit reached for requests][20261007114805b0f0aa5352584d49]"}, "request_id" => "2026100711480
FAIL R49/2013/r49-2013-nl1-2020-01-rev13: API error for R49/2013/r49-2013-nl1-2020-01-rev13: {"type" => "error", "error" => {"type" => "rate_limit_error", "code" => "1302", "message" => "[1302][Rate limit reached for requests][202610071148057d60754dc39a43ff]"}, "request_id" => "2026100711480
FAIL R49/2013/r49-2013-nl1-2020-01-rev14: API error for R49/2013/r49-2013-nl1-2020-01-rev14: {"type" => "error", "error" => {"type" => "rate_limit_error", "code" => "1302", "message" => "[1302][Rate limit reached for requests][2026100711480525849395895d4bc3]"}, "request_id" => "2026100711480
FAIL R49/2013/r49-2013-nl1-2020-01-rev7: API error for R49/2013/r49-2013-nl1-2020-01-rev7: {"type" => "error", "error" => {"type" => "rate_limit_error", "code" => "1302", "message" => "[1302][Rate limit reached for requests][20261007114805ef40bb1e63f54492]"}, "request_id" => "20261007114805
FAIL R49/2013/r49-2013-nl1-2020-01-rev15: API error for R49/2013/r49-2013-nl1-2020-01-rev15: {"type" => "error", "error" => {"type" => "rate_limit_error", "code" => "1302", "message" => "[1302][Rate limit reached for requests][2026100711480547237bc4efd642a2]"}, "request_id" => "2026100711480
FAIL R49/2013/r49-2013-nl1-2020-01-rev8: API error for R49/2013/r49-2013-nl1-2020-01-rev8: {"type" => "error", "error" => {"type" => "rate_limit_error", "code" => "1302", "message" => "[1302][Rate limit reached for requests][202610071148055368030dc507412a]"}, "request_id" => "20261007114805
FAIL R49/2013/r49-2013-nl1-2020-01-rev9: API error for R49/2013/r49-2013-nl1-2020-01-rev9: {"type" => "error", "error" => {"type" => "rate_limit_error", "code" => "1302", "message" => "[1302][Rate limit reached for requests][202610071148058ad5491a7041479b]"}, "request_id" => "20261007114805
FAIL R49/2013/r49-2013-nl1-2020-02-rev2: API error for R49/2013/r49-2013-nl1-2020-02-rev2: {"type" => "error", "error" => {"type" => "rate_limit_error", "code" => "1302", "message" => "[1302][Rate limit reached for requests][2026100711480568473b0d62bd4b94]"}, "request_id" => "20261007114805
FAIL R49/2013/r49-2013-nl1-2020-02-rev3: API error for R49/2013/r49-2013-nl1-2020-02-rev3: {"type" => "error", "error" => {"type" => "rate_limit_error", "code" => "1302", "message" => "[1302][Rate limit reached for requests][20261007114805dc39c75c28604e3b]"}, "request_id" => "20261007114805
FAIL R49/2013/r49-2013-nl1-2021-02-rev3: API error for R49/2013/r49-2013-nl1-2021-02-rev3: {"type" => "error", "error" => {"type" => "rate_limit_error", "code" => "1302", "message" => "[1302][Rate limit reached for requests][202610071148053e34110a5cf34bdd]"}, "request_id" => "20261007114805
FAIL R49/2013/r49-2013-nl1-2021-02-rev4: API error for R49/2013/r49-2013-nl1-2021-02-rev4: {"type" => "error", "error" => {"type" => "rate_limit_error", "code" => "1302", "message" => "[1302][Rate limit reached for requests][20261007114806911fbea900be41bf]"}, "request_id" => "20261007114806
FAIL R49/2013/r49-2013-nl1-2021-03-rev10: API error for R49/2013/r49-2013-nl1-2021-03-rev10: {"type" => "error", "error" => {"type" => "rate_limit_error", "code" => "1302", "message" => "[1302][Rate limit reached for requests][202610071148062261b1bd135f410e]"}, "request_id" => "2026100711480
FAIL R49/2013/r49-2013-nl1-2021-03-rev2: API error for R49/2013/r49-2013-nl1-2021-03-rev2: {"type" => "error", "error" => {"type" => "rate_limit_error", "code" => "1302", "message" => "[1302][Rate limit reached for requests][202610071148065563e8ce810a49a6]"}, "request_id" => "20261007114806
FAIL R49/2013/r49-2013-nl1-2021-02-rev2: API error for R49/2013/r49-2013-nl1-2021-02-rev2: {"type" => "error", "error" => {"type" => "rate_limit_error", "code" => "1302", "message" => "[1302][Rate limit reached for requests][20261007114805ad19eae5a7104dce]"}, "request_id" => "20261007114805
FAIL R49/2013/r49-2013-nl1-2021-03-rev3: API error for R49/2013/r49-2013-nl1-2021-03-rev3: {"type" => "error", "error" => {"type" => "rate_limit_error", "code" => "1302", "message" => "[1302][Rate limit reached for requests][202610071148066710eb5241044aa4]"}, "request_id" => "20261007114806
FAIL R49/2013/r49-2013-nl1-2021-03-rev4: API error for R49/2013/r49-2013-nl1-2021-03-rev4: {"type" => "error", "error" => {"type" => "rate_limit_error", "code" => "1302", "message" => "[1302][Rate limit reached for requests][2026100711480634d7e7dea75b44e9]"}, "request_id" => "20261007114806
FAIL R49/2013/r49-2013-nl1-2021-03-rev5: API error for R49/2013/r49-2013-nl1-2021-03-rev5: {"type" => "error", "error" => {"type" => "rate_limit_error", "code" => "1302", "message" => "[1302][Rate limit reached for requests][202610071148068e384ed3253f4873]"}, "request_id" => "20261007114806
FAIL R49/2013/r49-2013-nl1-2021-03-rev6: API error for R49/2013/r49-2013-nl1-2021-03-rev6: {"type" => "error", "error" => {"type" => "rate_limit_error", "code" => "1302", "message" => "[1302][Rate limit reached for requests][2026100711480674df0a8a28854e79]"}, "request_id" => "20261007114806
FAIL R49/2013/r49-2013-nl1-2021-03-rev7: API error for R49/2013/r49-2013-nl1-2021-03-rev7: {"type" => "error", "error" => {"type" => "rate_limit_error", "code" => "1302", "message" => "[1302][Rate limit reached for requests][2026100711480611081e04f2634d82]"}, "request_id" => "20261007114806
FAIL R49/2013/r49-2013-nl1-2021-03-rev8: API error for R49/2013/r49-2013-nl1-2021-03-rev8: {"type" => "error", "error" => {"type" => "rate_limit_error", "code" => "1302", "message" => "[1302][Rate limit reached for requests][202610071148064f855868cf664387]"}, "request_id" => "20261007114806
FAIL R49/2013/r49-2013-nl1-2021-03-rev9: API error for R49/2013/r49-2013-nl1-2021-03-rev9: {"type" => "error", "error" => {"type" => "rate_limit_error", "code" => "1302", "message" => "[1302][Rate limit reached for requests][202610071148067d6b4d0542524373]"}, "request_id" => "20261007114806
FAIL R49/2013/r49-2013-nl1-2021-04-rev2: API error for R49/2013/r49-2013-nl1-2021-04-rev2: {"type" => "error", "error" => {"type" => "rate_limit_error", "code" => "1302", "message" => "[1302][Rate limit reached for requests][2026100711480632a4dfc3ac2c4c19]"}, "request_id" => "20261007114806
FAIL R49/2013/r49-2013-nl1-2021-04-rev4: API error for R49/2013/r49-2013-nl1-2021-04-rev4: {"type" => "error", "error" => {"type" => "rate_limit_error", "code" => "1302", "message" => "[1302][Rate limit reached for requests][20261007114806fc8fd3835c7c4557]"}, "request_id" => "20261007114806
FAIL R49/2013/r49-2013-nl1-2021-04-rev3: API error for R49/2013/r49-2013-nl1-2021-04-rev3: {"type" => "error", "error" => {"type" => "rate_limit_error", "code" => "1302", "message" => "[1302][Rate limit reached for requests][2026100711480687ded624777a4873]"}, "request_id" => "20261007114806
FAIL R49/2013/r49-2013-nl1-2021-05-rev3: API error for R49/2013/r49-2013-nl1-2021-05-rev3: {"type" => "error", "error" => {"type" => "rate_limit_error", "code" => "1302", "message" => "[1302][Rate limit reached for requests][20261007114806b1d0f82195404567]"}, "request_id" => "20261007114806
FAIL R49/2013/r49-2013-nl1-2022-01-rev1: API error for R49/2013/r49-2013-nl1-2022-01-rev1: {"type" => "error", "error" => {"type" => "rate_limit_error", "code" => "1302", "message" => "[1302][Rate limit reached for requests][20261007114806c0b1ccd377ee4fbd]"}, "request_id" => "20261007114806
FAIL R49/2013/r49-2013-nl1-2025-01-rev0: API error for R49/2013/r49-2013-nl1-2025-01-rev0: {"type" => "error", "error" => {"type" => "rate_limit_error", "code" => "1302", "message" => "[1302][Rate limit reached for requests][20261007114806202d3ff37288498e]"}, "request_id" => "20261007114806
FAIL R49/2013/r49-2013-nl1-2024-02-rev0: API error for R49/2013/r49-2013-nl1-2024-02-rev0: {"type" => "error", "error" => {"type" => "rate_limit_error", "code" => "1302", "message" => "[1302][Rate limit reached for requests][20261007114806913ca4844f174290]"}, "request_id" => "20261007114806
FAIL R49/2013/r49-2013-nl1-2022-02-rev1: API error for R49/2013/r49-2013-nl1-2022-02-rev1: {"type" => "error", "error" => {"type" => "rate_limit_error", "code" => "1302", "message" => "[1302][Rate limit reached for requests][2026100711480610ffe947d1334d47]"}, "request_id" => "20261007114806
FAIL R49/2013/r49-2013-nl1-2025-02-rev0: API error for R49/2013/r49-2013-nl1-2025-02-rev0: {"type" => "error", "error" => {"type" => "rate_limit_error", "code" => "1302", "message" => "[1302][Rate limit reached for requests][20261007114807ecf6d69ebedb429b]"}, "request_id" => "20261007114807
FAIL R49/2013/r49-2013-nl1-2026-09-rev0: API error for R49/2013/r49-2013-nl1-2026-09-rev0: {"type" => "error", "error" => {"type" => "rate_limit_error", "code" => "1302", "message" => "[1302][Rate limit reached for requests][2026100711480723fddfa7178742c9]"}, "request_id" => "20261007114807
FAIL R49/2013/r49-2013-sk1-2020-02-rev1: API error for R49/2013/r49-2013-sk1-2020-02-rev1: {"type" => "error", "error" => {"type" => "rate_limit_error", "code" => "1302", "message" => "[1302][Rate limit reached for requests][2026100711480772432ef63f8d4626]"}, "request_id" => "20261007114807
FAIL R49/2013/r49-2013-sk1-2023-01: API error for R49/2013/r49-2013-sk1-2023-01: {"type" => "error", "error" => {"type" => "rate_limit_error", "code" => "1302", "message" => "[1302][Rate limit reached for requests][202610071148071816670e074140e5]"}, "request_id" => "2026100711480718166
FAIL R49/2013/r49-2013-nl1-2026-01-rev0: API error for R49/2013/r49-2013-nl1-2026-01-rev0: {"type" => "error", "error" => {"type" => "rate_limit_error", "code" => "1302", "message" => "[1302][Rate limit reached for requests][20261007114807490cf68b65d04fed]"}, "request_id" => "20261007114807
FAIL R49/2013/r49-2013-sk1-2023-02-rev1: API error for R49/2013/r49-2013-sk1-2023-02-rev1: {"type" => "error", "error" => {"type" => "rate_limit_error", "code" => "1302", "message" => "[1302][Rate limit reached for requests][20261007114807b4b337e290144962]"}, "request_id" => "20261007114807
FAIL R49/2013/r49-2013-sk1-2023-02: API error for R49/2013/r49-2013-sk1-2023-02: {"type" => "error", "error" => {"type" => "rate_limit_error", "code" => "1302", "message" => "[1302][Rate limit reached for requests][2026100711480759160754374b4253]"}, "request_id" => "2026100711480759160
FAIL R49/2013/r49-2013-sk1-2023-03: API error for R49/2013/r49-2013-sk1-2023-03: {"type" => "error", "error" => {"type" => "rate_limit_error", "code" => "1302", "message" => "[1302][Rate limit reached for requests][20261007114807a63a68cdddf64dab]"}, "request_id" => "20261007114807a63a6
FAIL R49/2013/r49-2013-sk1-2023-03-rev1: API error for R49/2013/r49-2013-sk1-2023-03-rev1: {"type" => "error", "error" => {"type" => "rate_limit_error", "code" => "1302", "message" => "[1302][Rate limit reached for requests][20261007114807499de7cdb69540a9]"}, "request_id" => "20261007114807
FAIL R49/2013/r49-2013-sk1-2023-02-rev3: API error for R49/2013/r49-2013-sk1-2023-02-rev3: {"type" => "error", "error" => {"type" => "rate_limit_error", "code" => "1302", "message" => "[1302][Rate limit reached for requests][20261007114807077a5565037048a2]"}, "request_id" => "20261007114807
FAIL R49/2013/r49-2013-sk1-2023-04-rev2: API error for R49/2013/r49-2013-sk1-2023-04-rev2: {"type" => "error", "error" => {"type" => "rate_limit_error", "code" => "1302", "message" => "[1302][Rate limit reached for requests][2026100711480733a165d6629e4173]"}, "request_id" => "20261007114807
FAIL R49/2013/r49-2013-sk1-2023-04-rev3: API error for R49/2013/r49-2013-sk1-2023-04-rev3: {"type" => "error", "error" => {"type" => "rate_limit_error", "code" => "1302", "message" => "[1302][Rate limit reached for requests][2026100711480748da4094d76443ef]"}, "request_id" => "20261007114807
FAIL R49/2013/r49-2013-sk1-2023-05: API error for R49/2013/r49-2013-sk1-2023-05: {"type" => "error", "error" => {"type" => "rate_limit_error", "code" => "1302", "message" => "[1302][Rate limit reached for requests][20261007114807970555e9c8694560]"}, "request_id" => "2026100711480797055
FAIL R49/2013/r49-2013-sk1-2023-06: API error for R49/2013/r49-2013-sk1-2023-06: {"type" => "error", "error" => {"type" => "rate_limit_error", "code" => "1302", "message" => "[1302][Rate limit reached for requests][202610071148078531386cb15b47ed]"}, "request_id" => "2026100711480785313
FAIL R49/2013/r49-2013-sk1-2024-01-rev1: API error for R49/2013/r49-2013-sk1-2024-01-rev1: {"type" => "error", "error" => {"type" => "rate_limit_error", "code" => "1302", "message" => "[1302][Rate limit reached for requests][20261007114807b5d7fd2c70a34220]"}, "request_id" => "20261007114807
FAIL R49/2013/r49-2013-sk1-2023-04: API error for R49/2013/r49-2013-sk1-2023-04: {"type" => "error", "error" => {"type" => "rate_limit_error", "code" => "1302", "message" => "[1302][Rate limit reached for requests][2026100711480769204eb9544b45ed]"}, "request_id" => "2026100711480769204
FAIL R49/2013/r49-2013-sk1-2024-01-rev2: API error for R49/2013/r49-2013-sk1-2024-01-rev2: {"type" => "error", "error" => {"type" => "rate_limit_error", "code" => "1302", "message" => "[1302][Rate limit reached for requests][20261007114807f4ac5e206b1844f1]"}, "request_id" => "20261007114807
FAIL R49/2013/r49-2013-sk1-2024-01: API error for R49/2013/r49-2013-sk1-2024-01: {"type" => "error", "error" => {"type" => "rate_limit_error", "code" => "1302", "message" => "[1302][Rate limit reached for requests][2026100711480713e7b0798a97428c]"}, "request_id" => "2026100711480713e7b
FAIL R49/2013/r49-2013-sk1-2024-02: API error for R49/2013/r49-2013-sk1-2024-02: {"type" => "error", "error" => {"type" => "rate_limit_error", "code" => "1302", "message" => "[1302][Rate limit reached for requests][20261007114807c81a1161d50948d8]"}, "request_id" => "20261007114807c81a1
FAIL R49/2013/r49-2013-sk1-2024-03-rev1: API error for R49/2013/r49-2013-sk1-2024-03-rev1: {"type" => "error", "error" => {"type" => "rate_limit_error", "code" => "1302", "message" => "[1302][Rate limit reached for requests][202610071148085b1b45c5f2f84230]"}, "request_id" => "20261007114808
FAIL R49/2013/r49-2013-sk1-2024-03-rev2: API error for R49/2013/r49-2013-sk1-2024-03-rev2: {"type" => "error", "error" => {"type" => "rate_limit_error", "code" => "1302", "message" => "[1302][Rate limit reached for requests][20261007114808a56dced984e74c56]"}, "request_id" => "20261007114808
FAIL R49/2013/r49-2013-sk1-2024-03: API error for R49/2013/r49-2013-sk1-2024-03: {"type" => "error", "error" => {"type" => "rate_limit_error", "code" => "1302", "message" => "[1302][Rate limit reached for requests][2026100711480899bf496aeb314c01]"}, "request_id" => "2026100711480899bf4
FAIL R49/2013/r49-2013-sk1-2024-04: API error for R49/2013/r49-2013-sk1-2024-04: {"type" => "error", "error" => {"type" => "rate_limit_error", "code" => "1302", "message" => "[1302][Rate limit reached for requests][20261007114808a435fcea07a04f8a]"}, "request_id" => "20261007114808a435f
FAIL R49/2013/r49-2013-sk1-2024-05: API error for R49/2013/r49-2013-sk1-2024-05: {"type" => "error", "error" => {"type" => "rate_limit_error", "code" => "1302", "message" => "[1302][Rate limit reached for requests][202610071148089fc2f660d6ee4b76]"}, "request_id" => "202610071148089fc2f
FAIL R49/2013/r49-2013-sk1-2024-06: API error for R49/2013/r49-2013-sk1-2024-06: {"type" => "error", "error" => {"type" => "rate_limit_error", "code" => "1302", "message" => "[1302][Rate limit reached for requests][20261007114808f4e2289ba01e4916]"}, "request_id" => "20261007114808f4e22
FAIL R49/2013/r49-2013-sk1-2024-07: API error for R49/2013/r49-2013-sk1-2024-07: {"type" => "error", "error" => {"type" => "rate_limit_error", "code" => "1302", "message" => "[1302][Rate limit reached for requests][20261007114808cb11598bf0bd4669]"}, "request_id" => "20261007114808cb115
FAIL R49/2013/r49-2013-sk1-2024-07-rev1: API error for R49/2013/r49-2013-sk1-2024-07-rev1: {"type" => "error", "error" => {"type" => "rate_limit_error", "code" => "1302", "message" => "[1302][Rate limit reached for requests][20261007114808881f39aac34c476f]"}, "request_id" => "20261007114808
FAIL R49/2013/r49-2013-sk1-2025-01: API error for R49/2013/r49-2013-sk1-2025-01: {"type" => "error", "error" => {"type" => "rate_limit_error", "code" => "1302", "message" => "[1302][Rate limit reached for requests][20261007114808f9631e1e533c491c]"}, "request_id" => "20261007114808f9631
FAIL R49/2013/r49-2013-sk1-2025-02: API error for R49/2013/r49-2013-sk1-2025-02: {"type" => "error", "error" => {"type" => "rate_limit_error", "code" => "1302", "message" => "[1302][Rate limit reached for requests][20261007114808d8870df428fa464b]"}, "request_id" => "20261007114808d8870
FAIL R49/2013/r49-2013-sk1-2025-04: API error for R49/2013/r49-2013-sk1-2025-04: {"type" => "error", "error" => {"type" => "rate_limit_error", "code" => "1302", "message" => "[1302][Rate limit reached for requests][20261007114808048894af852945a0]"}, "request_id" => "2026100711480804889
FAIL R49/2013/r49-2013-sk1-2025-03: API error for R49/2013/r49-2013-sk1-2025-03: {"type" => "error", "error" => {"type" => "rate_limit_error", "code" => "1302", "message" => "[1302][Rate limit reached for requests][2026100711480822a74c93e01948e8]"}, "request_id" => "2026100711480822a74
FAIL R49/2013/r49-2013-sk1-2025-05: API error for R49/2013/r49-2013-sk1-2025-05: {"type" => "error", "error" => {"type" => "rate_limit_error", "code" => "1302", "message" => "[1302][Rate limit reached for requests][20261007114808aba44de096314cf3]"}, "request_id" => "20261007114808aba44
FAIL R49/2013/r49-2013-sk1-2025-07: API error for R49/2013/r49-2013-sk1-2025-07: {"type" => "error", "error" => {"type" => "rate_limit_error", "code" => "1302", "message" => "[1302][Rate limit reached for requests][20261007114808d4b69865ce554e03]"}, "request_id" => "20261007114808d4b69
FAIL R49/2013/r49-2013-sk1-2025-06: API error for R49/2013/r49-2013-sk1-2025-06: {"type" => "error", "error" => {"type" => "rate_limit_error", "code" => "1302", "message" => "[1302][Rate limit reached for requests][202610071148089402aa9cd8844e56]"}, "request_id" => "202610071148089402a
FAIL R49/2013/r49-2013-sk1-2025-08: API error for R49/2013/r49-2013-sk1-2025-08: {"type" => "error", "error" => {"type" => "rate_limit_error", "code" => "1302", "message" => "[1302][Rate limit reached for requests][20261007114808f0022d4052ff4593]"}, "request_id" => "20261007114808f0022
FAIL R49/2013/r49-2013-sk1-2025-09: API error for R49/2013/r49-2013-sk1-2025-09: {"type" => "error", "error" => {"type" => "rate_limit_error", "code" => "1302", "message" => "[1302][Rate limit reached for requests][20261007114808f3083a807776428a]"}, "request_id" => "20261007114808f3083
FAIL R49/2013/r49-2013-sk1-2025-10: API error for R49/2013/r49-2013-sk1-2025-10: {"type" => "error", "error" => {"type" => "rate_limit_error", "code" => "1302", "message" => "[1302][Rate limit reached for requests][20261007114808840adbb25cfd44d6]"}, "request_id" => "20261007114808840ad
FAIL R49/2013/r49-2013-sk1-2025-11: API error for R49/2013/r49-2013-sk1-2025-11: {"type" => "error", "error" => {"type" => "rate_limit_error", "code" => "1302", "message" => "[1302][Rate limit reached for requests][202610071148083b2f6cf529064b78]"}, "request_id" => "202610071148083b2f6
FAIL R49/2013/r49-2013-sk1-2025-12: API error for R49/2013/r49-2013-sk1-2025-12: {"type" => "error", "error" => {"type" => "rate_limit_error", "code" => "1302", "message" => "[1302][Rate limit reached for requests][20261007114809634a8290d48d46b8]"}, "request_id" => "20261007114809634a8
FAIL R49/2013/r49-2013-sk1-2025-14: API error for R49/2013/r49-2013-sk1-2025-14: {"type" => "error", "error" => {"type" => "rate_limit_error", "code" => "1302", "message" => "[1302][Rate limit reached for requests][202610071148096ac7ae20f97a4b3b]"}, "request_id" => "202610071148096ac7a
FAIL R49/2013/r49-2013-sk1-2026-02: API error for R49/2013/r49-2013-sk1-2026-02: {"type" => "error", "error" => {"type" => "rate_limit_error", "code" => "1302", "message" => "[1302][Rate limit reached for requests][20261007114809a321f78333e149d3]"}, "request_id" => "20261007114809a321f
FAIL R49/2013/r49-2013-sk1-2026-04: API error for R49/2013/r49-2013-sk1-2026-04: {"type" => "error", "error" => {"type" => "rate_limit_error", "code" => "1302", "message" => "[1302][Rate limit reached for requests][2026100711480969729cf0ebfc4996]"}, "request_id" => "2026100711480969729
FAIL R50/1997/r050-1997-dk3-2012-01: API error for R50/1997/r050-1997-dk3-2012-01: {"type" => "error", "error" => {"type" => "rate_limit_error", "code" => "1302", "message" => "[1302][Rate limit reached for requests][20261007114809b3583e3d5f064533]"}, "request_id" => "20261007114809b358
FAIL R49/2013/r49-2013-sk1-2026-05: API error for R49/2013/r49-2013-sk1-2026-05: {"type" => "error", "error" => {"type" => "rate_limit_error", "code" => "1302", "message" => "[1302][Rate limit reached for requests][20261007114809a22368455b1242aa]"}, "request_id" => "20261007114809a2236
FAIL R50/1997/r050-1997-gb1-2009-01-rev1: API error for R50/1997/r050-1997-gb1-2009-01-rev1: {"type" => "error", "error" => {"type" => "rate_limit_error", "code" => "1302", "message" => "[1302][Rate limit reached for requests][2026100711480949bd557b5be645b6]"}, "request_id" => "2026100711480
FAIL R50/1997/r050-1997-gb1-2009-01-rev2: API error for R50/1997/r050-1997-gb1-2009-01-rev2: {"type" => "error", "error" => {"type" => "rate_limit_error", "code" => "1302", "message" => "[1302][Rate limit reached for requests][202610071148092c90d645a1ba400b]"}, "request_id" => "2026100711480
FAIL R50/1997/r050-1997-gb1-2009-01: API error for R50/1997/r050-1997-gb1-2009-01: {"type" => "error", "error" => {"type" => "rate_limit_error", "code" => "1302", "message" => "[1302][Rate limit reached for requests][2026100711480959fc6640beff4986]"}, "request_id" => "2026100711480959fc
FAIL R51/1996/r051-1996-cn1-2014-01: API error for R51/1996/r051-1996-cn1-2014-01: {"type" => "error", "error" => {"type" => "rate_limit_error", "code" => "1302", "message" => "[1302][Rate limit reached for requests][20261007114809cdc737cc31c74842]"}, "request_id" => "20261007114809cdc7
FAIL R51/1996/r051-1996-de1-1998-01-rev4: API error for R51/1996/r051-1996-de1-1998-01-rev4: {"type" => "error", "error" => {"type" => "rate_limit_error", "code" => "1302", "message" => "[1302][Rate limit reached for requests][2026100711480913db147df3e341e4]"}, "request_id" => "2026100711480
FAIL R51/1996/r051-1996-de1-1999-03-rev2: API error for R51/1996/r051-1996-de1-1999-03-rev2: {"type" => "error", "error" => {"type" => "rate_limit_error", "code" => "1302", "message" => "[1302][Rate limit reached for requests][202610071148091c90ad3fc0c342b3]"}, "request_id" => "2026100711480
FAIL R51/1996/r051-1996-de1-2003-03-rev1: API error for R51/1996/r051-1996-de1-2003-03-rev1: {"type" => "error", "error" => {"type" => "rate_limit_error", "code" => "1302", "message" => "[1302][Rate limit reached for requests][202610071148092be10ce0485d4a22]"}, "request_id" => "2026100711480
FAIL R51/1996/r051-1996-de1-2003-07-rev1: API error for R51/1996/r051-1996-de1-2003-07-rev1: {"type" => "error", "error" => {"type" => "rate_limit_error", "code" => "1302", "message" => "[1302][Rate limit reached for requests][20261007114809ecf95e6b29534a41]"}, "request_id" => "2026100711480
FAIL R51/1996/r051-1996-de1-2003-11-rev1: API error for R51/1996/r051-1996-de1-2003-11-rev1: {"type" => "error", "error" => {"type" => "rate_limit_error", "code" => "1302", "message" => "[1302][Rate limit reached for requests][202610071148091727e08b0dac4ba9]"}, "request_id" => "2026100711480
FAIL R51/1996/r051-1996-de1-2003-13-rev1: API error for R51/1996/r051-1996-de1-2003-13-rev1: {"type" => "error", "error" => {"type" => "rate_limit_error", "code" => "1302", "message" => "[1302][Rate limit reached for requests][2026100711480954955421eb8a43fe]"}, "request_id" => "2026100711480
FAIL R51/1996/r051-1996-de1-2004-01-rev1: API error for R51/1996/r051-1996-de1-2004-01-rev1: {"type" => "error", "error" => {"type" => "rate_limit_error", "code" => "1302", "message" => "[1302][Rate limit reached for requests][20261007114809144c6e30ff6b4e0b]"}, "request_id" => "2026100711480
FAIL R51/1996/r051-1996-de1-2005-01: API error for R51/1996/r051-1996-de1-2005-01: {"type" => "error", "error" => {"type" => "rate_limit_error", "code" => "1302", "message" => "[1302][Rate limit reached for requests][2026100711480969a915250f884433]"}, "request_id" => "2026100711480969a9
FAIL R51/1996/r051-1996-de1-2004-06: API error for R51/1996/r051-1996-de1-2004-06: {"type" => "error", "error" => {"type" => "rate_limit_error", "code" => "1302", "message" => "[1302][Rate limit reached for requests][20261007114809aa86a0a4d2ce4752]"}, "request_id" => "20261007114809aa86
FAIL R51/1996/r051-1996-de1-2005-02: API error for R51/1996/r051-1996-de1-2005-02: {"type" => "error", "error" => {"type" => "rate_limit_error", "code" => "1302", "message" => "[1302][Rate limit reached for requests][20261007114809179c622a41e64095]"}, "request_id" => "20261007114809179c
FAIL R51/1996/r051-1996-de1-2005-03: API error for R51/1996/r051-1996-de1-2005-03: {"type" => "error", "error" => {"type" => "rate_limit_error", "code" => "1302", "message" => "[1302][Rate limit reached for requests][20261007114810b98e488b194e4e35]"}, "request_id" => "20261007114810b98e
FAIL R51/1996/r051-1996-de1-2005-04: API error for R51/1996/r051-1996-de1-2005-04: {"type" => "error", "error" => {"type" => "rate_limit_error", "code" => "1302", "message" => "[1302][Rate limit reached for requests][20261007114810440353541e35432f]"}, "request_id" => "202610071148104403
FAIL R51/1996/r051-1996-de1-2005-05: API error for R51/1996/r051-1996-de1-2005-05: {"type" => "error", "error" => {"type" => "rate_limit_error", "code" => "1302", "message" => "[1302][Rate limit reached for requests][20261007114810a68cd0945d564f1c]"}, "request_id" => "20261007114810a68c
FAIL R51/1996/r051-1996-dk1-2005-01: API error for R51/1996/r051-1996-dk1-2005-01: {"type" => "error", "error" => {"type" => "rate_limit_error", "code" => "1302", "message" => "[1302][Rate limit reached for requests][202610071148108b01763166b140a3]"}, "request_id" => "202610071148108b01
FAIL R51/1996/r051-1996-fr2-2005-01: API error for R51/1996/r051-1996-fr2-2005-01: {"type" => "error", "error" => {"type" => "rate_limit_error", "code" => "1302", "message" => "[1302][Rate limit reached for requests][20261007114810719647aa6bbb4652]"}, "request_id" => "202610071148107196
FAIL R51/1996/r051-1996-gb1-2007-01: API error for R51/1996/r051-1996-gb1-2007-01: {"type" => "error", "error" => {"type" => "rate_limit_error", "code" => "1302", "message" => "[1302][Rate limit reached for requests][202610071148104e6a40085e544c1f]"}, "request_id" => "202610071148104e6a
FAIL R51/1996/r051-1996-gb1-2006-01: API error for R51/1996/r051-1996-gb1-2006-01: {"type" => "error", "error" => {"type" => "rate_limit_error", "code" => "1302", "message" => "[1302][Rate limit reached for requests][202610071148100299d53110464e22]"}, "request_id" => "202610071148100299
FAIL R51/1996/r051-1996-gb1-2008-01-rev12: API error for R51/1996/r051-1996-gb1-2008-01-rev12: {"type" => "error", "error" => {"type" => "rate_limit_error", "code" => "1302", "message" => "[1302][Rate limit reached for requests][20261007114810bd131f3d7bd346fa]"}, "request_id" => "202610071148
FAIL R51/1996/r051-1996-gb1-2008-02-rev1: API error for R51/1996/r051-1996-gb1-2008-02-rev1: {"type" => "error", "error" => {"type" => "rate_limit_error", "code" => "1302", "message" => "[1302][Rate limit reached for requests][202610071148101296b9fbe7f34ee7]"}, "request_id" => "2026100711481
FAIL R51/1996/r051-1996-gb1-2008-02: API error for R51/1996/r051-1996-gb1-2008-02: {"type" => "error", "error" => {"type" => "rate_limit_error", "code" => "1302", "message" => "[1302][Rate limit reached for requests][2026100711481093834d890c68499e]"}, "request_id" => "202610071148109383
FAIL R51/1996/r051-1996-nl1-2004-05-rev1: API error for R51/1996/r051-1996-nl1-2004-05-rev1: {"type" => "error", "error" => {"type" => "rate_limit_error", "code" => "1302", "message" => "[1302][Rate limit reached for requests][202610071148106a8144def18f4d46]"}, "request_id" => "2026100711481
FAIL R51/1996/r051-1996-gb1-2014-03-rev1: API error for R51/1996/r051-1996-gb1-2014-03-rev1: {"type" => "error", "error" => {"type" => "rate_limit_error", "code" => "1302", "message" => "[1302][Rate limit reached for requests][20261007114810b88b603cf0294280]"}, "request_id" => "2026100711481
FAIL R51/1996/r051-1996-nl1-2005-01-rev1: API error for R51/1996/r051-1996-nl1-2005-01-rev1: {"type" => "error", "error" => {"type" => "rate_limit_error", "code" => "1302", "message" => "[1302][Rate limit reached for requests][2026100711481018cf2c0595534a78]"}, "request_id" => "2026100711481
FAIL R51/1996/r051-1996-nl1-2005-01: API error for R51/1996/r051-1996-nl1-2005-01: {"type" => "error", "error" => {"type" => "rate_limit_error", "code" => "1302", "message" => "[1302][Rate limit reached for requests][20261007114810ad86b9db5d7348ae]"}, "request_id" => "20261007114810ad86
FAIL R51/1996/r051-1996-nl1-2005-02-rev1: API error for R51/1996/r051-1996-nl1-2005-02-rev1: {"type" => "error", "error" => {"type" => "rate_limit_error", "code" => "1302", "message" => "[1302][Rate limit reached for requests][2026100711481046d7b95365f74e04]"}, "request_id" => "2026100711481
FAIL R51/1996/r051-1996-nl1-2005-02: API error for R51/1996/r051-1996-nl1-2005-02: {"type" => "error", "error" => {"type" => "rate_limit_error", "code" => "1302", "message" => "[1302][Rate limit reached for requests][202610071148105ea1df09924c40a3]"}, "request_id" => "202610071148105ea1
FAIL R51/1996/r051-1996-nl1-2006-01: API error for R51/1996/r051-1996-nl1-2006-01: {"type" => "error", "error" => {"type" => "rate_limit_error", "code" => "1302", "message" => "[1302][Rate limit reached for requests][20261007114810687ed1d5a0d743cc]"}, "request_id" => "20261007114810687e
FAIL R51/1996/r051-1996-nl1-2006-02: API error for R51/1996/r051-1996-nl1-2006-02: {"type" => "error", "error" => {"type" => "rate_limit_error", "code" => "1302", "message" => "[1302][Rate limit reached for requests][2026100711481047159a4739ab4165]"}, "request_id" => "202610071148104715
FAIL R51/1996/r051-1996-nl1-2006-03: API error for R51/1996/r051-1996-nl1-2006-03: {"type" => "error", "error" => {"type" => "rate_limit_error", "code" => "1302", "message" => "[1302][Rate limit reached for requests][202610071148105aeb8f329e574383]"}, "request_id" => "202610071148105aeb
FAIL R51/1996/r051-1996-nl1-2006-04: API error for R51/1996/r051-1996-nl1-2006-04: {"type" => "error", "error" => {"type" => "rate_limit_error", "code" => "1302", "message" => "[1302][Rate limit reached for requests][202610071148111155675d4ca24f2a]"}, "request_id" => "202610071148111155
FAIL R51/1996/r051-1996-nl1-2013-06: API error for R51/1996/r051-1996-nl1-2013-06: {"type" => "error", "error" => {"type" => "rate_limit_error", "code" => "1302", "message" => "[1302][Rate limit reached for requests][2026100711481141f71e00da124b25]"}, "request_id" => "2026100711481141f7
FAIL R51/1996/r051-1996-nl1-2012-02: API error for R51/1996/r051-1996-nl1-2012-02: {"type" => "error", "error" => {"type" => "rate_limit_error", "code" => "1302", "message" => "[1302][Rate limit reached for requests][20261007114811448356aedb2d4f4d]"}, "request_id" => "202610071148114483
FAIL R51/2006/r051-2006-cn2-2018-01-rev1: API error for R51/2006/r051-2006-cn2-2018-01-rev1: {"type" => "error", "error" => {"type" => "rate_limit_error", "code" => "1302", "message" => "[1302][Rate limit reached for requests][202610071148111a6cd012888e4fdd]"}, "request_id" => "2026100711481
FAIL R51/2006/r051-2006-de1-2007-03: API error for R51/2006/r051-2006-de1-2007-03: {"type" => "error", "error" => {"type" => "rate_limit_error", "code" => "1302", "message" => "[1302][Rate limit reached for requests][202610071148115deda0e9c9894659]"}, "request_id" => "202610071148115ded
FAIL R51/2006/r051-2006-de1-2007-05: API error for R51/2006/r051-2006-de1-2007-05: {"type" => "error", "error" => {"type" => "rate_limit_error", "code" => "1302", "message" => "[1302][Rate limit reached for requests][20261007114811393438b4fadd44e6]"}, "request_id" => "202610071148113934
FAIL R51/2006/r051-2006-de1-2007-06: API error for R51/2006/r051-2006-de1-2007-06: {"type" => "error", "error" => {"type" => "rate_limit_error", "code" => "1302", "message" => "[1302][Rate limit reached for requests][20261007114811c6b17eb2fdfa40db]"}, "request_id" => "20261007114811c6b1
FAIL R51/2006/r051-2006-de1-2007-07-rev1: API error for R51/2006/r051-2006-de1-2007-07-rev1: {"type" => "error", "error" => {"type" => "rate_limit_error", "code" => "1302", "message" => "[1302][Rate limit reached for requests][20261007114811298dc0d7f8b347a7]"}, "request_id" => "2026100711481
FAIL R51/2006/r051-2006-de1-2008-01: API error for R51/2006/r051-2006-de1-2008-01: {"type" => "error", "error" => {"type" => "rate_limit_error", "code" => "1302", "message" => "[1302][Rate limit reached for requests][20261007114811d5a330e8fa7a4e9d]"}, "request_id" => "20261007114811d5a3
FAIL R51/2006/r051-2006-de1-2008-02: API error for R51/2006/r051-2006-de1-2008-02: {"type" => "error", "error" => {"type" => "rate_limit_error", "code" => "1302", "message" => "[1302][Rate limit reached for requests][202610071148119d3eee79bc224673]"}, "request_id" => "202610071148119d3e
FAIL R51/2006/r051-2006-de1-2009-01: API error for R51/2006/r051-2006-de1-2009-01: {"type" => "error", "error" => {"type" => "rate_limit_error", "code" => "1302", "message" => "[1302][Rate limit reached for requests][20261007114811a3aeac5e49754892]"}, "request_id" => "20261007114811a3ae
FAIL R51/2006/r051-2006-de1-2010-01: API error for R51/2006/r051-2006-de1-2010-01: {"type" => "error", "error" => {"type" => "rate_limit_error", "code" => "1302", "message" => "[1302][Rate limit reached for requests][202610071148111a782efffac44a8b]"}, "request_id" => "202610071148111a78
FAIL R51/2006/r051-2006-de1-2007-07-rev2: API error for R51/2006/r051-2006-de1-2007-07-rev2: {"type" => "error", "error" => {"type" => "rate_limit_error", "code" => "1302", "message" => "[1302][Rate limit reached for requests][2026100711481152d6d6ca5dba4f36]"}, "request_id" => "2026100711481
FAIL R51/2006/r051-2006-de1-2008-01-rev1: API error for R51/2006/r051-2006-de1-2008-01-rev1: {"type" => "error", "error" => {"type" => "rate_limit_error", "code" => "1302", "message" => "[1302][Rate limit reached for requests][202610071148114d1f95eae0ea44f0]"}, "request_id" => "2026100711481
FAIL R51/2006/r051-2006-de1-2013-01: API error for R51/2006/r051-2006-de1-2013-01: {"type" => "error", "error" => {"type" => "rate_limit_error", "code" => "1302", "message" => "[1302][Rate limit reached for requests][202610071148119bd115ed006d43bf]"}, "request_id" => "202610071148119bd1
FAIL R51/2006/r051-2006-de1-2015-02: API error for R51/2006/r051-2006-de1-2015-02: {"type" => "error", "error" => {"type" => "rate_limit_error", "code" => "1302", "message" => "[1302][Rate limit reached for requests][20261007114811b8261cc676f64fa2]"}, "request_id" => "20261007114811b826
FAIL R51/2006/r051-2006-de1-2022-02: API error for R51/2006/r051-2006-de1-2022-02: {"type" => "error", "error" => {"type" => "rate_limit_error", "code" => "1302", "message" => "[1302][Rate limit reached for requests][20261007114811c404bfe857704224]"}, "request_id" => "20261007114811c404
FAIL R51/2006/r051-2006-gb1-2008-01-rev10: API error for R51/2006/r051-2006-gb1-2008-01-rev10: {"type" => "error", "error" => {"type" => "rate_limit_error", "code" => "1302", "message" => "[1302][Rate limit reached for requests][20261007114811e24c7192ece54ae0]"}, "request_id" => "202610071148
FAIL R51/2006/r051-2006-gb1-2008-01-rev5: API error for R51/2006/r051-2006-gb1-2008-01-rev5: {"type" => "error", "error" => {"type" => "rate_limit_error", "code" => "1302", "message" => "[1302][Rate limit reached for requests][2026100711481278f668cc56af453e]"}, "request_id" => "2026100711481
FAIL R51/2006/r051-2006-gb1-2008-01-rev3: API error for R51/2006/r051-2006-gb1-2008-01-rev3: {"type" => "error", "error" => {"type" => "rate_limit_error", "code" => "1302", "message" => "[1302][Rate limit reached for requests][20261007114812d96dfa30f354404b]"}, "request_id" => "2026100711481
FAIL R51/2006/r051-2006-gb1-2009-01: API error for R51/2006/r051-2006-gb1-2009-01: {"type" => "error", "error" => {"type" => "rate_limit_error", "code" => "1302", "message" => "[1302][Rate limit reached for requests][202610071148129e08ec836f2347c5]"}, "request_id" => "202610071148129e08
FAIL R51/2006/r051-2006-gb1-2008-01-rev7: API error for R51/2006/r051-2006-gb1-2008-01-rev7: {"type" => "error", "error" => {"type" => "rate_limit_error", "code" => "1302", "message" => "[1302][Rate limit reached for requests][2026100711481295c54627562a412e]"}, "request_id" => "2026100711481
FAIL R51/2006/r051-2006-gb1-2008-01-rev1: API error for R51/2006/r051-2006-gb1-2008-01-rev1: {"type" => "error", "error" => {"type" => "rate_limit_error", "code" => "1302", "message" => "[1302][Rate limit reached for requests][20261007114811ebcd9f8886624199]"}, "request_id" => "2026100711481
FAIL R51/2006/r051-2006-gb1-2009-03-rev2: API error for R51/2006/r051-2006-gb1-2009-03-rev2: {"type" => "error", "error" => {"type" => "rate_limit_error", "code" => "1302", "message" => "[1302][Rate limit reached for requests][202610071148122753691a270443e9]"}, "request_id" => "2026100711481
FAIL R51/2006/r051-2006-gb1-2009-03-rev1: API error for R51/2006/r051-2006-gb1-2009-03-rev1: {"type" => "error", "error" => {"type" => "rate_limit_error", "code" => "1302", "message" => "[1302][Rate limit reached for requests][20261007114812f0d5bd58130c4bbc]"}, "request_id" => "2026100711481
FAIL R51/2006/r051-2006-gb1-2009-04-rev2: API error for R51/2006/r051-2006-gb1-2009-04-rev2: {"type" => "error", "error" => {"type" => "rate_limit_error", "code" => "1302", "message" => "[1302][Rate limit reached for requests][20261007114812f5c90cc2ee204bb0]"}, "request_id" => "2026100711481
FAIL R51/2006/r051-2006-gb1-2009-03-rev3: API error for R51/2006/r051-2006-gb1-2009-03-rev3: {"type" => "error", "error" => {"type" => "rate_limit_error", "code" => "1302", "message" => "[1302][Rate limit reached for requests][2026100711481254b8c206e62d4a6c]"}, "request_id" => "2026100711481
FAIL R51/2006/r051-2006-gb1-2009-05-rev2: API error for R51/2006/r051-2006-gb1-2009-05-rev2: {"type" => "error", "error" => {"type" => "rate_limit_error", "code" => "1302", "message" => "[1302][Rate limit reached for requests][20261007114812fb567657538d4eec]"}, "request_id" => "2026100711481
FAIL R51/2006/r051-2006-gb1-2009-04: API error for R51/2006/r051-2006-gb1-2009-04: {"type" => "error", "error" => {"type" => "rate_limit_error", "code" => "1302", "message" => "[1302][Rate limit reached for requests][202610071148129e8962ada5004b6c]"}, "request_id" => "202610071148129e89
FAIL R51/2006/r051-2006-gb1-2009-05: API error for R51/2006/r051-2006-gb1-2009-05: {"type" => "error", "error" => {"type" => "rate_limit_error", "code" => "1302", "message" => "[1302][Rate limit reached for requests][2026100711481299d0e03c8a414216]"}, "request_id" => "2026100711481299d0
FAIL R51/2006/r051-2006-gb1-2009-07-rev1: API error for R51/2006/r051-2006-gb1-2009-07-rev1: {"type" => "error", "error" => {"type" => "rate_limit_error", "code" => "1302", "message" => "[1302][Rate limit reached for requests][202610071148122d57f78545514d01]"}, "request_id" => "2026100711481
FAIL R51/2006/r051-2006-gb1-2010-01-rev1: API error for R51/2006/r051-2006-gb1-2010-01-rev1: {"type" => "error", "error" => {"type" => "rate_limit_error", "code" => "1302", "message" => "[1302][Rate limit reached for requests][2026100711481246d88264815b49e4]"}, "request_id" => "2026100711481
FAIL R51/2006/r051-2006-gb1-2010-01: API error for R51/2006/r051-2006-gb1-2010-01: {"type" => "error", "error" => {"type" => "rate_limit_error", "code" => "1302", "message" => "[1302][Rate limit reached for requests][20261007114812d5b5814c92314828]"}, "request_id" => "20261007114812d5b5
FAIL R51/2006/r051-2006-gb1-2009-05-rev4: API error for R51/2006/r051-2006-gb1-2009-05-rev4: {"type" => "error", "error" => {"type" => "rate_limit_error", "code" => "1302", "message" => "[1302][Rate limit reached for requests][202610071148129985ab1a5839437e]"}, "request_id" => "2026100711481
FAIL R51/2006/r051-2006-gb1-2011-02: API error for R51/2006/r051-2006-gb1-2011-02: {"type" => "error", "error" => {"type" => "rate_limit_error", "code" => "1302", "message" => "[1302][Rate limit reached for requests][20261007114812b3fb660a41634b44]"}, "request_id" => "20261007114812b3fb
FAIL R51/2006/r051-2006-gb1-2011-02-rev2: API error for R51/2006/r051-2006-gb1-2011-02-rev2: {"type" => "error", "error" => {"type" => "rate_limit_error", "code" => "1302", "message" => "[1302][Rate limit reached for requests][202610071148126e8f94fdd6d4491b]"}, "request_id" => "2026100711481
FAIL R51/2006/r051-2006-gb1-2012-02: API error for R51/2006/r051-2006-gb1-2012-02: {"type" => "error", "error" => {"type" => "rate_limit_error", "code" => "1302", "message" => "[1302][Rate limit reached for requests][202610071148128f2c11d74aa049fc]"}, "request_id" => "202610071148128f2c
FAIL R51/2006/r051-2006-gb1-2012-03: API error for R51/2006/r051-2006-gb1-2012-03: {"type" => "error", "error" => {"type" => "rate_limit_error", "code" => "1302", "message" => "[1302][Rate limit reached for requests][20261007114813da2cf010d53f477c]"}, "request_id" => "20261007114813da2c
FAIL R51/2006/r051-2006-gb1-2012-01-rev2: API error for R51/2006/r051-2006-gb1-2012-01-rev2: {"type" => "error", "error" => {"type" => "rate_limit_error", "code" => "1302", "message" => "[1302][Rate limit reached for requests][20261007114813b2e9169d77344eaa]"}, "request_id" => "2026100711481
FAIL R51/2006/r051-2006-gb1-2013-01-rev1: API error for R51/2006/r051-2006-gb1-2013-01-rev1: {"type" => "error", "error" => {"type" => "rate_limit_error", "code" => "1302", "message" => "[1302][Rate limit reached for requests][202610071148137905b709dcb4478e]"}, "request_id" => "2026100711481
FAIL R51/2006/r051-2006-gb1-2013-01-rev3: API error for R51/2006/r051-2006-gb1-2013-01-rev3: {"type" => "error", "error" => {"type" => "rate_limit_error", "code" => "1302", "message" => "[1302][Rate limit reached for requests][20261007114813554158fb4b3a4943]"}, "request_id" => "2026100711481
FAIL R51/2006/r051-2006-gb1-2013-01-rev4: API error for R51/2006/r051-2006-gb1-2013-01-rev4: {"type" => "error", "error" => {"type" => "rate_limit_error", "code" => "1302", "message" => "[1302][Rate limit reached for requests][202610071148131620f1d4964140cd]"}, "request_id" => "2026100711481
FAIL R51/2006/r051-2006-gb1-2013-02: API error for R51/2006/r051-2006-gb1-2013-02: {"type" => "error", "error" => {"type" => "rate_limit_error", "code" => "1302", "message" => "[1302][Rate limit reached for requests][2026100711481393e4782a7a33460e]"}, "request_id" => "2026100711481393e4
FAIL R51/2006/r051-2006-gb1-2013-04-rev1: API error for R51/2006/r051-2006-gb1-2013-04-rev1: {"type" => "error", "error" => {"type" => "rate_limit_error", "code" => "1302", "message" => "[1302][Rate limit reached for requests][202610071148135cb9ee27ab2b4aad]"}, "request_id" => "2026100711481
FAIL R51/2006/r051-2006-gb1-2014-02: API error for R51/2006/r051-2006-gb1-2014-02: {"type" => "error", "error" => {"type" => "rate_limit_error", "code" => "1302", "message" => "[1302][Rate limit reached for requests][2026100711481355e12539357944ad]"}, "request_id" => "2026100711481355e1
FAIL R51/2006/r051-2006-gb1-2014-03: API error for R51/2006/r051-2006-gb1-2014-03: {"type" => "error", "error" => {"type" => "rate_limit_error", "code" => "1302", "message" => "[1302][Rate limit reached for requests][20261007114813ced8e4502be94655]"}, "request_id" => "20261007114813ced8
FAIL R51/2006/r051-2006-gb1-2014-03-rev1: API error for R51/2006/r051-2006-gb1-2014-03-rev1: {"type" => "error", "error" => {"type" => "rate_limit_error", "code" => "1302", "message" => "[1302][Rate limit reached for requests][20261007114813e52e6fd9c6754052]"}, "request_id" => "2026100711481
FAIL R51/2006/r051-2006-gb1-2014-04-rev1: API error for R51/2006/r051-2006-gb1-2014-04-rev1: {"type" => "error", "error" => {"type" => "rate_limit_error", "code" => "1302", "message" => "[1302][Rate limit reached for requests][20261007114813189c39d39ec3440a]"}, "request_id" => "2026100711481
FAIL R51/2006/r051-2006-gb1-2014-04-rev2: API error for R51/2006/r051-2006-gb1-2014-04-rev2: {"type" => "error", "error" => {"type" => "rate_limit_error", "code" => "1302", "message" => "[1302][Rate limit reached for requests][20261007114813d9b55db295204fdd]"}, "request_id" => "2026100711481
FAIL R51/2006/r051-2006-gb1-2014-04-rev3: API error for R51/2006/r051-2006-gb1-2014-04-rev3: {"type" => "error", "error" => {"type" => "rate_limit_error", "code" => "1302", "message" => "[1302][Rate limit reached for requests][20261007114813bf06c6e32af64348]"}, "request_id" => "2026100711481
FAIL R51/2006/r051-2006-gb1-2017-01: API error for R51/2006/r051-2006-gb1-2017-01: {"type" => "error", "error" => {"type" => "rate_limit_error", "code" => "1302", "message" => "[1302][Rate limit reached for requests][2026100711481382fc4729287a4bbf]"}, "request_id" => "2026100711481382fc
FAIL R51/2006/r051-2006-gb1-2017-01-rev1: API error for R51/2006/r051-2006-gb1-2017-01-rev1: {"type" => "error", "error" => {"type" => "rate_limit_error", "code" => "1302", "message" => "[1302][Rate limit reached for requests][2026100711481396fddf7698144052]"}, "request_id" => "2026100711481
FAIL R51/2006/r051-2006-gb1-2017-02-rev1: API error for R51/2006/r051-2006-gb1-2017-02-rev1: {"type" => "error", "error" => {"type" => "rate_limit_error", "code" => "1302", "message" => "[1302][Rate limit reached for requests][2026100711481353f219f2ad2d44d2]"}, "request_id" => "2026100711481
FAIL R51/2006/r051-2006-gb1-2017-03-rev1: API error for R51/2006/r051-2006-gb1-2017-03-rev1: {"type" => "error", "error" => {"type" => "rate_limit_error", "code" => "1302", "message" => "[1302][Rate limit reached for requests][20261007114813fcbba91dffe348c5]"}, "request_id" => "2026100711481
FAIL R51/2006/r051-2006-gb1-2018-01: API error for R51/2006/r051-2006-gb1-2018-01: {"type" => "error", "error" => {"type" => "rate_limit_error", "code" => "1302", "message" => "[1302][Rate limit reached for requests][20261007114813f3c5a59e298f4fdb]"}, "request_id" => "20261007114813f3c5
FAIL R51/2006/r051-2006-gb1-2018-04: API error for R51/2006/r051-2006-gb1-2018-04: {"type" => "error", "error" => {"type" => "rate_limit_error", "code" => "1302", "message" => "[1302][Rate limit reached for requests][2026100711481341affa1139c84139]"}, "request_id" => "2026100711481341af
FAIL R51/2006/r051-2006-gb1-2017-02: API error for R51/2006/r051-2006-gb1-2017-02: {"type" => "error", "error" => {"type" => "rate_limit_error", "code" => "1302", "message" => "[1302][Rate limit reached for requests][202610071148134bd286f2c8ad46da]"}, "request_id" => "202610071148134bd2
FAIL R51/2006/r051-2006-gb1-2019-03-rev5: API error for R51/2006/r051-2006-gb1-2019-03-rev5: {"type" => "error", "error" => {"type" => "rate_limit_error", "code" => "1302", "message" => "[1302][Rate limit reached for requests][2026100711481486e0da3dfae748d6]"}, "request_id" => "2026100711481
FAIL R51/2006/r051-2006-nl1-2009-01: API error for R51/2006/r051-2006-nl1-2009-01: {"type" => "error", "error" => {"type" => "rate_limit_error", "code" => "1302", "message" => "[1302][Rate limit reached for requests][20261007114814154cd33c70a04cb7]"}, "request_id" => "20261007114814154c
FAIL R51/2006/r051-2006-nl1-2010-02: API error for R51/2006/r051-2006-nl1-2010-02: {"type" => "error", "error" => {"type" => "rate_limit_error", "code" => "1302", "message" => "[1302][Rate limit reached for requests][20261007114814229cd53e1031463d]"}, "request_id" => "20261007114814229c
FAIL R51/2006/r051-2006-nl1-2011-03: API error for R51/2006/r051-2006-nl1-2011-03: {"type" => "error", "error" => {"type" => "rate_limit_error", "code" => "1302", "message" => "[1302][Rate limit reached for requests][202610071148144065fc7a24a7455a]"}, "request_id" => "202610071148144065
FAIL R51/2006/r051-2006-nl1-2012-01: API error for R51/2006/r051-2006-nl1-2012-01: {"type" => "error", "error" => {"type" => "rate_limit_error", "code" => "1302", "message" => "[1302][Rate limit reached for requests][2026100711481429339d88536b4b70]"}, "request_id" => "202610071148142933
FAIL R51/2006/r051-2006-gb1-2022-01: API error for R51/2006/r051-2006-gb1-2022-01: {"type" => "error", "error" => {"type" => "rate_limit_error", "code" => "1302", "message" => "[1302][Rate limit reached for requests][20261007114814df9bd2b34b3b42cc]"}, "request_id" => "20261007114814df9b
FAIL R51/2006/r051-2006-nl1-2012-03: API error for R51/2006/r051-2006-nl1-2012-03: {"type" => "error", "error" => {"type" => "rate_limit_error", "code" => "1302", "message" => "[1302][Rate limit reached for requests][202610071148144752577f46434cc7]"}, "request_id" => "202610071148144752
FAIL R51/2006/r051-2006-nl1-2012-04-rev1: API error for R51/2006/r051-2006-nl1-2012-04-rev1: {"type" => "error", "error" => {"type" => "rate_limit_error", "code" => "1302", "message" => "[1302][Rate limit reached for requests][202610071148141838ec32346c4c7d]"}, "request_id" => "2026100711481
FAIL R51/2006/r051-2006-nl1-2013-01: API error for R51/2006/r051-2006-nl1-2013-01: {"type" => "error", "error" => {"type" => "rate_limit_error", "code" => "1302", "message" => "[1302][Rate limit reached for requests][2026100711481480e8fdb014c44e6b]"}, "request_id" => "2026100711481480e8
FAIL R51/2006/r051-2006-nl1-2012-04-rev2: API error for R51/2006/r051-2006-nl1-2012-04-rev2: {"type" => "error", "error" => {"type" => "rate_limit_error", "code" => "1302", "message" => "[1302][Rate limit reached for requests][20261007114814cf85afca7c934ef2]"}, "request_id" => "2026100711481
FAIL R51/2006/r051-2006-nl1-2013-04: API error for R51/2006/r051-2006-nl1-2013-04: {"type" => "error", "error" => {"type" => "rate_limit_error", "code" => "1302", "message" => "[1302][Rate limit reached for requests][2026100711481495de6e9185334b97]"}, "request_id" => "2026100711481495de
FAIL R51/2006/r051-2006-nl1-2013-07: API error for R51/2006/r051-2006-nl1-2013-07: {"type" => "error", "error" => {"type" => "rate_limit_error", "code" => "1302", "message" => "[1302][Rate limit reached for requests][20261007114814cb2eb34dfe214ba6]"}, "request_id" => "20261007114814cb2e
FAIL R51/2006/r051-2006-nl1-2014-01: API error for R51/2006/r051-2006-nl1-2014-01: {"type" => "error", "error" => {"type" => "rate_limit_error", "code" => "1302", "message" => "[1302][Rate limit reached for requests][20261007114814afbd957e508b44dd]"}, "request_id" => "20261007114814afbd
FAIL R51/2006/r051-2006-nl1-2014-03: API error for R51/2006/r051-2006-nl1-2014-03: {"type" => "error", "error" => {"type" => "rate_limit_error", "code" => "1302", "message" => "[1302][Rate limit reached for requests][2026100711481441c223fc596744a6]"}, "request_id" => "2026100711481441c2
FAIL R51/2006/r051-2006-nl1-2014-04-rev1: API error for R51/2006/r051-2006-nl1-2014-04-rev1: {"type" => "error", "error" => {"type" => "rate_limit_error", "code" => "1302", "message" => "[1302][Rate limit reached for requests][202610071148146ab037df11f74caa]"}, "request_id" => "2026100711481
FAIL R51/2006/r051-2006-nl1-2015-02: API error for R51/2006/r051-2006-nl1-2015-02: {"type" => "error", "error" => {"type" => "rate_limit_error", "code" => "1302", "message" => "[1302][Rate limit reached for requests][20261007114814026a6ae34a534ba4]"}, "request_id" => "20261007114814026a
FAIL R51/2006/r051-2006-nl1-2016-01: API error for R51/2006/r051-2006-nl1-2016-01: {"type" => "error", "error" => {"type" => "rate_limit_error", "code" => "1302", "message" => "[1302][Rate limit reached for requests][202610071148149e3f66209952467b]"}, "request_id" => "202610071148149e3f
FAIL R51/2006/r051-2006-nl1-2015-05-rev1: API error for R51/2006/r051-2006-nl1-2015-05-rev1: {"type" => "error", "error" => {"type" => "rate_limit_error", "code" => "1302", "message" => "[1302][Rate limit reached for requests][20261007114814ad6eaaf0d0804dea]"}, "request_id" => "2026100711481
FAIL R51/2006/r051-2006-nl1-2016-03: API error for R51/2006/r051-2006-nl1-2016-03: {"type" => "error", "error" => {"type" => "rate_limit_error", "code" => "1302", "message" => "[1302][Rate limit reached for requests][20261007114814a0f05bd144654b84]"}, "request_id" => "20261007114814a0f0
FAIL R51/2006/r051-2006-nl1-2016-05: API error for R51/2006/r051-2006-nl1-2016-05: {"type" => "error", "error" => {"type" => "rate_limit_error", "code" => "1302", "message" => "[1302][Rate limit reached for requests][20261007114814f54e6819f7dc4a18]"}, "request_id" => "20261007114814f54e
FAIL R51/2006/r051-2006-nl1-2017-03: API error for R51/2006/r051-2006-nl1-2017-03: {"type" => "error", "error" => {"type" => "rate_limit_error", "code" => "1302", "message" => "[1302][Rate limit reached for requests][20261007114815940f663c574d466b]"}, "request_id" => "20261007114815940f
FAIL R51/2006/r051-2006-nl1-2017-06: API error for R51/2006/r051-2006-nl1-2017-06: {"type" => "error", "error" => {"type" => "rate_limit_error", "code" => "1302", "message" => "[1302][Rate limit reached for requests][202610071148150511ff8d80d242eb]"}, "request_id" => "202610071148150511
FAIL R51/2006/r051-2006-nl1-2017-05: API error for R51/2006/r051-2006-nl1-2017-05: {"type" => "error", "error" => {"type" => "rate_limit_error", "code" => "1302", "message" => "[1302][Rate limit reached for requests][202610071148151e71cfd96ea34805]"}, "request_id" => "202610071148151e71
FAIL R51/2006/r051-2006-nl1-2018-03: API error for R51/2006/r051-2006-nl1-2018-03: {"type" => "error", "error" => {"type" => "rate_limit_error", "code" => "1302", "message" => "[1302][Rate limit reached for requests][20261007114815aed6930f37bb4885]"}, "request_id" => "20261007114815aed6
FAIL R51/2006/r051-2006-nl1-2018-02: API error for R51/2006/r051-2006-nl1-2018-02: {"type" => "error", "error" => {"type" => "rate_limit_error", "code" => "1302", "message" => "[1302][Rate limit reached for requests][2026100711481563cdf3d503b842af]"}, "request_id" => "2026100711481563cd
FAIL R51/2006/r051-2006-nl1-2018-05: API error for R51/2006/r051-2006-nl1-2018-05: {"type" => "error", "error" => {"type" => "rate_limit_error", "code" => "1302", "message" => "[1302][Rate limit reached for requests][20261007114815a76da939b3604ebf]"}, "request_id" => "20261007114815a76d
FAIL R51/2006/r051-2006-nl1-2019-02: API error for R51/2006/r051-2006-nl1-2019-02: {"type" => "error", "error" => {"type" => "rate_limit_error", "code" => "1302", "message" => "[1302][Rate limit reached for requests][20261007114815ce45ef1470124411]"}, "request_id" => "20261007114815ce45
FAIL R51/2006/r051-2006-nl1-2019-04: API error for R51/2006/r051-2006-nl1-2019-04: {"type" => "error", "error" => {"type" => "rate_limit_error", "code" => "1302", "message" => "[1302][Rate limit reached for requests][2026100711481536cdb14755e041fc]"}, "request_id" => "2026100711481536cd
FAIL R51/2006/r051-2006-nl1-2019-03-rev2: API error for R51/2006/r051-2006-nl1-2019-03-rev2: {"type" => "error", "error" => {"type" => "rate_limit_error", "code" => "1302", "message" => "[1302][Rate limit reached for requests][20261007114815288e8d843d694260]"}, "request_id" => "2026100711481
FAIL R51/2006/r051-2006-nl1-2019-03: API error for R51/2006/r051-2006-nl1-2019-03: {"type" => "error", "error" => {"type" => "rate_limit_error", "code" => "1302", "message" => "[1302][Rate limit reached for requests][202610071148155822005c66f042c1]"}, "request_id" => "202610071148155822
FAIL R51/2006/r051-2006-nl1-2020-02: API error for R51/2006/r051-2006-nl1-2020-02: {"type" => "error", "error" => {"type" => "rate_limit_error", "code" => "1302", "message" => "[1302][Rate limit reached for requests][202610071148153583fdf9d0af4e5b]"}, "request_id" => "202610071148153583
FAIL R51/2006/r051-2006-nl1-2020-04: API error for R51/2006/r051-2006-nl1-2020-04: {"type" => "error", "error" => {"type" => "rate_limit_error", "code" => "1302", "message" => "[1302][Rate limit reached for requests][202610071148151a7240699d314a0f]"}, "request_id" => "202610071148151a72
FAIL R51/2006/r051-2006-nl1-2021-01: API error for R51/2006/r051-2006-nl1-2021-01: {"type" => "error", "error" => {"type" => "rate_limit_error", "code" => "1302", "message" => "[1302][Rate limit reached for requests][20261007114815734e413b9ee24eea]"}, "request_id" => "20261007114815734e
FAIL R51/2006/r051-2006-nl1-2021-04: API error for R51/2006/r051-2006-nl1-2021-04: {"type" => "error", "error" => {"type" => "rate_limit_error", "code" => "1302", "message" => "[1302][Rate limit reached for requests][20261007114815bd57b26e3ea84151]"}, "request_id" => "20261007114815bd57
FAIL R51/2006/r051-2006-nl1-2022-02-rev0: API error for R51/2006/r051-2006-nl1-2022-02-rev0: {"type" => "error", "error" => {"type" => "rate_limit_error", "code" => "1302", "message" => "[1302][Rate limit reached for requests][20261007114815eeb03a7a67d349ec]"}, "request_id" => "2026100711481
FAIL R51/2006/r051-2006-nl1-2021-10: API error for R51/2006/r051-2006-nl1-2021-10: {"type" => "error", "error" => {"type" => "rate_limit_error", "code" => "1302", "message" => "[1302][Rate limit reached for requests][20261007114815bb15d05edcfd4473]"}, "request_id" => "20261007114815bb15
FAIL R51/2006/r051-2006-se1-2019-02: API error for R51/2006/r051-2006-se1-2019-02: {"type" => "error", "error" => {"type" => "rate_limit_error", "code" => "1302", "message" => "[1302][Rate limit reached for requests][20261007114815f09e6ae2a757467b]"}, "request_id" => "20261007114815f09e
FAIL R51/2006/r051-2006-nl1-2021-02: API error for R51/2006/r051-2006-nl1-2021-02: {"type" => "error", "error" => {"type" => "rate_limit_error", "code" => "1302", "message" => "[1302][Rate limit reached for requests][20261007114815b346d1f81b304d25]"}, "request_id" => "20261007114815b346
FAIL R51/2006/r51-2006-cn2-2023-01: API error for R51/2006/r51-2006-cn2-2023-01: {"type" => "error", "error" => {"type" => "rate_limit_error", "code" => "1302", "message" => "[1302][Rate limit reached for requests][2026100711481684ab7fc47d0f4741]"}, "request_id" => "2026100711481684ab7
FAIL R51/2006/r51-2006-de1-2023-01: API error for R51/2006/r51-2006-de1-2023-01: {"type" => "error", "error" => {"type" => "rate_limit_error", "code" => "1302", "message" => "[1302][Rate limit reached for requests][20261007114816d7ab44b2451941db]"}, "request_id" => "20261007114816d7ab4
FAIL R51/2006/r51-2006-de1-2023-04-rev1: API error for R51/2006/r51-2006-de1-2023-04-rev1: {"type" => "error", "error" => {"type" => "rate_limit_error", "code" => "1302", "message" => "[1302][Rate limit reached for requests][202610071148169819c327bead4fe5]"}, "request_id" => "20261007114816
FAIL R51/2006/r051-2006-se1-2019-01: API error for R51/2006/r051-2006-se1-2019-01: {"type" => "error", "error" => {"type" => "rate_limit_error", "code" => "1302", "message" => "[1302][Rate limit reached for requests][202610071148159c468b292c8d443e]"}, "request_id" => "202610071148159c46
FAIL R51/2006/r51-2006-de1-2023-04: API error for R51/2006/r51-2006-de1-2023-04: {"type" => "error", "error" => {"type" => "rate_limit_error", "code" => "1302", "message" => "[1302][Rate limit reached for requests][20261007114816cf5604a40a0f426b]"}, "request_id" => "20261007114816cf560
FAIL R51/2006/r51-2006-de1-2025-01: API error for R51/2006/r51-2006-de1-2025-01: {"type" => "error", "error" => {"type" => "rate_limit_error", "code" => "1302", "message" => "[1302][Rate limit reached for requests][202610071148167955124a201e4d99]"}, "request_id" => "2026100711481679551
FAIL R51/2006/r51-2006-dk2-2023-01: API error for R51/2006/r51-2006-dk2-2023-01: {"type" => "error", "error" => {"type" => "rate_limit_error", "code" => "1302", "message" => "[1302][Rate limit reached for requests][202610071148165dfc73cbf0764b69]"}, "request_id" => "202610071148165dfc7
FAIL R51/2006/r51-2006-dk2-2022-01-rev1: API error for R51/2006/r51-2006-dk2-2022-01-rev1: {"type" => "error", "error" => {"type" => "rate_limit_error", "code" => "1302", "message" => "[1302][Rate limit reached for requests][2026100711481645b3944ac2c945b6]"}, "request_id" => "20261007114816
FAIL R51/2006/r51-2006-cn2-2024-01: API error for R51/2006/r51-2006-cn2-2024-01: {"type" => "error", "error" => {"type" => "rate_limit_error", "code" => "1302", "message" => "[1302][Rate limit reached for requests][20261007114816d7c990fca6c64465]"}, "request_id" => "20261007114816d7c99
FAIL R51/2006/r51-2006-dk2-2023-02-rev1: API error for R51/2006/r51-2006-dk2-2023-02-rev1: {"type" => "error", "error" => {"type" => "rate_limit_error", "code" => "1302", "message" => "[1302][Rate limit reached for requests][202610071148167ed8bea4893a4b66]"}, "request_id" => "20261007114816
FAIL R51/2006/r51-2006-dk2-2024-01: API error for R51/2006/r51-2006-dk2-2024-01: {"type" => "error", "error" => {"type" => "rate_limit_error", "code" => "1302", "message" => "[1302][Rate limit reached for requests][202610071148161c874fd1e6874663]"}, "request_id" => "202610071148161c874
FAIL R51/2006/r51-2006-fr2-2023-01-rev1: API error for R51/2006/r51-2006-fr2-2023-01-rev1: {"type" => "error", "error" => {"type" => "rate_limit_error", "code" => "1302", "message" => "[1302][Rate limit reached for requests][20261007114816dcd87dd974e040fb]"}, "request_id" => "20261007114816
FAIL R51/2006/r51-2006-fr2-2023-01-rev0: API error for R51/2006/r51-2006-fr2-2023-01-rev0: {"type" => "error", "error" => {"type" => "rate_limit_error", "code" => "1302", "message" => "[1302][Rate limit reached for requests][20261007114816ce0d44c0f95c4ae1]"}, "request_id" => "20261007114816
FAIL R51/2006/r51-2006-gb1-2023-01: API error for R51/2006/r51-2006-gb1-2023-01: {"type" => "error", "error" => {"type" => "rate_limit_error", "code" => "1302", "message" => "[1302][Rate limit reached for requests][20261007114816c718f89f90964352]"}, "request_id" => "20261007114816c718f
FAIL R51/2006/r51-2006-nl1-2021-05-rev2: API error for R51/2006/r51-2006-nl1-2021-05-rev2: {"type" => "error", "error" => {"type" => "rate_limit_error", "code" => "1302", "message" => "[1302][Rate limit reached for requests][20261007114816aa14821b1c8347c7]"}, "request_id" => "20261007114816
FAIL R51/2006/r51-2006-nl1-2021-10-rev1: API error for R51/2006/r51-2006-nl1-2021-10-rev1: {"type" => "error", "error" => {"type" => "rate_limit_error", "code" => "1302", "message" => "[1302][Rate limit reached for requests][202610071148160cc57905857b4596]"}, "request_id" => "20261007114816
FAIL R51/2006/r51-2006-nl1-2023-01-rev0: API error for R51/2006/r51-2006-nl1-2023-01-rev0: {"type" => "error", "error" => {"type" => "rate_limit_error", "code" => "1302", "message" => "[1302][Rate limit reached for requests][20261007114816dcb1682455c24447]"}, "request_id" => "20261007114816
FAIL R51/2006/r51-2006-nl1-2023-03-rev0: API error for R51/2006/r51-2006-nl1-2023-03-rev0: {"type" => "error", "error" => {"type" => "rate_limit_error", "code" => "1302", "message" => "[1302][Rate limit reached for requests][2026100711481683ae61dafb0b481e]"}, "request_id" => "20261007114816
FAIL R51/2006/r51-2006-nl1-2023-03-rev1: API error for R51/2006/r51-2006-nl1-2023-03-rev1: {"type" => "error", "error" => {"type" => "rate_limit_error", "code" => "1302", "message" => "[1302][Rate limit reached for requests][2026100711481780ac694f846f47cb]"}, "request_id" => "20261007114817
FAIL R51/2006/r51-2006-nl1-2023-04-rev1: API error for R51/2006/r51-2006-nl1-2023-04-rev1: {"type" => "error", "error" => {"type" => "rate_limit_error", "code" => "1302", "message" => "[1302][Rate limit reached for requests][20261007114817ba3441b8bb8b4cd6]"}, "request_id" => "20261007114817
FAIL R51/2006/r51-2006-nl1-2023-05-rev0: API error for R51/2006/r51-2006-nl1-2023-05-rev0: {"type" => "error", "error" => {"type" => "rate_limit_error", "code" => "1302", "message" => "[1302][Rate limit reached for requests][202610071148175c71d9ba8e944634]"}, "request_id" => "20261007114817
FAIL R51/2006/r51-2006-nl1-2023-06-rev0: API error for R51/2006/r51-2006-nl1-2023-06-rev0: {"type" => "error", "error" => {"type" => "rate_limit_error", "code" => "1302", "message" => "[1302][Rate limit reached for requests][202610071148174dcf09e409e84f25]"}, "request_id" => "20261007114817
FAIL R51/2006/r51-2006-nl1-2024-02-rev1: API error for R51/2006/r51-2006-nl1-2024-02-rev1: {"type" => "error", "error" => {"type" => "rate_limit_error", "code" => "1302", "message" => "[1302][Rate limit reached for requests][202610071148179debd8497ad042c9]"}, "request_id" => "20261007114817
FAIL R60/1991/r060-1991-gb1-1995-01-rev1: API error for R60/1991/r060-1991-gb1-1995-01-rev1: {"type" => "error", "error" => {"type" => "rate_limit_error", "code" => "1302", "message" => "[1302][Rate limit reached for requests][2026100711481772cb98457e984c49]"}, "request_id" => "2026100711481
FAIL R51/2006/r51-2006-nl1-2024-03-rev0: API error for R51/2006/r51-2006-nl1-2024-03-rev0: {"type" => "error", "error" => {"type" => "rate_limit_error", "code" => "1302", "message" => "[1302][Rate limit reached for requests][20261007114817d47a43f4a7ed4642]"}, "request_id" => "20261007114817
FAIL R60/1991/r060-1991-gb1-2000-05-rev1: API error for R60/1991/r060-1991-gb1-2000-05-rev1: {"type" => "error", "error" => {"type" => "rate_limit_error", "code" => "1302", "message" => "[1302][Rate limit reached for requests][20261007114817bef3fd36ed754a45]"}, "request_id" => "2026100711481
FAIL R60/1991/r060-1991-nl1-1998-23-rev1: API error for R60/1991/r060-1991-nl1-1998-23-rev1: {"type" => "error", "error" => {"type" => "rate_limit_error", "code" => "1302", "message" => "[1302][Rate limit reached for requests][202610071148179ee246b12fbe4866]"}, "request_id" => "2026100711481
FAIL R60/2000/r060-2000-cn1-2005-01: API error for R60/2000/r060-2000-cn1-2005-01: {"type" => "error", "error" => {"type" => "rate_limit_error", "code" => "1302", "message" => "[1302][Rate limit reached for requests][2026100711481775657c0cd4c34f84]"}, "request_id" => "202610071148177565
FAIL R60/2000/r060-2000-cn1-2005-02: API error for R60/2000/r060-2000-cn1-2005-02: {"type" => "error", "error" => {"type" => "rate_limit_error", "code" => "1302", "message" => "[1302][Rate limit reached for requests][202610071148179f03361b1b8e4df4]"}, "request_id" => "202610071148179f03
FAIL R60/2000/r060-2000-cn1-2005-03: API error for R60/2000/r060-2000-cn1-2005-03: {"type" => "error", "error" => {"type" => "rate_limit_error", "code" => "1302", "message" => "[1302][Rate limit reached for requests][202610071148177574761118e24137]"}, "request_id" => "202610071148177574
FAIL R60/2000/r060-2000-cn1-2005-04: API error for R60/2000/r060-2000-cn1-2005-04: {"type" => "error", "error" => {"type" => "rate_limit_error", "code" => "1302", "message" => "[1302][Rate limit reached for requests][2026100711481788f0310d99b04a95]"}, "request_id" => "2026100711481788f0
FAIL R60/2000/r060-2000-cn1-2005-05: API error for R60/2000/r060-2000-cn1-2005-05: {"type" => "error", "error" => {"type" => "rate_limit_error", "code" => "1302", "message" => "[1302][Rate limit reached for requests][202610071148171087889dcfc24116]"}, "request_id" => "202610071148171087
FAIL R60/2000/r060-2000-cn1-2006-01: API error for R60/2000/r060-2000-cn1-2006-01: {"type" => "error", "error" => {"type" => "rate_limit_error", "code" => "1302", "message" => "[1302][Rate limit reached for requests][202610071148176bdcffe8cd994b32]"}, "request_id" => "202610071148176bdc
FAIL R60/2000/r060-2000-cn1-2006-02: API error for R60/2000/r060-2000-cn1-2006-02: {"type" => "error", "error" => {"type" => "rate_limit_error", "code" => "1302", "message" => "[1302][Rate limit reached for requests][202610071148178ccbc646706a41d9]"}, "request_id" => "202610071148178ccb
FAIL R60/2000/r060-2000-cn1-2006-03: API error for R60/2000/r060-2000-cn1-2006-03: {"type" => "error", "error" => {"type" => "rate_limit_error", "code" => "1302", "message" => "[1302][Rate limit reached for requests][20261007114817cbbae99e426a4686]"}, "request_id" => "20261007114817cbba
FAIL R60/2000/r060-2000-cn1-2006-04: API error for R60/2000/r060-2000-cn1-2006-04: {"type" => "error", "error" => {"type" => "rate_limit_error", "code" => "1302", "message" => "[1302][Rate limit reached for requests][20261007114817926a7f1c080d464a]"}, "request_id" => "20261007114817926a
FAIL R60/2000/r060-2000-cn1-2006-06: API error for R60/2000/r060-2000-cn1-2006-06: {"type" => "error", "error" => {"type" => "rate_limit_error", "code" => "1302", "message" => "[1302][Rate limit reached for requests][202610071148178f0988501a2247a5]"}, "request_id" => "202610071148178f09
FAIL R60/2000/r060-2000-cn1-2006-08: API error for R60/2000/r060-2000-cn1-2006-08: {"type" => "error", "error" => {"type" => "rate_limit_error", "code" => "1302", "message" => "[1302][Rate limit reached for requests][2026100711481718927852c1ef4f31]"}, "request_id" => "202610071148171892
FAIL R60/2000/r060-2000-cn1-2006-05: API error for R60/2000/r060-2000-cn1-2006-05: {"type" => "error", "error" => {"type" => "rate_limit_error", "code" => "1302", "message" => "[1302][Rate limit reached for requests][202610071148177a5d5cf81f8e4df7]"}, "request_id" => "202610071148177a5d
FAIL R60/2000/r060-2000-cn1-2006-09: API error for R60/2000/r060-2000-cn1-2006-09: {"type" => "error", "error" => {"type" => "rate_limit_error", "code" => "1302", "message" => "[1302][Rate limit reached for requests][202610071148180805c6e2c41d448e]"}, "request_id" => "202610071148180805
FAIL R60/2000/r060-2000-cn1-2006-10: API error for R60/2000/r060-2000-cn1-2006-10: {"type" => "error", "error" => {"type" => "rate_limit_error", "code" => "1302", "message" => "[1302][Rate limit reached for requests][20261007114818857f679f7ea84354]"}, "request_id" => "20261007114818857f
FAIL R60/2000/r060-2000-cn1-2006-07: API error for R60/2000/r060-2000-cn1-2006-07: {"type" => "error", "error" => {"type" => "rate_limit_error", "code" => "1302", "message" => "[1302][Rate limit reached for requests][202610071148171da93bd91add4b1f]"}, "request_id" => "202610071148171da9
FAIL R60/2000/r060-2000-cn1-2007-01: API error for R60/2000/r060-2000-cn1-2007-01: {"type" => "error", "error" => {"type" => "rate_limit_error", "code" => "1302", "message" => "[1302][Rate limit reached for requests][20261007114818cd10a134dcdf4c19]"}, "request_id" => "20261007114818cd10
FAIL R60/2000/r060-2000-cn1-2007-03: API error for R60/2000/r060-2000-cn1-2007-03: {"type" => "error", "error" => {"type" => "rate_limit_error", "code" => "1302", "message" => "[1302][Rate limit reached for requests][20261007114818a410548be1684b82]"}, "request_id" => "20261007114818a410
FAIL R60/2000/r060-2000-cn1-2007-04: API error for R60/2000/r060-2000-cn1-2007-04: {"type" => "error", "error" => {"type" => "rate_limit_error", "code" => "1302", "message" => "[1302][Rate limit reached for requests][202610071148184aa206a7af5a4c26]"}, "request_id" => "202610071148184aa2
FAIL R60/2000/r060-2000-cn1-2007-02: API error for R60/2000/r060-2000-cn1-2007-02: {"type" => "error", "error" => {"type" => "rate_limit_error", "code" => "1302", "message" => "[1302][Rate limit reached for requests][2026100711481828a002cbf8844f16]"}, "request_id" => "2026100711481828a0
FAIL R60/2000/r060-2000-cn1-2007-05: API error for R60/2000/r060-2000-cn1-2007-05: {"type" => "error", "error" => {"type" => "rate_limit_error", "code" => "1302", "message" => "[1302][Rate limit reached for requests][2026100711481891eac54c3bee4bc5]"}, "request_id" => "2026100711481891ea
FAIL R60/2000/r060-2000-cn1-2007-06: API error for R60/2000/r060-2000-cn1-2007-06: {"type" => "error", "error" => {"type" => "rate_limit_error", "code" => "1302", "message" => "[1302][Rate limit reached for requests][20261007114818da3070ee70a24797]"}, "request_id" => "20261007114818da30
FAIL R60/2000/r060-2000-cn1-2008-01: API error for R60/2000/r060-2000-cn1-2008-01: {"type" => "error", "error" => {"type" => "rate_limit_error", "code" => "1302", "message" => "[1302][Rate limit reached for requests][20261007114818f917a44c2162400a]"}, "request_id" => "20261007114818f917
FAIL R60/2000/r060-2000-cn1-2008-02: API error for R60/2000/r060-2000-cn1-2008-02: {"type" => "error", "error" => {"type" => "rate_limit_error", "code" => "1302", "message" => "[1302][Rate limit reached for requests][2026100711481800a05246f41b4ddf]"}, "request_id" => "2026100711481800a0
FAIL R60/2000/r060-2000-cn1-2008-13: API error for R60/2000/r060-2000-cn1-2008-13: {"type" => "error", "error" => {"type" => "rate_limit_error", "code" => "1302", "message" => "[1302][Rate limit reached for requests][202610071148185792066826254914]"}, "request_id" => "202610071148185792
FAIL R60/2000/r060-2000-cn1-2008-15: API error for R60/2000/r060-2000-cn1-2008-15: {"type" => "error", "error" => {"type" => "rate_limit_error", "code" => "1302", "message" => "[1302][Rate limit reached for requests][2026100711481821251a19c26f4b23]"}, "request_id" => "202610071148182125
FAIL R60/2000/r060-2000-cn1-2008-16: API error for R60/2000/r060-2000-cn1-2008-16: {"type" => "error", "error" => {"type" => "rate_limit_error", "code" => "1302", "message" => "[1302][Rate limit reached for requests][202610071148185fd03b0a6a214759]"}, "request_id" => "202610071148185fd0
FAIL R60/2000/r060-2000-cn1-2009-01: API error for R60/2000/r060-2000-cn1-2009-01: {"type" => "error", "error" => {"type" => "rate_limit_error", "code" => "1302", "message" => "[1302][Rate limit reached for requests][20261007114818b72d31c767be4999]"}, "request_id" => "20261007114818b72d
FAIL R60/2000/r060-2000-cn1-2009-02-rev1: API error for R60/2000/r060-2000-cn1-2009-02-rev1: {"type" => "error", "error" => {"type" => "rate_limit_error", "code" => "1302", "message" => "[1302][Rate limit reached for requests][2026100711481885694f728dc244e2]"}, "request_id" => "2026100711481
FAIL R60/2000/r060-2000-cn1-2008-14: API error for R60/2000/r060-2000-cn1-2008-14: {"type" => "error", "error" => {"type" => "rate_limit_error", "code" => "1302", "message" => "[1302][Rate limit reached for requests][2026100711481881c0bf0175334662]"}, "request_id" => "2026100711481881c0
FAIL R60/2000/r060-2000-cn1-2009-03: API error for R60/2000/r060-2000-cn1-2009-03: {"type" => "error", "error" => {"type" => "rate_limit_error", "code" => "1302", "message" => "[1302][Rate limit reached for requests][202610071148191b8d98f1d2cb4ddd]"}, "request_id" => "202610071148191b8d
FAIL R60/2000/r060-2000-cn1-2009-04: API error for R60/2000/r060-2000-cn1-2009-04: {"type" => "error", "error" => {"type" => "rate_limit_error", "code" => "1302", "message" => "[1302][Rate limit reached for requests][2026100711481936832524fb4949f0]"}, "request_id" => "202610071148193683
FAIL R60/2000/r060-2000-cn1-2009-02: API error for R60/2000/r060-2000-cn1-2009-02: {"type" => "error", "error" => {"type" => "rate_limit_error", "code" => "1302", "message" => "[1302][Rate limit reached for requests][202610071148184e9a9d937d0c48c7]"}, "request_id" => "202610071148184e9a
FAIL R60/2000/r060-2000-cn1-2010-01: API error for R60/2000/r060-2000-cn1-2010-01: {"type" => "error", "error" => {"type" => "rate_limit_error", "code" => "1302", "message" => "[1302][Rate limit reached for requests][20261007114819e0d3d94b77a64c4a]"}, "request_id" => "20261007114819e0d3
FAIL R60/2000/r060-2000-cn1-2010-02: API error for R60/2000/r060-2000-cn1-2010-02: {"type" => "error", "error" => {"type" => "rate_limit_error", "code" => "1302", "message" => "[1302][Rate limit reached for requests][20261007114819b2f4d41757e9409c]"}, "request_id" => "20261007114819b2f4
FAIL R60/2000/r060-2000-cn1-2010-03: API error for R60/2000/r060-2000-cn1-2010-03: {"type" => "error", "error" => {"type" => "rate_limit_error", "code" => "1302", "message" => "[1302][Rate limit reached for requests][20261007114819a92e417ba8f3431f]"}, "request_id" => "20261007114819a92e
FAIL R60/2000/r060-2000-cn1-2011-01: API error for R60/2000/r060-2000-cn1-2011-01: {"type" => "error", "error" => {"type" => "rate_limit_error", "code" => "1302", "message" => "[1302][Rate limit reached for requests][20261007114819d42939e8ab4040b9]"}, "request_id" => "20261007114819d429
FAIL R60/2000/r060-2000-cn1-2013-01: API error for R60/2000/r060-2000-cn1-2013-01: {"type" => "error", "error" => {"type" => "rate_limit_error", "code" => "1302", "message" => "[1302][Rate limit reached for requests][20261007114819db8927fdc89543f5]"}, "request_id" => "20261007114819db89
FAIL R60/2000/r060-2000-cn1-2014-01: API error for R60/2000/r060-2000-cn1-2014-01: {"type" => "error", "error" => {"type" => "rate_limit_error", "code" => "1302", "message" => "[1302][Rate limit reached for requests][2026100711481975d4d622ec734013]"}, "request_id" => "2026100711481975d4
FAIL R60/2000/r060-2000-cn1-2015-01: API error for R60/2000/r060-2000-cn1-2015-01: {"type" => "error", "error" => {"type" => "rate_limit_error", "code" => "1302", "message" => "[1302][Rate limit reached for requests][20261007114819a6487f87140b43fe]"}, "request_id" => "20261007114819a648
FAIL R60/2000/r060-2000-cn1-2015-02: API error for R60/2000/r060-2000-cn1-2015-02: {"type" => "error", "error" => {"type" => "rate_limit_error", "code" => "1302", "message" => "[1302][Rate limit reached for requests][20261007114819ff4dbd5c86ef4635]"}, "request_id" => "20261007114819ff4d
FAIL R60/2000/r060-2000-cn1-2015-03: API error for R60/2000/r060-2000-cn1-2015-03: {"type" => "error", "error" => {"type" => "rate_limit_error", "code" => "1302", "message" => "[1302][Rate limit reached for requests][202610071148193386a32bd4ce4755]"}, "request_id" => "202610071148193386
FAIL R60/2000/r060-2000-cn1-2016-01: API error for R60/2000/r060-2000-cn1-2016-01: {"type" => "error", "error" => {"type" => "rate_limit_error", "code" => "1302", "message" => "[1302][Rate limit reached for requests][202610071148191b74e10a984f46f9]"}, "request_id" => "202610071148191b74
FAIL R60/2000/r060-2000-cn2-2018-01: API error for R60/2000/r060-2000-cn2-2018-01: {"type" => "error", "error" => {"type" => "rate_limit_error", "code" => "1302", "message" => "[1302][Rate limit reached for requests][20261007114819c6ed0ba97bbe4c49]"}, "request_id" => "20261007114819c6ed
FAIL R60/2000/r060-2000-de1-2002-01-rev2: API error for R60/2000/r060-2000-de1-2002-01-rev2: {"type" => "error", "error" => {"type" => "rate_limit_error", "code" => "1302", "message" => "[1302][Rate limit reached for requests][20261007114819e892651d7ea044cd]"}, "request_id" => "2026100711481
FAIL R60/2000/r060-2000-de1-2005-01: API error for R60/2000/r060-2000-de1-2005-01: {"type" => "error", "error" => {"type" => "rate_limit_error", "code" => "1302", "message" => "[1302][Rate limit reached for requests][2026100711481999166f313fe24aa4]"}, "request_id" => "202610071148199916
FAIL R60/2000/r060-2000-de1-2005-02-rev1: API error for R60/2000/r060-2000-de1-2005-02-rev1: {"type" => "error", "error" => {"type" => "rate_limit_error", "code" => "1302", "message" => "[1302][Rate limit reached for requests][20261007114819f0bbe411f7104188]"}, "request_id" => "2026100711481
FAIL R60/2000/r060-2000-cn1-2017-01: API error for R60/2000/r060-2000-cn1-2017-01: {"type" => "error", "error" => {"type" => "rate_limit_error", "code" => "1302", "message" => "[1302][Rate limit reached for requests][202610071148193f2a6024ec62408a]"}, "request_id" => "202610071148193f2a
FAIL R60/2000/r060-2000-de1-2005-02: API error for R60/2000/r060-2000-de1-2005-02: {"type" => "error", "error" => {"type" => "rate_limit_error", "code" => "1302", "message" => "[1302][Rate limit reached for requests][202610071148198b76351bbea146ed]"}, "request_id" => "202610071148198b76
FAIL R60/2000/r060-2000-de1-2006-01: API error for R60/2000/r060-2000-de1-2006-01: {"type" => "error", "error" => {"type" => "rate_limit_error", "code" => "1302", "message" => "[1302][Rate limit reached for requests][2026100711481927ecf3fc8b0b4fc4]"}, "request_id" => "2026100711481927ec
FAIL R60/2000/r060-2000-de1-2006-02-rev1: API error for R60/2000/r060-2000-de1-2006-02-rev1: {"type" => "error", "error" => {"type" => "rate_limit_error", "code" => "1302", "message" => "[1302][Rate limit reached for requests][202610071148192c9074a463054cb0]"}, "request_id" => "2026100711481
FAIL R60/2000/r060-2000-de1-2006-02-rev2: API error for R60/2000/r060-2000-de1-2006-02-rev2: {"type" => "error", "error" => {"type" => "rate_limit_error", "code" => "1302", "message" => "[1302][Rate limit reached for requests][20261007114820cccb686c2c4f4683]"}, "request_id" => "2026100711482
FAIL R60/2000/r060-2000-de1-2006-02: API error for R60/2000/r060-2000-de1-2006-02: {"type" => "error", "error" => {"type" => "rate_limit_error", "code" => "1302", "message" => "[1302][Rate limit reached for requests][20261007114820173ebb2e08e44f53]"}, "request_id" => "20261007114820173e
FAIL R60/2000/r060-2000-de1-2006-03-rev2: API error for R60/2000/r060-2000-de1-2006-03-rev2: {"type" => "error", "error" => {"type" => "rate_limit_error", "code" => "1302", "message" => "[1302][Rate limit reached for requests][202610071148201e57f87ba9c7435a]"}, "request_id" => "2026100711482
FAIL R60/2000/r060-2000-de1-2006-03: API error for R60/2000/r060-2000-de1-2006-03: {"type" => "error", "error" => {"type" => "rate_limit_error", "code" => "1302", "message" => "[1302][Rate limit reached for requests][20261007114820295b1ab8198a46e4]"}, "request_id" => "20261007114820295b
FAIL R60/2000/r060-2000-de1-2008-01: API error for R60/2000/r060-2000-de1-2008-01: {"type" => "error", "error" => {"type" => "rate_limit_error", "code" => "1302", "message" => "[1302][Rate limit reached for requests][202610071148200fabd9d2f14b4486]"}, "request_id" => "202610071148200fab
FAIL R60/2000/r060-2000-de1-2008-02: API error for R60/2000/r060-2000-de1-2008-02: {"type" => "error", "error" => {"type" => "rate_limit_error", "code" => "1302", "message" => "[1302][Rate limit reached for requests][20261007114820ca2d6788b5644a2f]"}, "request_id" => "20261007114820ca2d
FAIL R60/2000/r060-2000-de1-2008-03: API error for R60/2000/r060-2000-de1-2008-03: {"type" => "error", "error" => {"type" => "rate_limit_error", "code" => "1302", "message" => "[1302][Rate limit reached for requests][202610071148206decc4067f354495]"}, "request_id" => "202610071148206dec
FAIL R60/2000/r060-2000-de1-2008-04: API error for R60/2000/r060-2000-de1-2008-04: {"type" => "error", "error" => {"type" => "rate_limit_error", "code" => "1302", "message" => "[1302][Rate limit reached for requests][20261007114820857afc6a532f4ddf]"}, "request_id" => "20261007114820857a
FAIL R60/2000/r060-2000-de1-2008-05-rev1: API error for R60/2000/r060-2000-de1-2008-05-rev1: {"type" => "error", "error" => {"type" => "rate_limit_error", "code" => "1302", "message" => "[1302][Rate limit reached for requests][20261007114820deb9ea1dd0434b8a]"}, "request_id" => "2026100711482
FAIL R60/2000/r060-2000-de1-2008-05: API error for R60/2000/r060-2000-de1-2008-05: {"type" => "error", "error" => {"type" => "rate_limit_error", "code" => "1302", "message" => "[1302][Rate limit reached for requests][20261007114820fdf0a215de3f48fa]"}, "request_id" => "20261007114820fdf0
FAIL R60/2000/r060-2000-de1-2008-06: API error for R60/2000/r060-2000-de1-2008-06: {"type" => "error", "error" => {"type" => "rate_limit_error", "code" => "1302", "message" => "[1302][Rate limit reached for requests][20261007114820e25d3f891ba3488f]"}, "request_id" => "20261007114820e25d
FAIL R60/2000/r060-2000-de1-2008-07: API error for R60/2000/r060-2000-de1-2008-07: {"type" => "error", "error" => {"type" => "rate_limit_error", "code" => "1302", "message" => "[1302][Rate limit reached for requests][20261007114820d68a437c57554d6f]"}, "request_id" => "20261007114820d68a
FAIL R60/2000/r060-2000-de1-2008-08: API error for R60/2000/r060-2000-de1-2008-08: {"type" => "error", "error" => {"type" => "rate_limit_error", "code" => "1302", "message" => "[1302][Rate limit reached for requests][20261007114820e1abb50913c74cd0]"}, "request_id" => "20261007114820e1ab
FAIL R60/2000/r060-2000-de1-2008-09: API error for R60/2000/r060-2000-de1-2008-09: {"type" => "error", "error" => {"type" => "rate_limit_error", "code" => "1302", "message" => "[1302][Rate limit reached for requests][2026100711482019c6247dbc5e4b84]"}, "request_id" => "2026100711482019c6
FAIL R60/2000/r060-2000-de1-2008-10: API error for R60/2000/r060-2000-de1-2008-10: {"type" => "error", "error" => {"type" => "rate_limit_error", "code" => "1302", "message" => "[1302][Rate limit reached for requests][2026100711482075c636198dcc41bd]"}, "request_id" => "2026100711482075c6
FAIL R60/2000/r060-2000-de1-2008-11-rev1: API error for R60/2000/r060-2000-de1-2008-11-rev1: {"type" => "error", "error" => {"type" => "rate_limit_error", "code" => "1302", "message" => "[1302][Rate limit reached for requests][202610071148209594955fc7664c5c]"}, "request_id" => "2026100711482
FAIL R60/2000/r060-2000-de1-2008-11: API error for R60/2000/r060-2000-de1-2008-11: {"type" => "error", "error" => {"type" => "rate_limit_error", "code" => "1302", "message" => "[1302][Rate limit reached for requests][202610071148209610c53516164761]"}, "request_id" => "202610071148209610
FAIL R60/2000/r060-2000-de1-2008-12: API error for R60/2000/r060-2000-de1-2008-12: {"type" => "error", "error" => {"type" => "rate_limit_error", "code" => "1302", "message" => "[1302][Rate limit reached for requests][20261007114820a2b851d61c9b40d0]"}, "request_id" => "20261007114820a2b8
FAIL R60/2000/r060-2000-de1-2008-13: API error for R60/2000/r060-2000-de1-2008-13: {"type" => "error", "error" => {"type" => "rate_limit_error", "code" => "1302", "message" => "[1302][Rate limit reached for requests][202610071148207d30cf3097ff4a83]"}, "request_id" => "202610071148207d30
FAIL R60/2000/r060-2000-de1-2008-14: API error for R60/2000/r060-2000-de1-2008-14: {"type" => "error", "error" => {"type" => "rate_limit_error", "code" => "1302", "message" => "[1302][Rate limit reached for requests][202610071148207d8b9299aaf24e6c]"}, "request_id" => "202610071148207d8b
FAIL R60/2000/r060-2000-de1-2009-01: API error for R60/2000/r060-2000-de1-2009-01: {"type" => "error", "error" => {"type" => "rate_limit_error", "code" => "1302", "message" => "[1302][Rate limit reached for requests][20261007114821a5470b021b6544a6]"}, "request_id" => "20261007114821a547
FAIL R60/2000/r060-2000-de1-2009-02: API error for R60/2000/r060-2000-de1-2009-02: {"type" => "error", "error" => {"type" => "rate_limit_error", "code" => "1302", "message" => "[1302][Rate limit reached for requests][20261007114821d7e49ab1ebab4e96]"}, "request_id" => "20261007114821d7e4
FAIL R60/2000/r060-2000-de1-2009-03: API error for R60/2000/r060-2000-de1-2009-03: {"type" => "error", "error" => {"type" => "rate_limit_error", "code" => "1302", "message" => "[1302][Rate limit reached for requests][20261007114821ca2dc8c9c16e4c1a]"}, "request_id" => "20261007114821ca2d
FAIL R60/2000/r060-2000-de1-2009-04: API error for R60/2000/r060-2000-de1-2009-04: {"type" => "error", "error" => {"type" => "rate_limit_error", "code" => "1302", "message" => "[1302][Rate limit reached for requests][20261007114821fe592f7652934100]"}, "request_id" => "20261007114821fe59
FAIL R60/2000/r060-2000-de1-2009-05: API error for R60/2000/r060-2000-de1-2009-05: {"type" => "error", "error" => {"type" => "rate_limit_error", "code" => "1302", "message" => "[1302][Rate limit reached for requests][2026100711482194813cfa5fec48e7]"}, "request_id" => "202610071148219481
FAIL R60/2000/r060-2000-de1-2009-06: API error for R60/2000/r060-2000-de1-2009-06: {"type" => "error", "error" => {"type" => "rate_limit_error", "code" => "1302", "message" => "[1302][Rate limit reached for requests][2026100711482199692d27acf94180]"}, "request_id" => "202610071148219969
FAIL R60/2000/r060-2000-de1-2009-07: API error for R60/2000/r060-2000-de1-2009-07: {"type" => "error", "error" => {"type" => "rate_limit_error", "code" => "1302", "message" => "[1302][Rate limit reached for requests][20261007114821f7326cf00084414c]"}, "request_id" => "20261007114821f732
FAIL R60/2000/r060-2000-de1-2009-08: API error for R60/2000/r060-2000-de1-2009-08: {"type" => "error", "error" => {"type" => "rate_limit_error", "code" => "1302", "message" => "[1302][Rate limit reached for requests][20261007114821718cf8c45b5c4800]"}, "request_id" => "20261007114821718c
FAIL R60/2000/r060-2000-de1-2009-10: API error for R60/2000/r060-2000-de1-2009-10: {"type" => "error", "error" => {"type" => "rate_limit_error", "code" => "1302", "message" => "[1302][Rate limit reached for requests][20261007114821ae0066e197564a1a]"}, "request_id" => "20261007114821ae00
FAIL R60/2000/r060-2000-de1-2009-09: API error for R60/2000/r060-2000-de1-2009-09: {"type" => "error", "error" => {"type" => "rate_limit_error", "code" => "1302", "message" => "[1302][Rate limit reached for requests][20261007114821283722c9e7514068]"}, "request_id" => "202610071148212837
FAIL R60/2000/r060-2000-de1-2009-11-rev1: API error for R60/2000/r060-2000-de1-2009-11-rev1: {"type" => "error", "error" => {"type" => "rate_limit_error", "code" => "1302", "message" => "[1302][Rate limit reached for requests][2026100711482104d949903f954ace]"}, "request_id" => "2026100711482
FAIL R60/2000/r060-2000-de1-2009-11: API error for R60/2000/r060-2000-de1-2009-11: {"type" => "error", "error" => {"type" => "rate_limit_error", "code" => "1302", "message" => "[1302][Rate limit reached for requests][20261007114821d61a97a96f0c47b8]"}, "request_id" => "20261007114821d61a
FAIL R60/2000/r060-2000-de1-2009-09-rev1: API error for R60/2000/r060-2000-de1-2009-09-rev1: {"type" => "error", "error" => {"type" => "rate_limit_error", "code" => "1302", "message" => "[1302][Rate limit reached for requests][20261007114821eb936f9ae60249e7]"}, "request_id" => "2026100711482
FAIL R60/2000/r060-2000-de1-2009-12: API error for R60/2000/r060-2000-de1-2009-12: {"type" => "error", "error" => {"type" => "rate_limit_error", "code" => "1302", "message" => "[1302][Rate limit reached for requests][20261007114821163fab3f34ae4ae1]"}, "request_id" => "20261007114821163f
FAIL R60/2000/r060-2000-de1-2009-13: API error for R60/2000/r060-2000-de1-2009-13: {"type" => "error", "error" => {"type" => "rate_limit_error", "code" => "1302", "message" => "[1302][Rate limit reached for requests][202610071148217c8e4449077a40d3]"}, "request_id" => "202610071148217c8e
FAIL R60/2000/r060-2000-de1-2009-14: API error for R60/2000/r060-2000-de1-2009-14: {"type" => "error", "error" => {"type" => "rate_limit_error", "code" => "1302", "message" => "[1302][Rate limit reached for requests][20261007114821255d8b452710421e]"}, "request_id" => "20261007114821255d
FAIL R60/2000/r060-2000-de1-2009-17: API error for R60/2000/r060-2000-de1-2009-17: {"type" => "error", "error" => {"type" => "rate_limit_error", "code" => "1302", "message" => "[1302][Rate limit reached for requests][2026100711482114e25991181849f8]"}, "request_id" => "2026100711482114e2
FAIL R60/2000/r060-2000-de1-2009-16: API error for R60/2000/r060-2000-de1-2009-16: {"type" => "error", "error" => {"type" => "rate_limit_error", "code" => "1302", "message" => "[1302][Rate limit reached for requests][20261007114821d6e7786529c844d6]"}, "request_id" => "20261007114821d6e7
FAIL R60/2000/r060-2000-de1-2009-18: API error for R60/2000/r060-2000-de1-2009-18: {"type" => "error", "error" => {"type" => "rate_limit_error", "code" => "1302", "message" => "[1302][Rate limit reached for requests][202610071148219a35e84d45314d9e]"}, "request_id" => "202610071148219a35
FAIL R60/2000/r060-2000-de1-2009-19: API error for R60/2000/r060-2000-de1-2009-19: {"type" => "error", "error" => {"type" => "rate_limit_error", "code" => "1302", "message" => "[1302][Rate limit reached for requests][20261007114821fffe8b750c6d46ee]"}, "request_id" => "20261007114821fffe
FAIL R60/2000/r060-2000-de1-2010-01: API error for R60/2000/r060-2000-de1-2010-01: {"type" => "error", "error" => {"type" => "rate_limit_error", "code" => "1302", "message" => "[1302][Rate limit reached for requests][202610071148224915a978a42b46cd]"}, "request_id" => "202610071148224915
FAIL R60/2000/r060-2000-de1-2010-02-rev1: API error for R60/2000/r060-2000-de1-2010-02-rev1: {"type" => "error", "error" => {"type" => "rate_limit_error", "code" => "1302", "message" => "[1302][Rate limit reached for requests][2026100711482232077d020c3b4770]"}, "request_id" => "2026100711482
FAIL R60/2000/r060-2000-de1-2010-02: API error for R60/2000/r060-2000-de1-2010-02: {"type" => "error", "error" => {"type" => "rate_limit_error", "code" => "1302", "message" => "[1302][Rate limit reached for requests][20261007114822eda4f632741049a6]"}, "request_id" => "20261007114822eda4
FAIL R60/2000/r060-2000-de1-2010-03: API error for R60/2000/r060-2000-de1-2010-03: {"type" => "error", "error" => {"type" => "rate_limit_error", "code" => "1302", "message" => "[1302][Rate limit reached for requests][20261007114822e8cd12ed79684316]"}, "request_id" => "20261007114822e8cd
FAIL R60/2000/r060-2000-de1-2010-05-rev1: API error for R60/2000/r060-2000-de1-2010-05-rev1: {"type" => "error", "error" => {"type" => "rate_limit_error", "code" => "1302", "message" => "[1302][Rate limit reached for requests][202610071148223337e09ca88d4fd3]"}, "request_id" => "2026100711482
FAIL R60/2000/r060-2000-de1-2010-05: API error for R60/2000/r060-2000-de1-2010-05: {"type" => "error", "error" => {"type" => "rate_limit_error", "code" => "1302", "message" => "[1302][Rate limit reached for requests][202610071148221bdeffb1e35a4fcc]"}, "request_id" => "202610071148221bde
FAIL R60/2000/r060-2000-de1-2010-06: API error for R60/2000/r060-2000-de1-2010-06: {"type" => "error", "error" => {"type" => "rate_limit_error", "code" => "1302", "message" => "[1302][Rate limit reached for requests][2026100711482259f2d6baab504ae7]"}, "request_id" => "2026100711482259f2
FAIL R60/2000/r060-2000-de1-2010-08: API error for R60/2000/r060-2000-de1-2010-08: {"type" => "error", "error" => {"type" => "rate_limit_error", "code" => "1302", "message" => "[1302][Rate limit reached for requests][20261007114822e59b75c0c71742e9]"}, "request_id" => "20261007114822e59b
FAIL R60/2000/r060-2000-de1-2010-07: API error for R60/2000/r060-2000-de1-2010-07: {"type" => "error", "error" => {"type" => "rate_limit_error", "code" => "1302", "message" => "[1302][Rate limit reached for requests][20261007114822ce83dd9b61c04767]"}, "request_id" => "20261007114822ce83
FAIL R60/2000/r060-2000-de1-2010-09: API error for R60/2000/r060-2000-de1-2010-09: {"type" => "error", "error" => {"type" => "rate_limit_error", "code" => "1302", "message" => "[1302][Rate limit reached for requests][202610071148227546bf7f73454311]"}, "request_id" => "202610071148227546
FAIL R60/2000/r060-2000-de1-2010-10: API error for R60/2000/r060-2000-de1-2010-10: {"type" => "error", "error" => {"type" => "rate_limit_error", "code" => "1302", "message" => "[1302][Rate limit reached for requests][20261007114822c7e346489c1d41d7]"}, "request_id" => "20261007114822c7e3
FAIL R60/2000/r060-2000-de1-2010-11: API error for R60/2000/r060-2000-de1-2010-11: {"type" => "error", "error" => {"type" => "rate_limit_error", "code" => "1302", "message" => "[1302][Rate limit reached for requests][202610071148227feb72856ea9452f]"}, "request_id" => "202610071148227feb
FAIL R60/2000/r060-2000-de1-2010-12: API error for R60/2000/r060-2000-de1-2010-12: {"type" => "error", "error" => {"type" => "rate_limit_error", "code" => "1302", "message" => "[1302][Rate limit reached for requests][2026100711482234463dc58d654ea0]"}, "request_id" => "202610071148223446
FAIL R60/2000/r060-2000-de1-2011-02: API error for R60/2000/r060-2000-de1-2011-02: {"type" => "error", "error" => {"type" => "rate_limit_error", "code" => "1302", "message" => "[1302][Rate limit reached for requests][202610071148221df70ab71d804620]"}, "request_id" => "202610071148221df7
FAIL R60/2000/r060-2000-de1-2011-03: API error for R60/2000/r060-2000-de1-2011-03: {"type" => "error", "error" => {"type" => "rate_limit_error", "code" => "1302", "message" => "[1302][Rate limit reached for requests][20261007114822c7af2cb3bf014b52]"}, "request_id" => "20261007114822c7af
FAIL R60/2000/r060-2000-de1-2012-01-rev1: API error for R60/2000/r060-2000-de1-2012-01-rev1: {"type" => "error", "error" => {"type" => "rate_limit_error", "code" => "1302", "message" => "[1302][Rate limit reached for requests][20261007114822097869037a6b4939]"}, "request_id" => "2026100711482
FAIL R60/2000/r060-2000-de1-2012-01: API error for R60/2000/r060-2000-de1-2012-01: {"type" => "error", "error" => {"type" => "rate_limit_error", "code" => "1302", "message" => "[1302][Rate limit reached for requests][2026100711482273e785a7667349a7]"}, "request_id" => "2026100711482273e7
FAIL R60/2000/r060-2000-de1-2013-02: API error for R60/2000/r060-2000-de1-2013-02: {"type" => "error", "error" => {"type" => "rate_limit_error", "code" => "1302", "message" => "[1302][Rate limit reached for requests][2026100711482236cfc4b62f4447c6]"}, "request_id" => "2026100711482236cf
FAIL R60/2000/r060-2000-de1-2014-01: API error for R60/2000/r060-2000-de1-2014-01: {"type" => "error", "error" => {"type" => "rate_limit_error", "code" => "1302", "message" => "[1302][Rate limit reached for requests][202610071148228139da33c8b7486b]"}, "request_id" => "202610071148228139
FAIL R60/2000/r060-2000-de1-2015-01-rev1: API error for R60/2000/r060-2000-de1-2015-01-rev1: {"type" => "error", "error" => {"type" => "rate_limit_error", "code" => "1302", "message" => "[1302][Rate limit reached for requests][2026100711482227fbc2ad6ca84233]"}, "request_id" => "2026100711482
FAIL R60/2000/r060-2000-de1-2015-01: API error for R60/2000/r060-2000-de1-2015-01: {"type" => "error", "error" => {"type" => "rate_limit_error", "code" => "1302", "message" => "[1302][Rate limit reached for requests][20261007114823706a36cba2e74b1d]"}, "request_id" => "20261007114823706a
FAIL R60/2000/r060-2000-de1-2017-15: API error for R60/2000/r060-2000-de1-2017-15: {"type" => "error", "error" => {"type" => "rate_limit_error", "code" => "1302", "message" => "[1302][Rate limit reached for requests][20261007114823048076d356d94656]"}, "request_id" => "202610071148230480
FAIL R60/2000/r060-2000-de1-2019-01: API error for R60/2000/r060-2000-de1-2019-01: {"type" => "error", "error" => {"type" => "rate_limit_error", "code" => "1302", "message" => "[1302][Rate limit reached for requests][202610071148231d9a8a0fca244c00]"}, "request_id" => "202610071148231d9a
FAIL R60/2000/r060-2000-de1-2019-02: API error for R60/2000/r060-2000-de1-2019-02: {"type" => "error", "error" => {"type" => "rate_limit_error", "code" => "1302", "message" => "[1302][Rate limit reached for requests][202610071148238967b59d7d8646bd]"}, "request_id" => "202610071148238967
FAIL R60/2000/r060-2000-de1-2019-03: API error for R60/2000/r060-2000-de1-2019-03: {"type" => "error", "error" => {"type" => "rate_limit_error", "code" => "1302", "message" => "[1302][Rate limit reached for requests][20261007114823ff74b9972ee24ef9]"}, "request_id" => "20261007114823ff74
FAIL R60/2000/r060-2000-de1-2019-04: API error for R60/2000/r060-2000-de1-2019-04: {"type" => "error", "error" => {"type" => "rate_limit_error", "code" => "1302", "message" => "[1302][Rate limit reached for requests][2026100711482318621ebf90ec49e2]"}, "request_id" => "202610071148231862
FAIL R60/2000/r060-2000-de1-2020-02: API error for R60/2000/r060-2000-de1-2020-02: {"type" => "error", "error" => {"type" => "rate_limit_error", "code" => "1302", "message" => "[1302][Rate limit reached for requests][20261007114823af9b5dd9e67c4644]"}, "request_id" => "20261007114823af9b
FAIL R60/2000/r060-2000-de1-2022-01: API error for R60/2000/r060-2000-de1-2022-01: {"type" => "error", "error" => {"type" => "rate_limit_error", "code" => "1302", "message" => "[1302][Rate limit reached for requests][20261007114823c37c48beccb744b9]"}, "request_id" => "20261007114823c37c
FAIL R60/2000/r060-2000-dk1-2004-01-rev2: API error for R60/2000/r060-2000-dk1-2004-01-rev2: {"type" => "error", "error" => {"type" => "rate_limit_error", "code" => "1302", "message" => "[1302][Rate limit reached for requests][20261007114823dca9679eadab411f]"}, "request_id" => "2026100711482
FAIL R60/2000/r060-2000-dk1-2006-01-rev1: API error for R60/2000/r060-2000-dk1-2006-01-rev1: {"type" => "error", "error" => {"type" => "rate_limit_error", "code" => "1302", "message" => "[1302][Rate limit reached for requests][20261007114823c9f99e6c259f49ff]"}, "request_id" => "2026100711482
FAIL R60/2000/r060-2000-dk1-2006-01: API error for R60/2000/r060-2000-dk1-2006-01: {"type" => "error", "error" => {"type" => "rate_limit_error", "code" => "1302", "message" => "[1302][Rate limit reached for requests][2026100711482367c68967343e429c]"}, "request_id" => "2026100711482367c6
FAIL R60/2000/r060-2000-dk1-2006-03-rev1: API error for R60/2000/r060-2000-dk1-2006-03-rev1: {"type" => "error", "error" => {"type" => "rate_limit_error", "code" => "1302", "message" => "[1302][Rate limit reached for requests][20261007114823ce2af21e67064f7e]"}, "request_id" => "2026100711482
FAIL R60/2000/r060-2000-dk1-2004-01-rev1: API error for R60/2000/r060-2000-dk1-2004-01-rev1: {"type" => "error", "error" => {"type" => "rate_limit_error", "code" => "1302", "message" => "[1302][Rate limit reached for requests][20261007114823eb394049ff274c49]"}, "request_id" => "2026100711482
FAIL R60/2000/r060-2000-dk1-2008-01-rev1: API error for R60/2000/r060-2000-dk1-2008-01-rev1: {"type" => "error", "error" => {"type" => "rate_limit_error", "code" => "1302", "message" => "[1302][Rate limit reached for requests][20261007114823d771d9ba50da48de]"}, "request_id" => "2026100711482
FAIL R60/2000/r060-2000-dk1-2006-04: API error for R60/2000/r060-2000-dk1-2006-04: {"type" => "error", "error" => {"type" => "rate_limit_error", "code" => "1302", "message" => "[1302][Rate limit reached for requests][202610071148237a70b14f07aa4727]"}, "request_id" => "202610071148237a70
FAIL R60/2000/r060-2000-dk1-2008-01: API error for R60/2000/r060-2000-dk1-2008-01: {"type" => "error", "error" => {"type" => "rate_limit_error", "code" => "1302", "message" => "[1302][Rate limit reached for requests][20261007114823b4dc62d546164bb0]"}, "request_id" => "20261007114823b4dc
FAIL R60/2000/r060-2000-dk1-2009-01: API error for R60/2000/r060-2000-dk1-2009-01: {"type" => "error", "error" => {"type" => "rate_limit_error", "code" => "1302", "message" => "[1302][Rate limit reached for requests][202610071148238323625662f04b61]"}, "request_id" => "202610071148238323
FAIL R60/2000/r060-2000-dk2-2022-01: API error for R60/2000/r060-2000-dk2-2022-01: {"type" => "error", "error" => {"type" => "rate_limit_error", "code" => "1302", "message" => "[1302][Rate limit reached for requests][2026100711482306bd23cfcfa2447d]"}, "request_id" => "2026100711482306bd
FAIL R60/2000/r060-2000-dk3-2011-01: API error for R60/2000/r060-2000-dk3-2011-01: {"type" => "error", "error" => {"type" => "rate_limit_error", "code" => "1302", "message" => "[1302][Rate limit reached for requests][20261007114823c53d76216ce9406f]"}, "request_id" => "20261007114823c53d
FAIL R60/2000/r060-2000-dk3-2011-01-rev1: API error for R60/2000/r060-2000-dk3-2011-01-rev1: {"type" => "error", "error" => {"type" => "rate_limit_error", "code" => "1302", "message" => "[1302][Rate limit reached for requests][2026100711482307e26aae6393433b]"}, "request_id" => "2026100711482
FAIL R60/2000/r060-2000-dk3-2013-01: API error for R60/2000/r060-2000-dk3-2013-01: {"type" => "error", "error" => {"type" => "rate_limit_error", "code" => "1302", "message" => "[1302][Rate limit reached for requests][202610071148245529ac1a76dd4f8b]"}, "request_id" => "202610071148245529
FAIL R60/2000/r060-2000-dk3-2016-01: API error for R60/2000/r060-2000-dk3-2016-01: {"type" => "error", "error" => {"type" => "rate_limit_error", "code" => "1302", "message" => "[1302][Rate limit reached for requests][202610071148247508912f6f9e4409]"}, "request_id" => "202610071148247508
FAIL R60/2000/r060-2000-dk3-2017-01: API error for R60/2000/r060-2000-dk3-2017-01: {"type" => "error", "error" => {"type" => "rate_limit_error", "code" => "1302", "message" => "[1302][Rate limit reached for requests][20261007114824332bea05158f447f]"}, "request_id" => "20261007114824332b
FAIL R60/2000/r060-2000-dk3-2017-02: API error for R60/2000/r060-2000-dk3-2017-02: {"type" => "error", "error" => {"type" => "rate_limit_error", "code" => "1302", "message" => "[1302][Rate limit reached for requests][20261007114824182844b576d144d2]"}, "request_id" => "202610071148241828
FAIL R60/2000/r060-2000-dk3-2017-03: API error for R60/2000/r060-2000-dk3-2017-03: {"type" => "error", "error" => {"type" => "rate_limit_error", "code" => "1302", "message" => "[1302][Rate limit reached for requests][20261007114824c41952c9727c4db6]"}, "request_id" => "20261007114824c419
FAIL R60/2000/r060-2000-es1-2009-01: API error for R60/2000/r060-2000-es1-2009-01: {"type" => "error", "error" => {"type" => "rate_limit_error", "code" => "1302", "message" => "[1302][Rate limit reached for requests][20261007114824b236f6c9cf4f4300]"}, "request_id" => "20261007114824b236
FAIL R60/2000/r060-2000-es1-2010-01: API error for R60/2000/r060-2000-es1-2010-01: {"type" => "error", "error" => {"type" => "rate_limit_error", "code" => "1302", "message" => "[1302][Rate limit reached for requests][20261007114824735efba6d48449d5]"}, "request_id" => "20261007114824735e
FAIL R60/2000/r060-2000-es1-2010-03: API error for R60/2000/r060-2000-es1-2010-03: {"type" => "error", "error" => {"type" => "rate_limit_error", "code" => "1302", "message" => "[1302][Rate limit reached for requests][202610071148240577aa9518f94971]"}, "request_id" => "202610071148240577
FAIL R60/2000/r060-2000-es1-2010-04: API error for R60/2000/r060-2000-es1-2010-04: {"type" => "error", "error" => {"type" => "rate_limit_error", "code" => "1302", "message" => "[1302][Rate limit reached for requests][20261007114824a4364502c7c84d3f]"}, "request_id" => "20261007114824a436
FAIL R60/2000/r060-2000-es1-2011-01: API error for R60/2000/r060-2000-es1-2011-01: {"type" => "error", "error" => {"type" => "rate_limit_error", "code" => "1302", "message" => "[1302][Rate limit reached for requests][20261007114824611286de74154101]"}, "request_id" => "202610071148246112
FAIL R60/2000/r060-2000-es1-2013-02: API error for R60/2000/r060-2000-es1-2013-02: {"type" => "error", "error" => {"type" => "rate_limit_error", "code" => "1302", "message" => "[1302][Rate limit reached for requests][202610071148248c8a408b8853431e]"}, "request_id" => "202610071148248c8a
FAIL R60/2000/r060-2000-es1-2013-03: API error for R60/2000/r060-2000-es1-2013-03: {"type" => "error", "error" => {"type" => "rate_limit_error", "code" => "1302", "message" => "[1302][Rate limit reached for requests][20261007114824a4c6a61f5b454cdd]"}, "request_id" => "20261007114824a4c6
FAIL R60/2000/r060-2000-es1-2013-01: API error for R60/2000/r060-2000-es1-2013-01: {"type" => "error", "error" => {"type" => "rate_limit_error", "code" => "1302", "message" => "[1302][Rate limit reached for requests][202610071148240d30af7a98b0460c]"}, "request_id" => "202610071148240d30
FAIL R60/2000/r060-2000-fr2-2009-02-rev1: API error for R60/2000/r060-2000-fr2-2009-02-rev1: {"type" => "error", "error" => {"type" => "rate_limit_error", "code" => "1302", "message" => "[1302][Rate limit reached for requests][2026100711482433299e138d7f42fd]"}, "request_id" => "2026100711482
FAIL R60/2000/r060-2000-fr2-2009-02: API error for R60/2000/r060-2000-fr2-2009-02: {"type" => "error", "error" => {"type" => "rate_limit_error", "code" => "1302", "message" => "[1302][Rate limit reached for requests][2026100711482462cc04f5aabf481a]"}, "request_id" => "2026100711482462cc
FAIL R60/2000/r060-2000-fr2-2011-01: API error for R60/2000/r060-2000-fr2-2011-01: {"type" => "error", "error" => {"type" => "rate_limit_error", "code" => "1302", "message" => "[1302][Rate limit reached for requests][20261007114824c243f7b7fd2942ff]"}, "request_id" => "20261007114824c243
FAIL R60/2000/r060-2000-fr2-2011-01-rev1: API error for R60/2000/r060-2000-fr2-2011-01-rev1: {"type" => "error", "error" => {"type" => "rate_limit_error", "code" => "1302", "message" => "[1302][Rate limit reached for requests][202610071148246f66870d4f704d97]"}, "request_id" => "2026100711482
FAIL R60/2000/r060-2000-fr2-2012-01: API error for R60/2000/r060-2000-fr2-2012-01: {"type" => "error", "error" => {"type" => "rate_limit_error", "code" => "1302", "message" => "[1302][Rate limit reached for requests][202610071148241ff5c672e07a4ec7]"}, "request_id" => "202610071148241ff5
FAIL R60/2000/r060-2000-gb1-2004-03-rev1: API error for R60/2000/r060-2000-gb1-2004-03-rev1: {"type" => "error", "error" => {"type" => "rate_limit_error", "code" => "1302", "message" => "[1302][Rate limit reached for requests][2026100711482477e88f84dfa140b5]"}, "request_id" => "2026100711482
FAIL R60/2000/r060-2000-gb1-2005-03-rev1: API error for R60/2000/r060-2000-gb1-2005-03-rev1: {"type" => "error", "error" => {"type" => "rate_limit_error", "code" => "1302", "message" => "[1302][Rate limit reached for requests][202610071148252307dbfdb94a4df8]"}, "request_id" => "2026100711482
FAIL R60/2000/r060-2000-gb1-2005-01: API error for R60/2000/r060-2000-gb1-2005-01: {"type" => "error", "error" => {"type" => "rate_limit_error", "code" => "1302", "message" => "[1302][Rate limit reached for requests][202610071148250620569e9715403b]"}, "request_id" => "202610071148250620
FAIL R60/2000/r060-2000-gb1-2005-03: API error for R60/2000/r060-2000-gb1-2005-03: {"type" => "error", "error" => {"type" => "rate_limit_error", "code" => "1302", "message" => "[1302][Rate limit reached for requests][20261007114825b4c78c48c1f047aa]"}, "request_id" => "20261007114825b4c7
FAIL R60/2000/r060-2000-gb1-2005-02-rev1: API error for R60/2000/r060-2000-gb1-2005-02-rev1: {"type" => "error", "error" => {"type" => "rate_limit_error", "code" => "1302", "message" => "[1302][Rate limit reached for requests][20261007114825c9f0aa96bc434e35]"}, "request_id" => "2026100711482
FAIL R60/2000/r060-2000-gb1-2005-04-rev1: API error for R60/2000/r060-2000-gb1-2005-04-rev1: {"type" => "error", "error" => {"type" => "rate_limit_error", "code" => "1302", "message" => "[1302][Rate limit reached for requests][20261007114825db81aed930594ba2]"}, "request_id" => "2026100711482
FAIL R60/2000/r060-2000-gb1-2005-05-rev1: API error for R60/2000/r060-2000-gb1-2005-05-rev1: {"type" => "error", "error" => {"type" => "rate_limit_error", "code" => "1302", "message" => "[1302][Rate limit reached for requests][20261007114825e08573378c284633]"}, "request_id" => "2026100711482
FAIL R60/2000/r060-2000-gb1-2005-06-rev1: API error for R60/2000/r060-2000-gb1-2005-06-rev1: {"type" => "error", "error" => {"type" => "rate_limit_error", "code" => "1302", "message" => "[1302][Rate limit reached for requests][202610071148255ce1f5f9e9bb42d0]"}, "request_id" => "2026100711482
FAIL R60/2000/r060-2000-fr2-2017-01-rev0: API error for R60/2000/r060-2000-fr2-2017-01-rev0: {"type" => "error", "error" => {"type" => "rate_limit_error", "code" => "1302", "message" => "[1302][Rate limit reached for requests][20261007114824af74334e87164f22]"}, "request_id" => "2026100711482
FAIL R60/2000/r060-2000-gb1-2005-06-rev2-annex01: API error for R60/2000/r060-2000-gb1-2005-06-rev2-annex01: {"type" => "error", "error" => {"type" => "rate_limit_error", "code" => "1302", "message" => "[1302][Rate limit reached for requests][20261007114825b6917aa1baa940fb]"}, "request_id" => "20261
FAIL R60/2000/r060-2000-gb1-2005-06-rev2: API error for R60/2000/r060-2000-gb1-2005-06-rev2: {"type" => "error", "error" => {"type" => "rate_limit_error", "code" => "1302", "message" => "[1302][Rate limit reached for requests][20261007114825a2f493bf28f64d24]"}, "request_id" => "2026100711482
FAIL R60/2000/r060-2000-gb1-2005-06: API error for R60/2000/r060-2000-gb1-2005-06: {"type" => "error", "error" => {"type" => "rate_limit_error", "code" => "1302", "message" => "[1302][Rate limit reached for requests][202610071148252a0458591636449c]"}, "request_id" => "202610071148252a04
FAIL R60/2000/r060-2000-gb1-2005-07-rev2: API error for R60/2000/r060-2000-gb1-2005-07-rev2: {"type" => "error", "error" => {"type" => "rate_limit_error", "code" => "1302", "message" => "[1302][Rate limit reached for requests][20261007114825130616b46f994827]"}, "request_id" => "2026100711482
FAIL R60/2000/r060-2000-gb1-2005-07-rev1: API error for R60/2000/r060-2000-gb1-2005-07-rev1: {"type" => "error", "error" => {"type" => "rate_limit_error", "code" => "1302", "message" => "[1302][Rate limit reached for requests][20261007114825171953ec35fe4f31]"}, "request_id" => "2026100711482
FAIL R60/2000/r060-2000-gb1-2005-07-rev3: API error for R60/2000/r060-2000-gb1-2005-07-rev3: {"type" => "error", "error" => {"type" => "rate_limit_error", "code" => "1302", "message" => "[1302][Rate limit reached for requests][20261007114825c14a1ed8aeb24fea]"}, "request_id" => "2026100711482
FAIL R60/2000/r060-2000-gb1-2005-07: API error for R60/2000/r060-2000-gb1-2005-07: {"type" => "error", "error" => {"type" => "rate_limit_error", "code" => "1302", "message" => "[1302][Rate limit reached for requests][20261007114825e7b99711ebee414e]"}, "request_id" => "20261007114825e7b9
FAIL R60/2000/r060-2000-gb1-2006-01: API error for R60/2000/r060-2000-gb1-2006-01: {"type" => "error", "error" => {"type" => "rate_limit_error", "code" => "1302", "message" => "[1302][Rate limit reached for requests][202610071148250cc553b4d1044d9a]"}, "request_id" => "202610071148250cc5
FAIL R60/2000/r060-2000-gb1-2006-02: API error for R60/2000/r060-2000-gb1-2006-02: {"type" => "error", "error" => {"type" => "rate_limit_error", "code" => "1302", "message" => "[1302][Rate limit reached for requests][20261007114825d16e93655567469b]"}, "request_id" => "20261007114825d16e
FAIL R60/2000/r060-2000-gb1-2006-03: API error for R60/2000/r060-2000-gb1-2006-03: {"type" => "error", "error" => {"type" => "rate_limit_error", "code" => "1302", "message" => "[1302][Rate limit reached for requests][202610071148251238642af41046df]"}, "request_id" => "202610071148251238
FAIL R60/2000/r060-2000-gb1-2006-04: API error for R60/2000/r060-2000-gb1-2006-04: {"type" => "error", "error" => {"type" => "rate_limit_error", "code" => "1302", "message" => "[1302][Rate limit reached for requests][20261007114826fa86b6352cef4a81]"}, "request_id" => "20261007114826fa86
FAIL R60/2000/r060-2000-gb1-2007-01: API error for R60/2000/r060-2000-gb1-2007-01: {"type" => "error", "error" => {"type" => "rate_limit_error", "code" => "1302", "message" => "[1302][Rate limit reached for requests][20261007114826cfe96394c23a4d1b]"}, "request_id" => "20261007114826cfe9
FAIL R60/2000/r060-2000-gb1-2007-03: API error for R60/2000/r060-2000-gb1-2007-03: {"type" => "error", "error" => {"type" => "rate_limit_error", "code" => "1302", "message" => "[1302][Rate limit reached for requests][2026100711482699a1f48790364304]"}, "request_id" => "2026100711482699a1
FAIL R60/2000/r060-2000-gb1-2007-02: API error for R60/2000/r060-2000-gb1-2007-02: {"type" => "error", "error" => {"type" => "rate_limit_error", "code" => "1302", "message" => "[1302][Rate limit reached for requests][2026100711482645fec435424544fa]"}, "request_id" => "2026100711482645fe
FAIL R60/2000/r060-2000-gb1-2007-04: API error for R60/2000/r060-2000-gb1-2007-04: {"type" => "error", "error" => {"type" => "rate_limit_error", "code" => "1302", "message" => "[1302][Rate limit reached for requests][2026100711482655053961b4e14a89]"}, "request_id" => "202610071148265505
FAIL R60/2000/r060-2000-gb1-2007-05-rev1: API error for R60/2000/r060-2000-gb1-2007-05-rev1: {"type" => "error", "error" => {"type" => "rate_limit_error", "code" => "1302", "message" => "[1302][Rate limit reached for requests][20261007114826f27825a51bab4896]"}, "request_id" => "2026100711482
FAIL R60/2000/r060-2000-gb1-2007-05: API error for R60/2000/r060-2000-gb1-2007-05: {"type" => "error", "error" => {"type" => "rate_limit_error", "code" => "1302", "message" => "[1302][Rate limit reached for requests][2026100711482617247439708947cf]"}, "request_id" => "202610071148261724
FAIL R60/2000/r060-2000-gb1-2008-02: API error for R60/2000/r060-2000-gb1-2008-02: {"type" => "error", "error" => {"type" => "rate_limit_error", "code" => "1302", "message" => "[1302][Rate limit reached for requests][20261007114826ee02c4f16d2a4625]"}, "request_id" => "20261007114826ee02
FAIL R60/2000/r060-2000-gb1-2008-01: API error for R60/2000/r060-2000-gb1-2008-01: {"type" => "error", "error" => {"type" => "rate_limit_error", "code" => "1302", "message" => "[1302][Rate limit reached for requests][20261007114826c810db49455c43dc]"}, "request_id" => "20261007114826c810
FAIL R60/2000/r060-2000-gb1-2007-06: API error for R60/2000/r060-2000-gb1-2007-06: {"type" => "error", "error" => {"type" => "rate_limit_error", "code" => "1302", "message" => "[1302][Rate limit reached for requests][202610071148265b6cda4d2edd4cb0]"}, "request_id" => "202610071148265b6c
FAIL R60/2000/r060-2000-gb1-2008-03: API error for R60/2000/r060-2000-gb1-2008-03: {"type" => "error", "error" => {"type" => "rate_limit_error", "code" => "1302", "message" => "[1302][Rate limit reached for requests][20261007114826795843787462438a]"}, "request_id" => "202610071148267958
FAIL R60/2000/r060-2000-gb1-2008-04: API error for R60/2000/r060-2000-gb1-2008-04: {"type" => "error", "error" => {"type" => "rate_limit_error", "code" => "1302", "message" => "[1302][Rate limit reached for requests][20261007114826e6f4202c860e487b]"}, "request_id" => "20261007114826e6f4
FAIL R60/2000/r060-2000-gb1-2008-08: API error for R60/2000/r060-2000-gb1-2008-08: {"type" => "error", "error" => {"type" => "rate_limit_error", "code" => "1302", "message" => "[1302][Rate limit reached for requests][20261007114826c9418d56001e4852]"}, "request_id" => "20261007114826c941
FAIL R60/2000/r060-2000-gb1-2008-07: API error for R60/2000/r060-2000-gb1-2008-07: {"type" => "error", "error" => {"type" => "rate_limit_error", "code" => "1302", "message" => "[1302][Rate limit reached for requests][20261007114826e86b482440b74151]"}, "request_id" => "20261007114826e86b
FAIL R60/2000/r060-2000-gb1-2008-06: API error for R60/2000/r060-2000-gb1-2008-06: {"type" => "error", "error" => {"type" => "rate_limit_error", "code" => "1302", "message" => "[1302][Rate limit reached for requests][20261007114826f4b04d3f16394482]"}, "request_id" => "20261007114826f4b0
FAIL R60/2000/r060-2000-gb1-2009-02: API error for R60/2000/r060-2000-gb1-2009-02: {"type" => "error", "error" => {"type" => "rate_limit_error", "code" => "1302", "message" => "[1302][Rate limit reached for requests][20261007114826f4830687f4304a37]"}, "request_id" => "20261007114826f483
FAIL R60/2000/r060-2000-gb1-2009-03: API error for R60/2000/r060-2000-gb1-2009-03: {"type" => "error", "error" => {"type" => "rate_limit_error", "code" => "1302", "message" => "[1302][Rate limit reached for requests][202610071148260832f49e58464f61]"}, "request_id" => "202610071148260832
FAIL R60/2000/r060-2000-gb1-2009-04: API error for R60/2000/r060-2000-gb1-2009-04: {"type" => "error", "error" => {"type" => "rate_limit_error", "code" => "1302", "message" => "[1302][Rate limit reached for requests][202610071148263c56ec5449fe4244]"}, "request_id" => "202610071148263c56
FAIL R60/2000/r060-2000-gb1-2009-05: API error for R60/2000/r060-2000-gb1-2009-05: {"type" => "error", "error" => {"type" => "rate_limit_error", "code" => "1302", "message" => "[1302][Rate limit reached for requests][20261007114826226d2349c7b440a6]"}, "request_id" => "20261007114826226d
FAIL R60/2000/r060-2000-gb1-2009-06: API error for R60/2000/r060-2000-gb1-2009-06: {"type" => "error", "error" => {"type" => "rate_limit_error", "code" => "1302", "message" => "[1302][Rate limit reached for requests][2026100711482663884fc7bfae4492]"}, "request_id" => "202610071148266388
FAIL R60/2000/r060-2000-gb1-2009-07: API error for R60/2000/r060-2000-gb1-2009-07: {"type" => "error", "error" => {"type" => "rate_limit_error", "code" => "1302", "message" => "[1302][Rate limit reached for requests][20261007114827e901b2aefff74398]"}, "request_id" => "20261007114827e901
FAIL R60/2000/r060-2000-gb1-2009-08: API error for R60/2000/r060-2000-gb1-2009-08: {"type" => "error", "error" => {"type" => "rate_limit_error", "code" => "1302", "message" => "[1302][Rate limit reached for requests][20261007114827dc1a1e4463a44e1e]"}, "request_id" => "20261007114827dc1a
FAIL R60/2000/r060-2000-gb1-2009-10-rev1: API error for R60/2000/r060-2000-gb1-2009-10-rev1: {"type" => "error", "error" => {"type" => "rate_limit_error", "code" => "1302", "message" => "[1302][Rate limit reached for requests][20261007114827de1ec848fa034264]"}, "request_id" => "2026100711482
FAIL R60/2000/r060-2000-gb1-2009-09: API error for R60/2000/r060-2000-gb1-2009-09: {"type" => "error", "error" => {"type" => "rate_limit_error", "code" => "1302", "message" => "[1302][Rate limit reached for requests][20261007114827ab0978d115cf41f7]"}, "request_id" => "20261007114827ab09
FAIL R60/2000/r060-2000-gb1-2009-10-rev2: API error for R60/2000/r060-2000-gb1-2009-10-rev2: {"type" => "error", "error" => {"type" => "rate_limit_error", "code" => "1302", "message" => "[1302][Rate limit reached for requests][2026100711482737de4a175f5a411b]"}, "request_id" => "2026100711482
FAIL R60/2000/r060-2000-gb1-2010-01: API error for R60/2000/r060-2000-gb1-2010-01: {"type" => "error", "error" => {"type" => "rate_limit_error", "code" => "1302", "message" => "[1302][Rate limit reached for requests][202610071148270011bf4012ac460e]"}, "request_id" => "202610071148270011
FAIL R60/2000/r060-2000-gb1-2009-11: API error for R60/2000/r060-2000-gb1-2009-11: {"type" => "error", "error" => {"type" => "rate_limit_error", "code" => "1302", "message" => "[1302][Rate limit reached for requests][20261007114827ade1ae03f804421e]"}, "request_id" => "20261007114827ade1
FAIL R60/2000/r060-2000-gb1-2010-02: API error for R60/2000/r060-2000-gb1-2010-02: {"type" => "error", "error" => {"type" => "rate_limit_error", "code" => "1302", "message" => "[1302][Rate limit reached for requests][20261007114827459bab66a46a403a]"}, "request_id" => "20261007114827459b
FAIL R60/2000/r060-2000-gb1-2009-10: API error for R60/2000/r060-2000-gb1-2009-10: {"type" => "error", "error" => {"type" => "rate_limit_error", "code" => "1302", "message" => "[1302][Rate limit reached for requests][202610071148276f146f36ab0741ca]"}, "request_id" => "202610071148276f14
FAIL R60/2000/r060-2000-gb1-2010-04: API error for R60/2000/r060-2000-gb1-2010-04: {"type" => "error", "error" => {"type" => "rate_limit_error", "code" => "1302", "message" => "[1302][Rate limit reached for requests][20261007114827bd11f45798b5424f]"}, "request_id" => "20261007114827bd11
FAIL R60/2000/r060-2000-gb1-2010-05: API error for R60/2000/r060-2000-gb1-2010-05: {"type" => "error", "error" => {"type" => "rate_limit_error", "code" => "1302", "message" => "[1302][Rate limit reached for requests][2026100711482744d5b40a4da042c4]"}, "request_id" => "2026100711482744d5
FAIL R60/2000/r060-2000-gb1-2010-06-rev1: API error for R60/2000/r060-2000-gb1-2010-06-rev1: {"type" => "error", "error" => {"type" => "rate_limit_error", "code" => "1302", "message" => "[1302][Rate limit reached for requests][202610071148274b7afdbc9ca14fb0]"}, "request_id" => "2026100711482
FAIL R60/2000/r060-2000-gb1-2010-06: API error for R60/2000/r060-2000-gb1-2010-06: {"type" => "error", "error" => {"type" => "rate_limit_error", "code" => "1302", "message" => "[1302][Rate limit reached for requests][20261007114827fa9b2ba9de07409c]"}, "request_id" => "20261007114827fa9b
FAIL R60/2000/r060-2000-gb1-2010-07: API error for R60/2000/r060-2000-gb1-2010-07: {"type" => "error", "error" => {"type" => "rate_limit_error", "code" => "1302", "message" => "[1302][Rate limit reached for requests][20261007114827e6c3cdde87ba478a]"}, "request_id" => "20261007114827e6c3
FAIL R60/2000/r060-2000-gb1-2010-08: API error for R60/2000/r060-2000-gb1-2010-08: {"type" => "error", "error" => {"type" => "rate_limit_error", "code" => "1302", "message" => "[1302][Rate limit reached for requests][20261007114827be2a909f33c14e4e]"}, "request_id" => "20261007114827be2a
FAIL R60/2000/r060-2000-gb1-2010-03: API error for R60/2000/r060-2000-gb1-2010-03: {"type" => "error", "error" => {"type" => "rate_limit_error", "code" => "1302", "message" => "[1302][Rate limit reached for requests][2026100711482707544e1d022144a0]"}, "request_id" => "202610071148270754
FAIL R60/2000/r060-2000-gb1-2011-01: API error for R60/2000/r060-2000-gb1-2011-01: {"type" => "error", "error" => {"type" => "rate_limit_error", "code" => "1302", "message" => "[1302][Rate limit reached for requests][202610071148275e943b4c8b9647c0]"}, "request_id" => "202610071148275e94
FAIL R60/2000/r060-2000-gb1-2011-02-rev02: API error for R60/2000/r060-2000-gb1-2011-02-rev02: {"type" => "error", "error" => {"type" => "rate_limit_error", "code" => "1302", "message" => "[1302][Rate limit reached for requests][20261007114828bb3521bacd7b4e77]"}, "request_id" => "202610071148
FAIL R60/2000/r060-2000-gb1-2011-04: API error for R60/2000/r060-2000-gb1-2011-04: {"type" => "error", "error" => {"type" => "rate_limit_error", "code" => "1302", "message" => "[1302][Rate limit reached for requests][20261007114828b7968cba292747dd]"}, "request_id" => "20261007114828b796
FAIL R60/2000/r060-2000-gb1-2011-02-rev1: API error for R60/2000/r060-2000-gb1-2011-02-rev1: {"type" => "error", "error" => {"type" => "rate_limit_error", "code" => "1302", "message" => "[1302][Rate limit reached for requests][20261007114828b1587158cb2746b1]"}, "request_id" => "2026100711482
FAIL R60/2000/r060-2000-gb1-2011-02: API error for R60/2000/r060-2000-gb1-2011-02: {"type" => "error", "error" => {"type" => "rate_limit_error", "code" => "1302", "message" => "[1302][Rate limit reached for requests][202610071148288b743250ad8f43d7]"}, "request_id" => "202610071148288b74
FAIL R60/2000/r060-2000-gb1-2011-03: API error for R60/2000/r060-2000-gb1-2011-03: {"type" => "error", "error" => {"type" => "rate_limit_error", "code" => "1302", "message" => "[1302][Rate limit reached for requests][202610071148288e3fe53d04044dbf]"}, "request_id" => "202610071148288e3f
FAIL R60/2000/r060-2000-gb1-2011-05-rev1: API error for R60/2000/r060-2000-gb1-2011-05-rev1: {"type" => "error", "error" => {"type" => "rate_limit_error", "code" => "1302", "message" => "[1302][Rate limit reached for requests][20261007114828e5be2519fd7c4f6d]"}, "request_id" => "2026100711482
FAIL R60/2000/r060-2000-gb1-2011-07: API error for R60/2000/r060-2000-gb1-2011-07: {"type" => "error", "error" => {"type" => "rate_limit_error", "code" => "1302", "message" => "[1302][Rate limit reached for requests][20261007114828981d5d1511404a9b]"}, "request_id" => "20261007114828981d
FAIL R60/2000/r060-2000-gb1-2011-05: API error for R60/2000/r060-2000-gb1-2011-05: {"type" => "error", "error" => {"type" => "rate_limit_error", "code" => "1302", "message" => "[1302][Rate limit reached for requests][2026100711482834556de8e8f94639]"}, "request_id" => "202610071148283455
FAIL R60/2000/r060-2000-gb1-2012-01: API error for R60/2000/r060-2000-gb1-2012-01: {"type" => "error", "error" => {"type" => "rate_limit_error", "code" => "1302", "message" => "[1302][Rate limit reached for requests][20261007114828371b3a71039e4fe4]"}, "request_id" => "20261007114828371b
FAIL R60/2000/r060-2000-gb1-2011-06: API error for R60/2000/r060-2000-gb1-2011-06: {"type" => "error", "error" => {"type" => "rate_limit_error", "code" => "1302", "message" => "[1302][Rate limit reached for requests][2026100711482810cf10ccafcf4322]"}, "request_id" => "2026100711482810cf
FAIL R60/2000/r060-2000-gb1-2012-03: API error for R60/2000/r060-2000-gb1-2012-03: {"type" => "error", "error" => {"type" => "rate_limit_error", "code" => "1302", "message" => "[1302][Rate limit reached for requests][20261007114828e32f98f729334019]"}, "request_id" => "20261007114828e32f
FAIL R60/2000/r060-2000-gb1-2012-02: API error for R60/2000/r060-2000-gb1-2012-02: {"type" => "error", "error" => {"type" => "rate_limit_error", "code" => "1302", "message" => "[1302][Rate limit reached for requests][202610071148284c54dd858c024dd3]"}, "request_id" => "202610071148284c54
FAIL R60/2000/r060-2000-gb1-2012-04: API error for R60/2000/r060-2000-gb1-2012-04: {"type" => "error", "error" => {"type" => "rate_limit_error", "code" => "1302", "message" => "[1302][Rate limit reached for requests][202610071148280267dd9e4ce04ac7]"}, "request_id" => "202610071148280267
FAIL R60/2000/r060-2000-gb1-2012-07-rev1: API error for R60/2000/r060-2000-gb1-2012-07-rev1: {"type" => "error", "error" => {"type" => "rate_limit_error", "code" => "1302", "message" => "[1302][Rate limit reached for requests][20261007114828ffbc5a1882c24cdf]"}, "request_id" => "2026100711482
FAIL R60/2000/r060-2000-gb1-2012-05: API error for R60/2000/r060-2000-gb1-2012-05: {"type" => "error", "error" => {"type" => "rate_limit_error", "code" => "1302", "message" => "[1302][Rate limit reached for requests][20261007114828f451abd89cd945fd]"}, "request_id" => "20261007114828f451
FAIL R60/2000/r060-2000-gb1-2012-07-rev2: API error for R60/2000/r060-2000-gb1-2012-07-rev2: {"type" => "error", "error" => {"type" => "rate_limit_error", "code" => "1302", "message" => "[1302][Rate limit reached for requests][2026100711482880b47207ba39438b]"}, "request_id" => "2026100711482
FAIL R60/2000/r060-2000-gb1-2012-07: API error for R60/2000/r060-2000-gb1-2012-07: {"type" => "error", "error" => {"type" => "rate_limit_error", "code" => "1302", "message" => "[1302][Rate limit reached for requests][202610071148281451fdea02a34412]"}, "request_id" => "202610071148281451
FAIL R60/2000/r060-2000-gb1-2012-08: API error for R60/2000/r060-2000-gb1-2012-08: {"type" => "error", "error" => {"type" => "rate_limit_error", "code" => "1302", "message" => "[1302][Rate limit reached for requests][202610071148283e4aa99d662c491e]"}, "request_id" => "202610071148283e4a
FAIL R60/2000/r060-2000-gb1-2013-01-rev1: API error for R60/2000/r060-2000-gb1-2013-01-rev1: {"type" => "error", "error" => {"type" => "rate_limit_error", "code" => "1302", "message" => "[1302][Rate limit reached for requests][2026100711482832f1ac48db264cbe]"}, "request_id" => "2026100711482
FAIL R60/2000/r060-2000-gb1-2013-01: API error for R60/2000/r060-2000-gb1-2013-01: {"type" => "error", "error" => {"type" => "rate_limit_error", "code" => "1302", "message" => "[1302][Rate limit reached for requests][20261007114828224332cdc7a440e8]"}, "request_id" => "202610071148282243
FAIL R60/2000/r060-2000-gb1-2013-02: API error for R60/2000/r060-2000-gb1-2013-02: {"type" => "error", "error" => {"type" => "rate_limit_error", "code" => "1302", "message" => "[1302][Rate limit reached for requests][2026100711482984410f95a3574232]"}, "request_id" => "202610071148298441
FAIL R60/2000/r060-2000-gb1-2014-01: API error for R60/2000/r060-2000-gb1-2014-01: {"type" => "error", "error" => {"type" => "rate_limit_error", "code" => "1302", "message" => "[1302][Rate limit reached for requests][20261007114829d191e39cfb0042f6]"}, "request_id" => "20261007114829d191
FAIL R60/2000/r060-2000-gb1-2014-03: API error for R60/2000/r060-2000-gb1-2014-03: {"type" => "error", "error" => {"type" => "rate_limit_error", "code" => "1302", "message" => "[1302][Rate limit reached for requests][202610071148291fdbde2c0cb24cf4]"}, "request_id" => "202610071148291fdb
FAIL R60/2000/r060-2000-gb1-2014-04: API error for R60/2000/r060-2000-gb1-2014-04: {"type" => "error", "error" => {"type" => "rate_limit_error", "code" => "1302", "message" => "[1302][Rate limit reached for requests][20261007114829b8ea81081d5647fc]"}, "request_id" => "20261007114829b8ea
FAIL R60/2000/r060-2000-gb1-2015-01: API error for R60/2000/r060-2000-gb1-2015-01: {"type" => "error", "error" => {"type" => "rate_limit_error", "code" => "1302", "message" => "[1302][Rate limit reached for requests][20261007114829757364215a5e4471]"}, "request_id" => "202610071148297573
FAIL R60/2000/r060-2000-gb1-2015-02: API error for R60/2000/r060-2000-gb1-2015-02: {"type" => "error", "error" => {"type" => "rate_limit_error", "code" => "1302", "message" => "[1302][Rate limit reached for requests][20261007114829d5a18652d5544d32]"}, "request_id" => "20261007114829d5a1
FAIL R60/2000/r060-2000-gb1-2015-03: API error for R60/2000/r060-2000-gb1-2015-03: {"type" => "error", "error" => {"type" => "rate_limit_error", "code" => "1302", "message" => "[1302][Rate limit reached for requests][20261007114829d11d6ffd66ba4455]"}, "request_id" => "20261007114829d11d
FAIL R60/2000/r060-2000-gb1-2015-04: API error for R60/2000/r060-2000-gb1-2015-04: {"type" => "error", "error" => {"type" => "rate_limit_error", "code" => "1302", "message" => "[1302][Rate limit reached for requests][20261007114829ab57da32c52a4082]"}, "request_id" => "20261007114829ab57
FAIL R60/2000/r060-2000-gb1-2014-02: API error for R60/2000/r060-2000-gb1-2014-02: {"type" => "error", "error" => {"type" => "rate_limit_error", "code" => "1302", "message" => "[1302][Rate limit reached for requests][20261007114829350cc6ec9f8f45bc]"}, "request_id" => "20261007114829350c
FAIL R60/2000/r060-2000-gb1-2016-02: API error for R60/2000/r060-2000-gb1-2016-02: {"type" => "error", "error" => {"type" => "rate_limit_error", "code" => "1302", "message" => "[1302][Rate limit reached for requests][2026100711482933f6d8560d69425b]"}, "request_id" => "2026100711482933f6
FAIL R60/2000/r060-2000-gb1-2016-01: API error for R60/2000/r060-2000-gb1-2016-01: {"type" => "error", "error" => {"type" => "rate_limit_error", "code" => "1302", "message" => "[1302][Rate limit reached for requests][20261007114829eaba15ac50af4083]"}, "request_id" => "20261007114829eaba
FAIL R60/2000/r060-2000-gb1-2016-03: API error for R60/2000/r060-2000-gb1-2016-03: {"type" => "error", "error" => {"type" => "rate_limit_error", "code" => "1302", "message" => "[1302][Rate limit reached for requests][20261007114829ba3201b943904d99]"}, "request_id" => "20261007114829ba32
FAIL R60/2000/r060-2000-gb1-2016-04: API error for R60/2000/r060-2000-gb1-2016-04: {"type" => "error", "error" => {"type" => "rate_limit_error", "code" => "1302", "message" => "[1302][Rate limit reached for requests][20261007114829a9458eb79aa44953]"}, "request_id" => "20261007114829a945
FAIL R60/2000/r060-2000-gb1-2016-05: API error for R60/2000/r060-2000-gb1-2016-05: {"type" => "error", "error" => {"type" => "rate_limit_error", "code" => "1302", "message" => "[1302][Rate limit reached for requests][20261007114829c7858f88aaed4f69]"}, "request_id" => "20261007114829c785
FAIL R60/2000/r060-2000-gb1-2016-08: API error for R60/2000/r060-2000-gb1-2016-08: {"type" => "error", "error" => {"type" => "rate_limit_error", "code" => "1302", "message" => "[1302][Rate limit reached for requests][2026100711482988553751e82e46a9]"}, "request_id" => "202610071148298855
FAIL R60/2000/r060-2000-gb1-2016-07: API error for R60/2000/r060-2000-gb1-2016-07: {"type" => "error", "error" => {"type" => "rate_limit_error", "code" => "1302", "message" => "[1302][Rate limit reached for requests][2026100711482904f42d5ea44449b4]"}, "request_id" => "2026100711482904f4
FAIL R60/2000/r060-2000-gb1-2017-01: API error for R60/2000/r060-2000-gb1-2017-01: {"type" => "error", "error" => {"type" => "rate_limit_error", "code" => "1302", "message" => "[1302][Rate limit reached for requests][202610071148290421994b9a854aba]"}, "request_id" => "202610071148290421
FAIL R60/2000/r060-2000-gb1-2017-02: API error for R60/2000/r060-2000-gb1-2017-02: {"type" => "error", "error" => {"type" => "rate_limit_error", "code" => "1302", "message" => "[1302][Rate limit reached for requests][20261007114829e53079921cc044cb]"}, "request_id" => "20261007114829e530
FAIL R60/2000/r060-2000-gb1-2017-03: API error for R60/2000/r060-2000-gb1-2017-03: {"type" => "error", "error" => {"type" => "rate_limit_error", "code" => "1302", "message" => "[1302][Rate limit reached for requests][2026100711482904b54521cbcb4bdc]"}, "request_id" => "2026100711482904b5
FAIL R60/2000/r060-2000-gb1-2017-05: API error for R60/2000/r060-2000-gb1-2017-05: {"type" => "error", "error" => {"type" => "rate_limit_error", "code" => "1302", "message" => "[1302][Rate limit reached for requests][20261007114829e35cefdbf84e4ca0]"}, "request_id" => "20261007114829e35c
FAIL R60/2000/r060-2000-gb1-2017-06: API error for R60/2000/r060-2000-gb1-2017-06: {"type" => "error", "error" => {"type" => "rate_limit_error", "code" => "1302", "message" => "[1302][Rate limit reached for requests][202610071148294b8d929e89254dad]"}, "request_id" => "202610071148294b8d
FAIL R60/2000/r060-2000-gb1-2017-04: API error for R60/2000/r060-2000-gb1-2017-04: {"type" => "error", "error" => {"type" => "rate_limit_error", "code" => "1302", "message" => "[1302][Rate limit reached for requests][20261007114829610ea3ea28274603]"}, "request_id" => "20261007114829610e
FAIL R60/2000/r060-2000-gb1-2017-07: API error for R60/2000/r060-2000-gb1-2017-07: {"type" => "error", "error" => {"type" => "rate_limit_error", "code" => "1302", "message" => "[1302][Rate limit reached for requests][20261007114830b6f2a0f0ce474d0c]"}, "request_id" => "20261007114830b6f2
FAIL R60/2000/r060-2000-gb1-2017-09: API error for R60/2000/r060-2000-gb1-2017-09: {"type" => "error", "error" => {"type" => "rate_limit_error", "code" => "1302", "message" => "[1302][Rate limit reached for requests][20261007114830e8893028be9147d5]"}, "request_id" => "20261007114830e889
FAIL R60/2000/r060-2000-gb1-2017-10: API error for R60/2000/r060-2000-gb1-2017-10: {"type" => "error", "error" => {"type" => "rate_limit_error", "code" => "1302", "message" => "[1302][Rate limit reached for requests][202610071148309db2f128e81c4ee5]"}, "request_id" => "202610071148309db2
FAIL R60/2000/r060-2000-gb1-2017-13: API error for R60/2000/r060-2000-gb1-2017-13: {"type" => "error", "error" => {"type" => "rate_limit_error", "code" => "1302", "message" => "[1302][Rate limit reached for requests][2026100711483034bed33b3e264c00]"}, "request_id" => "2026100711483034be
FAIL R60/2000/r060-2000-gb1-2017-12: API error for R60/2000/r060-2000-gb1-2017-12: {"type" => "error", "error" => {"type" => "rate_limit_error", "code" => "1302", "message" => "[1302][Rate limit reached for requests][202610071148306c1fac1f868948bf]"}, "request_id" => "202610071148306c1f
FAIL R60/2000/r060-2000-gb1-2017-14-rev1: API error for R60/2000/r060-2000-gb1-2017-14-rev1: {"type" => "error", "error" => {"type" => "rate_limit_error", "code" => "1302", "message" => "[1302][Rate limit reached for requests][20261007114830c5844ae4749d4069]"}, "request_id" => "2026100711483
FAIL R60/2000/r060-2000-gb1-2017-14: API error for R60/2000/r060-2000-gb1-2017-14: {"type" => "error", "error" => {"type" => "rate_limit_error", "code" => "1302", "message" => "[1302][Rate limit reached for requests][20261007114830ce4a058e9acf4104]"}, "request_id" => "20261007114830ce4a
FAIL R60/2000/r060-2000-gb1-2017-15: API error for R60/2000/r060-2000-gb1-2017-15: {"type" => "error", "error" => {"type" => "rate_limit_error", "code" => "1302", "message" => "[1302][Rate limit reached for requests][202610071148300af88060816346c1]"}, "request_id" => "202610071148300af8
FAIL R60/2000/r060-2000-gb1-2017-17: API error for R60/2000/r060-2000-gb1-2017-17: {"type" => "error", "error" => {"type" => "rate_limit_error", "code" => "1302", "message" => "[1302][Rate limit reached for requests][20261007114830cbd60e6ddbeb4766]"}, "request_id" => "20261007114830cbd6
FAIL R60/2000/r060-2000-gb1-2017-16: API error for R60/2000/r060-2000-gb1-2017-16: {"type" => "error", "error" => {"type" => "rate_limit_error", "code" => "1302", "message" => "[1302][Rate limit reached for requests][20261007114830b97810176e164e04]"}, "request_id" => "20261007114830b978
FAIL R60/2000/r060-2000-gb1-2018-01: API error for R60/2000/r060-2000-gb1-2018-01: {"type" => "error", "error" => {"type" => "rate_limit_error", "code" => "1302", "message" => "[1302][Rate limit reached for requests][20261007114830149d757a3344473e]"}, "request_id" => "20261007114830149d
FAIL R60/2000/r060-2000-gb1-2018-02-rev1: API error for R60/2000/r060-2000-gb1-2018-02-rev1: {"type" => "error", "error" => {"type" => "rate_limit_error", "code" => "1302", "message" => "[1302][Rate limit reached for requests][202610071148301f0b30dc06a24284]"}, "request_id" => "2026100711483
FAIL R60/2000/r060-2000-gb1-2018-02-rev2: API error for R60/2000/r060-2000-gb1-2018-02-rev2: {"type" => "error", "error" => {"type" => "rate_limit_error", "code" => "1302", "message" => "[1302][Rate limit reached for requests][20261007114830ab2c6e3768b64339]"}, "request_id" => "2026100711483
FAIL R60/2000/r060-2000-gb1-2018-02: API error for R60/2000/r060-2000-gb1-2018-02: {"type" => "error", "error" => {"type" => "rate_limit_error", "code" => "1302", "message" => "[1302][Rate limit reached for requests][202610071148301da2a55329e14704]"}, "request_id" => "202610071148301da2
FAIL R60/2000/r060-2000-gb1-2018-03-rev2: API error for R60/2000/r060-2000-gb1-2018-03-rev2: {"type" => "error", "error" => {"type" => "rate_limit_error", "code" => "1302", "message" => "[1302][Rate limit reached for requests][20261007114830185d6ab571a34def]"}, "request_id" => "2026100711483
FAIL R60/2000/r060-2000-gb1-2018-03-rev1: API error for R60/2000/r060-2000-gb1-2018-03-rev1: {"type" => "error", "error" => {"type" => "rate_limit_error", "code" => "1302", "message" => "[1302][Rate limit reached for requests][20261007114830f0b3ad780c6d45fc]"}, "request_id" => "2026100711483
FAIL R60/2000/r060-2000-gb1-2018-03: API error for R60/2000/r060-2000-gb1-2018-03: {"type" => "error", "error" => {"type" => "rate_limit_error", "code" => "1302", "message" => "[1302][Rate limit reached for requests][202610071148308982299234d54cb8]"}, "request_id" => "202610071148308982
FAIL R60/2000/r060-2000-gb1-2018-04: API error for R60/2000/r060-2000-gb1-2018-04: {"type" => "error", "error" => {"type" => "rate_limit_error", "code" => "1302", "message" => "[1302][Rate limit reached for requests][20261007114830ff0ffc72baa347d6]"}, "request_id" => "20261007114830ff0f
FAIL R60/2000/r060-2000-gb1-2018-05: API error for R60/2000/r060-2000-gb1-2018-05: {"type" => "error", "error" => {"type" => "rate_limit_error", "code" => "1302", "message" => "[1302][Rate limit reached for requests][20261007114831da0d9bb597754b07]"}, "request_id" => "20261007114831da0d
FAIL R60/2000/r060-2000-gb1-2018-05-rev1: API error for R60/2000/r060-2000-gb1-2018-05-rev1: {"type" => "error", "error" => {"type" => "rate_limit_error", "code" => "1302", "message" => "[1302][Rate limit reached for requests][20261007114831bf4e8ef0594b441f]"}, "request_id" => "2026100711483
FAIL R60/2000/r060-2000-gb1-2020-01: API error for R60/2000/r060-2000-gb1-2020-01: {"type" => "error", "error" => {"type" => "rate_limit_error", "code" => "1302", "message" => "[1302][Rate limit reached for requests][2026100711483145da04eeaf6b4d06]"}, "request_id" => "2026100711483145da
FAIL R60/2000/r060-2000-gb1-2020-02: API error for R60/2000/r060-2000-gb1-2020-02: {"type" => "error", "error" => {"type" => "rate_limit_error", "code" => "1302", "message" => "[1302][Rate limit reached for requests][20261007114831da7d35aad5e14152]"}, "request_id" => "20261007114831da7d
FAIL R60/2000/r060-2000-gb1-2020-03: API error for R60/2000/r060-2000-gb1-2020-03: {"type" => "error", "error" => {"type" => "rate_limit_error", "code" => "1302", "message" => "[1302][Rate limit reached for requests][20261007114831d5523fc88ed243ca]"}, "request_id" => "20261007114831d552
FAIL R60/2000/r060-2000-gb1-2021-01: API error for R60/2000/r060-2000-gb1-2021-01: {"type" => "error", "error" => {"type" => "rate_limit_error", "code" => "1302", "message" => "[1302][Rate limit reached for requests][20261007114831ca974ea3cd5c44ca]"}, "request_id" => "20261007114831ca97
FAIL R60/2000/r060-2000-gb1-2022-01: API error for R60/2000/r060-2000-gb1-2022-01: {"type" => "error", "error" => {"type" => "rate_limit_error", "code" => "1302", "message" => "[1302][Rate limit reached for requests][20261007114831a72b7aebea5e41ce]"}, "request_id" => "20261007114831a72b
FAIL R60/2000/r060-2000-jp1-2005-01: API error for R60/2000/r060-2000-jp1-2005-01: {"type" => "error", "error" => {"type" => "rate_limit_error", "code" => "1302", "message" => "[1302][Rate limit reached for requests][20261007114831849e00e8dfbf4e6b]"}, "request_id" => "20261007114831849e
FAIL R60/2000/r060-2000-jp1-2006-01: API error for R60/2000/r060-2000-jp1-2006-01: {"type" => "error", "error" => {"type" => "rate_limit_error", "code" => "1302", "message" => "[1302][Rate limit reached for requests][202610071148317863f39043724b67]"}, "request_id" => "202610071148317863
FAIL R60/2000/r060-2000-jp1-2010-01-rev1: API error for R60/2000/r060-2000-jp1-2010-01-rev1: {"type" => "error", "error" => {"type" => "rate_limit_error", "code" => "1302", "message" => "[1302][Rate limit reached for requests][202610071148319eee7eb6ad7e4087]"}, "request_id" => "2026100711483
FAIL R60/2000/r060-2000-jp1-2010-01: API error for R60/2000/r060-2000-jp1-2010-01: {"type" => "error", "error" => {"type" => "rate_limit_error", "code" => "1302", "message" => "[1302][Rate limit reached for requests][20261007114831390d823d9b424b43]"}, "request_id" => "20261007114831390d
FAIL R60/2000/r060-2000-jp1-2010-02: API error for R60/2000/r060-2000-jp1-2010-02: {"type" => "error", "error" => {"type" => "rate_limit_error", "code" => "1302", "message" => "[1302][Rate limit reached for requests][20261007114831779db2041fd24821]"}, "request_id" => "20261007114831779d
FAIL R60/2000/r060-2000-jp1-2010-02-rev1: API error for R60/2000/r060-2000-jp1-2010-02-rev1: {"type" => "error", "error" => {"type" => "rate_limit_error", "code" => "1302", "message" => "[1302][Rate limit reached for requests][2026100711483162492afc373c46d1]"}, "request_id" => "2026100711483
FAIL R60/2000/r060-2000-jp1-2010-04-rev1: API error for R60/2000/r060-2000-jp1-2010-04-rev1: {"type" => "error", "error" => {"type" => "rate_limit_error", "code" => "1302", "message" => "[1302][Rate limit reached for requests][202610071148310ffeb7acea474cb7]"}, "request_id" => "2026100711483
FAIL R60/2000/r060-2000-jp1-2010-04: API error for R60/2000/r060-2000-jp1-2010-04: {"type" => "error", "error" => {"type" => "rate_limit_error", "code" => "1302", "message" => "[1302][Rate limit reached for requests][202610071148317ad40e940e574bec]"}, "request_id" => "202610071148317ad4
FAIL R60/2000/r060-2000-jp1-2010-05: API error for R60/2000/r060-2000-jp1-2010-05: {"type" => "error", "error" => {"type" => "rate_limit_error", "code" => "1302", "message" => "[1302][Rate limit reached for requests][2026100711483234d831feda7846eb]"}, "request_id" => "2026100711483234d8
FAIL R60/2000/r060-2000-jp1-2010-06-rev1: API error for R60/2000/r060-2000-jp1-2010-06-rev1: {"type" => "error", "error" => {"type" => "rate_limit_error", "code" => "1302", "message" => "[1302][Rate limit reached for requests][20261007114832d4cef71e86814baa]"}, "request_id" => "2026100711483
FAIL R60/2000/r060-2000-jp1-2010-06: API error for R60/2000/r060-2000-jp1-2010-06: {"type" => "error", "error" => {"type" => "rate_limit_error", "code" => "1302", "message" => "[1302][Rate limit reached for requests][20261007114832653d312c605e4eec]"}, "request_id" => "20261007114832653d
FAIL R60/2000/r060-2000-jp1-2010-08: API error for R60/2000/r060-2000-jp1-2010-08: {"type" => "error", "error" => {"type" => "rate_limit_error", "code" => "1302", "message" => "[1302][Rate limit reached for requests][2026100711483201151d7f4a35480d]"}, "request_id" => "202610071148320115
FAIL R60/2000/r060-2000-jp1-2010-09: API error for R60/2000/r060-2000-jp1-2010-09: {"type" => "error", "error" => {"type" => "rate_limit_error", "code" => "1302", "message" => "[1302][Rate limit reached for requests][20261007114832970edbe421384e92]"}, "request_id" => "20261007114832970e
FAIL R60/2000/r060-2000-jp1-2010-10: API error for R60/2000/r060-2000-jp1-2010-10: {"type" => "error", "error" => {"type" => "rate_limit_error", "code" => "1302", "message" => "[1302][Rate limit reached for requests][20261007114832c13d97bdac5e458e]"}, "request_id" => "20261007114832c13d
FAIL R60/2000/r060-2000-jp1-2010-11: API error for R60/2000/r060-2000-jp1-2010-11: {"type" => "error", "error" => {"type" => "rate_limit_error", "code" => "1302", "message" => "[1302][Rate limit reached for requests][2026100711483215ccbbaba1ed4c92]"}, "request_id" => "2026100711483215cc
FAIL R60/2000/r060-2000-jp1-2010-12-rev1: API error for R60/2000/r060-2000-jp1-2010-12-rev1: {"type" => "error", "error" => {"type" => "rate_limit_error", "code" => "1302", "message" => "[1302][Rate limit reached for requests][20261007114832959b50ae43d14b3c]"}, "request_id" => "2026100711483
FAIL R60/2000/r060-2000-jp1-2010-12: API error for R60/2000/r060-2000-jp1-2010-12: {"type" => "error", "error" => {"type" => "rate_limit_error", "code" => "1302", "message" => "[1302][Rate limit reached for requests][20261007114832229f49ea1d9a4f7e]"}, "request_id" => "20261007114832229f
FAIL R60/2000/r060-2000-jp1-2010-13: API error for R60/2000/r060-2000-jp1-2010-13: {"type" => "error", "error" => {"type" => "rate_limit_error", "code" => "1302", "message" => "[1302][Rate limit reached for requests][20261007114832973b6121691e4950]"}, "request_id" => "20261007114832973b
FAIL R60/2000/r060-2000-jp1-2010-14-rev2: API error for R60/2000/r060-2000-jp1-2010-14-rev2: {"type" => "error", "error" => {"type" => "rate_limit_error", "code" => "1302", "message" => "[1302][Rate limit reached for requests][2026100711483272e26b582d7a4c70]"}, "request_id" => "2026100711483
FAIL R60/2000/r060-2000-jp1-2010-14-rev1: API error for R60/2000/r060-2000-jp1-2010-14-rev1: {"type" => "error", "error" => {"type" => "rate_limit_error", "code" => "1302", "message" => "[1302][Rate limit reached for requests][2026100711483269a0467ebc45452b]"}, "request_id" => "2026100711483
FAIL R60/2000/r060-2000-jp1-2010-14: API error for R60/2000/r060-2000-jp1-2010-14: {"type" => "error", "error" => {"type" => "rate_limit_error", "code" => "1302", "message" => "[1302][Rate limit reached for requests][2026100711483275a3f195f75b49b7]"}, "request_id" => "2026100711483275a3
FAIL R60/2000/r060-2000-jp1-2010-16-rev1: API error for R60/2000/r060-2000-jp1-2010-16-rev1: {"type" => "error", "error" => {"type" => "rate_limit_error", "code" => "1302", "message" => "[1302][Rate limit reached for requests][20261007114832745acda960ff4221]"}, "request_id" => "2026100711483
FAIL R60/2000/r060-2000-jp1-2010-15: API error for R60/2000/r060-2000-jp1-2010-15: {"type" => "error", "error" => {"type" => "rate_limit_error", "code" => "1302", "message" => "[1302][Rate limit reached for requests][202610071148325bcb64a6ddc840d7]"}, "request_id" => "202610071148325bcb
FAIL R60/2000/r060-2000-jp1-2010-16-rev2: API error for R60/2000/r060-2000-jp1-2010-16-rev2: {"type" => "error", "error" => {"type" => "rate_limit_error", "code" => "1302", "message" => "[1302][Rate limit reached for requests][20261007114832fb486f61583f41dc]"}, "request_id" => "2026100711483
FAIL R60/2000/r060-2000-jp1-2010-16: API error for R60/2000/r060-2000-jp1-2010-16: {"type" => "error", "error" => {"type" => "rate_limit_error", "code" => "1302", "message" => "[1302][Rate limit reached for requests][2026100711483351eb9666a19b4b45]"}, "request_id" => "2026100711483351eb
FAIL R60/2000/r060-2000-jp1-2010-17: API error for R60/2000/r060-2000-jp1-2010-17: {"type" => "error", "error" => {"type" => "rate_limit_error", "code" => "1302", "message" => "[1302][Rate limit reached for requests][20261007114833159028d4306b4409]"}, "request_id" => "202610071148331590
FAIL R60/2000/r060-2000-jp1-2010-18: API error for R60/2000/r060-2000-jp1-2010-18: {"type" => "error", "error" => {"type" => "rate_limit_error", "code" => "1302", "message" => "[1302][Rate limit reached for requests][20261007114833a9d3763677c84ef6]"}, "request_id" => "20261007114833a9d3
FAIL R60/2000/r060-2000-jp1-2010-19-rev1: API error for R60/2000/r060-2000-jp1-2010-19-rev1: {"type" => "error", "error" => {"type" => "rate_limit_error", "code" => "1302", "message" => "[1302][Rate limit reached for requests][202610071148333c4861464e004ed6]"}, "request_id" => "2026100711483
FAIL R60/2000/r060-2000-jp1-2010-19: API error for R60/2000/r060-2000-jp1-2010-19: {"type" => "error", "error" => {"type" => "rate_limit_error", "code" => "1302", "message" => "[1302][Rate limit reached for requests][20261007114833df86bf9de263447f]"}, "request_id" => "20261007114833df86
FAIL R60/2000/r060-2000-jp1-2010-20: API error for R60/2000/r060-2000-jp1-2010-20: {"type" => "error", "error" => {"type" => "rate_limit_error", "code" => "1302", "message" => "[1302][Rate limit reached for requests][202610071148336f2725fb497c474d]"}, "request_id" => "202610071148336f27
FAIL R60/2000/r060-2000-jp1-2010-20-rev1: API error for R60/2000/r060-2000-jp1-2010-20-rev1: {"type" => "error", "error" => {"type" => "rate_limit_error", "code" => "1302", "message" => "[1302][Rate limit reached for requests][202610071148334150b296cb6a4dc4]"}, "request_id" => "2026100711483
FAIL R60/2000/r060-2000-jp1-2011-01-rev2: API error for R60/2000/r060-2000-jp1-2011-01-rev2: {"type" => "error", "error" => {"type" => "rate_limit_error", "code" => "1302", "message" => "[1302][Rate limit reached for requests][202610071148337ced56c2f16f4a30]"}, "request_id" => "2026100711483
FAIL R60/2000/r060-2000-jp1-2011-01-rev1: API error for R60/2000/r060-2000-jp1-2011-01-rev1: {"type" => "error", "error" => {"type" => "rate_limit_error", "code" => "1302", "message" => "[1302][Rate limit reached for requests][20261007114833d359a4cb4c6445dd]"}, "request_id" => "2026100711483
FAIL R60/2000/r060-2000-jp1-2011-01: API error for R60/2000/r060-2000-jp1-2011-01: {"type" => "error", "error" => {"type" => "rate_limit_error", "code" => "1302", "message" => "[1302][Rate limit reached for requests][202610071148330f4adf67191646c9]"}, "request_id" => "202610071148330f4a
FAIL R60/2000/r060-2000-jp1-2011-02: API error for R60/2000/r060-2000-jp1-2011-02: {"type" => "error", "error" => {"type" => "rate_limit_error", "code" => "1302", "message" => "[1302][Rate limit reached for requests][2026100711483364aa3a800a3b476d]"}, "request_id" => "2026100711483364aa
FAIL R60/2000/r060-2000-jp1-2011-03-rev1: API error for R60/2000/r060-2000-jp1-2011-03-rev1: {"type" => "error", "error" => {"type" => "rate_limit_error", "code" => "1302", "message" => "[1302][Rate limit reached for requests][20261007114833ee497b2eeabc4f2e]"}, "request_id" => "2026100711483
FAIL R60/2000/r060-2000-jp1-2011-03-rev2: API error for R60/2000/r060-2000-jp1-2011-03-rev2: {"type" => "error", "error" => {"type" => "rate_limit_error", "code" => "1302", "message" => "[1302][Rate limit reached for requests][2026100711483339a6f2af411f4ab8]"}, "request_id" => "2026100711483
FAIL R60/2000/r060-2000-jp1-2011-03: API error for R60/2000/r060-2000-jp1-2011-03: {"type" => "error", "error" => {"type" => "rate_limit_error", "code" => "1302", "message" => "[1302][Rate limit reached for requests][202610071148333f48e92fcc8a4c80]"}, "request_id" => "202610071148333f48
FAIL R60/2000/r060-2000-jp1-2011-04: API error for R60/2000/r060-2000-jp1-2011-04: {"type" => "error", "error" => {"type" => "rate_limit_error", "code" => "1302", "message" => "[1302][Rate limit reached for requests][20261007114833b047402616a644e1]"}, "request_id" => "20261007114833b047
FAIL R60/2000/r060-2000-jp1-2011-05-rev1: API error for R60/2000/r060-2000-jp1-2011-05-rev1: {"type" => "error", "error" => {"type" => "rate_limit_error", "code" => "1302", "message" => "[1302][Rate limit reached for requests][202610071148339ac4b5767b754daa]"}, "request_id" => "2026100711483
FAIL R60/2000/r060-2000-jp1-2011-06: API error for R60/2000/r060-2000-jp1-2011-06: {"type" => "error", "error" => {"type" => "rate_limit_error", "code" => "1302", "message" => "[1302][Rate limit reached for requests][20261007114834e944297ed7134f73]"}, "request_id" => "20261007114834e944
FAIL R60/2000/r060-2000-jp1-2011-05: API error for R60/2000/r060-2000-jp1-2011-05: {"type" => "error", "error" => {"type" => "rate_limit_error", "code" => "1302", "message" => "[1302][Rate limit reached for requests][20261007114834e913ad724c6946b5]"}, "request_id" => "20261007114834e913
FAIL R60/2000/r060-2000-jp1-2011-07: API error for R60/2000/r060-2000-jp1-2011-07: {"type" => "error", "error" => {"type" => "rate_limit_error", "code" => "1302", "message" => "[1302][Rate limit reached for requests][20261007114834c0ce14d342f04643]"}, "request_id" => "20261007114834c0ce
FAIL R60/2000/r060-2000-jp1-2011-08-rev1: API error for R60/2000/r060-2000-jp1-2011-08-rev1: {"type" => "error", "error" => {"type" => "rate_limit_error", "code" => "1302", "message" => "[1302][Rate limit reached for requests][202610071148346183bf3723604d04]"}, "request_id" => "2026100711483
FAIL R60/2000/r060-2000-jp1-2011-08: API error for R60/2000/r060-2000-jp1-2011-08: {"type" => "error", "error" => {"type" => "rate_limit_error", "code" => "1302", "message" => "[1302][Rate limit reached for requests][2026100711483476ed3ad5ca054b0d]"}, "request_id" => "2026100711483476ed
FAIL R60/2000/r060-2000-jp1-2011-09-rev1: API error for R60/2000/r060-2000-jp1-2011-09-rev1: {"type" => "error", "error" => {"type" => "rate_limit_error", "code" => "1302", "message" => "[1302][Rate limit reached for requests][20261007114834d10a2b01af134146]"}, "request_id" => "2026100711483
FAIL R60/2000/r060-2000-jp1-2011-09: API error for R60/2000/r060-2000-jp1-2011-09: {"type" => "error", "error" => {"type" => "rate_limit_error", "code" => "1302", "message" => "[1302][Rate limit reached for requests][2026100711483468aa319cc1bc4263]"}, "request_id" => "2026100711483468aa
FAIL R60/2000/r060-2000-jp1-2011-10-rev1: API error for R60/2000/r060-2000-jp1-2011-10-rev1: {"type" => "error", "error" => {"type" => "rate_limit_error", "code" => "1302", "message" => "[1302][Rate limit reached for requests][202610071148349e1cbdd89f9c41ed]"}, "request_id" => "2026100711483
FAIL R60/2000/r060-2000-jp1-2011-10-rev2: API error for R60/2000/r060-2000-jp1-2011-10-rev2: {"type" => "error", "error" => {"type" => "rate_limit_error", "code" => "1302", "message" => "[1302][Rate limit reached for requests][202610071148349fe831c25d5c478f]"}, "request_id" => "2026100711483
FAIL R60/2000/r060-2000-jp1-2011-10: API error for R60/2000/r060-2000-jp1-2011-10: {"type" => "error", "error" => {"type" => "rate_limit_error", "code" => "1302", "message" => "[1302][Rate limit reached for requests][20261007114834d1ac8260457d4cbd]"}, "request_id" => "20261007114834d1ac
FAIL R60/2000/r060-2000-jp1-2012-01: API error for R60/2000/r060-2000-jp1-2012-01: {"type" => "error", "error" => {"type" => "rate_limit_error", "code" => "1302", "message" => "[1302][Rate limit reached for requests][20261007114834bb08bc968aef43d5]"}, "request_id" => "20261007114834bb08
FAIL R60/2000/r060-2000-jp1-2012-02: API error for R60/2000/r060-2000-jp1-2012-02: {"type" => "error", "error" => {"type" => "rate_limit_error", "code" => "1302", "message" => "[1302][Rate limit reached for requests][202610071148344760a1eb65b349ac]"}, "request_id" => "202610071148344760
FAIL R60/2000/r060-2000-jp1-2012-03: API error for R60/2000/r060-2000-jp1-2012-03: {"type" => "error", "error" => {"type" => "rate_limit_error", "code" => "1302", "message" => "[1302][Rate limit reached for requests][20261007114834e2a86941ffda48a7]"}, "request_id" => "20261007114834e2a8
FAIL R60/2000/r060-2000-jp1-2012-04-rev1: API error for R60/2000/r060-2000-jp1-2012-04-rev1: {"type" => "error", "error" => {"type" => "rate_limit_error", "code" => "1302", "message" => "[1302][Rate limit reached for requests][20261007114834aad4cb79bb0149b3]"}, "request_id" => "2026100711483
FAIL R60/2000/r060-2000-jp1-2012-04-rev2: API error for R60/2000/r060-2000-jp1-2012-04-rev2: {"type" => "error", "error" => {"type" => "rate_limit_error", "code" => "1302", "message" => "[1302][Rate limit reached for requests][20261007114834811b642a4a7b4527]"}, "request_id" => "2026100711483
FAIL R60/2000/r060-2000-jp1-2012-04: API error for R60/2000/r060-2000-jp1-2012-04: {"type" => "error", "error" => {"type" => "rate_limit_error", "code" => "1302", "message" => "[1302][Rate limit reached for requests][202610071148340ccb2e9b78124d2a]"}, "request_id" => "202610071148340ccb
FAIL R60/2000/r060-2000-jp1-2012-05-rev1: API error for R60/2000/r060-2000-jp1-2012-05-rev1: {"type" => "error", "error" => {"type" => "rate_limit_error", "code" => "1302", "message" => "[1302][Rate limit reached for requests][202610071148354c07b708e29b4bd2]"}, "request_id" => "2026100711483
FAIL R60/2000/r060-2000-jp1-2012-05: API error for R60/2000/r060-2000-jp1-2012-05: {"type" => "error", "error" => {"type" => "rate_limit_error", "code" => "1302", "message" => "[1302][Rate limit reached for requests][202610071148350ccfd7ff6e484b9c]"}, "request_id" => "202610071148350ccf
FAIL R60/2000/r060-2000-jp1-2012-12-rev2: API error for R60/2000/r060-2000-jp1-2012-12-rev2: {"type" => "error", "error" => {"type" => "rate_limit_error", "code" => "1302", "message" => "[1302][Rate limit reached for requests][202610071148356c34fae690d847ad]"}, "request_id" => "2026100711483
FAIL R60/2000/r060-2000-jp1-2013-01-rev1: API error for R60/2000/r060-2000-jp1-2013-01-rev1: {"type" => "error", "error" => {"type" => "rate_limit_error", "code" => "1302", "message" => "[1302][Rate limit reached for requests][202610071148352de0b804a1dd4906]"}, "request_id" => "2026100711483
FAIL R60/2000/r060-2000-jp1-2017-02: API error for R60/2000/r060-2000-jp1-2017-02: {"type" => "error", "error" => {"type" => "rate_limit_error", "code" => "1302", "message" => "[1302][Rate limit reached for requests][202610071148356ccc12c29315491e]"}, "request_id" => "202610071148356ccc
FAIL R60/2000/r060-2000-jp1-2013-01: API error for R60/2000/r060-2000-jp1-2013-01: {"type" => "error", "error" => {"type" => "rate_limit_error", "code" => "1302", "message" => "[1302][Rate limit reached for requests][202610071148356697b1cdecc14e04]"}, "request_id" => "202610071148356697
FAIL R60/2000/r060-2000-jp1-2022-02: API error for R60/2000/r060-2000-jp1-2022-02: {"type" => "error", "error" => {"type" => "rate_limit_error", "code" => "1302", "message" => "[1302][Rate limit reached for requests][20261007114835f1aa971105e246ac]"}, "request_id" => "20261007114835f1aa
FAIL R60/2000/r060-2000-jp1-2022-01: API error for R60/2000/r060-2000-jp1-2022-01: {"type" => "error", "error" => {"type" => "rate_limit_error", "code" => "1302", "message" => "[1302][Rate limit reached for requests][20261007114835e4656c2c31c5488c]"}, "request_id" => "20261007114835e465
FAIL R60/2000/r060-2000-nl1-2001-20-rev01: API error for R60/2000/r060-2000-nl1-2001-20-rev01: {"type" => "error", "error" => {"type" => "rate_limit_error", "code" => "1302", "message" => "[1302][Rate limit reached for requests][20261007114836fe3293b20bce49de]"}, "request_id" => "202610071148
FAIL R60/2000/r060-2000-nl1-2003-09-rev1: API error for R60/2000/r060-2000-nl1-2003-09-rev1: {"type" => "error", "error" => {"type" => "rate_limit_error", "code" => "1302", "message" => "[1302][Rate limit reached for requests][20261007114836aa95427680924b5c]"}, "request_id" => "2026100711483
FAIL R60/2000/r060-2000-nl1-2004-16-rev1: API error for R60/2000/r060-2000-nl1-2004-16-rev1: {"type" => "error", "error" => {"type" => "rate_limit_error", "code" => "1302", "message" => "[1302][Rate limit reached for requests][20261007114836a1d2774b24574e0e]"}, "request_id" => "2026100711483
FAIL R60/2000/r060-2000-nl1-2004-16-rev2: API error for R60/2000/r060-2000-nl1-2004-16-rev2: {"type" => "error", "error" => {"type" => "rate_limit_error", "code" => "1302", "message" => "[1302][Rate limit reached for requests][20261007114836bea0110bf550411b]"}, "request_id" => "2026100711483
FAIL R60/2000/r060-2000-nl1-2005-01: API error for R60/2000/r060-2000-nl1-2005-01: {"type" => "error", "error" => {"type" => "rate_limit_error", "code" => "1302", "message" => "[1302][Rate limit reached for requests][202610071148367fa57ff8391a4ed6]"}, "request_id" => "202610071148367fa5
FAIL R60/2000/r060-2000-nl1-2005-02: API error for R60/2000/r060-2000-nl1-2005-02: {"type" => "error", "error" => {"type" => "rate_limit_error", "code" => "1302", "message" => "[1302][Rate limit reached for requests][2026100711483673bd633220af4fd3]"}, "request_id" => "2026100711483673bd
FAIL R60/2000/r060-2000-nl1-2005-04: API error for R60/2000/r060-2000-nl1-2005-04: {"type" => "error", "error" => {"type" => "rate_limit_error", "code" => "1302", "message" => "[1302][Rate limit reached for requests][2026100711483603e21f50d241435a]"}, "request_id" => "2026100711483603e2
FAIL R60/2000/r060-2000-nl1-2005-03: API error for R60/2000/r060-2000-nl1-2005-03: {"type" => "error", "error" => {"type" => "rate_limit_error", "code" => "1302", "message" => "[1302][Rate limit reached for requests][202610071148367905033eadc24fbf]"}, "request_id" => "202610071148367905
FAIL R60/2000/r060-2000-nl1-2005-05: API error for R60/2000/r060-2000-nl1-2005-05: {"type" => "error", "error" => {"type" => "rate_limit_error", "code" => "1302", "message" => "[1302][Rate limit reached for requests][202610071148372dfff84aa8e8458f]"}, "request_id" => "202610071148372dff
FAIL R60/2000/r060-2000-nl1-2005-06-rev1: API error for R60/2000/r060-2000-nl1-2005-06-rev1: {"type" => "error", "error" => {"type" => "rate_limit_error", "code" => "1302", "message" => "[1302][Rate limit reached for requests][20261007114837e20e4e10acee4811]"}, "request_id" => "2026100711483
FAIL R60/2000/r060-2000-nl1-2005-06: API error for R60/2000/r060-2000-nl1-2005-06: {"type" => "error", "error" => {"type" => "rate_limit_error", "code" => "1302", "message" => "[1302][Rate limit reached for requests][20261007114837b8e775f4a6bc4a84]"}, "request_id" => "20261007114837b8e7
FAIL R60/2000/r060-2000-nl1-2005-07: API error for R60/2000/r060-2000-nl1-2005-07: {"type" => "error", "error" => {"type" => "rate_limit_error", "code" => "1302", "message" => "[1302][Rate limit reached for requests][20261007114837474fcfddd8684d4c]"}, "request_id" => "20261007114837474f
FAIL R60/2000/r060-2000-nl1-2005-08: API error for R60/2000/r060-2000-nl1-2005-08: {"type" => "error", "error" => {"type" => "rate_limit_error", "code" => "1302", "message" => "[1302][Rate limit reached for requests][20261007114837573fc8bdc42744e6]"}, "request_id" => "20261007114837573f
FAIL R60/2000/r060-2000-nl1-2005-09: API error for R60/2000/r060-2000-nl1-2005-09: {"type" => "error", "error" => {"type" => "rate_limit_error", "code" => "1302", "message" => "[1302][Rate limit reached for requests][202610071148375890c32e493541c4]"}, "request_id" => "202610071148375890
FAIL R60/2000/r060-2000-nl1-2005-10: API error for R60/2000/r060-2000-nl1-2005-10: {"type" => "error", "error" => {"type" => "rate_limit_error", "code" => "1302", "message" => "[1302][Rate limit reached for requests][2026100711483780e6c2f9c3934435]"}, "request_id" => "2026100711483780e6
FAIL R60/2000/r060-2000-nl1-2005-11: API error for R60/2000/r060-2000-nl1-2005-11: {"type" => "error", "error" => {"type" => "rate_limit_error", "code" => "1302", "message" => "[1302][Rate limit reached for requests][2026100711483707935f7f4eb146cb]"}, "request_id" => "202610071148370793
FAIL R60/2000/r060-2000-nl1-2005-12: API error for R60/2000/r060-2000-nl1-2005-12: {"type" => "error", "error" => {"type" => "rate_limit_error", "code" => "1302", "message" => "[1302][Rate limit reached for requests][20261007114838504df2a5f14a49d4]"}, "request_id" => "20261007114838504d
FAIL R60/2000/r060-2000-nl1-2005-13: API error for R60/2000/r060-2000-nl1-2005-13: {"type" => "error", "error" => {"type" => "rate_limit_error", "code" => "1302", "message" => "[1302][Rate limit reached for requests][20261007114838fbd250949b894ef5]"}, "request_id" => "20261007114838fbd2
FAIL R60/2000/r060-2000-nl1-2005-14: API error for R60/2000/r060-2000-nl1-2005-14: {"type" => "error", "error" => {"type" => "rate_limit_error", "code" => "1302", "message" => "[1302][Rate limit reached for requests][2026100711483826e2ae83f737403b]"}, "request_id" => "2026100711483826e2
FAIL R60/2000/r060-2000-nl1-2005-15: API error for R60/2000/r060-2000-nl1-2005-15: {"type" => "error", "error" => {"type" => "rate_limit_error", "code" => "1302", "message" => "[1302][Rate limit reached for requests][20261007114838fa5f8d4f8960471d]"}, "request_id" => "20261007114838fa5f
FAIL R60/2000/r060-2000-nl1-2005-16-rev1: API error for R60/2000/r060-2000-nl1-2005-16-rev1: {"type" => "error", "error" => {"type" => "rate_limit_error", "code" => "1302", "message" => "[1302][Rate limit reached for requests][20261007114838af6457ff8176444a]"}, "request_id" => "2026100711483
FAIL R60/2000/r060-2000-nl1-2005-16: API error for R60/2000/r060-2000-nl1-2005-16: {"type" => "error", "error" => {"type" => "rate_limit_error", "code" => "1302", "message" => "[1302][Rate limit reached for requests][202610071148381810aec0b0744ce9]"}, "request_id" => "202610071148381810
FAIL R60/2000/r060-2000-nl1-2005-17-rev1: API error for R60/2000/r060-2000-nl1-2005-17-rev1: {"type" => "error", "error" => {"type" => "rate_limit_error", "code" => "1302", "message" => "[1302][Rate limit reached for requests][202610071148384aaef560c58d4ed4]"}, "request_id" => "2026100711483
FAIL R60/2000/r060-2000-nl1-2005-18: API error for R60/2000/r060-2000-nl1-2005-18: {"type" => "error", "error" => {"type" => "rate_limit_error", "code" => "1302", "message" => "[1302][Rate limit reached for requests][2026100711483865df805c3c6745d7]"}, "request_id" => "2026100711483865df
FAIL R60/2000/r060-2000-nl1-2005-19: API error for R60/2000/r060-2000-nl1-2005-19: {"type" => "error", "error" => {"type" => "rate_limit_error", "code" => "1302", "message" => "[1302][Rate limit reached for requests][202610071148392e1479e57e78479a]"}, "request_id" => "202610071148392e14
FAIL R60/2000/r060-2000-nl1-2005-20-rev1: API error for R60/2000/r060-2000-nl1-2005-20-rev1: {"type" => "error", "error" => {"type" => "rate_limit_error", "code" => "1302", "message" => "[1302][Rate limit reached for requests][2026100711483949d2688ed9424dd6]"}, "request_id" => "2026100711483
FAIL R60/2000/r060-2000-nl1-2005-20: API error for R60/2000/r060-2000-nl1-2005-20: {"type" => "error", "error" => {"type" => "rate_limit_error", "code" => "1302", "message" => "[1302][Rate limit reached for requests][2026100711483953caec4764904b31]"}, "request_id" => "2026100711483953ca
FAIL R60/2000/r060-2000-nl1-2005-21: API error for R60/2000/r060-2000-nl1-2005-21: {"type" => "error", "error" => {"type" => "rate_limit_error", "code" => "1302", "message" => "[1302][Rate limit reached for requests][202610071148398a604d521573479d]"}, "request_id" => "202610071148398a60
FAIL R60/2000/r060-2000-nl1-2005-22-rev1: API error for R60/2000/r060-2000-nl1-2005-22-rev1: {"type" => "error", "error" => {"type" => "rate_limit_error", "code" => "1302", "message" => "[1302][Rate limit reached for requests][2026100711483976efcee818aa4f91]"}, "request_id" => "2026100711483
FAIL R60/2000/r060-2000-nl1-2005-23: API error for R60/2000/r060-2000-nl1-2005-23: {"type" => "error", "error" => {"type" => "rate_limit_error", "code" => "1302", "message" => "[1302][Rate limit reached for requests][20261007114839d8e9bdcfd4b7470a]"}, "request_id" => "20261007114839d8e9
FAIL R60/2000/r060-2000-nl1-2006-01: API error for R60/2000/r060-2000-nl1-2006-01: {"type" => "error", "error" => {"type" => "rate_limit_error", "code" => "1302", "message" => "[1302][Rate limit reached for requests][2026100711483958619963850748b4]"}, "request_id" => "202610071148395861
FAIL R60/2000/r060-2000-nl1-2006-02-rev1: API error for R60/2000/r060-2000-nl1-2006-02-rev1: {"type" => "error", "error" => {"type" => "rate_limit_error", "code" => "1302", "message" => "[1302][Rate limit reached for requests][20261007114839c25e9ae0591b4256]"}, "request_id" => "2026100711483
FAIL R60/2000/r060-2000-nl1-2006-02: API error for R60/2000/r060-2000-nl1-2006-02: {"type" => "error", "error" => {"type" => "rate_limit_error", "code" => "1302", "message" => "[1302][Rate limit reached for requests][20261007114840f808f52af16a460c]"}, "request_id" => "20261007114840f808
FAIL R60/2000/r060-2000-nl1-2006-03: API error for R60/2000/r060-2000-nl1-2006-03: {"type" => "error", "error" => {"type" => "rate_limit_error", "code" => "1302", "message" => "[1302][Rate limit reached for requests][202610071148403dfd437e8c694daa]"}, "request_id" => "202610071148403dfd
FAIL R60/2000/r060-2000-nl1-2006-04: API error for R60/2000/r060-2000-nl1-2006-04: {"type" => "error", "error" => {"type" => "rate_limit_error", "code" => "1302", "message" => "[1302][Rate limit reached for requests][202610071148404e753734c24b4c99]"}, "request_id" => "202610071148404e75
FAIL R60/2000/r060-2000-nl1-2006-05: API error for R60/2000/r060-2000-nl1-2006-05: {"type" => "error", "error" => {"type" => "rate_limit_error", "code" => "1302", "message" => "[1302][Rate limit reached for requests][20261007114840629c5d7e0468452c]"}, "request_id" => "20261007114840629c
FAIL R60/2000/r060-2000-nl1-2006-06: API error for R60/2000/r060-2000-nl1-2006-06: {"type" => "error", "error" => {"type" => "rate_limit_error", "code" => "1302", "message" => "[1302][Rate limit reached for requests][202610071148405b0c9977493b4627]"}, "request_id" => "202610071148405b0c
FAIL R60/2000/r060-2000-nl1-2006-07: API error for R60/2000/r060-2000-nl1-2006-07: {"type" => "error", "error" => {"type" => "rate_limit_error", "code" => "1302", "message" => "[1302][Rate limit reached for requests][202610071148408e81df7e07d94f2f]"}, "request_id" => "202610071148408e81
FAIL R60/2000/r060-2000-nl1-2006-08: API error for R60/2000/r060-2000-nl1-2006-08: {"type" => "error", "error" => {"type" => "rate_limit_error", "code" => "1302", "message" => "[1302][Rate limit reached for requests][20261007114840ffc2d6f89ab448a3]"}, "request_id" => "20261007114840ffc2
FAIL R60/2000/r060-2000-nl1-2006-09-rev1: API error for R60/2000/r060-2000-nl1-2006-09-rev1: {"type" => "error", "error" => {"type" => "rate_limit_error", "code" => "1302", "message" => "[1302][Rate limit reached for requests][20261007114840dcdef53566a74ce0]"}, "request_id" => "2026100711484
FAIL R60/2000/r060-2000-nl1-2006-09: API error for R60/2000/r060-2000-nl1-2006-09: {"type" => "error", "error" => {"type" => "rate_limit_error", "code" => "1302", "message" => "[1302][Rate limit reached for requests][202610071148413135b0c010434fa5]"}, "request_id" => "202610071148413135
FAIL R60/2000/r060-2000-nl1-2006-10: API error for R60/2000/r060-2000-nl1-2006-10: {"type" => "error", "error" => {"type" => "rate_limit_error", "code" => "1302", "message" => "[1302][Rate limit reached for requests][202610071148413cf9a0b6d4b24f2c]"}, "request_id" => "202610071148413cf9
FAIL R60/2000/r060-2000-nl1-2006-11: API error for R60/2000/r060-2000-nl1-2006-11: {"type" => "error", "error" => {"type" => "rate_limit_error", "code" => "1302", "message" => "[1302][Rate limit reached for requests][20261007114841978235cd6cc14d8f]"}, "request_id" => "202610071148419782
FAIL R60/2000/r060-2000-nl1-2006-12-rev1: API error for R60/2000/r060-2000-nl1-2006-12-rev1: {"type" => "error", "error" => {"type" => "rate_limit_error", "code" => "1302", "message" => "[1302][Rate limit reached for requests][20261007114841a1b102a922af45d0]"}, "request_id" => "2026100711484
FAIL R60/2000/r060-2000-nl1-2006-12: API error for R60/2000/r060-2000-nl1-2006-12: {"type" => "error", "error" => {"type" => "rate_limit_error", "code" => "1302", "message" => "[1302][Rate limit reached for requests][2026100711484198869210339d4c7d]"}, "request_id" => "202610071148419886
FAIL R60/2000/r060-2000-nl1-2006-13: API error for R60/2000/r060-2000-nl1-2006-13: {"type" => "error", "error" => {"type" => "rate_limit_error", "code" => "1302", "message" => "[1302][Rate limit reached for requests][202610071148413111bbf8c2754e34]"}, "request_id" => "202610071148413111
FAIL R60/2000/r060-2000-nl1-2006-14: API error for R60/2000/r060-2000-nl1-2006-14: {"type" => "error", "error" => {"type" => "rate_limit_error", "code" => "1302", "message" => "[1302][Rate limit reached for requests][20261007114841c312c485654249b0]"}, "request_id" => "20261007114841c312
FAIL R60/2000/r060-2000-nl1-2006-15: API error for R60/2000/r060-2000-nl1-2006-15: {"type" => "error", "error" => {"type" => "rate_limit_error", "code" => "1302", "message" => "[1302][Rate limit reached for requests][20261007114841aa27730f5cd44b46]"}, "request_id" => "20261007114841aa27
FAIL R60/2000/r060-2000-nl1-2006-16: API error for R60/2000/r060-2000-nl1-2006-16: {"type" => "error", "error" => {"type" => "rate_limit_error", "code" => "1302", "message" => "[1302][Rate limit reached for requests][202610071148424e8e5683dcaf4835]"}, "request_id" => "202610071148424e8e
FAIL R60/2000/r060-2000-nl1-2006-17: API error for R60/2000/r060-2000-nl1-2006-17: {"type" => "error", "error" => {"type" => "rate_limit_error", "code" => "1302", "message" => "[1302][Rate limit reached for requests][20261007114842f0410cefef5d4d18]"}, "request_id" => "20261007114842f041
FAIL R60/2000/r060-2000-nl1-2006-18-rev1: API error for R60/2000/r060-2000-nl1-2006-18-rev1: {"type" => "error", "error" => {"type" => "rate_limit_error", "code" => "1302", "message" => "[1302][Rate limit reached for requests][2026100711484209d43728a1924ce9]"}, "request_id" => "2026100711484
FAIL R60/2000/r060-2000-nl1-2006-19: API error for R60/2000/r060-2000-nl1-2006-19: {"type" => "error", "error" => {"type" => "rate_limit_error", "code" => "1302", "message" => "[1302][Rate limit reached for requests][202610071148424d76096fb3104985]"}, "request_id" => "202610071148424d76
FAIL R60/2000/r060-2000-nl1-2006-20: API error for R60/2000/r060-2000-nl1-2006-20: {"type" => "error", "error" => {"type" => "rate_limit_error", "code" => "1302", "message" => "[1302][Rate limit reached for requests][20261007114842647bc15b69ee4fe2]"}, "request_id" => "20261007114842647b
FAIL R60/2000/r060-2000-nl1-2006-21-rev1: API error for R60/2000/r060-2000-nl1-2006-21-rev1: {"type" => "error", "error" => {"type" => "rate_limit_error", "code" => "1302", "message" => "[1302][Rate limit reached for requests][20261007114842e41ebaffec1c4c06]"}, "request_id" => "2026100711484
FAIL R60/2000/r060-2000-nl1-2006-21: API error for R60/2000/r060-2000-nl1-2006-21: {"type" => "error", "error" => {"type" => "rate_limit_error", "code" => "1302", "message" => "[1302][Rate limit reached for requests][202610071148421418710ae61e424d]"}, "request_id" => "202610071148421418
FAIL R60/2000/r060-2000-nl1-2006-22: API error for R60/2000/r060-2000-nl1-2006-22: {"type" => "error", "error" => {"type" => "rate_limit_error", "code" => "1302", "message" => "[1302][Rate limit reached for requests][20261007114842060feb20251f48ed]"}, "request_id" => "20261007114842060f
FAIL R60/2000/r060-2000-nl1-2007-01: API error for R60/2000/r060-2000-nl1-2007-01: {"type" => "error", "error" => {"type" => "rate_limit_error", "code" => "1302", "message" => "[1302][Rate limit reached for requests][20261007114842c0a8fdb636414a9a]"}, "request_id" => "20261007114842c0a8
FAIL R60/2000/r060-2000-nl1-2007-02: API error for R60/2000/r060-2000-nl1-2007-02: {"type" => "error", "error" => {"type" => "rate_limit_error", "code" => "1302", "message" => "[1302][Rate limit reached for requests][2026100711484376a00550bdab41b5]"}, "request_id" => "2026100711484376a0
FAIL R60/2000/r060-2000-nl1-2007-03: API error for R60/2000/r060-2000-nl1-2007-03: {"type" => "error", "error" => {"type" => "rate_limit_error", "code" => "1302", "message" => "[1302][Rate limit reached for requests][20261007114843ecfd1f8896ad458b]"}, "request_id" => "20261007114843ecfd
FAIL R60/2000/r060-2000-nl1-2007-04: API error for R60/2000/r060-2000-nl1-2007-04: {"type" => "error", "error" => {"type" => "rate_limit_error", "code" => "1302", "message" => "[1302][Rate limit reached for requests][20261007114843ad745e6f50524500]"}, "request_id" => "20261007114843ad74
FAIL R60/2000/r060-2000-nl1-2007-05: API error for R60/2000/r060-2000-nl1-2007-05: {"type" => "error", "error" => {"type" => "rate_limit_error", "code" => "1302", "message" => "[1302][Rate limit reached for requests][20261007114843dab7dcd5280d47a3]"}, "request_id" => "20261007114843dab7
FAIL R60/2000/r060-2000-nl1-2007-06: API error for R60/2000/r060-2000-nl1-2007-06: {"type" => "error", "error" => {"type" => "rate_limit_error", "code" => "1302", "message" => "[1302][Rate limit reached for requests][20261007114843b9179d1fed6d4981]"}, "request_id" => "20261007114843b917
FAIL R60/2000/r060-2000-nl1-2007-08: API error for R60/2000/r060-2000-nl1-2007-08: {"type" => "error", "error" => {"type" => "rate_limit_error", "code" => "1302", "message" => "[1302][Rate limit reached for requests][202610071148430180b17700ff45b0]"}, "request_id" => "202610071148430180
FAIL R60/2000/r060-2000-nl1-2007-07: API error for R60/2000/r060-2000-nl1-2007-07: {"type" => "error", "error" => {"type" => "rate_limit_error", "code" => "1302", "message" => "[1302][Rate limit reached for requests][20261007114843d4a2e9387ad74162]"}, "request_id" => "20261007114843d4a2
FAIL R60/2000/r060-2000-nl1-2007-09: API error for R60/2000/r060-2000-nl1-2007-09: {"type" => "error", "error" => {"type" => "rate_limit_error", "code" => "1302", "message" => "[1302][Rate limit reached for requests][2026100711484396c0d6f3f3584eab]"}, "request_id" => "2026100711484396c0
FAIL R60/2000/r060-2000-nl1-2007-10: API error for R60/2000/r060-2000-nl1-2007-10: {"type" => "error", "error" => {"type" => "rate_limit_error", "code" => "1302", "message" => "[1302][Rate limit reached for requests][20261007114843fcfda6f6207b4802]"}, "request_id" => "20261007114843fcfd
FAIL R60/2000/r060-2000-nl1-2007-12: API error for R60/2000/r060-2000-nl1-2007-12: {"type" => "error", "error" => {"type" => "rate_limit_error", "code" => "1302", "message" => "[1302][Rate limit reached for requests][20261007114844e3cf2a4b14cf44b1]"}, "request_id" => "20261007114844e3cf
FAIL R60/2000/r060-2000-nl1-2007-14: API error for R60/2000/r060-2000-nl1-2007-14: {"type" => "error", "error" => {"type" => "rate_limit_error", "code" => "1302", "message" => "[1302][Rate limit reached for requests][20261007114844fdc1c652809e4a65]"}, "request_id" => "20261007114844fdc1
FAIL R60/2000/r060-2000-nl1-2007-16: API error for R60/2000/r060-2000-nl1-2007-16: {"type" => "error", "error" => {"type" => "rate_limit_error", "code" => "1302", "message" => "[1302][Rate limit reached for requests][202610071148446d2be0084c954ec0]"}, "request_id" => "202610071148446d2b
FAIL R60/2000/r060-2000-nl1-2007-15: API error for R60/2000/r060-2000-nl1-2007-15: {"type" => "error", "error" => {"type" => "rate_limit_error", "code" => "1302", "message" => "[1302][Rate limit reached for requests][2026100711484406a796955ebb4942]"}, "request_id" => "2026100711484406a7
FAIL R60/2000/r060-2000-nl1-2007-17: API error for R60/2000/r060-2000-nl1-2007-17: {"type" => "error", "error" => {"type" => "rate_limit_error", "code" => "1302", "message" => "[1302][Rate limit reached for requests][202610071148445c42945cbbfd4d6c]"}, "request_id" => "202610071148445c42
FAIL R60/2000/r060-2000-nl1-2007-18-rev1: API error for R60/2000/r060-2000-nl1-2007-18-rev1: {"type" => "error", "error" => {"type" => "rate_limit_error", "code" => "1302", "message" => "[1302][Rate limit reached for requests][20261007114844c17468553c96489f]"}, "request_id" => "2026100711484
FAIL R60/2000/r060-2000-nl1-2008-01: API error for R60/2000/r060-2000-nl1-2008-01: {"type" => "error", "error" => {"type" => "rate_limit_error", "code" => "1302", "message" => "[1302][Rate limit reached for requests][20261007114844d5e4c70f0fb44861]"}, "request_id" => "20261007114844d5e4
FAIL R60/2000/r060-2000-nl1-2007-18: API error for R60/2000/r060-2000-nl1-2007-18: {"type" => "error", "error" => {"type" => "rate_limit_error", "code" => "1302", "message" => "[1302][Rate limit reached for requests][202610071148443b7f2316e1834230]"}, "request_id" => "202610071148443b7f
FAIL R60/2000/r060-2000-nl1-2008-02: API error for R60/2000/r060-2000-nl1-2008-02: {"type" => "error", "error" => {"type" => "rate_limit_error", "code" => "1302", "message" => "[1302][Rate limit reached for requests][20261007114845ca18a107087349ba]"}, "request_id" => "20261007114845ca18
FAIL R60/2000/r060-2000-nl1-2008-03-rev1: API error for R60/2000/r060-2000-nl1-2008-03-rev1: {"type" => "error", "error" => {"type" => "rate_limit_error", "code" => "1302", "message" => "[1302][Rate limit reached for requests][20261007114845a8d19370053340ed]"}, "request_id" => "2026100711484
FAIL R60/2000/r060-2000-nl1-2008-04: API error for R60/2000/r060-2000-nl1-2008-04: {"type" => "error", "error" => {"type" => "rate_limit_error", "code" => "1302", "message" => "[1302][Rate limit reached for requests][20261007114845b97629815c1f4e9a]"}, "request_id" => "20261007114845b976
FAIL R60/2000/r060-2000-nl1-2008-03: API error for R60/2000/r060-2000-nl1-2008-03: {"type" => "error", "error" => {"type" => "rate_limit_error", "code" => "1302", "message" => "[1302][Rate limit reached for requests][20261007114845550a695ed65f4cf2]"}, "request_id" => "20261007114845550a
FAIL R60/2000/r060-2000-nl1-2008-05: API error for R60/2000/r060-2000-nl1-2008-05: {"type" => "error", "error" => {"type" => "rate_limit_error", "code" => "1302", "message" => "[1302][Rate limit reached for requests][202610071148454d9eefd40a22400f]"}, "request_id" => "202610071148454d9e
FAIL R60/2000/r060-2000-nl1-2008-06: API error for R60/2000/r060-2000-nl1-2008-06: {"type" => "error", "error" => {"type" => "rate_limit_error", "code" => "1302", "message" => "[1302][Rate limit reached for requests][20261007114845bba3ec523b6a4131]"}, "request_id" => "20261007114845bba3
FAIL R60/2000/r060-2000-nl1-2008-07: API error for R60/2000/r060-2000-nl1-2008-07: {"type" => "error", "error" => {"type" => "rate_limit_error", "code" => "1302", "message" => "[1302][Rate limit reached for requests][20261007114845494d9867267a4036]"}, "request_id" => "20261007114845494d
FAIL R60/2000/r060-2000-nl1-2008-08: API error for R60/2000/r060-2000-nl1-2008-08: {"type" => "error", "error" => {"type" => "rate_limit_error", "code" => "1302", "message" => "[1302][Rate limit reached for requests][20261007114845b28abb2a83de4c06]"}, "request_id" => "20261007114845b28a
FAIL R60/2000/r060-2000-nl1-2008-09: API error for R60/2000/r060-2000-nl1-2008-09: {"type" => "error", "error" => {"type" => "rate_limit_error", "code" => "1302", "message" => "[1302][Rate limit reached for requests][20261007114846fc1dea0d8f564e7c]"}, "request_id" => "20261007114846fc1d
FAIL R60/2000/r060-2000-nl1-2008-10-rev1: API error for R60/2000/r060-2000-nl1-2008-10-rev1: {"type" => "error", "error" => {"type" => "rate_limit_error", "code" => "1302", "message" => "[1302][Rate limit reached for requests][2026100711484645c69ddd20914202]"}, "request_id" => "2026100711484
FAIL R60/2000/r060-2000-nl1-2008-11: API error for R60/2000/r060-2000-nl1-2008-11: {"type" => "error", "error" => {"type" => "rate_limit_error", "code" => "1302", "message" => "[1302][Rate limit reached for requests][202610071148461b7f43ad337e486f]"}, "request_id" => "202610071148461b7f
FAIL R60/2000/r060-2000-nl1-2009-01: API error for R60/2000/r060-2000-nl1-2009-01: {"type" => "error", "error" => {"type" => "rate_limit_error", "code" => "1302", "message" => "[1302][Rate limit reached for requests][202610071148465ebccc5653a847a9]"}, "request_id" => "202610071148465ebc
FAIL R60/2000/r060-2000-nl1-2009-02: API error for R60/2000/r060-2000-nl1-2009-02: {"type" => "error", "error" => {"type" => "rate_limit_error", "code" => "1302", "message" => "[1302][Rate limit reached for requests][20261007114846986619ca4b2f422d]"}, "request_id" => "202610071148469866
FAIL R60/2000/r060-2000-nl1-2009-03: API error for R60/2000/r060-2000-nl1-2009-03: {"type" => "error", "error" => {"type" => "rate_limit_error", "code" => "1302", "message" => "[1302][Rate limit reached for requests][20261007114846fea681c1737c4e00]"}, "request_id" => "20261007114846fea6
FAIL R60/2000/r060-2000-nl1-2009-04: API error for R60/2000/r060-2000-nl1-2009-04: {"type" => "error", "error" => {"type" => "rate_limit_error", "code" => "1302", "message" => "[1302][Rate limit reached for requests][202610071148463ad5bd649d094e71]"}, "request_id" => "202610071148463ad5
FAIL R60/2000/r060-2000-nl1-2009-05: API error for R60/2000/r060-2000-nl1-2009-05: {"type" => "error", "error" => {"type" => "rate_limit_error", "code" => "1302", "message" => "[1302][Rate limit reached for requests][202610071148463f38d114257a4e27]"}, "request_id" => "202610071148463f38
FAIL R60/2000/r060-2000-nl1-2009-06: API error for R60/2000/r060-2000-nl1-2009-06: {"type" => "error", "error" => {"type" => "rate_limit_error", "code" => "1302", "message" => "[1302][Rate limit reached for requests][20261007114847dfee4b9f27394a20]"}, "request_id" => "20261007114847dfee
FAIL R60/2000/r060-2000-nl1-2009-07-rev1: API error for R60/2000/r060-2000-nl1-2009-07-rev1: {"type" => "error", "error" => {"type" => "rate_limit_error", "code" => "1302", "message" => "[1302][Rate limit reached for requests][202610071148473d1018ddcccb4e80]"}, "request_id" => "2026100711484
FAIL R60/2000/r060-2000-nl1-2009-07-rev2: API error for R60/2000/r060-2000-nl1-2009-07-rev2: {"type" => "error", "error" => {"type" => "rate_limit_error", "code" => "1302", "message" => "[1302][Rate limit reached for requests][20261007114847486ed2164e0a469e]"}, "request_id" => "2026100711484
FAIL R60/2000/r060-2000-nl1-2009-07: API error for R60/2000/r060-2000-nl1-2009-07: {"type" => "error", "error" => {"type" => "rate_limit_error", "code" => "1302", "message" => "[1302][Rate limit reached for requests][20261007114847ad26d3adbb5a4e4b]"}, "request_id" => "20261007114847ad26
FAIL R60/2000/r060-2000-nl1-2009-08: API error for R60/2000/r060-2000-nl1-2009-08: {"type" => "error", "error" => {"type" => "rate_limit_error", "code" => "1302", "message" => "[1302][Rate limit reached for requests][20261007114847a49ddc3ef24541e4]"}, "request_id" => "20261007114847a49d
FAIL R60/2000/r060-2000-nl1-2009-09: API error for R60/2000/r060-2000-nl1-2009-09: {"type" => "error", "error" => {"type" => "rate_limit_error", "code" => "1302", "message" => "[1302][Rate limit reached for requests][202610071148472effe17789ac4d3c]"}, "request_id" => "202610071148472eff
FAIL R60/2000/r060-2000-nl1-2009-10: API error for R60/2000/r060-2000-nl1-2009-10: {"type" => "error", "error" => {"type" => "rate_limit_error", "code" => "1302", "message" => "[1302][Rate limit reached for requests][20261007114847f201c4d921c44537]"}, "request_id" => "20261007114847f201
FAIL R60/2000/r060-2000-nl1-2009-11-rev1: API error for R60/2000/r060-2000-nl1-2009-11-rev1: {"type" => "error", "error" => {"type" => "rate_limit_error", "code" => "1302", "message" => "[1302][Rate limit reached for requests][20261007114847244f06ec0646420e]"}, "request_id" => "2026100711484
FAIL R60/2000/r060-2000-nl1-2009-11: API error for R60/2000/r060-2000-nl1-2009-11: {"type" => "error", "error" => {"type" => "rate_limit_error", "code" => "1302", "message" => "[1302][Rate limit reached for requests][2026100711484798edde727fac4754]"}, "request_id" => "2026100711484798ed
FAIL R60/2000/r060-2000-nl1-2009-12: API error for R60/2000/r060-2000-nl1-2009-12: {"type" => "error", "error" => {"type" => "rate_limit_error", "code" => "1302", "message" => "[1302][Rate limit reached for requests][20261007114848210982b6bafa4603]"}, "request_id" => "202610071148482109
FAIL R60/2000/r060-2000-nl1-2009-13: API error for R60/2000/r060-2000-nl1-2009-13: {"type" => "error", "error" => {"type" => "rate_limit_error", "code" => "1302", "message" => "[1302][Rate limit reached for requests][2026100711484899f86b791e6a4f8d]"}, "request_id" => "2026100711484899f8
FAIL R60/2000/r060-2000-nl1-2009-14-rev1: API error for R60/2000/r060-2000-nl1-2009-14-rev1: {"type" => "error", "error" => {"type" => "rate_limit_error", "code" => "1302", "message" => "[1302][Rate limit reached for requests][202610071148488bcd7d4594b740d6]"}, "request_id" => "2026100711484
FAIL R60/2000/r060-2000-nl1-2009-15: API error for R60/2000/r060-2000-nl1-2009-15: {"type" => "error", "error" => {"type" => "rate_limit_error", "code" => "1302", "message" => "[1302][Rate limit reached for requests][202610071148480b93bb8d242a4500]"}, "request_id" => "202610071148480b93
FAIL R60/2000/r060-2000-nl1-2009-16: API error for R60/2000/r060-2000-nl1-2009-16: {"type" => "error", "error" => {"type" => "rate_limit_error", "code" => "1302", "message" => "[1302][Rate limit reached for requests][20261007114848b369676f5b994e60]"}, "request_id" => "20261007114848b369
FAIL R60/2000/r060-2000-nl1-2009-17: API error for R60/2000/r060-2000-nl1-2009-17: {"type" => "error", "error" => {"type" => "rate_limit_error", "code" => "1302", "message" => "[1302][Rate limit reached for requests][20261007114848a58008ea8c0d478a]"}, "request_id" => "20261007114848a580
FAIL R60/2000/r060-2000-nl1-2009-18: API error for R60/2000/r060-2000-nl1-2009-18: {"type" => "error", "error" => {"type" => "rate_limit_error", "code" => "1302", "message" => "[1302][Rate limit reached for requests][2026100711484830c2b10148bd453b]"}, "request_id" => "2026100711484830c2
FAIL R60/2000/r060-2000-nl1-2010-01: API error for R60/2000/r060-2000-nl1-2010-01: {"type" => "error", "error" => {"type" => "rate_limit_error", "code" => "1302", "message" => "[1302][Rate limit reached for requests][20261007114848020ea12ee7ae4510]"}, "request_id" => "20261007114848020e
FAIL R60/2000/r060-2000-nl1-2010-02: API error for R60/2000/r060-2000-nl1-2010-02: {"type" => "error", "error" => {"type" => "rate_limit_error", "code" => "1302", "message" => "[1302][Rate limit reached for requests][202610071148495d7e9a9b357e4571]"}, "request_id" => "202610071148495d7e
FAIL R60/2000/r060-2000-nl1-2010-03: API error for R60/2000/r060-2000-nl1-2010-03: {"type" => "error", "error" => {"type" => "rate_limit_error", "code" => "1302", "message" => "[1302][Rate limit reached for requests][20261007114849f184d9ca417a4b9b]"}, "request_id" => "20261007114849f184
FAIL R60/2000/r060-2000-nl1-2010-04: API error for R60/2000/r060-2000-nl1-2010-04: {"type" => "error", "error" => {"type" => "rate_limit_error", "code" => "1302", "message" => "[1302][Rate limit reached for requests][20261007114849b4489a08e06145be]"}, "request_id" => "20261007114849b448
FAIL R60/2000/r060-2000-nl1-2010-05: API error for R60/2000/r060-2000-nl1-2010-05: {"type" => "error", "error" => {"type" => "rate_limit_error", "code" => "1302", "message" => "[1302][Rate limit reached for requests][202610071148493610be508065412c]"}, "request_id" => "202610071148493610
FAIL R60/2000/r060-2000-nl1-2010-06: API error for R60/2000/r060-2000-nl1-2010-06: {"type" => "error", "error" => {"type" => "rate_limit_error", "code" => "1302", "message" => "[1302][Rate limit reached for requests][2026100711484916f96c3f64b749ba]"}, "request_id" => "2026100711484916f9
FAIL R60/2000/r060-2000-nl1-2010-07: API error for R60/2000/r060-2000-nl1-2010-07: {"type" => "error", "error" => {"type" => "rate_limit_error", "code" => "1302", "message" => "[1302][Rate limit reached for requests][2026100711484983a107a9acd14f29]"}, "request_id" => "2026100711484983a1
FAIL R60/2000/r060-2000-nl1-2010-08: API error for R60/2000/r060-2000-nl1-2010-08: {"type" => "error", "error" => {"type" => "rate_limit_error", "code" => "1302", "message" => "[1302][Rate limit reached for requests][202610071148492835d85b12854ac7]"}, "request_id" => "202610071148492835
FAIL R60/2000/r060-2000-nl1-2010-09: API error for R60/2000/r060-2000-nl1-2010-09: {"type" => "error", "error" => {"type" => "rate_limit_error", "code" => "1302", "message" => "[1302][Rate limit reached for requests][20261007114849c73769a723774af0]"}, "request_id" => "20261007114849c737
FAIL R60/2000/r060-2000-nl1-2010-11-rev1: API error for R60/2000/r060-2000-nl1-2010-11-rev1: {"type" => "error", "error" => {"type" => "rate_limit_error", "code" => "1302", "message" => "[1302][Rate limit reached for requests][20261007114850833cbb4deb73408f]"}, "request_id" => "2026100711485
FAIL R60/2000/r060-2000-nl1-2010-10: API error for R60/2000/r060-2000-nl1-2010-10: {"type" => "error", "error" => {"type" => "rate_limit_error", "code" => "1302", "message" => "[1302][Rate limit reached for requests][20261007114850b19df4c855bf4808]"}, "request_id" => "20261007114850b19d
FAIL R60/2000/r060-2000-nl1-2010-11-rev2: API error for R60/2000/r060-2000-nl1-2010-11-rev2: {"type" => "error", "error" => {"type" => "rate_limit_error", "code" => "1302", "message" => "[1302][Rate limit reached for requests][20261007114850d7dc33ba3b494ed5]"}, "request_id" => "2026100711485
FAIL R60/2000/r060-2000-nl1-2010-12: API error for R60/2000/r060-2000-nl1-2010-12: {"type" => "error", "error" => {"type" => "rate_limit_error", "code" => "1302", "message" => "[1302][Rate limit reached for requests][202610071148509bbcd6f597494de6]"}, "request_id" => "202610071148509bbc
FAIL R60/2000/r060-2000-nl1-2010-13: API error for R60/2000/r060-2000-nl1-2010-13: {"type" => "error", "error" => {"type" => "rate_limit_error", "code" => "1302", "message" => "[1302][Rate limit reached for requests][2026100711485063a6b3a8a59f4cd7]"}, "request_id" => "2026100711485063a6
FAIL R60/2000/r060-2000-nl1-2010-14: API error for R60/2000/r060-2000-nl1-2010-14: {"type" => "error", "error" => {"type" => "rate_limit_error", "code" => "1302", "message" => "[1302][Rate limit reached for requests][2026100711485009a4f8f2288d480b]"}, "request_id" => "2026100711485009a4
FAIL R60/2000/r060-2000-nl1-2010-15: API error for R60/2000/r060-2000-nl1-2010-15: {"type" => "error", "error" => {"type" => "rate_limit_error", "code" => "1302", "message" => "[1302][Rate limit reached for requests][202610071148503f616ef8fd3f4672]"}, "request_id" => "202610071148503f61
FAIL R60/2000/r060-2000-nl1-2010-16: API error for R60/2000/r060-2000-nl1-2010-16: {"type" => "error", "error" => {"type" => "rate_limit_error", "code" => "1302", "message" => "[1302][Rate limit reached for requests][2026100711485134838184841240ce]"}, "request_id" => "202610071148513483
FAIL R60/2000/r060-2000-nl1-2010-17: API error for R60/2000/r060-2000-nl1-2010-17: {"type" => "error", "error" => {"type" => "rate_limit_error", "code" => "1302", "message" => "[1302][Rate limit reached for requests][2026100711485183d7f5d72b8c4c22]"}, "request_id" => "2026100711485183d7
FAIL R60/2000/r060-2000-nl1-2010-18: API error for R60/2000/r060-2000-nl1-2010-18: {"type" => "error", "error" => {"type" => "rate_limit_error", "code" => "1302", "message" => "[1302][Rate limit reached for requests][202610071148517a8af10d7bea4f02]"}, "request_id" => "202610071148517a8a
FAIL R60/2000/r060-2000-nl1-2010-19: API error for R60/2000/r060-2000-nl1-2010-19: {"type" => "error", "error" => {"type" => "rate_limit_error", "code" => "1302", "message" => "[1302][Rate limit reached for requests][2026100711485152510b3a88fa4696]"}, "request_id" => "202610071148515251
FAIL R60/2000/r060-2000-nl1-2010-20: API error for R60/2000/r060-2000-nl1-2010-20: {"type" => "error", "error" => {"type" => "rate_limit_error", "code" => "1302", "message" => "[1302][Rate limit reached for requests][2026100711485127a43c4f66414e92]"}, "request_id" => "2026100711485127a4
FAIL R60/2000/r060-2000-nl1-2010-21: API error for R60/2000/r060-2000-nl1-2010-21: {"type" => "error", "error" => {"type" => "rate_limit_error", "code" => "1302", "message" => "[1302][Rate limit reached for requests][20261007114851ca2ad78214a44352]"}, "request_id" => "20261007114851ca2a
FAIL R60/2000/r060-2000-nl1-2010-22: API error for R60/2000/r060-2000-nl1-2010-22: {"type" => "error", "error" => {"type" => "rate_limit_error", "code" => "1302", "message" => "[1302][Rate limit reached for requests][202610071148517dfb923a36a74495]"}, "request_id" => "202610071148517dfb
FAIL R60/2000/r060-2000-nl1-2010-23: API error for R60/2000/r060-2000-nl1-2010-23: {"type" => "error", "error" => {"type" => "rate_limit_error", "code" => "1302", "message" => "[1302][Rate limit reached for requests][20261007114851348e5d668e8a4868]"}, "request_id" => "20261007114851348e
FAIL R60/2000/r060-2000-nl1-2010-24: API error for R60/2000/r060-2000-nl1-2010-24: {"type" => "error", "error" => {"type" => "rate_limit_error", "code" => "1302", "message" => "[1302][Rate limit reached for requests][20261007114852aa0263f037fa46ce]"}, "request_id" => "20261007114852aa02
FAIL R60/2000/r060-2000-nl1-2010-25: API error for R60/2000/r060-2000-nl1-2010-25: {"type" => "error", "error" => {"type" => "rate_limit_error", "code" => "1302", "message" => "[1302][Rate limit reached for requests][202610071148528668c70519f943c5]"}, "request_id" => "202610071148528668
FAIL R60/2000/r060-2000-nl1-2010-26: API error for R60/2000/r060-2000-nl1-2010-26: {"type" => "error", "error" => {"type" => "rate_limit_error", "code" => "1302", "message" => "[1302][Rate limit reached for requests][20261007114852f0901ffd6b75449f]"}, "request_id" => "20261007114852f090
FAIL R60/2000/r060-2000-nl1-2010-27: API error for R60/2000/r060-2000-nl1-2010-27: {"type" => "error", "error" => {"type" => "rate_limit_error", "code" => "1302", "message" => "[1302][Rate limit reached for requests][20261007114852fe81d5cf2f794016]"}, "request_id" => "20261007114852fe81
FAIL R60/2000/r060-2000-nl1-2010-28: API error for R60/2000/r060-2000-nl1-2010-28: {"type" => "error", "error" => {"type" => "rate_limit_error", "code" => "1302", "message" => "[1302][Rate limit reached for requests][202610071148529b7d2d6a7a604996]"}, "request_id" => "202610071148529b7d
FAIL R60/2000/r060-2000-nl1-2010-29: API error for R60/2000/r060-2000-nl1-2010-29: {"type" => "error", "error" => {"type" => "rate_limit_error", "code" => "1302", "message" => "[1302][Rate limit reached for requests][20261007114852aae72a1aa7684240]"}, "request_id" => "20261007114852aae7
FAIL R60/2000/r060-2000-nl1-2010-30: API error for R60/2000/r060-2000-nl1-2010-30: {"type" => "error", "error" => {"type" => "rate_limit_error", "code" => "1302", "message" => "[1302][Rate limit reached for requests][202610071148527d6b65243fe84f45]"}, "request_id" => "202610071148527d6b
FAIL R60/2000/r060-2000-nl1-2010-31: API error for R60/2000/r060-2000-nl1-2010-31: {"type" => "error", "error" => {"type" => "rate_limit_error", "code" => "1302", "message" => "[1302][Rate limit reached for requests][20261007114852017b5da179e4455b]"}, "request_id" => "20261007114852017b
FAIL R60/2000/r060-2000-nl1-2010-32: API error for R60/2000/r060-2000-nl1-2010-32: {"type" => "error", "error" => {"type" => "rate_limit_error", "code" => "1302", "message" => "[1302][Rate limit reached for requests][20261007114853b5a37e8eded04177]"}, "request_id" => "20261007114853b5a3
FAIL R60/2000/r060-2000-nl1-2010-33: API error for R60/2000/r060-2000-nl1-2010-33: {"type" => "error", "error" => {"type" => "rate_limit_error", "code" => "1302", "message" => "[1302][Rate limit reached for requests][2026100711485379339735439d42f3]"}, "request_id" => "202610071148537933
FAIL R60/2000/r060-2000-nl1-2010-34: API error for R60/2000/r060-2000-nl1-2010-34: {"type" => "error", "error" => {"type" => "rate_limit_error", "code" => "1302", "message" => "[1302][Rate limit reached for requests][20261007114853d4221414ec824ba0]"}, "request_id" => "20261007114853d422
FAIL R60/2000/r060-2000-nl1-2010-35: API error for R60/2000/r060-2000-nl1-2010-35: {"type" => "error", "error" => {"type" => "rate_limit_error", "code" => "1302", "message" => "[1302][Rate limit reached for requests][2026100711485334d2d460cbb842cf]"}, "request_id" => "2026100711485334d2
FAIL R60/2000/r060-2000-nl1-2010-36: API error for R60/2000/r060-2000-nl1-2010-36: {"type" => "error", "error" => {"type" => "rate_limit_error", "code" => "1302", "message" => "[1302][Rate limit reached for requests][20261007114853c5057927459e4411]"}, "request_id" => "20261007114853c505
FAIL R60/2000/r060-2000-nl1-2011-01: API error for R60/2000/r060-2000-nl1-2011-01: {"type" => "error", "error" => {"type" => "rate_limit_error", "code" => "1302", "message" => "[1302][Rate limit reached for requests][20261007114853c4f4acc683954962]"}, "request_id" => "20261007114853c4f4
FAIL R60/2000/r060-2000-nl1-2011-02: API error for R60/2000/r060-2000-nl1-2011-02: {"type" => "error", "error" => {"type" => "rate_limit_error", "code" => "1302", "message" => "[1302][Rate limit reached for requests][20261007114853593a326c9e874819]"}, "request_id" => "20261007114853593a
FAIL R60/2000/r060-2000-nl1-2011-04: API error for R60/2000/r060-2000-nl1-2011-04: {"type" => "error", "error" => {"type" => "rate_limit_error", "code" => "1302", "message" => "[1302][Rate limit reached for requests][2026100711485325f1db68b17d4687]"}, "request_id" => "2026100711485325f1
FAIL R60/2000/r060-2000-nl1-2011-03: API error for R60/2000/r060-2000-nl1-2011-03: {"type" => "error", "error" => {"type" => "rate_limit_error", "code" => "1302", "message" => "[1302][Rate limit reached for requests][202610071148538deb02d4a44d4c2a]"}, "request_id" => "202610071148538deb
FAIL R60/2000/r060-2000-nl1-2011-05: API error for R60/2000/r060-2000-nl1-2011-05: {"type" => "error", "error" => {"type" => "rate_limit_error", "code" => "1302", "message" => "[1302][Rate limit reached for requests][20261007114854bea348960cb14dba]"}, "request_id" => "20261007114854bea3
FAIL R60/2000/r060-2000-nl1-2011-06: API error for R60/2000/r060-2000-nl1-2011-06: {"type" => "error", "error" => {"type" => "rate_limit_error", "code" => "1302", "message" => "[1302][Rate limit reached for requests][20261007114854343f9b14083a4a5a]"}, "request_id" => "20261007114854343f
FAIL R60/2000/r060-2000-nl1-2011-07: API error for R60/2000/r060-2000-nl1-2011-07: {"type" => "error", "error" => {"type" => "rate_limit_error", "code" => "1302", "message" => "[1302][Rate limit reached for requests][202610071148545c418ef5c5a84549]"}, "request_id" => "202610071148545c41
FAIL R60/2000/r060-2000-nl1-2011-08: API error for R60/2000/r060-2000-nl1-2011-08: {"type" => "error", "error" => {"type" => "rate_limit_error", "code" => "1302", "message" => "[1302][Rate limit reached for requests][20261007114854c2a1a36a3f3849a8]"}, "request_id" => "20261007114854c2a1
FAIL R60/2000/r060-2000-nl1-2011-09: API error for R60/2000/r060-2000-nl1-2011-09: {"type" => "error", "error" => {"type" => "rate_limit_error", "code" => "1302", "message" => "[1302][Rate limit reached for requests][202610071148543ade9c55432a42bd]"}, "request_id" => "202610071148543ade
FAIL R60/2000/r060-2000-nl1-2011-10: API error for R60/2000/r060-2000-nl1-2011-10: {"type" => "error", "error" => {"type" => "rate_limit_error", "code" => "1302", "message" => "[1302][Rate limit reached for requests][2026100711485409bb0fe7fe914f93]"}, "request_id" => "2026100711485409bb
FAIL R60/2000/r060-2000-nl1-2011-12: API error for R60/2000/r060-2000-nl1-2011-12: {"type" => "error", "error" => {"type" => "rate_limit_error", "code" => "1302", "message" => "[1302][Rate limit reached for requests][20261007114854ec350dcefc594f53]"}, "request_id" => "20261007114854ec35
FAIL R60/2000/r060-2000-nl1-2011-11: API error for R60/2000/r060-2000-nl1-2011-11: {"type" => "error", "error" => {"type" => "rate_limit_error", "code" => "1302", "message" => "[1302][Rate limit reached for requests][2026100711485464c9b2297d474904]"}, "request_id" => "2026100711485464c9
FAIL R60/2000/r060-2000-nl1-2011-13: API error for R60/2000/r060-2000-nl1-2011-13: {"type" => "error", "error" => {"type" => "rate_limit_error", "code" => "1302", "message" => "[1302][Rate limit reached for requests][20261007114855ff2cb698f22a4863]"}, "request_id" => "20261007114855ff2c
FAIL R60/2000/r060-2000-nl1-2011-14: API error for R60/2000/r060-2000-nl1-2011-14: {"type" => "error", "error" => {"type" => "rate_limit_error", "code" => "1302", "message" => "[1302][Rate limit reached for requests][20261007114855767501a33ab3400f]"}, "request_id" => "202610071148557675
FAIL R60/2000/r060-2000-nl1-2011-15: API error for R60/2000/r060-2000-nl1-2011-15: {"type" => "error", "error" => {"type" => "rate_limit_error", "code" => "1302", "message" => "[1302][Rate limit reached for requests][20261007114855e496fa19b93d4de2]"}, "request_id" => "20261007114855e496
FAIL R60/2000/r060-2000-nl1-2011-16: API error for R60/2000/r060-2000-nl1-2011-16: {"type" => "error", "error" => {"type" => "rate_limit_error", "code" => "1302", "message" => "[1302][Rate limit reached for requests][20261007114855cbcc90800a1d4ee0]"}, "request_id" => "20261007114855cbcc
FAIL R60/2000/r060-2000-nl1-2011-17: API error for R60/2000/r060-2000-nl1-2011-17: {"type" => "error", "error" => {"type" => "rate_limit_error", "code" => "1302", "message" => "[1302][Rate limit reached for requests][2026100711485580083efe8e7d445e]"}, "request_id" => "202610071148558008
FAIL R60/2000/r060-2000-nl1-2011-18: API error for R60/2000/r060-2000-nl1-2011-18: {"type" => "error", "error" => {"type" => "rate_limit_error", "code" => "1302", "message" => "[1302][Rate limit reached for requests][20261007114855bf3addb05d2845a5]"}, "request_id" => "20261007114855bf3a
FAIL R60/2000/r060-2000-nl1-2011-19: API error for R60/2000/r060-2000-nl1-2011-19: {"type" => "error", "error" => {"type" => "rate_limit_error", "code" => "1302", "message" => "[1302][Rate limit reached for requests][20261007114855b91c03a34f3144ba]"}, "request_id" => "20261007114855b91c
FAIL R60/2000/r060-2000-nl1-2011-20: API error for R60/2000/r060-2000-nl1-2011-20: {"type" => "error", "error" => {"type" => "rate_limit_error", "code" => "1302", "message" => "[1302][Rate limit reached for requests][2026100711485578f791a3b77c4676]"}, "request_id" => "2026100711485578f7
FAIL R60/2000/r060-2000-nl1-2011-21: API error for R60/2000/r060-2000-nl1-2011-21: {"type" => "error", "error" => {"type" => "rate_limit_error", "code" => "1302", "message" => "[1302][Rate limit reached for requests][2026100711485644ba1e1619ea45d8]"}, "request_id" => "2026100711485644ba
FAIL R60/2000/r060-2000-nl1-2011-21-rev1: API error for R60/2000/r060-2000-nl1-2011-21-rev1: {"type" => "error", "error" => {"type" => "rate_limit_error", "code" => "1302", "message" => "[1302][Rate limit reached for requests][202610071148568e567994aa9b49c8]"}, "request_id" => "2026100711485
FAIL R60/2000/r060-2000-nl1-2011-23: API error for R60/2000/r060-2000-nl1-2011-23: {"type" => "error", "error" => {"type" => "rate_limit_error", "code" => "1302", "message" => "[1302][Rate limit reached for requests][20261007114856f3692ae1114e46ab]"}, "request_id" => "20261007114856f369
FAIL R60/2000/r060-2000-nl1-2011-24: API error for R60/2000/r060-2000-nl1-2011-24: {"type" => "error", "error" => {"type" => "rate_limit_error", "code" => "1302", "message" => "[1302][Rate limit reached for requests][2026100711485643b6bfdfaa744cc7]"}, "request_id" => "2026100711485643b6
FAIL R60/2000/r060-2000-nl1-2011-25: API error for R60/2000/r060-2000-nl1-2011-25: {"type" => "error", "error" => {"type" => "rate_limit_error", "code" => "1302", "message" => "[1302][Rate limit reached for requests][20261007114857f01c195ad8b94ccb]"}, "request_id" => "20261007114857f01c
FAIL R60/2000/r060-2000-nl1-2011-26: API error for R60/2000/r060-2000-nl1-2011-26: {"type" => "error", "error" => {"type" => "rate_limit_error", "code" => "1302", "message" => "[1302][Rate limit reached for requests][20261007114857eea8831dd7414d79]"}, "request_id" => "20261007114857eea8
FAIL R60/2000/r060-2000-nl1-2011-27: API error for R60/2000/r060-2000-nl1-2011-27: {"type" => "error", "error" => {"type" => "rate_limit_error", "code" => "1302", "message" => "[1302][Rate limit reached for requests][202610071148577fc8a54bfe6e4d2d]"}, "request_id" => "202610071148577fc8
FAIL R60/2000/r060-2000-nl1-2011-28: API error for R60/2000/r060-2000-nl1-2011-28: {"type" => "error", "error" => {"type" => "rate_limit_error", "code" => "1302", "message" => "[1302][Rate limit reached for requests][20261007114858478135ae878045bb]"}, "request_id" => "202610071148584781
FAIL R60/2000/r060-2000-nl1-2011-29: API error for R60/2000/r060-2000-nl1-2011-29: {"type" => "error", "error" => {"type" => "rate_limit_error", "code" => "1302", "message" => "[1302][Rate limit reached for requests][202610071148588ba1bf660af04cda]"}, "request_id" => "202610071148588ba1
FAIL R60/2000/r060-2000-nl1-2011-30: API error for R60/2000/r060-2000-nl1-2011-30: {"type" => "error", "error" => {"type" => "rate_limit_error", "code" => "1302", "message" => "[1302][Rate limit reached for requests][202610071148581e44bf0848a94dc7]"}, "request_id" => "202610071148581e44
FAIL R60/2000/r060-2000-nl1-2011-31: API error for R60/2000/r060-2000-nl1-2011-31: {"type" => "error", "error" => {"type" => "rate_limit_error", "code" => "1302", "message" => "[1302][Rate limit reached for requests][202610071148587837962ae7d94b22]"}, "request_id" => "202610071148587837
FAIL R60/2000/r060-2000-nl1-2011-32: API error for R60/2000/r060-2000-nl1-2011-32: {"type" => "error", "error" => {"type" => "rate_limit_error", "code" => "1302", "message" => "[1302][Rate limit reached for requests][202610071148593c3c8dd2a62743bf]"}, "request_id" => "202610071148593c3c
FAIL R60/2000/r060-2000-nl1-2011-33: API error for R60/2000/r060-2000-nl1-2011-33: {"type" => "error", "error" => {"type" => "rate_limit_error", "code" => "1302", "message" => "[1302][Rate limit reached for requests][20261007114859c349446b763e4fb9]"}, "request_id" => "20261007114859c349
FAIL R60/2000/r060-2000-nl1-2011-34: API error for R60/2000/r060-2000-nl1-2011-34: {"type" => "error", "error" => {"type" => "rate_limit_error", "code" => "1302", "message" => "[1302][Rate limit reached for requests][20261007114859a399edad7b2c4e02]"}, "request_id" => "20261007114859a399
11:50:09 [01392/03945] R60/2000/r060-2000-jp1-2013-02 (99.0s)
11:50:09 [01393/03945] R60/2000/r060-2000-nl1-2011-22 (78.0s)
11:50:11 [01394/03945] R60/2000/r060-2000-gb1-2017-18 (105.6s)
11:50:42 [01395/03945] R60/2000/r060-2000-jp1-2017-01 (131.5s)
11:50:54 [01396/03945] R60/2000/r060-2000-nl1-2011-35 (119.7s)
11:51:00 [01397/03945] R60/2000/r060-2000-nl1-2011-39 (48.6s)
11:51:01 [01398/03945] R60/2000/r060-2000-nl1-2011-36 (51.7s)
11:51:28 [01399/03945] R60/2000/r060-2000-nl1-2011-40 (46.0s)
11:51:28 [01400/03945] R60/2000/r060-2000-nl1-2012-02 (27.2s)
11:51:38 [01401/03945] R60/2000/r060-2000-nl1-2012-01 (43.3s)
11:51:51 [01402/03945] R60/2000/r060-2000-nl1-2011-37 (101.3s)
11:52:04 [01403/03945] R60/2000/r060-2000-nl1-2012-02-rev1 (64.9s)
11:52:10 [01404/03945] R60/2000/r060-2000-nl1-2012-04 (41.8s)
