mds: 5088; already have yaml: 1139; to extract: 3949
FAIL R117/2007/r117-2007-nl1-2016-01-rev1: expected ',' or '}' after object value, got: '.replace("\"",' at line 265 column 22
FAIL R117/2007/r117-2007-nl1-2021-03-rev2: API error for R117/2007/r117-2007-nl1-2021-03-rev2: {"type" => "error", "error" => {"type" => "rate_limit_error", "code" => "1302", "message" => "[1302][Rate limit reached for requests][2026100711441582c97057569e4804]"}, "request_id" => "202610071144
FAIL R117/2007/r117-2007-ru1-2017-05-annex01: API error for R117/2007/r117-2007-ru1-2017-05-annex01: {"type" => "error", "error" => {"type" => "rate_limit_error", "code" => "1302", "message" => "[1302][Rate limit reached for requests][20261007114415dd901672b6ee44b6]"}, "request_id" => "202610071
FAIL R117/2007/r117-2007-ru1-2017-05: API error for R117/2007/r117-2007-ru1-2017-05: {"type" => "error", "error" => {"type" => "rate_limit_error", "code" => "1302", "message" => "[1302][Rate limit reached for requests][202610071144160f7d5614889146bb]"}, "request_id" => "202610071144160f7
FAIL R129/2000/r129-2000-de1-2005-01-rev1: API error for R129/2000/r129-2000-de1-2005-01-rev1: {"type" => "error", "error" => {"type" => "rate_limit_error", "code" => "1302", "message" => "[1302][Rate limit reached for requests][20261007114416ef704d4a35b84af3]"}, "request_id" => "202610071144
FAIL R129/2000/r129-2000-de1-2005-01: API error for R129/2000/r129-2000-de1-2005-01: {"type" => "error", "error" => {"type" => "rate_limit_error", "code" => "1302", "message" => "[1302][Rate limit reached for requests][20261007114416089b736d3a97451b]"}, "request_id" => "20261007114416089
FAIL R129/2000/r129-2000-de1-2007-01: API error for R129/2000/r129-2000-de1-2007-01: {"type" => "error", "error" => {"type" => "rate_limit_error", "code" => "1302", "message" => "[1302][Rate limit reached for requests][202610071144177de857c48d4445f8]"}, "request_id" => "202610071144177de
FAIL R129/2000/r129-2000-de1-2008-01: API error for R129/2000/r129-2000-de1-2008-01: {"type" => "error", "error" => {"type" => "rate_limit_error", "code" => "1302", "message" => "[1302][Rate limit reached for requests][20261007114417eaf9aa34e1b146a7]"}, "request_id" => "20261007114417eaf
FAIL R129/2000/r129-2000-de1-2008-02: API error for R129/2000/r129-2000-de1-2008-02: {"type" => "error", "error" => {"type" => "rate_limit_error", "code" => "1302", "message" => "[1302][Rate limit reached for requests][20261007114417c37182bf205a43b9]"}, "request_id" => "20261007114417c37
FAIL R129/2000/r129-2000-de1-2009-01: API error for R129/2000/r129-2000-de1-2009-01: {"type" => "error", "error" => {"type" => "rate_limit_error", "code" => "1302", "message" => "[1302][Rate limit reached for requests][202610071144182b4a145d20a24c63]"}, "request_id" => "202610071144182b4
FAIL R129/2000/r129-2000-de1-2009-02: API error for R129/2000/r129-2000-de1-2009-02: {"type" => "error", "error" => {"type" => "rate_limit_error", "code" => "1302", "message" => "[1302][Rate limit reached for requests][2026100711441898130c4657eb4533]"}, "request_id" => "20261007114418981
FAIL R129/2000/r129-2000-de1-2009-03: API error for R129/2000/r129-2000-de1-2009-03: {"type" => "error", "error" => {"type" => "rate_limit_error", "code" => "1302", "message" => "[1302][Rate limit reached for requests][202610071144186a18ff1c7da14438]"}, "request_id" => "202610071144186a1
FAIL R129/2000/r129-2000-de1-2009-04: API error for R129/2000/r129-2000-de1-2009-04: {"type" => "error", "error" => {"type" => "rate_limit_error", "code" => "1302", "message" => "[1302][Rate limit reached for requests][2026100711441870ee5bb1882044fe]"}, "request_id" => "2026100711441870e
FAIL R129/2000/r129-2000-dk1-2005-01: API error for R129/2000/r129-2000-dk1-2005-01: {"type" => "error", "error" => {"type" => "rate_limit_error", "code" => "1302", "message" => "[1302][Rate limit reached for requests][20261007114419294a65c6c95e423b]"}, "request_id" => "20261007114419294
FAIL R129/2000/r129-2000-dk2-2020-01: API error for R129/2000/r129-2000-dk2-2020-01: {"type" => "error", "error" => {"type" => "rate_limit_error", "code" => "1302", "message" => "[1302][Rate limit reached for requests][20261007114419506462cb869640d6]"}, "request_id" => "20261007114419506
FAIL R129/2000/r129-2000-dk2-2022-01: API error for R129/2000/r129-2000-dk2-2022-01: {"type" => "error", "error" => {"type" => "rate_limit_error", "code" => "1302", "message" => "[1302][Rate limit reached for requests][20261007114419f647c09aad974a78]"}, "request_id" => "20261007114419f64
FAIL R129/2000/r129-2000-fr2-2017-01-rev0: API error for R129/2000/r129-2000-fr2-2017-01-rev0: {"type" => "error", "error" => {"type" => "rate_limit_error", "code" => "1302", "message" => "[1302][Rate limit reached for requests][20261007114420213db12fd03f45e1]"}, "request_id" => "202610071144
FAIL R129/2000/r129-2000-fr2-2017-01-rev2: API error for R129/2000/r129-2000-fr2-2017-01-rev2: {"type" => "error", "error" => {"type" => "rate_limit_error", "code" => "1302", "message" => "[1302][Rate limit reached for requests][202610071144208023563f81cc4daf]"}, "request_id" => "202610071144
FAIL R129/2000/r129-2000-gb1-2012-01: API error for R129/2000/r129-2000-gb1-2012-01: {"type" => "error", "error" => {"type" => "rate_limit_error", "code" => "1302", "message" => "[1302][Rate limit reached for requests][20261007114420ff794ea203984279]"}, "request_id" => "20261007114420ff7
FAIL R129/2000/r129-2000-gb1-2013-01-rev2: API error for R129/2000/r129-2000-gb1-2013-01-rev2: {"type" => "error", "error" => {"type" => "rate_limit_error", "code" => "1302", "message" => "[1302][Rate limit reached for requests][202610071144201da1603e8bc04360]"}, "request_id" => "202610071144
FAIL R129/2000/r129-2000-gb1-2013-01: API error for R129/2000/r129-2000-gb1-2013-01: {"type" => "error", "error" => {"type" => "rate_limit_error", "code" => "1302", "message" => "[1302][Rate limit reached for requests][2026100711442185e1501e398d41fc]"}, "request_id" => "2026100711442185e
FAIL R129/2000/r129-2000-nl1-2004-03-rev1: API error for R129/2000/r129-2000-nl1-2004-03-rev1: {"type" => "error", "error" => {"type" => "rate_limit_error", "code" => "1302", "message" => "[1302][Rate limit reached for requests][202610071144217b73575ade824da1]"}, "request_id" => "202610071144
FAIL R129/2000/r129-2000-nl1-2006-01-rev1: API error for R129/2000/r129-2000-nl1-2006-01-rev1: {"type" => "error", "error" => {"type" => "rate_limit_error", "code" => "1302", "message" => "[1302][Rate limit reached for requests][20261007114421ce563076491446f7]"}, "request_id" => "202610071144
FAIL R129/2000/r129-2000-nl1-2006-01-rev2: API error for R129/2000/r129-2000-nl1-2006-01-rev2: {"type" => "error", "error" => {"type" => "rate_limit_error", "code" => "1302", "message" => "[1302][Rate limit reached for requests][202610071144215447a7aa5bb24a01]"}, "request_id" => "202610071144
FAIL R129/2000/r129-2000-nl1-2006-01: API error for R129/2000/r129-2000-nl1-2006-01: {"type" => "error", "error" => {"type" => "rate_limit_error", "code" => "1302", "message" => "[1302][Rate limit reached for requests][20261007114422360cb2800c0846d7]"}, "request_id" => "20261007114422360
FAIL R129/2000/r129-2000-nl1-2007-01-rev1: API error for R129/2000/r129-2000-nl1-2007-01-rev1: {"type" => "error", "error" => {"type" => "rate_limit_error", "code" => "1302", "message" => "[1302][Rate limit reached for requests][20261007114422e9e7d72f6cd04bbb]"}, "request_id" => "202610071144
FAIL R129/2000/r129-2000-nl1-2007-01-rev2: API error for R129/2000/r129-2000-nl1-2007-01-rev2: {"type" => "error", "error" => {"type" => "rate_limit_error", "code" => "1302", "message" => "[1302][Rate limit reached for requests][202610071144228ff0a3919d144642]"}, "request_id" => "202610071144
FAIL R129/2000/r129-2000-nl1-2007-01: API error for R129/2000/r129-2000-nl1-2007-01: {"type" => "error", "error" => {"type" => "rate_limit_error", "code" => "1302", "message" => "[1302][Rate limit reached for requests][20261007114423614be33973fb4114]"}, "request_id" => "20261007114423614
FAIL R129/2000/r129-2000-nl1-2007-02: API error for R129/2000/r129-2000-nl1-2007-02: {"type" => "error", "error" => {"type" => "rate_limit_error", "code" => "1302", "message" => "[1302][Rate limit reached for requests][202610071144234d83ce9b183d41bf]"}, "request_id" => "202610071144234d8
FAIL R129/2000/r129-2000-nl1-2009-01: API error for R129/2000/r129-2000-nl1-2009-01: {"type" => "error", "error" => {"type" => "rate_limit_error", "code" => "1302", "message" => "[1302][Rate limit reached for requests][20261007114423662deaeecf644d12]"}, "request_id" => "20261007114423662
FAIL R129/2000/r129-2000-nl1-2010-01-rev1: API error for R129/2000/r129-2000-nl1-2010-01-rev1: {"type" => "error", "error" => {"type" => "rate_limit_error", "code" => "1302", "message" => "[1302][Rate limit reached for requests][202610071144244511acf508ac43ec]"}, "request_id" => "202610071144
FAIL R129/2000/r129-2000-nl1-2010-01: API error for R129/2000/r129-2000-nl1-2010-01: {"type" => "error", "error" => {"type" => "rate_limit_error", "code" => "1302", "message" => "[1302][Rate limit reached for requests][20261007114424dc040d935fe64ee4]"}, "request_id" => "20261007114424dc0
FAIL R129/2000/r129-2000-nl1-2014-01: API error for R129/2000/r129-2000-nl1-2014-01: {"type" => "error", "error" => {"type" => "rate_limit_error", "code" => "1302", "message" => "[1302][Rate limit reached for requests][202610071144240be43f2a9ca44868]"}, "request_id" => "202610071144240be
FAIL R129/2000/r129-2000-nl1-2014-02: API error for R129/2000/r129-2000-nl1-2014-02: {"type" => "error", "error" => {"type" => "rate_limit_error", "code" => "1302", "message" => "[1302][Rate limit reached for requests][20261007114424d8a3912878db4161]"}, "request_id" => "20261007114424d8a
FAIL R129/2000/r129-2000-nl1-2015-06: API error for R129/2000/r129-2000-nl1-2015-06: {"type" => "error", "error" => {"type" => "rate_limit_error", "code" => "1302", "message" => "[1302][Rate limit reached for requests][20261007114425544a653f6dfd4c42]"}, "request_id" => "20261007114425544
FAIL R129/2000/r129-2000-nl1-2016-01: API error for R129/2000/r129-2000-nl1-2016-01: {"type" => "error", "error" => {"type" => "rate_limit_error", "code" => "1302", "message" => "[1302][Rate limit reached for requests][2026100711442582100827b39d4744]"}, "request_id" => "20261007114425821
FAIL R129/2000/r129-2000-nl1-2016-02: API error for R129/2000/r129-2000-nl1-2016-02: {"type" => "error", "error" => {"type" => "rate_limit_error", "code" => "1302", "message" => "[1302][Rate limit reached for requests][2026100711442508813440db90409c]"}, "request_id" => "20261007114425088
FAIL R129/2000/r129-2000-nl1-2016-03: API error for R129/2000/r129-2000-nl1-2016-03: {"type" => "error", "error" => {"type" => "rate_limit_error", "code" => "1302", "message" => "[1302][Rate limit reached for requests][20261007114426ff803e8257dd4528]"}, "request_id" => "20261007114426ff8
FAIL R129/2000/r129-2000-nl1-2016-04: API error for R129/2000/r129-2000-nl1-2016-04: {"type" => "error", "error" => {"type" => "rate_limit_error", "code" => "1302", "message" => "[1302][Rate limit reached for requests][2026100711442650f8181473744336]"}, "request_id" => "2026100711442650f
FAIL R129/2000/r129-2000-nl1-2016-05: API error for R129/2000/r129-2000-nl1-2016-05: {"type" => "error", "error" => {"type" => "rate_limit_error", "code" => "1302", "message" => "[1302][Rate limit reached for requests][2026100711442653b049e14ed74f66]"}, "request_id" => "2026100711442653b
FAIL R129/2000/r129-2000-nl1-2016-06: API error for R129/2000/r129-2000-nl1-2016-06: {"type" => "error", "error" => {"type" => "rate_limit_error", "code" => "1302", "message" => "[1302][Rate limit reached for requests][2026100711442781d266b14e3f4aa7]"}, "request_id" => "2026100711442781d
FAIL R129/2000/r129-2000-nl1-2016-07: API error for R129/2000/r129-2000-nl1-2016-07: {"type" => "error", "error" => {"type" => "rate_limit_error", "code" => "1302", "message" => "[1302][Rate limit reached for requests][202610071144279db24000e46c426e]"}, "request_id" => "202610071144279db
FAIL R129/2000/r129-2000-nl1-2017-02: API error for R129/2000/r129-2000-nl1-2017-02: {"type" => "error", "error" => {"type" => "rate_limit_error", "code" => "1302", "message" => "[1302][Rate limit reached for requests][20261007114427abc53f5017064e9f]"}, "request_id" => "20261007114427abc
FAIL R129/2000/r129-2000-nl1-2017-03: API error for R129/2000/r129-2000-nl1-2017-03: {"type" => "error", "error" => {"type" => "rate_limit_error", "code" => "1302", "message" => "[1302][Rate limit reached for requests][20261007114428cab4acb7e4984589]"}, "request_id" => "20261007114428cab
FAIL R129/2000/r129-2000-nl1-2018-01: API error for R129/2000/r129-2000-nl1-2018-01: {"type" => "error", "error" => {"type" => "rate_limit_error", "code" => "1302", "message" => "[1302][Rate limit reached for requests][2026100711442827890a5bc7034eb1]"}, "request_id" => "20261007114428278
FAIL R129/2000/r129-2000-nl1-2018-02: API error for R129/2000/r129-2000-nl1-2018-02: {"type" => "error", "error" => {"type" => "rate_limit_error", "code" => "1302", "message" => "[1302][Rate limit reached for requests][202610071144283efce8a1fe024701]"}, "request_id" => "202610071144283ef
FAIL R129/2000/r129-2000-nl1-2019-01: API error for R129/2000/r129-2000-nl1-2019-01: {"type" => "error", "error" => {"type" => "rate_limit_error", "code" => "1302", "message" => "[1302][Rate limit reached for requests][20261007114428edfd1785e6024b37]"}, "request_id" => "20261007114428edf
FAIL R129/2000/r129-2000-nl1-2019-02: API error for R129/2000/r129-2000-nl1-2019-02: {"type" => "error", "error" => {"type" => "rate_limit_error", "code" => "1302", "message" => "[1302][Rate limit reached for requests][202610071144294d12c3790bc741d0]"}, "request_id" => "202610071144294d1
FAIL R129/2000/r129-2000-nl1-2020-01-rev1: API error for R129/2000/r129-2000-nl1-2020-01-rev1: {"type" => "error", "error" => {"type" => "rate_limit_error", "code" => "1302", "message" => "[1302][Rate limit reached for requests][20261007114429f218e06699484adb]"}, "request_id" => "202610071144
FAIL R129/2000/r129-2000-nl1-2020-01: API error for R129/2000/r129-2000-nl1-2020-01: {"type" => "error", "error" => {"type" => "rate_limit_error", "code" => "1302", "message" => "[1302][Rate limit reached for requests][20261007114429741847bb68c64cdc]"}, "request_id" => "20261007114429741
FAIL R129/2000/r129-2000-nl1-2020-02: API error for R129/2000/r129-2000-nl1-2020-02: {"type" => "error", "error" => {"type" => "rate_limit_error", "code" => "1302", "message" => "[1302][Rate limit reached for requests][20261007114429d8a6995af5164548]"}, "request_id" => "20261007114429d8a
FAIL R129/2000/r129-2000-nl1-2020-03-rev1: API error for R129/2000/r129-2000-nl1-2020-03-rev1: {"type" => "error", "error" => {"type" => "rate_limit_error", "code" => "1302", "message" => "[1302][Rate limit reached for requests][20261007114430e23d52850b76464b]"}, "request_id" => "202610071144
FAIL R129/2000/r129-2000-nl1-2020-03-rev2: API error for R129/2000/r129-2000-nl1-2020-03-rev2: {"type" => "error", "error" => {"type" => "rate_limit_error", "code" => "1302", "message" => "[1302][Rate limit reached for requests][2026100711443073f5f1571edb478b]"}, "request_id" => "202610071144
FAIL R129/2000/r129-2000-nl1-2020-03: API error for R129/2000/r129-2000-nl1-2020-03: {"type" => "error", "error" => {"type" => "rate_limit_error", "code" => "1302", "message" => "[1302][Rate limit reached for requests][20261007114430ec2b5e1d2b464a88]"}, "request_id" => "20261007114430ec2
FAIL R129/2000/r129-2000-nl1-2020-04-rev1: API error for R129/2000/r129-2000-nl1-2020-04-rev1: {"type" => "error", "error" => {"type" => "rate_limit_error", "code" => "1302", "message" => "[1302][Rate limit reached for requests][202610071144306c79eea00ea14c36]"}, "request_id" => "202610071144
FAIL R129/2000/r129-2000-nl1-2020-04-rev2: API error for R129/2000/r129-2000-nl1-2020-04-rev2: {"type" => "error", "error" => {"type" => "rate_limit_error", "code" => "1302", "message" => "[1302][Rate limit reached for requests][2026100711443173964a695bda4b66]"}, "request_id" => "202610071144
FAIL R129/2000/r129-2000-nl1-2020-04-rev3: API error for R129/2000/r129-2000-nl1-2020-04-rev3: {"type" => "error", "error" => {"type" => "rate_limit_error", "code" => "1302", "message" => "[1302][Rate limit reached for requests][202610071144313749ba1a7e934e9e]"}, "request_id" => "202610071144
FAIL R129/2000/r129-2000-nl1-2020-04: API error for R129/2000/r129-2000-nl1-2020-04: {"type" => "error", "error" => {"type" => "rate_limit_error", "code" => "1302", "message" => "[1302][Rate limit reached for requests][20261007114431b1d807e46f9a4256]"}, "request_id" => "20261007114431b1d
FAIL R129/2000/r129-2000-nl1-2020-05-rev1: API error for R129/2000/r129-2000-nl1-2020-05-rev1: {"type" => "error", "error" => {"type" => "rate_limit_error", "code" => "1302", "message" => "[1302][Rate limit reached for requests][20261007114431e2ac6657b0bc4feb]"}, "request_id" => "202610071144
FAIL R129/2000/r129-2000-nl1-2020-05: API error for R129/2000/r129-2000-nl1-2020-05: {"type" => "error", "error" => {"type" => "rate_limit_error", "code" => "1302", "message" => "[1302][Rate limit reached for requests][20261007114432d4a0207940964a20]"}, "request_id" => "20261007114432d4a
FAIL R129/2000/r129-2000-nl1-2021-01: API error for R129/2000/r129-2000-nl1-2021-01: {"type" => "error", "error" => {"type" => "rate_limit_error", "code" => "1302", "message" => "[1302][Rate limit reached for requests][20261007114432c9d7e02adbca4f75]"}, "request_id" => "20261007114432c9d
FAIL R129/2000/r129-2000-nl1-2021-02-rev1: API error for R129/2000/r129-2000-nl1-2021-02-rev1: {"type" => "error", "error" => {"type" => "rate_limit_error", "code" => "1302", "message" => "[1302][Rate limit reached for requests][20261007114432a1a2dfa7f2124698]"}, "request_id" => "202610071144
FAIL R129/2000/r129-2000-nl1-2021-02: API error for R129/2000/r129-2000-nl1-2021-02: {"type" => "error", "error" => {"type" => "rate_limit_error", "code" => "1302", "message" => "[1302][Rate limit reached for requests][202610071144333e6ff0d4520a4c48]"}, "request_id" => "202610071144333e6
FAIL R129/2000/r129-2000-nl1-2021-03: API error for R129/2000/r129-2000-nl1-2021-03: {"type" => "error", "error" => {"type" => "rate_limit_error", "code" => "1302", "message" => "[1302][Rate limit reached for requests][20261007114433a8915950f2a34248]"}, "request_id" => "20261007114433a89
FAIL R129/2000/r129-2000-nl1-2021-04: API error for R129/2000/r129-2000-nl1-2021-04: {"type" => "error", "error" => {"type" => "rate_limit_error", "code" => "1302", "message" => "[1302][Rate limit reached for requests][20261007114433d20daa5632134abb]"}, "request_id" => "20261007114433d20
FAIL R129/2000/r129-2000-nl1-2021-05: API error for R129/2000/r129-2000-nl1-2021-05: {"type" => "error", "error" => {"type" => "rate_limit_error", "code" => "1302", "message" => "[1302][Rate limit reached for requests][202610071144336b1c0eee7e6f4a68]"}, "request_id" => "202610071144336b1
FAIL R129/2000/r129-2000-nl1-2021-06: API error for R129/2000/r129-2000-nl1-2021-06: {"type" => "error", "error" => {"type" => "rate_limit_error", "code" => "1302", "message" => "[1302][Rate limit reached for requests][2026100711443466156d7d20424c75]"}, "request_id" => "20261007114434661
FAIL R129/2000/r129-2000-nl1-2022-01-rev0: API error for R129/2000/r129-2000-nl1-2022-01-rev0: {"type" => "error", "error" => {"type" => "rate_limit_error", "code" => "1302", "message" => "[1302][Rate limit reached for requests][20261007114434c0f8383d224c452f]"}, "request_id" => "202610071144
FAIL R129/2000/r129-2000-nl1-2023-01-rev0: API error for R129/2000/r129-2000-nl1-2023-01-rev0: {"type" => "error", "error" => {"type" => "rate_limit_error", "code" => "1302", "message" => "[1302][Rate limit reached for requests][202610071144349a7e29ef8cd64f6a]"}, "request_id" => "202610071144
FAIL R129/2000/r129-2000-nl1-2023-02-rev0: API error for R129/2000/r129-2000-nl1-2023-02-rev0: {"type" => "error", "error" => {"type" => "rate_limit_error", "code" => "1302", "message" => "[1302][Rate limit reached for requests][20261007114434f05777da63624384]"}, "request_id" => "202610071144
FAIL R129/2000/r129-2000-nl1-2023-02-rev1: API error for R129/2000/r129-2000-nl1-2023-02-rev1: {"type" => "error", "error" => {"type" => "rate_limit_error", "code" => "1302", "message" => "[1302][Rate limit reached for requests][202610071144355c4d12df562548e7]"}, "request_id" => "202610071144
FAIL R129/2000/r129-2000-nl1-2023-03-rev0: API error for R129/2000/r129-2000-nl1-2023-03-rev0: {"type" => "error", "error" => {"type" => "rate_limit_error", "code" => "1302", "message" => "[1302][Rate limit reached for requests][202610071144352c16d5fcfe8b4ac2]"}, "request_id" => "202610071144
FAIL R129/2000/r129-2000-nl1-2023-04-rev0: API error for R129/2000/r129-2000-nl1-2023-04-rev0: {"type" => "error", "error" => {"type" => "rate_limit_error", "code" => "1302", "message" => "[1302][Rate limit reached for requests][202610071144357bfb6b40f18f419a]"}, "request_id" => "202610071144
FAIL R129/2000/r129-2000-nl1-2024-01-rev0: API error for R129/2000/r129-2000-nl1-2024-01-rev0: {"type" => "error", "error" => {"type" => "rate_limit_error", "code" => "1302", "message" => "[1302][Rate limit reached for requests][2026100711443693fee732b516438a]"}, "request_id" => "202610071144
FAIL R129/2000/r129-2000-nl1-2024-01-rev1: API error for R129/2000/r129-2000-nl1-2024-01-rev1: {"type" => "error", "error" => {"type" => "rate_limit_error", "code" => "1302", "message" => "[1302][Rate limit reached for requests][20261007114436738b7cd10b3041c3]"}, "request_id" => "202610071144
FAIL R129/2000/r129-2000-nl1-2024-02-rev1: API error for R129/2000/r129-2000-nl1-2024-02-rev1: {"type" => "error", "error" => {"type" => "rate_limit_error", "code" => "1302", "message" => "[1302][Rate limit reached for requests][20261007114436b0aed87b9f2247f8]"}, "request_id" => "202610071144
FAIL R129/2000/r129-2000-nl1-2024-04-rev0: API error for R129/2000/r129-2000-nl1-2024-04-rev0: {"type" => "error", "error" => {"type" => "rate_limit_error", "code" => "1302", "message" => "[1302][Rate limit reached for requests][20261007114436bb0e6bab068f4e6b]"}, "request_id" => "202610071144
FAIL R129/2000/r129-2000-nl1-2024-04-rev1: API error for R129/2000/r129-2000-nl1-2024-04-rev1: {"type" => "error", "error" => {"type" => "rate_limit_error", "code" => "1302", "message" => "[1302][Rate limit reached for requests][20261007114436661c5e270eaa4366]"}, "request_id" => "202610071144
FAIL R129/2000/r129-2000-no1-2006-02: API error for R129/2000/r129-2000-no1-2006-02: {"type" => "error", "error" => {"type" => "rate_limit_error", "code" => "1302", "message" => "[1302][Rate limit reached for requests][20261007114437d90766d4caef4d73]"}, "request_id" => "20261007114437d90
FAIL R129/2000/r129-2000-no1-2006-03: API error for R129/2000/r129-2000-no1-2006-03: {"type" => "error", "error" => {"type" => "rate_limit_error", "code" => "1302", "message" => "[1302][Rate limit reached for requests][20261007114437c5491f002e864bc8]"}, "request_id" => "20261007114437c54
FAIL R129/2000/r129-2000-no1-2007-01: API error for R129/2000/r129-2000-no1-2007-01: {"type" => "error", "error" => {"type" => "rate_limit_error", "code" => "1302", "message" => "[1302][Rate limit reached for requests][20261007114437ab6e802b67af4a56]"}, "request_id" => "20261007114437ab6
FAIL R129/2000/r129-2000-no1-2007-02: API error for R129/2000/r129-2000-no1-2007-02: {"type" => "error", "error" => {"type" => "rate_limit_error", "code" => "1302", "message" => "[1302][Rate limit reached for requests][202610071144384627c8e681e5488a]"}, "request_id" => "20261007114438462
FAIL R129/2000/r129-2000-no1-2007-03: API error for R129/2000/r129-2000-no1-2007-03: {"type" => "error", "error" => {"type" => "rate_limit_error", "code" => "1302", "message" => "[1302][Rate limit reached for requests][202610071144380f66f4c3cdbd4fc6]"}, "request_id" => "202610071144380f6
FAIL R134/2003/r134-2003-dk1-2009-01: API error for R134/2003/r134-2003-dk1-2009-01: {"type" => "error", "error" => {"type" => "rate_limit_error", "code" => "1302", "message" => "[1302][Rate limit reached for requests][2026100711443805f9186d29604ba3]"}, "request_id" => "2026100711443805f
FAIL R134/2003/r134-2003-dk3-2011-01: API error for R134/2003/r134-2003-dk3-2011-01: {"type" => "error", "error" => {"type" => "rate_limit_error", "code" => "1302", "message" => "[1302][Rate limit reached for requests][2026100711443898c08dc9b3b24218]"}, "request_id" => "2026100711443898c
FAIL R134/2003/r134-2003-nl1-2008-01-rev1: API error for R134/2003/r134-2003-nl1-2008-01-rev1: {"type" => "error", "error" => {"type" => "rate_limit_error", "code" => "1302", "message" => "[1302][Rate limit reached for requests][202610071144396cc18eb1b87c4a3d]"}, "request_id" => "202610071144
FAIL R134/2003/r134-2003-nl1-2008-01: API error for R134/2003/r134-2003-nl1-2008-01: {"type" => "error", "error" => {"type" => "rate_limit_error", "code" => "1302", "message" => "[1302][Rate limit reached for requests][20261007114439ea8b3ec5f6e643ca]"}, "request_id" => "20261007114439ea8
FAIL R137/2012/r137-2012-cn2-2018-02: API error for R137/2012/r137-2012-cn2-2018-02: {"type" => "error", "error" => {"type" => "rate_limit_error", "code" => "1302", "message" => "[1302][Rate limit reached for requests][202610071144396cc413df2c3b46d3]"}, "request_id" => "202610071144396cc
FAIL R137/2012/r137-2012-cz1-2022-01-rev1: API error for R137/2012/r137-2012-cz1-2022-01-rev1: {"type" => "error", "error" => {"type" => "rate_limit_error", "code" => "1302", "message" => "[1302][Rate limit reached for requests][20261007114439ce11f62e6fdc443d]"}, "request_id" => "202610071144
FAIL R137/2012/r137-2012-cz1-2023-02: API error for R137/2012/r137-2012-cz1-2023-02: {"type" => "error", "error" => {"type" => "rate_limit_error", "code" => "1302", "message" => "[1302][Rate limit reached for requests][20261007114440879d88ed72f14086]"}, "request_id" => "20261007114440879
FAIL R137/2012/r137-2012-cz1-2023-03: API error for R137/2012/r137-2012-cz1-2023-03: {"type" => "error", "error" => {"type" => "rate_limit_error", "code" => "1302", "message" => "[1302][Rate limit reached for requests][20261007114440aec6bbc921254c97]"}, "request_id" => "20261007114440aec
FAIL R137/2012/r137-2012-cz1-2024-02: API error for R137/2012/r137-2012-cz1-2024-02: {"type" => "error", "error" => {"type" => "rate_limit_error", "code" => "1302", "message" => "[1302][Rate limit reached for requests][20261007114441f6f9e60baf814b29]"}, "request_id" => "20261007114441f6f
FAIL R137/2012/r137-2012-cz1-2024-03: API error for R137/2012/r137-2012-cz1-2024-03: {"type" => "error", "error" => {"type" => "rate_limit_error", "code" => "1302", "message" => "[1302][Rate limit reached for requests][20261007114441b293ad03b6024507]"}, "request_id" => "20261007114441b29
FAIL R137/2012/r137-2012-cz1-2024-04: API error for R137/2012/r137-2012-cz1-2024-04: {"type" => "error", "error" => {"type" => "rate_limit_error", "code" => "1302", "message" => "[1302][Rate limit reached for requests][20261007114441c7c525e5ce8d4932]"}, "request_id" => "20261007114441c7c
FAIL R137/2012/r137-2012-it2-2024-01-rev02: API error for R137/2012/r137-2012-it2-2024-01-rev02: {"type" => "error", "error" => {"type" => "rate_limit_error", "code" => "1302", "message" => "[1302][Rate limit reached for requests][202610071144412031d7c3c92d428f]"}, "request_id" => "20261007114
FAIL R137/2012/r137-2012-it2-2024-01-rev1: API error for R137/2012/r137-2012-it2-2024-01-rev1: {"type" => "error", "error" => {"type" => "rate_limit_error", "code" => "1302", "message" => "[1302][Rate limit reached for requests][20261007114442e6af89b1f07247b1]"}, "request_id" => "202610071144
FAIL R137/2012/r137-2012-it2-2025-01-rev1: API error for R137/2012/r137-2012-it2-2025-01-rev1: {"type" => "error", "error" => {"type" => "rate_limit_error", "code" => "1302", "message" => "[1302][Rate limit reached for requests][202610071144424cae1a0e4bd642ac]"}, "request_id" => "202610071144
FAIL R137/2012/r137-2012-it2-2025-02: API error for R137/2012/r137-2012-it2-2025-02: {"type" => "error", "error" => {"type" => "rate_limit_error", "code" => "1302", "message" => "[1302][Rate limit reached for requests][2026100711444270ad4f3f9ee947ba]"}, "request_id" => "2026100711444270a
FAIL R137/2012/r137-2012-it2-2025-03: API error for R137/2012/r137-2012-it2-2025-03: {"type" => "error", "error" => {"type" => "rate_limit_error", "code" => "1302", "message" => "[1302][Rate limit reached for requests][2026100711444344efefabd50d4bbb]"}, "request_id" => "2026100711444344e
FAIL R137/2012/r137-2012-nl1-2014-03-rev1: API error for R137/2012/r137-2012-nl1-2014-03-rev1: {"type" => "error", "error" => {"type" => "rate_limit_error", "code" => "1302", "message" => "[1302][Rate limit reached for requests][2026100711444312253210e49e49d8]"}, "request_id" => "202610071144
FAIL R137/2012/r137-2012-nl1-2015-01: API error for R137/2012/r137-2012-nl1-2015-01: {"type" => "error", "error" => {"type" => "rate_limit_error", "code" => "1302", "message" => "[1302][Rate limit reached for requests][20261007114443b7debf8650d9426b]"}, "request_id" => "20261007114443b7d
FAIL R137/2012/r137-2012-nl1-2015-03: API error for R137/2012/r137-2012-nl1-2015-03: {"type" => "error", "error" => {"type" => "rate_limit_error", "code" => "1302", "message" => "[1302][Rate limit reached for requests][202610071144443a415a3615164d71]"}, "request_id" => "202610071144443a4
FAIL R137/2012/r137-2012-nl1-2015-04: API error for R137/2012/r137-2012-nl1-2015-04: {"type" => "error", "error" => {"type" => "rate_limit_error", "code" => "1302", "message" => "[1302][Rate limit reached for requests][202610071144440f90f9fc22a74de1]"}, "request_id" => "202610071144440f9
FAIL R137/2012/r137-2012-nl1-2015-05: API error for R137/2012/r137-2012-nl1-2015-05: {"type" => "error", "error" => {"type" => "rate_limit_error", "code" => "1302", "message" => "[1302][Rate limit reached for requests][202610071144448202cf280fcb4679]"}, "request_id" => "20261007114444820
FAIL R137/2012/r137-2012-nl1-2015-06: API error for R137/2012/r137-2012-nl1-2015-06: {"type" => "error", "error" => {"type" => "rate_limit_error", "code" => "1302", "message" => "[1302][Rate limit reached for requests][202610071144442f1b84d308c54ce4]"}, "request_id" => "202610071144442f1
FAIL R137/2012/r137-2012-nl1-2015-08: API error for R137/2012/r137-2012-nl1-2015-08: {"type" => "error", "error" => {"type" => "rate_limit_error", "code" => "1302", "message" => "[1302][Rate limit reached for requests][202610071144459cab42113e4d4cf9]"}, "request_id" => "202610071144459ca
FAIL R137/2012/r137-2012-nl1-2015-09-rev3: API error for R137/2012/r137-2012-nl1-2015-09-rev3: {"type" => "error", "error" => {"type" => "rate_limit_error", "code" => "1302", "message" => "[1302][Rate limit reached for requests][2026100711444556a86361795a4f67]"}, "request_id" => "202610071144
FAIL R137/2012/r137-2012-nl1-2015-10: API error for R137/2012/r137-2012-nl1-2015-10: {"type" => "error", "error" => {"type" => "rate_limit_error", "code" => "1302", "message" => "[1302][Rate limit reached for requests][202610071144454721d01ab3c04ed4]"}, "request_id" => "20261007114445472
FAIL R137/2012/r137-2012-nl1-2016-01-rev1: API error for R137/2012/r137-2012-nl1-2016-01-rev1: {"type" => "error", "error" => {"type" => "rate_limit_error", "code" => "1302", "message" => "[1302][Rate limit reached for requests][202610071144455d60acf4a7ef410a]"}, "request_id" => "202610071144
FAIL R137/2012/r137-2012-nl1-2016-06: API error for R137/2012/r137-2012-nl1-2016-06: {"type" => "error", "error" => {"type" => "rate_limit_error", "code" => "1302", "message" => "[1302][Rate limit reached for requests][20261007114446c70320bbe80544ef]"}, "request_id" => "20261007114446c70
FAIL R137/2012/r137-2012-nl1-2016-07: API error for R137/2012/r137-2012-nl1-2016-07: {"type" => "error", "error" => {"type" => "rate_limit_error", "code" => "1302", "message" => "[1302][Rate limit reached for requests][202610071144466701a7d2c3644308]"}, "request_id" => "20261007114446670
FAIL R137/2012/r137-2012-nl1-2016-09-rev2: API error for R137/2012/r137-2012-nl1-2016-09-rev2: {"type" => "error", "error" => {"type" => "rate_limit_error", "code" => "1302", "message" => "[1302][Rate limit reached for requests][2026100711444606ee84fab86440a6]"}, "request_id" => "202610071144
FAIL R137/2012/r137-2012-nl1-2016-09: API error for R137/2012/r137-2012-nl1-2016-09: {"type" => "error", "error" => {"type" => "rate_limit_error", "code" => "1302", "message" => "[1302][Rate limit reached for requests][2026100711444676d51b7bb88348fb]"}, "request_id" => "2026100711444676d
FAIL R137/2012/r137-2012-nl1-2016-10: API error for R137/2012/r137-2012-nl1-2016-10: {"type" => "error", "error" => {"type" => "rate_limit_error", "code" => "1302", "message" => "[1302][Rate limit reached for requests][20261007114447610d4357cb2b47a7]"}, "request_id" => "20261007114447610
FAIL R137/2012/r137-2012-nl1-2016-13: API error for R137/2012/r137-2012-nl1-2016-13: {"type" => "error", "error" => {"type" => "rate_limit_error", "code" => "1302", "message" => "[1302][Rate limit reached for requests][2026100711444775c2a134d5d24870]"}, "request_id" => "2026100711444775c
FAIL R137/2012/r137-2012-nl1-2016-14: API error for R137/2012/r137-2012-nl1-2016-14: {"type" => "error", "error" => {"type" => "rate_limit_error", "code" => "1302", "message" => "[1302][Rate limit reached for requests][2026100711444749afd5d119b4406a]"}, "request_id" => "2026100711444749a
FAIL R137/2012/r137-2012-nl1-2016-15-annex1: API error for R137/2012/r137-2012-nl1-2016-15-annex1: {"type" => "error", "error" => {"type" => "rate_limit_error", "code" => "1302", "message" => "[1302][Rate limit reached for requests][20261007114447011709962b2f4c01]"}, "request_id" => "2026100711
FAIL R137/2012/r137-2012-nl1-2016-18: API error for R137/2012/r137-2012-nl1-2016-18: {"type" => "error", "error" => {"type" => "rate_limit_error", "code" => "1302", "message" => "[1302][Rate limit reached for requests][20261007114448ec383447b4a147bf]"}, "request_id" => "20261007114448ec3
FAIL R137/2012/r137-2012-nl1-2017-01: API error for R137/2012/r137-2012-nl1-2017-01: {"type" => "error", "error" => {"type" => "rate_limit_error", "code" => "1302", "message" => "[1302][Rate limit reached for requests][20261007114448f29a221cd42b444e]"}, "request_id" => "20261007114448f29
FAIL R137/2012/r137-2012-nl1-2017-04: API error for R137/2012/r137-2012-nl1-2017-04: {"type" => "error", "error" => {"type" => "rate_limit_error", "code" => "1302", "message" => "[1302][Rate limit reached for requests][20261007114448f5a467df111940eb]"}, "request_id" => "20261007114448f5a
FAIL R137/2012/r137-2012-nl1-2017-05: API error for R137/2012/r137-2012-nl1-2017-05: {"type" => "error", "error" => {"type" => "rate_limit_error", "code" => "1302", "message" => "[1302][Rate limit reached for requests][2026100711444903a63347fa4c4929]"}, "request_id" => "2026100711444903a
FAIL R137/2012/r137-2012-nl1-2017-06: API error for R137/2012/r137-2012-nl1-2017-06: {"type" => "error", "error" => {"type" => "rate_limit_error", "code" => "1302", "message" => "[1302][Rate limit reached for requests][20261007114449e5fce2e7b2fe4166]"}, "request_id" => "20261007114449e5f
FAIL R137/2012/r137-2012-nl1-2017-08-rev1: API error for R137/2012/r137-2012-nl1-2017-08-rev1: {"type" => "error", "error" => {"type" => "rate_limit_error", "code" => "1302", "message" => "[1302][Rate limit reached for requests][2026100711444943254bdb530a46b2]"}, "request_id" => "202610071144
FAIL R137/2012/r137-2012-nl1-2017-08-rev2: API error for R137/2012/r137-2012-nl1-2017-08-rev2: {"type" => "error", "error" => {"type" => "rate_limit_error", "code" => "1302", "message" => "[1302][Rate limit reached for requests][202610071144501cadb1babf8d47ce]"}, "request_id" => "202610071144
FAIL R137/2012/r137-2012-nl1-2017-08: API error for R137/2012/r137-2012-nl1-2017-08: {"type" => "error", "error" => {"type" => "rate_limit_error", "code" => "1302", "message" => "[1302][Rate limit reached for requests][2026100711445025a7b46b02084907]"}, "request_id" => "2026100711445025a
FAIL R137/2012/r137-2012-nl1-2018-02-rev1: API error for R137/2012/r137-2012-nl1-2018-02-rev1: {"type" => "error", "error" => {"type" => "rate_limit_error", "code" => "1302", "message" => "[1302][Rate limit reached for requests][202610071144504d7dc64d1a5a41e1]"}, "request_id" => "202610071144
FAIL R137/2012/r137-2012-nl1-2018-02: API error for R137/2012/r137-2012-nl1-2018-02: {"type" => "error", "error" => {"type" => "rate_limit_error", "code" => "1302", "message" => "[1302][Rate limit reached for requests][20261007114450534dce8b53d044af]"}, "request_id" => "20261007114450534
FAIL R137/2012/r137-2012-nl1-2018-04: API error for R137/2012/r137-2012-nl1-2018-04: {"type" => "error", "error" => {"type" => "rate_limit_error", "code" => "1302", "message" => "[1302][Rate limit reached for requests][20261007114451bab21b1805ff4d0a]"}, "request_id" => "20261007114451bab
FAIL R137/2012/r137-2012-nl1-2018-05: API error for R137/2012/r137-2012-nl1-2018-05: {"type" => "error", "error" => {"type" => "rate_limit_error", "code" => "1302", "message" => "[1302][Rate limit reached for requests][202610071144514bb4bc13385d46c8]"}, "request_id" => "202610071144514bb
FAIL R137/2012/r137-2012-nl1-2018-06: API error for R137/2012/r137-2012-nl1-2018-06: {"type" => "error", "error" => {"type" => "rate_limit_error", "code" => "1302", "message" => "[1302][Rate limit reached for requests][20261007114451df769c35d3184152]"}, "request_id" => "20261007114451df7
FAIL R137/2012/r137-2012-nl1-2018-08: API error for R137/2012/r137-2012-nl1-2018-08: {"type" => "error", "error" => {"type" => "rate_limit_error", "code" => "1302", "message" => "[1302][Rate limit reached for requests][202610071144515055db1f62c3430c]"}, "request_id" => "20261007114451505
FAIL R137/2012/r137-2012-nl1-2018-09-rev1: API error for R137/2012/r137-2012-nl1-2018-09-rev1: {"type" => "error", "error" => {"type" => "rate_limit_error", "code" => "1302", "message" => "[1302][Rate limit reached for requests][2026100711445236ce58506d824619]"}, "request_id" => "202610071144
FAIL R137/2012/r137-2012-nl1-2018-12: API error for R137/2012/r137-2012-nl1-2018-12: {"type" => "error", "error" => {"type" => "rate_limit_error", "code" => "1302", "message" => "[1302][Rate limit reached for requests][202610071144527816f3c005de46b0]"}, "request_id" => "20261007114452781
FAIL R137/2012/r137-2012-nl1-2018-14: API error for R137/2012/r137-2012-nl1-2018-14: {"type" => "error", "error" => {"type" => "rate_limit_error", "code" => "1302", "message" => "[1302][Rate limit reached for requests][202610071144522b5ffc2e2e624920]"}, "request_id" => "202610071144522b5
FAIL R137/2012/r137-2012-nl1-2018-15: API error for R137/2012/r137-2012-nl1-2018-15: {"type" => "error", "error" => {"type" => "rate_limit_error", "code" => "1302", "message" => "[1302][Rate limit reached for requests][20261007114452c5089726e9374e41]"}, "request_id" => "20261007114452c50
FAIL R137/2012/r137-2012-nl1-2018-17: API error for R137/2012/r137-2012-nl1-2018-17: {"type" => "error", "error" => {"type" => "rate_limit_error", "code" => "1302", "message" => "[1302][Rate limit reached for requests][202610071144537d799571d2754771]"}, "request_id" => "202610071144537d7
FAIL R137/2012/r137-2012-nl1-2019-01: API error for R137/2012/r137-2012-nl1-2019-01: {"type" => "error", "error" => {"type" => "rate_limit_error", "code" => "1302", "message" => "[1302][Rate limit reached for requests][2026100711445366284b218def45a2]"}, "request_id" => "20261007114453662
FAIL R137/2012/r137-2012-nl1-2019-02: API error for R137/2012/r137-2012-nl1-2019-02: {"type" => "error", "error" => {"type" => "rate_limit_error", "code" => "1302", "message" => "[1302][Rate limit reached for requests][20261007114453968267895a574501]"}, "request_id" => "20261007114453968
FAIL R137/2012/r137-2012-nl1-2019-04: API error for R137/2012/r137-2012-nl1-2019-04: {"type" => "error", "error" => {"type" => "rate_limit_error", "code" => "1302", "message" => "[1302][Rate limit reached for requests][2026100711445408656deaa55b4b7b]"}, "request_id" => "20261007114454086
FAIL R137/2012/r137-2012-nl1-2019-06: API error for R137/2012/r137-2012-nl1-2019-06: {"type" => "error", "error" => {"type" => "rate_limit_error", "code" => "1302", "message" => "[1302][Rate limit reached for requests][202610071144547cb78e715ebb4d7a]"}, "request_id" => "202610071144547cb
FAIL R137/2012/r137-2012-nl1-2019-08: API error for R137/2012/r137-2012-nl1-2019-08: {"type" => "error", "error" => {"type" => "rate_limit_error", "code" => "1302", "message" => "[1302][Rate limit reached for requests][20261007114454f06f70b819154022]"}, "request_id" => "20261007114454f06
FAIL R137/2012/r137-2012-nl1-2019-09: API error for R137/2012/r137-2012-nl1-2019-09: {"type" => "error", "error" => {"type" => "rate_limit_error", "code" => "1302", "message" => "[1302][Rate limit reached for requests][202610071144548cb0f7a6fbb04f84]"}, "request_id" => "202610071144548cb
FAIL R137/2012/r137-2012-nl1-2019-12: API error for R137/2012/r137-2012-nl1-2019-12: {"type" => "error", "error" => {"type" => "rate_limit_error", "code" => "1302", "message" => "[1302][Rate limit reached for requests][20261007114454494b28f35d4e4e2a]"}, "request_id" => "20261007114454494
FAIL R137/2012/r137-2012-nl1-2019-14-rev1: API error for R137/2012/r137-2012-nl1-2019-14-rev1: {"type" => "error", "error" => {"type" => "rate_limit_error", "code" => "1302", "message" => "[1302][Rate limit reached for requests][20261007114455e6ac9ae86703434d]"}, "request_id" => "202610071144
FAIL R137/2012/r137-2012-nl1-2019-14: API error for R137/2012/r137-2012-nl1-2019-14: {"type" => "error", "error" => {"type" => "rate_limit_error", "code" => "1302", "message" => "[1302][Rate limit reached for requests][20261007114455970c24e1c8084d12]"}, "request_id" => "20261007114455970
FAIL R137/2012/r137-2012-nl1-2020-01: API error for R137/2012/r137-2012-nl1-2020-01: {"type" => "error", "error" => {"type" => "rate_limit_error", "code" => "1302", "message" => "[1302][Rate limit reached for requests][20261007114455b2eeff88dc0e49a5]"}, "request_id" => "20261007114455b2e
FAIL R137/2012/r137-2012-nl1-2020-03: API error for R137/2012/r137-2012-nl1-2020-03: {"type" => "error", "error" => {"type" => "rate_limit_error", "code" => "1302", "message" => "[1302][Rate limit reached for requests][20261007114456a7fdd8548d274eaa]"}, "request_id" => "20261007114456a7f
FAIL R137/2012/r137-2012-nl1-2020-04-rev2: API error for R137/2012/r137-2012-nl1-2020-04-rev2: {"type" => "error", "error" => {"type" => "rate_limit_error", "code" => "1302", "message" => "[1302][Rate limit reached for requests][202610071144560aa8b875f9b44a3c]"}, "request_id" => "202610071144
FAIL R137/2012/r137-2012-nl1-2020-04-rev3: API error for R137/2012/r137-2012-nl1-2020-04-rev3: {"type" => "error", "error" => {"type" => "rate_limit_error", "code" => "1302", "message" => "[1302][Rate limit reached for requests][20261007114456939d9a2b012c44f7]"}, "request_id" => "202610071144
FAIL R137/2012/r137-2012-nl1-2020-04-rev4: API error for R137/2012/r137-2012-nl1-2020-04-rev4: {"type" => "error", "error" => {"type" => "rate_limit_error", "code" => "1302", "message" => "[1302][Rate limit reached for requests][2026100711445665d4bc47732d4f59]"}, "request_id" => "202610071144
FAIL R137/2012/r137-2012-nl1-2020-04-rev5: API error for R137/2012/r137-2012-nl1-2020-04-rev5: {"type" => "error", "error" => {"type" => "rate_limit_error", "code" => "1302", "message" => "[1302][Rate limit reached for requests][20261007114457a0b59d4bdf0b4c4e]"}, "request_id" => "202610071144
FAIL R137/2012/r137-2012-nl1-2020-04-rev6: API error for R137/2012/r137-2012-nl1-2020-04-rev6: {"type" => "error", "error" => {"type" => "rate_limit_error", "code" => "1302", "message" => "[1302][Rate limit reached for requests][202610071144578a12591644ae4e42]"}, "request_id" => "202610071144
FAIL R137/2012/r137-2012-nl1-2020-04-rev7: API error for R137/2012/r137-2012-nl1-2020-04-rev7: {"type" => "error", "error" => {"type" => "rate_limit_error", "code" => "1302", "message" => "[1302][Rate limit reached for requests][20261007114457184c02c2c3674fe5]"}, "request_id" => "202610071144
FAIL R137/2012/r137-2012-nl1-2020-04-rev9: API error for R137/2012/r137-2012-nl1-2020-04-rev9: {"type" => "error", "error" => {"type" => "rate_limit_error", "code" => "1302", "message" => "[1302][Rate limit reached for requests][20261007114457ef94ce402b7d4b80]"}, "request_id" => "202610071144
FAIL R137/2012/r137-2012-nl1-2020-04: API error for R137/2012/r137-2012-nl1-2020-04: {"type" => "error", "error" => {"type" => "rate_limit_error", "code" => "1302", "message" => "[1302][Rate limit reached for requests][20261007114458ef122f23f5ef40f1]"}, "request_id" => "20261007114458ef1
FAIL R137/2012/r137-2012-nl1-2020-05: API error for R137/2012/r137-2012-nl1-2020-05: {"type" => "error", "error" => {"type" => "rate_limit_error", "code" => "1302", "message" => "[1302][Rate limit reached for requests][2026100711445883f3e92529f64cd5]"}, "request_id" => "2026100711445883f
FAIL R137/2012/r137-2012-nl1-2020-07-rev3: API error for R137/2012/r137-2012-nl1-2020-07-rev3: {"type" => "error", "error" => {"type" => "rate_limit_error", "code" => "1302", "message" => "[1302][Rate limit reached for requests][2026100711445871e88a3fd1604dc5]"}, "request_id" => "202610071144
FAIL R137/2012/r137-2012-nl1-2020-07-rev4: API error for R137/2012/r137-2012-nl1-2020-07-rev4: {"type" => "error", "error" => {"type" => "rate_limit_error", "code" => "1302", "message" => "[1302][Rate limit reached for requests][2026100711445952a52a4fe2e74122]"}, "request_id" => "202610071144
FAIL R137/2012/r137-2012-nl1-2020-07-rev6: API error for R137/2012/r137-2012-nl1-2020-07-rev6: {"type" => "error", "error" => {"type" => "rate_limit_error", "code" => "1302", "message" => "[1302][Rate limit reached for requests][20261007114459b97076c3c7f24aec]"}, "request_id" => "202610071144
FAIL R137/2012/r137-2012-nl1-2020-07: API error for R137/2012/r137-2012-nl1-2020-07: {"type" => "error", "error" => {"type" => "rate_limit_error", "code" => "1302", "message" => "[1302][Rate limit reached for requests][202610071144590bfad23347874430]"}, "request_id" => "202610071144590bf
FAIL R137/2012/r137-2012-nl1-2020-09-rev1: API error for R137/2012/r137-2012-nl1-2020-09-rev1: {"type" => "error", "error" => {"type" => "rate_limit_error", "code" => "1302", "message" => "[1302][Rate limit reached for requests][20261007114459f804b9dd3f894a8e]"}, "request_id" => "202610071144
FAIL R137/2012/r137-2012-nl1-2020-09: API error for R137/2012/r137-2012-nl1-2020-09: {"type" => "error", "error" => {"type" => "rate_limit_error", "code" => "1302", "message" => "[1302][Rate limit reached for requests][20261007114500baeb74e918d240c8]"}, "request_id" => "20261007114500bae
FAIL R137/2012/r137-2012-nl1-2020-10-rev11: API error for R137/2012/r137-2012-nl1-2020-10-rev11: {"type" => "error", "error" => {"type" => "rate_limit_error", "code" => "1302", "message" => "[1302][Rate limit reached for requests][202610071145001dc1a5f99fd84298]"}, "request_id" => "20261007114
FAIL R137/2012/r137-2012-nl1-2020-10-rev12: API error for R137/2012/r137-2012-nl1-2020-10-rev12: {"type" => "error", "error" => {"type" => "rate_limit_error", "code" => "1302", "message" => "[1302][Rate limit reached for requests][2026100711450092bd407deb824d37]"}, "request_id" => "20261007114
FAIL R137/2012/r137-2012-nl1-2020-10-rev13: API error for R137/2012/r137-2012-nl1-2020-10-rev13: {"type" => "error", "error" => {"type" => "rate_limit_error", "code" => "1302", "message" => "[1302][Rate limit reached for requests][20261007114500b702ebeb590a4ad6]"}, "request_id" => "20261007114
FAIL R137/2012/r137-2012-nl1-2020-10-rev14: API error for R137/2012/r137-2012-nl1-2020-10-rev14: {"type" => "error", "error" => {"type" => "rate_limit_error", "code" => "1302", "message" => "[1302][Rate limit reached for requests][2026100711450144a7ac59342d4b1e]"}, "request_id" => "20261007114
FAIL R137/2012/r137-2012-nl1-2020-10-rev5: API error for R137/2012/r137-2012-nl1-2020-10-rev5: {"type" => "error", "error" => {"type" => "rate_limit_error", "code" => "1302", "message" => "[1302][Rate limit reached for requests][202610071145013e9a022b87b041ac]"}, "request_id" => "202610071145
FAIL R137/2012/r137-2012-nl1-2020-10-rev7: API error for R137/2012/r137-2012-nl1-2020-10-rev7: {"type" => "error", "error" => {"type" => "rate_limit_error", "code" => "1302", "message" => "[1302][Rate limit reached for requests][202610071145016cce9e757914444b]"}, "request_id" => "202610071145
FAIL R137/2012/r137-2012-nl1-2020-10-rev8: API error for R137/2012/r137-2012-nl1-2020-10-rev8: {"type" => "error", "error" => {"type" => "rate_limit_error", "code" => "1302", "message" => "[1302][Rate limit reached for requests][20261007114502fef95c1dc8b84dbd]"}, "request_id" => "202610071145
FAIL R137/2012/r137-2012-nl1-2020-10-rev9: API error for R137/2012/r137-2012-nl1-2020-10-rev9: {"type" => "error", "error" => {"type" => "rate_limit_error", "code" => "1302", "message" => "[1302][Rate limit reached for requests][20261007114502d39c9bc711434206]"}, "request_id" => "202610071145
FAIL R137/2012/r137-2012-nl1-2020-10: API error for R137/2012/r137-2012-nl1-2020-10: {"type" => "error", "error" => {"type" => "rate_limit_error", "code" => "1302", "message" => "[1302][Rate limit reached for requests][20261007114502c2815580481c4d79]"}, "request_id" => "20261007114502c28
FAIL R137/2012/r137-2012-nl1-2020-11-rev1: API error for R137/2012/r137-2012-nl1-2020-11-rev1: {"type" => "error", "error" => {"type" => "rate_limit_error", "code" => "1302", "message" => "[1302][Rate limit reached for requests][2026100711450223434cd49cbe4709]"}, "request_id" => "202610071145
FAIL R137/2012/r137-2012-nl1-2020-11-rev10: API error for R137/2012/r137-2012-nl1-2020-11-rev10: {"type" => "error", "error" => {"type" => "rate_limit_error", "code" => "1302", "message" => "[1302][Rate limit reached for requests][202610071145036181138416b44856]"}, "request_id" => "20261007114
FAIL R137/2012/r137-2012-nl1-2020-11-rev5: API error for R137/2012/r137-2012-nl1-2020-11-rev5: {"type" => "error", "error" => {"type" => "rate_limit_error", "code" => "1302", "message" => "[1302][Rate limit reached for requests][20261007114503646311babb504e05]"}, "request_id" => "202610071145
FAIL R137/2012/r137-2012-nl1-2020-12-rev1: API error for R137/2012/r137-2012-nl1-2020-12-rev1: {"type" => "error", "error" => {"type" => "rate_limit_error", "code" => "1302", "message" => "[1302][Rate limit reached for requests][20261007114503609f1b6b2bf0463e]"}, "request_id" => "202610071145
FAIL R137/2012/r137-2012-nl1-2020-12-rev2: API error for R137/2012/r137-2012-nl1-2020-12-rev2: {"type" => "error", "error" => {"type" => "rate_limit_error", "code" => "1302", "message" => "[1302][Rate limit reached for requests][20261007114504bb921076e1604fa5]"}, "request_id" => "202610071145
FAIL R137/2012/r137-2012-nl1-2020-12-rev3: API error for R137/2012/r137-2012-nl1-2020-12-rev3: {"type" => "error", "error" => {"type" => "rate_limit_error", "code" => "1302", "message" => "[1302][Rate limit reached for requests][202610071145049a6a770c74b24aea]"}, "request_id" => "202610071145
FAIL R137/2012/r137-2012-nl1-2020-12: API error for R137/2012/r137-2012-nl1-2020-12: {"type" => "error", "error" => {"type" => "rate_limit_error", "code" => "1302", "message" => "[1302][Rate limit reached for requests][20261007114504bf9d87ab2e824b83]"}, "request_id" => "20261007114504bf9
FAIL R137/2012/r137-2012-nl1-2020-13-rev2: API error for R137/2012/r137-2012-nl1-2020-13-rev2: {"type" => "error", "error" => {"type" => "rate_limit_error", "code" => "1302", "message" => "[1302][Rate limit reached for requests][202610071145050f4fde8a1e4749f5]"}, "request_id" => "202610071145
FAIL R137/2012/r137-2012-nl1-2020-14-rev2: API error for R137/2012/r137-2012-nl1-2020-14-rev2: {"type" => "error", "error" => {"type" => "rate_limit_error", "code" => "1302", "message" => "[1302][Rate limit reached for requests][20261007114505a24beecaf3b44815]"}, "request_id" => "202610071145
FAIL R137/2012/r137-2012-nl1-2020-14-rev3: API error for R137/2012/r137-2012-nl1-2020-14-rev3: {"type" => "error", "error" => {"type" => "rate_limit_error", "code" => "1302", "message" => "[1302][Rate limit reached for requests][2026100711450546f037b1b0894122]"}, "request_id" => "202610071145
FAIL R137/2012/r137-2012-nl1-2020-14-rev4: API error for R137/2012/r137-2012-nl1-2020-14-rev4: {"type" => "error", "error" => {"type" => "rate_limit_error", "code" => "1302", "message" => "[1302][Rate limit reached for requests][20261007114505402a2b78124747f2]"}, "request_id" => "202610071145
FAIL R137/2012/r137-2012-nl1-2020-14-rev7: API error for R137/2012/r137-2012-nl1-2020-14-rev7: {"type" => "error", "error" => {"type" => "rate_limit_error", "code" => "1302", "message" => "[1302][Rate limit reached for requests][2026100711450621242e232e644290]"}, "request_id" => "202610071145
FAIL R137/2012/r137-2012-nl1-2020-14-rev8: API error for R137/2012/r137-2012-nl1-2020-14-rev8: {"type" => "error", "error" => {"type" => "rate_limit_error", "code" => "1302", "message" => "[1302][Rate limit reached for requests][20261007114506321da9e9597349be]"}, "request_id" => "202610071145
FAIL R137/2012/r137-2012-nl1-2020-14: API error for R137/2012/r137-2012-nl1-2020-14: {"type" => "error", "error" => {"type" => "rate_limit_error", "code" => "1302", "message" => "[1302][Rate limit reached for requests][2026100711450619bd4ff95b6c4e64]"}, "request_id" => "2026100711450619b
FAIL R137/2012/r137-2012-nl1-2020-15-rev1: API error for R137/2012/r137-2012-nl1-2020-15-rev1: {"type" => "error", "error" => {"type" => "rate_limit_error", "code" => "1302", "message" => "[1302][Rate limit reached for requests][20261007114506dbbd16bd6a0e4eeb]"}, "request_id" => "202610071145
FAIL R137/2012/r137-2012-nl1-2020-15-rev3: API error for R137/2012/r137-2012-nl1-2020-15-rev3: {"type" => "error", "error" => {"type" => "rate_limit_error", "code" => "1302", "message" => "[1302][Rate limit reached for requests][20261007114507be1d846e424d4924]"}, "request_id" => "202610071145
FAIL R137/2012/r137-2012-nl1-2020-16-rev3: API error for R137/2012/r137-2012-nl1-2020-16-rev3: {"type" => "error", "error" => {"type" => "rate_limit_error", "code" => "1302", "message" => "[1302][Rate limit reached for requests][20261007114507882af93234394c9a]"}, "request_id" => "202610071145
FAIL R137/2012/r137-2012-nl1-2020-16: API error for R137/2012/r137-2012-nl1-2020-16: {"type" => "error", "error" => {"type" => "rate_limit_error", "code" => "1302", "message" => "[1302][Rate limit reached for requests][202610071145070cce357b08124a9e]"}, "request_id" => "202610071145070cc
FAIL R137/2012/r137-2012-nl1-2021-01: API error for R137/2012/r137-2012-nl1-2021-01: {"type" => "error", "error" => {"type" => "rate_limit_error", "code" => "1302", "message" => "[1302][Rate limit reached for requests][2026100711450893585a57f83843ec]"}, "request_id" => "20261007114508935
FAIL R137/2012/r137-2012-nl1-2021-02: API error for R137/2012/r137-2012-nl1-2021-02: {"type" => "error", "error" => {"type" => "rate_limit_error", "code" => "1302", "message" => "[1302][Rate limit reached for requests][2026100711450898bd08ad721440b8]"}, "request_id" => "2026100711450898b
FAIL R137/2012/r137-2012-nl1-2021-04: API error for R137/2012/r137-2012-nl1-2021-04: {"type" => "error", "error" => {"type" => "rate_limit_error", "code" => "1302", "message" => "[1302][Rate limit reached for requests][202610071145089349c0e31aa647ad]"}, "request_id" => "20261007114508934
FAIL R137/2012/r137-2012-nl1-2021-06-rev1: API error for R137/2012/r137-2012-nl1-2021-06-rev1: {"type" => "error", "error" => {"type" => "rate_limit_error", "code" => "1302", "message" => "[1302][Rate limit reached for requests][20261007114509078d1baa0e0e460c]"}, "request_id" => "202610071145
FAIL R137/2012/r137-2012-nl1-2021-06: API error for R137/2012/r137-2012-nl1-2021-06: {"type" => "error", "error" => {"type" => "rate_limit_error", "code" => "1302", "message" => "[1302][Rate limit reached for requests][20261007114509826218f454f74025]"}, "request_id" => "20261007114509826
FAIL R137/2012/r137-2012-nl1-2022-01: API error for R137/2012/r137-2012-nl1-2022-01: {"type" => "error", "error" => {"type" => "rate_limit_error", "code" => "1302", "message" => "[1302][Rate limit reached for requests][20261007114509d6de161741ae476d]"}, "request_id" => "20261007114509d6d
FAIL R137/2012/r137-2012-nl1-2022-02: API error for R137/2012/r137-2012-nl1-2022-02: {"type" => "error", "error" => {"type" => "rate_limit_error", "code" => "1302", "message" => "[1302][Rate limit reached for requests][20261007114509c94fd8941b07489c]"}, "request_id" => "20261007114509c94
FAIL R137/2012/r137-2012-nl1-2022-03-rev0: API error for R137/2012/r137-2012-nl1-2022-03-rev0: {"type" => "error", "error" => {"type" => "rate_limit_error", "code" => "1302", "message" => "[1302][Rate limit reached for requests][20261007114510f4950a9007544e3a]"}, "request_id" => "202610071145
FAIL R137/2012/r137-2012-nl1-2022-03-rev2: API error for R137/2012/r137-2012-nl1-2022-03-rev2: {"type" => "error", "error" => {"type" => "rate_limit_error", "code" => "1302", "message" => "[1302][Rate limit reached for requests][20261007114510610d214f18f74c09]"}, "request_id" => "202610071145
FAIL R137/2012/r137-2012-nl1-2022-04-rev0: API error for R137/2012/r137-2012-nl1-2022-04-rev0: {"type" => "error", "error" => {"type" => "rate_limit_error", "code" => "1302", "message" => "[1302][Rate limit reached for requests][202610071145100a514fbb91274394]"}, "request_id" => "202610071145
FAIL R137/2012/r137-2012-nl1-2023-01-rev0: API error for R137/2012/r137-2012-nl1-2023-01-rev0: {"type" => "error", "error" => {"type" => "rate_limit_error", "code" => "1302", "message" => "[1302][Rate limit reached for requests][202610071145101e46b12c1d4748ba]"}, "request_id" => "202610071145
FAIL R137/2012/r137-2012-nl1-2023-01-rev1: API error for R137/2012/r137-2012-nl1-2023-01-rev1: {"type" => "error", "error" => {"type" => "rate_limit_error", "code" => "1302", "message" => "[1302][Rate limit reached for requests][2026100711451155b711e6cd9e45c9]"}, "request_id" => "202610071145
FAIL R137/2012/r137-2012-nl1-2023-01-rev2: API error for R137/2012/r137-2012-nl1-2023-01-rev2: {"type" => "error", "error" => {"type" => "rate_limit_error", "code" => "1302", "message" => "[1302][Rate limit reached for requests][20261007114511e4fa0783b4074144]"}, "request_id" => "202610071145
FAIL R137/2012/r137-2012-nl1-2023-02-rev1: API error for R137/2012/r137-2012-nl1-2023-02-rev1: {"type" => "error", "error" => {"type" => "rate_limit_error", "code" => "1302", "message" => "[1302][Rate limit reached for requests][202610071145119da7721a90e34453]"}, "request_id" => "202610071145
FAIL R137/2012/r137-2012-nl1-2023-04-rev0: API error for R137/2012/r137-2012-nl1-2023-04-rev0: {"type" => "error", "error" => {"type" => "rate_limit_error", "code" => "1302", "message" => "[1302][Rate limit reached for requests][202610071145119b19eff805e44fd1]"}, "request_id" => "202610071145
FAIL R137/2012/r137-2012-nl1-2023-04-rev3: API error for R137/2012/r137-2012-nl1-2023-04-rev3: {"type" => "error", "error" => {"type" => "rate_limit_error", "code" => "1302", "message" => "[1302][Rate limit reached for requests][202610071145122eeb2e8e70d84e60]"}, "request_id" => "202610071145
FAIL R137/2012/r137-2012-nl1-2023-05-rev0: API error for R137/2012/r137-2012-nl1-2023-05-rev0: {"type" => "error", "error" => {"type" => "rate_limit_error", "code" => "1302", "message" => "[1302][Rate limit reached for requests][20261007114512213dbf27fe8c466f]"}, "request_id" => "202610071145
FAIL R137/2012/r137-2012-nl1-2023-06-rev0: API error for R137/2012/r137-2012-nl1-2023-06-rev0: {"type" => "error", "error" => {"type" => "rate_limit_error", "code" => "1302", "message" => "[1302][Rate limit reached for requests][20261007114512a1edcb39ff5e4463]"}, "request_id" => "202610071145
FAIL R137/2012/r137-2012-nl1-2024-01-rev0: API error for R137/2012/r137-2012-nl1-2024-01-rev0: {"type" => "error", "error" => {"type" => "rate_limit_error", "code" => "1302", "message" => "[1302][Rate limit reached for requests][202610071145129e9773bfe1284db7]"}, "request_id" => "202610071145
FAIL R137/2012/r137-2012-nl1-2024-04-rev0: API error for R137/2012/r137-2012-nl1-2024-04-rev0: {"type" => "error", "error" => {"type" => "rate_limit_error", "code" => "1302", "message" => "[1302][Rate limit reached for requests][202610071145132b8de488d2234ebc]"}, "request_id" => "202610071145
FAIL R137/2012/r137-2012-nl1-2024-07-rev0: API error for R137/2012/r137-2012-nl1-2024-07-rev0: {"type" => "error", "error" => {"type" => "rate_limit_error", "code" => "1302", "message" => "[1302][Rate limit reached for requests][202610071145130979a3891d734d2f]"}, "request_id" => "202610071145
FAIL R137/2012/r137-2012-nl1-2024-08-rev0: API error for R137/2012/r137-2012-nl1-2024-08-rev0: {"type" => "error", "error" => {"type" => "rate_limit_error", "code" => "1302", "message" => "[1302][Rate limit reached for requests][20261007114513c859d3a781d246f0]"}, "request_id" => "202610071145
FAIL R137/2012/r137-2012-nl1-2024-10-rev0: API error for R137/2012/r137-2012-nl1-2024-10-rev0: {"type" => "error", "error" => {"type" => "rate_limit_error", "code" => "1302", "message" => "[1302][Rate limit reached for requests][202610071145130e85d82e580348ea]"}, "request_id" => "202610071145
FAIL R137/2012/r137-2012-nl1-2024-10-rev1: API error for R137/2012/r137-2012-nl1-2024-10-rev1: {"type" => "error", "error" => {"type" => "rate_limit_error", "code" => "1302", "message" => "[1302][Rate limit reached for requests][20261007114514e4f0788b52ae46da]"}, "request_id" => "202610071145
FAIL R137/2012/r137-2012-nl1-2024-12-rev0: API error for R137/2012/r137-2012-nl1-2024-12-rev0: {"type" => "error", "error" => {"type" => "rate_limit_error", "code" => "1302", "message" => "[1302][Rate limit reached for requests][20261007114514b59abadadbe74063]"}, "request_id" => "202610071145
FAIL R137/2012/r137-2012-nl1-2025-01-rev0: API error for R137/2012/r137-2012-nl1-2025-01-rev0: {"type" => "error", "error" => {"type" => "rate_limit_error", "code" => "1302", "message" => "[1302][Rate limit reached for requests][20261007114514ac2e882399b140a3]"}, "request_id" => "202610071145
FAIL R137/2012/r137-2012-nl1-2025-03-rev0: API error for R137/2012/r137-2012-nl1-2025-03-rev0: {"type" => "error", "error" => {"type" => "rate_limit_error", "code" => "1302", "message" => "[1302][Rate limit reached for requests][20261007114514a36b8b3c4f284e70]"}, "request_id" => "202610071145
FAIL R137/2012/r137-2012-nl1-2025-04-rev1: API error for R137/2012/r137-2012-nl1-2025-04-rev1: {"type" => "error", "error" => {"type" => "rate_limit_error", "code" => "1302", "message" => "[1302][Rate limit reached for requests][20261007114515bb0f4ff825b34754]"}, "request_id" => "202610071145
FAIL R137/2012/r137-2012-nl1-2025-05-rev0: API error for R137/2012/r137-2012-nl1-2025-05-rev0: {"type" => "error", "error" => {"type" => "rate_limit_error", "code" => "1302", "message" => "[1302][Rate limit reached for requests][20261007114515d825f15dec5c4df2]"}, "request_id" => "202610071145
FAIL R137/2012/r137-2012-nl1-2025-07-rev0: API error for R137/2012/r137-2012-nl1-2025-07-rev0: {"type" => "error", "error" => {"type" => "rate_limit_error", "code" => "1302", "message" => "[1302][Rate limit reached for requests][20261007114515e743c6e83dd144c7]"}, "request_id" => "202610071145
FAIL R137/2012/r137-2012-nl1-2026-02-rev0: API error for R137/2012/r137-2012-nl1-2026-02-rev0: {"type" => "error", "error" => {"type" => "rate_limit_error", "code" => "1302", "message" => "[1302][Rate limit reached for requests][202610071145164fb7bdd7aa7a4747]"}, "request_id" => "202610071145
FAIL R139/2014/r139-2014-cz1-2016-01: API error for R139/2014/r139-2014-cz1-2016-01: {"type" => "error", "error" => {"type" => "rate_limit_error", "code" => "1302", "message" => "[1302][Rate limit reached for requests][20261007114516b53368f781cf48fa]"}, "request_id" => "20261007114516b53
FAIL R139/2014/r139-2014-cz1-2016-02: API error for R139/2014/r139-2014-cz1-2016-02: {"type" => "error", "error" => {"type" => "rate_limit_error", "code" => "1302", "message" => "[1302][Rate limit reached for requests][202610071145167709f67abf2b4456]"}, "request_id" => "20261007114516770
FAIL R139/2014/r139-2014-cz1-2018-01-rev2: API error for R139/2014/r139-2014-cz1-2018-01-rev2: {"type" => "error", "error" => {"type" => "rate_limit_error", "code" => "1302", "message" => "[1302][Rate limit reached for requests][2026100711451676dcf048c6db40c7]"}, "request_id" => "202610071145
FAIL R139/2014/r139-2014-cz1-2018-01: API error for R139/2014/r139-2014-cz1-2018-01: {"type" => "error", "error" => {"type" => "rate_limit_error", "code" => "1302", "message" => "[1302][Rate limit reached for requests][20261007114517a69f7f40e2604abd]"}, "request_id" => "20261007114517a69
FAIL R139/2014/r139-2014-cz1-2020-01: API error for R139/2014/r139-2014-cz1-2020-01: {"type" => "error", "error" => {"type" => "rate_limit_error", "code" => "1302", "message" => "[1302][Rate limit reached for requests][202610071145174c138726a5f24374]"}, "request_id" => "202610071145174c1
FAIL R139/2014/r139-2014-nl1-2017-01: API error for R139/2014/r139-2014-nl1-2017-01: {"type" => "error", "error" => {"type" => "rate_limit_error", "code" => "1302", "message" => "[1302][Rate limit reached for requests][202610071145175ffdb96a4c2848c8]"}, "request_id" => "202610071145175ff
FAIL R139/2014/r139-2014-nl1-2017-02-rev1: API error for R139/2014/r139-2014-nl1-2017-02-rev1: {"type" => "error", "error" => {"type" => "rate_limit_error", "code" => "1302", "message" => "[1302][Rate limit reached for requests][20261007114517b4e04459c5254aa3]"}, "request_id" => "202610071145
FAIL R139/2014/r139-2014-nl1-2017-02: API error for R139/2014/r139-2014-nl1-2017-02: {"type" => "error", "error" => {"type" => "rate_limit_error", "code" => "1302", "message" => "[1302][Rate limit reached for requests][20261007114518c8005177681c42d8]"}, "request_id" => "20261007114518c80
FAIL R139/2014/r139-2014-nl1-2017-03: API error for R139/2014/r139-2014-nl1-2017-03: {"type" => "error", "error" => {"type" => "rate_limit_error", "code" => "1302", "message" => "[1302][Rate limit reached for requests][20261007114518267950cefda244f1]"}, "request_id" => "20261007114518267
FAIL R139/2014/r139-2014-nl1-2018-01: API error for R139/2014/r139-2014-nl1-2018-01: {"type" => "error", "error" => {"type" => "rate_limit_error", "code" => "1302", "message" => "[1302][Rate limit reached for requests][20261007114518369dffc1a98343eb]"}, "request_id" => "20261007114518369
FAIL R139/2014/r139-2014-nl1-2018-02: API error for R139/2014/r139-2014-nl1-2018-02: {"type" => "error", "error" => {"type" => "rate_limit_error", "code" => "1302", "message" => "[1302][Rate limit reached for requests][20261007114519d1d41cacce714885]"}, "request_id" => "20261007114519d1d
FAIL R49/2003/r049-2003-de1-2006-01-rev1: API error for R49/2003/r049-2003-de1-2006-01-rev1: {"type" => "error", "error" => {"type" => "rate_limit_error", "code" => "1302", "message" => "[1302][Rate limit reached for requests][20261007114519d50c7b14942f4a58]"}, "request_id" => "2026100711451
FAIL R49/2003/r049-2003-de1-2006-01: API error for R49/2003/r049-2003-de1-2006-01: {"type" => "error", "error" => {"type" => "rate_limit_error", "code" => "1302", "message" => "[1302][Rate limit reached for requests][2026100711451984a5bfb8d87d41dc]"}, "request_id" => "2026100711451984a5
FAIL R49/2003/r049-2003-de1-2007-01: API error for R49/2003/r049-2003-de1-2007-01: {"type" => "error", "error" => {"type" => "rate_limit_error", "code" => "1302", "message" => "[1302][Rate limit reached for requests][20261007114519ef311659ba584f6b]"}, "request_id" => "20261007114519ef31
FAIL R49/2003/r049-2003-de1-2007-02: API error for R49/2003/r049-2003-de1-2007-02: {"type" => "error", "error" => {"type" => "rate_limit_error", "code" => "1302", "message" => "[1302][Rate limit reached for requests][20261007114520466f9fecc4f543d9]"}, "request_id" => "20261007114520466f
FAIL R49/2003/r049-2003-fr2-2005-01: API error for R49/2003/r049-2003-fr2-2005-01: {"type" => "error", "error" => {"type" => "rate_limit_error", "code" => "1302", "message" => "[1302][Rate limit reached for requests][20261007114520e0189f6133b245e9]"}, "request_id" => "20261007114520e018
FAIL R49/2003/r049-2003-fr2-2006-01: API error for R49/2003/r049-2003-fr2-2006-01: {"type" => "error", "error" => {"type" => "rate_limit_error", "code" => "1302", "message" => "[1302][Rate limit reached for requests][202610071145200cea004075fe44dc]"}, "request_id" => "202610071145200cea
FAIL R49/2003/r049-2003-fr2-2006-02: API error for R49/2003/r049-2003-fr2-2006-02: {"type" => "error", "error" => {"type" => "rate_limit_error", "code" => "1302", "message" => "[1302][Rate limit reached for requests][20261007114521bc9c670d57854cd0]"}, "request_id" => "20261007114521bc9c
FAIL R49/2003/r049-2003-fr2-2006-03: API error for R49/2003/r049-2003-fr2-2006-03: {"type" => "error", "error" => {"type" => "rate_limit_error", "code" => "1302", "message" => "[1302][Rate limit reached for requests][20261007114521f5e0dd211ea64b6f]"}, "request_id" => "20261007114521f5e0
FAIL R49/2003/r049-2003-fr2-2006-04: API error for R49/2003/r049-2003-fr2-2006-04: {"type" => "error", "error" => {"type" => "rate_limit_error", "code" => "1302", "message" => "[1302][Rate limit reached for requests][20261007114521fd7f1ee5fff94556]"}, "request_id" => "20261007114521fd7f
FAIL R49/2003/r049-2003-nl1-2006-01-rev1: API error for R49/2003/r049-2003-nl1-2006-01-rev1: {"type" => "error", "error" => {"type" => "rate_limit_error", "code" => "1302", "message" => "[1302][Rate limit reached for requests][20261007114521c959e8d444f14271]"}, "request_id" => "2026100711452
FAIL R49/2003/r049-2003-nl1-2006-01: API error for R49/2003/r049-2003-nl1-2006-01: {"type" => "error", "error" => {"type" => "rate_limit_error", "code" => "1302", "message" => "[1302][Rate limit reached for requests][2026100711452218d399b214214fdf]"}, "request_id" => "2026100711452218d3
FAIL R49/2003/r049-2003-nl1-2012-04: API error for R49/2003/r049-2003-nl1-2012-04: {"type" => "error", "error" => {"type" => "rate_limit_error", "code" => "1302", "message" => "[1302][Rate limit reached for requests][20261007114522fb266d9c47e142f4]"}, "request_id" => "20261007114522fb26
FAIL R49/2006/r049-2006-au1-2009-01: API error for R49/2006/r049-2006-au1-2009-01: {"type" => "error", "error" => {"type" => "rate_limit_error", "code" => "1302", "message" => "[1302][Rate limit reached for requests][2026100711452222b447405a724bcf]"}, "request_id" => "2026100711452222b4
FAIL R49/2006/r049-2006-ch1-2007-01: API error for R49/2006/r049-2006-ch1-2007-01: {"type" => "error", "error" => {"type" => "rate_limit_error", "code" => "1302", "message" => "[1302][Rate limit reached for requests][20261007114522b048273b9af14c00]"}, "request_id" => "20261007114522b048
FAIL R49/2006/r049-2006-ch1-2007-02: API error for R49/2006/r049-2006-ch1-2007-02: {"type" => "error", "error" => {"type" => "rate_limit_error", "code" => "1302", "message" => "[1302][Rate limit reached for requests][202610071145233401f54ada4c4edb]"}, "request_id" => "202610071145233401
FAIL R49/2006/r049-2006-ch1-2007-03: API error for R49/2006/r049-2006-ch1-2007-03: {"type" => "error", "error" => {"type" => "rate_limit_error", "code" => "1302", "message" => "[1302][Rate limit reached for requests][20261007114523c46e0325b3ee4c8a]"}, "request_id" => "20261007114523c46e
FAIL R49/2006/r049-2006-ch1-2007-04-rev1: API error for R49/2006/r049-2006-ch1-2007-04-rev1: {"type" => "error", "error" => {"type" => "rate_limit_error", "code" => "1302", "message" => "[1302][Rate limit reached for requests][20261007114523416c76559087442d]"}, "request_id" => "2026100711452
FAIL R49/2006/r049-2006-ch1-2007-04: API error for R49/2006/r049-2006-ch1-2007-04: {"type" => "error", "error" => {"type" => "rate_limit_error", "code" => "1302", "message" => "[1302][Rate limit reached for requests][20261007114523f36442a73a8d473e]"}, "request_id" => "20261007114523f364
FAIL R49/2006/r049-2006-ch1-2007-05-rev1: API error for R49/2006/r049-2006-ch1-2007-05-rev1: {"type" => "error", "error" => {"type" => "rate_limit_error", "code" => "1302", "message" => "[1302][Rate limit reached for requests][202610071145242ec250f3253f4f30]"}, "request_id" => "2026100711452
FAIL R49/2006/r049-2006-ch1-2007-05: API error for R49/2006/r049-2006-ch1-2007-05: {"type" => "error", "error" => {"type" => "rate_limit_error", "code" => "1302", "message" => "[1302][Rate limit reached for requests][202610071145242c1e4d35c43c4165]"}, "request_id" => "202610071145242c1e
FAIL R49/2006/r049-2006-ch1-2008-01: API error for R49/2006/r049-2006-ch1-2008-01: {"type" => "error", "error" => {"type" => "rate_limit_error", "code" => "1302", "message" => "[1302][Rate limit reached for requests][2026100711452484a1e195a33f4065]"}, "request_id" => "2026100711452484a1
FAIL R49/2006/r049-2006-ch1-2008-02: API error for R49/2006/r049-2006-ch1-2008-02: {"type" => "error", "error" => {"type" => "rate_limit_error", "code" => "1302", "message" => "[1302][Rate limit reached for requests][20261007114525cccc0afff9be4f19]"}, "request_id" => "20261007114525cccc
FAIL R49/2006/r049-2006-ch1-2008-04: API error for R49/2006/r049-2006-ch1-2008-04: {"type" => "error", "error" => {"type" => "rate_limit_error", "code" => "1302", "message" => "[1302][Rate limit reached for requests][20261007114525c706bfdb5af64c61]"}, "request_id" => "20261007114525c706
FAIL R49/2006/r049-2006-ch1-2009-01: API error for R49/2006/r049-2006-ch1-2009-01: {"type" => "error", "error" => {"type" => "rate_limit_error", "code" => "1302", "message" => "[1302][Rate limit reached for requests][20261007114525c56198c78150415a]"}, "request_id" => "20261007114525c561
FAIL R49/2006/r049-2006-ch1-2009-02: API error for R49/2006/r049-2006-ch1-2009-02: {"type" => "error", "error" => {"type" => "rate_limit_error", "code" => "1302", "message" => "[1302][Rate limit reached for requests][20261007114525c3e76a8015344387]"}, "request_id" => "20261007114525c3e7
FAIL R49/2006/r049-2006-ch1-2009-03: API error for R49/2006/r049-2006-ch1-2009-03: {"type" => "error", "error" => {"type" => "rate_limit_error", "code" => "1302", "message" => "[1302][Rate limit reached for requests][2026100711452680b1701f3dd44431]"}, "request_id" => "2026100711452680b1
FAIL R49/2006/r049-2006-ch1-2009-04: API error for R49/2006/r049-2006-ch1-2009-04: {"type" => "error", "error" => {"type" => "rate_limit_error", "code" => "1302", "message" => "[1302][Rate limit reached for requests][20261007114526a7284aaa88294ce0]"}, "request_id" => "20261007114526a728
FAIL R49/2006/r049-2006-ch1-2010-01: API error for R49/2006/r049-2006-ch1-2010-01: {"type" => "error", "error" => {"type" => "rate_limit_error", "code" => "1302", "message" => "[1302][Rate limit reached for requests][202610071145263246318685824885]"}, "request_id" => "202610071145263246
FAIL R49/2006/r049-2006-cz1-2010-01: API error for R49/2006/r049-2006-cz1-2010-01: {"type" => "error", "error" => {"type" => "rate_limit_error", "code" => "1302", "message" => "[1302][Rate limit reached for requests][202610071145267547839e8403460d]"}, "request_id" => "202610071145267547
FAIL R49/2006/r049-2006-cz1-2010-02: API error for R49/2006/r049-2006-cz1-2010-02: {"type" => "error", "error" => {"type" => "rate_limit_error", "code" => "1302", "message" => "[1302][Rate limit reached for requests][2026100711452769103192e3434489]"}, "request_id" => "202610071145276910
FAIL R49/2006/r049-2006-cz1-2010-03: API error for R49/2006/r049-2006-cz1-2010-03: {"type" => "error", "error" => {"type" => "rate_limit_error", "code" => "1302", "message" => "[1302][Rate limit reached for requests][202610071145277a92f5015161421c]"}, "request_id" => "202610071145277a92
FAIL R49/2006/r049-2006-cz1-2010-04: API error for R49/2006/r049-2006-cz1-2010-04: {"type" => "error", "error" => {"type" => "rate_limit_error", "code" => "1302", "message" => "[1302][Rate limit reached for requests][202610071145272b5eefe622f843ff]"}, "request_id" => "202610071145272b5e
FAIL R49/2006/r049-2006-cz1-2011-01-rev1: API error for R49/2006/r049-2006-cz1-2011-01-rev1: {"type" => "error", "error" => {"type" => "rate_limit_error", "code" => "1302", "message" => "[1302][Rate limit reached for requests][2026100711452760dd151acc004397]"}, "request_id" => "2026100711452
FAIL R49/2006/r049-2006-cz1-2011-01: API error for R49/2006/r049-2006-cz1-2011-01: {"type" => "error", "error" => {"type" => "rate_limit_error", "code" => "1302", "message" => "[1302][Rate limit reached for requests][20261007114528c2b8c26b27af4e4f]"}, "request_id" => "20261007114528c2b8
FAIL R49/2006/r049-2006-cz1-2011-02: API error for R49/2006/r049-2006-cz1-2011-02: {"type" => "error", "error" => {"type" => "rate_limit_error", "code" => "1302", "message" => "[1302][Rate limit reached for requests][20261007114528a8d20abc808e4700]"}, "request_id" => "20261007114528a8d2
FAIL R49/2006/r049-2006-cz1-2011-03: API error for R49/2006/r049-2006-cz1-2011-03: {"type" => "error", "error" => {"type" => "rate_limit_error", "code" => "1302", "message" => "[1302][Rate limit reached for requests][20261007114528de66122475e14356]"}, "request_id" => "20261007114528de66
FAIL R49/2006/r049-2006-cz1-2012-01: API error for R49/2006/r049-2006-cz1-2012-01: {"type" => "error", "error" => {"type" => "rate_limit_error", "code" => "1302", "message" => "[1302][Rate limit reached for requests][20261007114529d829e6d483564a62]"}, "request_id" => "20261007114529d829
FAIL R49/2006/r049-2006-cz1-2012-02: API error for R49/2006/r049-2006-cz1-2012-02: {"type" => "error", "error" => {"type" => "rate_limit_error", "code" => "1302", "message" => "[1302][Rate limit reached for requests][202610071145290a0d53e11b5b40c4]"}, "request_id" => "202610071145290a0d
FAIL R49/2006/r049-2006-cz1-2012-03: API error for R49/2006/r049-2006-cz1-2012-03: {"type" => "error", "error" => {"type" => "rate_limit_error", "code" => "1302", "message" => "[1302][Rate limit reached for requests][20261007114529143d49d99c0c494a]"}, "request_id" => "20261007114529143d
FAIL R49/2006/r049-2006-cz1-2014-01: API error for R49/2006/r049-2006-cz1-2014-01: {"type" => "error", "error" => {"type" => "rate_limit_error", "code" => "1302", "message" => "[1302][Rate limit reached for requests][2026100711452959c21cca05094958]"}, "request_id" => "2026100711452959c2
FAIL R49/2006/r049-2006-cz1-2014-02-rev1: API error for R49/2006/r049-2006-cz1-2014-02-rev1: {"type" => "error", "error" => {"type" => "rate_limit_error", "code" => "1302", "message" => "[1302][Rate limit reached for requests][20261007114530d4cc28ade5ac489e]"}, "request_id" => "2026100711453
FAIL R49/2006/r049-2006-cz1-2014-02: API error for R49/2006/r049-2006-cz1-2014-02: {"type" => "error", "error" => {"type" => "rate_limit_error", "code" => "1302", "message" => "[1302][Rate limit reached for requests][20261007114530e6ba114a52124167]"}, "request_id" => "20261007114530e6ba
FAIL R49/2006/r049-2006-cz1-2014-03: API error for R49/2006/r049-2006-cz1-2014-03: {"type" => "error", "error" => {"type" => "rate_limit_error", "code" => "1302", "message" => "[1302][Rate limit reached for requests][202610071145302486b7401059495c]"}, "request_id" => "202610071145302486
FAIL R49/2006/r049-2006-cz1-2014-04: API error for R49/2006/r049-2006-cz1-2014-04: {"type" => "error", "error" => {"type" => "rate_limit_error", "code" => "1302", "message" => "[1302][Rate limit reached for requests][202610071145304d56c3911b164447]"}, "request_id" => "202610071145304d56
FAIL R49/2006/r049-2006-cz1-2014-05: API error for R49/2006/r049-2006-cz1-2014-05: {"type" => "error", "error" => {"type" => "rate_limit_error", "code" => "1302", "message" => "[1302][Rate limit reached for requests][20261007114531994edfb38c464310]"}, "request_id" => "20261007114531994e
FAIL R49/2006/r049-2006-de1-2007-03-rev1: API error for R49/2006/r049-2006-de1-2007-03-rev1: {"type" => "error", "error" => {"type" => "rate_limit_error", "code" => "1302", "message" => "[1302][Rate limit reached for requests][20261007114531940eb9bff67d4061]"}, "request_id" => "2026100711453
FAIL R49/2006/r049-2006-de1-2007-03-rev2: API error for R49/2006/r049-2006-de1-2007-03-rev2: {"type" => "error", "error" => {"type" => "rate_limit_error", "code" => "1302", "message" => "[1302][Rate limit reached for requests][20261007114531c36b3e3b8f074df6]"}, "request_id" => "2026100711453
FAIL R49/2006/r049-2006-de1-2007-03-rev3: API error for R49/2006/r049-2006-de1-2007-03-rev3: {"type" => "error", "error" => {"type" => "rate_limit_error", "code" => "1302", "message" => "[1302][Rate limit reached for requests][20261007114532c2e59d9dceef4e0e]"}, "request_id" => "2026100711453
FAIL R49/2006/r049-2006-de1-2007-03-rev4: API error for R49/2006/r049-2006-de1-2007-03-rev4: {"type" => "error", "error" => {"type" => "rate_limit_error", "code" => "1302", "message" => "[1302][Rate limit reached for requests][20261007114533e1330c263a93404e]"}, "request_id" => "2026100711453
FAIL R49/2006/r049-2006-de1-2007-03: API error for R49/2006/r049-2006-de1-2007-03: {"type" => "error", "error" => {"type" => "rate_limit_error", "code" => "1302", "message" => "[1302][Rate limit reached for requests][20261007114533a5a62835ad584c67]"}, "request_id" => "20261007114533a5a6
FAIL R49/2006/r049-2006-de1-2008-01-rev1: API error for R49/2006/r049-2006-de1-2008-01-rev1: {"type" => "error", "error" => {"type" => "rate_limit_error", "code" => "1302", "message" => "[1302][Rate limit reached for requests][20261007114533199404546bf94e17]"}, "request_id" => "2026100711453
FAIL R49/2006/r049-2006-de1-2008-01-rev2: API error for R49/2006/r049-2006-de1-2008-01-rev2: {"type" => "error", "error" => {"type" => "rate_limit_error", "code" => "1302", "message" => "[1302][Rate limit reached for requests][202610071145331a9549a2a91443d4]"}, "request_id" => "2026100711453
FAIL R49/2006/r049-2006-de1-2008-02-rev1: API error for R49/2006/r049-2006-de1-2008-02-rev1: {"type" => "error", "error" => {"type" => "rate_limit_error", "code" => "1302", "message" => "[1302][Rate limit reached for requests][2026100711453473b55028ae8f4a03]"}, "request_id" => "2026100711453
FAIL R49/2006/r049-2006-de1-2008-02-rev10: API error for R49/2006/r049-2006-de1-2008-02-rev10: {"type" => "error", "error" => {"type" => "rate_limit_error", "code" => "1302", "message" => "[1302][Rate limit reached for requests][202610071145341b79b75ab9f142ed]"}, "request_id" => "202610071145
FAIL R49/2006/r049-2006-de1-2008-02-rev2: API error for R49/2006/r049-2006-de1-2008-02-rev2: {"type" => "error", "error" => {"type" => "rate_limit_error", "code" => "1302", "message" => "[1302][Rate limit reached for requests][20261007114534fa74f834a3d8455f]"}, "request_id" => "2026100711453
FAIL R49/2006/r049-2006-de1-2008-02-rev3: API error for R49/2006/r049-2006-de1-2008-02-rev3: {"type" => "error", "error" => {"type" => "rate_limit_error", "code" => "1302", "message" => "[1302][Rate limit reached for requests][20261007114535224d4176dd2642ae]"}, "request_id" => "2026100711453
FAIL R49/2006/r049-2006-de1-2008-02-rev4: API error for R49/2006/r049-2006-de1-2008-02-rev4: {"type" => "error", "error" => {"type" => "rate_limit_error", "code" => "1302", "message" => "[1302][Rate limit reached for requests][20261007114535e094e25511784020]"}, "request_id" => "2026100711453
FAIL R49/2006/r049-2006-de1-2008-02-rev5: API error for R49/2006/r049-2006-de1-2008-02-rev5: {"type" => "error", "error" => {"type" => "rate_limit_error", "code" => "1302", "message" => "[1302][Rate limit reached for requests][20261007114535383b836583f04f8c]"}, "request_id" => "2026100711453
FAIL R49/2006/r049-2006-de1-2008-02-rev6: API error for R49/2006/r049-2006-de1-2008-02-rev6: {"type" => "error", "error" => {"type" => "rate_limit_error", "code" => "1302", "message" => "[1302][Rate limit reached for requests][20261007114536a77a0d2318e349cf]"}, "request_id" => "2026100711453
FAIL R49/2006/r049-2006-de1-2008-02-rev7: API error for R49/2006/r049-2006-de1-2008-02-rev7: {"type" => "error", "error" => {"type" => "rate_limit_error", "code" => "1302", "message" => "[1302][Rate limit reached for requests][20261007114536ee167a2b49d44d92]"}, "request_id" => "2026100711453
FAIL R49/2006/r049-2006-de1-2008-02-rev8: API error for R49/2006/r049-2006-de1-2008-02-rev8: {"type" => "error", "error" => {"type" => "rate_limit_error", "code" => "1302", "message" => "[1302][Rate limit reached for requests][20261007114536c9f78aeed5fc41c8]"}, "request_id" => "2026100711453
FAIL R49/2006/r049-2006-de1-2008-02-rev9: API error for R49/2006/r049-2006-de1-2008-02-rev9: {"type" => "error", "error" => {"type" => "rate_limit_error", "code" => "1302", "message" => "[1302][Rate limit reached for requests][2026100711453633aa15c249d84641]"}, "request_id" => "2026100711453
FAIL R49/2006/r049-2006-de1-2008-02: API error for R49/2006/r049-2006-de1-2008-02: {"type" => "error", "error" => {"type" => "rate_limit_error", "code" => "1302", "message" => "[1302][Rate limit reached for requests][20261007114537d164918e47dc4e7b]"}, "request_id" => "20261007114537d164
FAIL R49/2006/r049-2006-de1-2008-03-rev1: API error for R49/2006/r049-2006-de1-2008-03-rev1: {"type" => "error", "error" => {"type" => "rate_limit_error", "code" => "1302", "message" => "[1302][Rate limit reached for requests][20261007114537794b9ce005824405]"}, "request_id" => "2026100711453
FAIL R49/2006/r049-2006-de1-2008-04-rev1: API error for R49/2006/r049-2006-de1-2008-04-rev1: {"type" => "error", "error" => {"type" => "rate_limit_error", "code" => "1302", "message" => "[1302][Rate limit reached for requests][2026100711453793e44e357213499c]"}, "request_id" => "2026100711453
FAIL R49/2006/r049-2006-de1-2009-01-rev01: API error for R49/2006/r049-2006-de1-2009-01-rev01: {"type" => "error", "error" => {"type" => "rate_limit_error", "code" => "1302", "message" => "[1302][Rate limit reached for requests][20261007114537daede3c20e274f66]"}, "request_id" => "202610071145
FAIL R49/2006/r049-2006-de1-2010-01-rev1: API error for R49/2006/r049-2006-de1-2010-01-rev1: {"type" => "error", "error" => {"type" => "rate_limit_error", "code" => "1302", "message" => "[1302][Rate limit reached for requests][202610071145388809bb92a7ac4a02]"}, "request_id" => "2026100711453
FAIL R49/2006/r049-2006-de1-2010-01: API error for R49/2006/r049-2006-de1-2010-01: {"type" => "error", "error" => {"type" => "rate_limit_error", "code" => "1302", "message" => "[1302][Rate limit reached for requests][2026100711453844f5a4cee4a14057]"}, "request_id" => "2026100711453844f5
FAIL R49/2006/r049-2006-de1-2010-03-rev1: API error for R49/2006/r049-2006-de1-2010-03-rev1: {"type" => "error", "error" => {"type" => "rate_limit_error", "code" => "1302", "message" => "[1302][Rate limit reached for requests][20261007114538a141f9011b954590]"}, "request_id" => "2026100711453
FAIL R49/2006/r049-2006-de1-2010-03-rev2: API error for R49/2006/r049-2006-de1-2010-03-rev2: {"type" => "error", "error" => {"type" => "rate_limit_error", "code" => "1302", "message" => "[1302][Rate limit reached for requests][202610071145394e04ccd3544f45fc]"}, "request_id" => "2026100711453
FAIL R49/2006/r049-2006-de1-2010-03-rev3: API error for R49/2006/r049-2006-de1-2010-03-rev3: {"type" => "error", "error" => {"type" => "rate_limit_error", "code" => "1302", "message" => "[1302][Rate limit reached for requests][20261007114539153c351d4e634d98]"}, "request_id" => "2026100711453
FAIL R49/2006/r049-2006-de1-2011-02: API error for R49/2006/r049-2006-de1-2011-02: {"type" => "error", "error" => {"type" => "rate_limit_error", "code" => "1302", "message" => "[1302][Rate limit reached for requests][20261007114539f18ee03b1d8c41f2]"}, "request_id" => "20261007114539f18e
FAIL R49/2006/r049-2006-de1-2012-01: API error for R49/2006/r049-2006-de1-2012-01: {"type" => "error", "error" => {"type" => "rate_limit_error", "code" => "1302", "message" => "[1302][Rate limit reached for requests][20261007114539c2f4f0c848a1414c]"}, "request_id" => "20261007114539c2f4
FAIL R49/2006/r049-2006-de1-2012-02-rev1: API error for R49/2006/r049-2006-de1-2012-02-rev1: {"type" => "error", "error" => {"type" => "rate_limit_error", "code" => "1302", "message" => "[1302][Rate limit reached for requests][202610071145400b1ff3d05a634924]"}, "request_id" => "2026100711454
FAIL R49/2006/r049-2006-de1-2012-02: API error for R49/2006/r049-2006-de1-2012-02: {"type" => "error", "error" => {"type" => "rate_limit_error", "code" => "1302", "message" => "[1302][Rate limit reached for requests][2026100711454043f3cc9a6b9a4255]"}, "request_id" => "2026100711454043f3
FAIL R49/2006/r049-2006-de1-2012-03-rev1: API error for R49/2006/r049-2006-de1-2012-03-rev1: {"type" => "error", "error" => {"type" => "rate_limit_error", "code" => "1302", "message" => "[1302][Rate limit reached for requests][20261007114540c1b4ec6cd1b54c6d]"}, "request_id" => "2026100711454
FAIL R49/2006/r049-2006-de1-2012-03: API error for R49/2006/r049-2006-de1-2012-03: {"type" => "error", "error" => {"type" => "rate_limit_error", "code" => "1302", "message" => "[1302][Rate limit reached for requests][20261007114540dd1b9c0c86f34a81]"}, "request_id" => "20261007114540dd1b
FAIL R49/2006/r049-2006-de1-2012-05: API error for R49/2006/r049-2006-de1-2012-05: {"type" => "error", "error" => {"type" => "rate_limit_error", "code" => "1302", "message" => "[1302][Rate limit reached for requests][20261007114541a60ebc415ce94ba6]"}, "request_id" => "20261007114541a60e
FAIL R49/2006/r049-2006-de1-2012-06: API error for R49/2006/r049-2006-de1-2012-06: {"type" => "error", "error" => {"type" => "rate_limit_error", "code" => "1302", "message" => "[1302][Rate limit reached for requests][2026100711454193550e15017a42b0]"}, "request_id" => "202610071145419355
FAIL R49/2006/r049-2006-de1-2013-01-rev1: API error for R49/2006/r049-2006-de1-2013-01-rev1: {"type" => "error", "error" => {"type" => "rate_limit_error", "code" => "1302", "message" => "[1302][Rate limit reached for requests][202610071145413329237e2ed44165]"}, "request_id" => "2026100711454
FAIL R49/2006/r049-2006-de1-2013-01: API error for R49/2006/r049-2006-de1-2013-01: {"type" => "error", "error" => {"type" => "rate_limit_error", "code" => "1302", "message" => "[1302][Rate limit reached for requests][202610071145418db1926fbf374784]"}, "request_id" => "202610071145418db1
FAIL R49/2006/r049-2006-de1-2013-02-rev1: API error for R49/2006/r049-2006-de1-2013-02-rev1: {"type" => "error", "error" => {"type" => "rate_limit_error", "code" => "1302", "message" => "[1302][Rate limit reached for requests][202610071145428a808d178cea4263]"}, "request_id" => "2026100711454
FAIL R49/2006/r049-2006-de1-2013-02: API error for R49/2006/r049-2006-de1-2013-02: {"type" => "error", "error" => {"type" => "rate_limit_error", "code" => "1302", "message" => "[1302][Rate limit reached for requests][20261007114542ef8c7eb9f1854a71]"}, "request_id" => "20261007114542ef8c
FAIL R49/2006/r049-2006-de1-2014-01: API error for R49/2006/r049-2006-de1-2014-01: {"type" => "error", "error" => {"type" => "rate_limit_error", "code" => "1302", "message" => "[1302][Rate limit reached for requests][2026100711454219d3347d8e694063]"}, "request_id" => "2026100711454219d3
FAIL R49/2006/r049-2006-de1-2015-01: API error for R49/2006/r049-2006-de1-2015-01: {"type" => "error", "error" => {"type" => "rate_limit_error", "code" => "1302", "message" => "[1302][Rate limit reached for requests][20261007114543bce15fe69db742de]"}, "request_id" => "20261007114543bce1
FAIL R49/2006/r049-2006-de1-2015-02: API error for R49/2006/r049-2006-de1-2015-02: {"type" => "error", "error" => {"type" => "rate_limit_error", "code" => "1302", "message" => "[1302][Rate limit reached for requests][202610071145430047ea4aca4449d2]"}, "request_id" => "202610071145430047
FAIL R49/2006/r049-2006-de1-2015-03: API error for R49/2006/r049-2006-de1-2015-03: {"type" => "error", "error" => {"type" => "rate_limit_error", "code" => "1302", "message" => "[1302][Rate limit reached for requests][2026100711454367522cd8cf914075]"}, "request_id" => "202610071145436752
FAIL R49/2006/r049-2006-dk2-2010-01-annex1: API error for R49/2006/r049-2006-dk2-2010-01-annex1: {"type" => "error", "error" => {"type" => "rate_limit_error", "code" => "1302", "message" => "[1302][Rate limit reached for requests][20261007114543367eeb61c6d54210]"}, "request_id" => "20261007114
FAIL R49/2006/r049-2006-dk2-2010-01: API error for R49/2006/r049-2006-dk2-2010-01: {"type" => "error", "error" => {"type" => "rate_limit_error", "code" => "1302", "message" => "[1302][Rate limit reached for requests][2026100711454433ae1b31bcf94611]"}, "request_id" => "2026100711454433ae
FAIL R49/2006/r049-2006-es1-2010-02: API error for R49/2006/r049-2006-es1-2010-02: {"type" => "error", "error" => {"type" => "rate_limit_error", "code" => "1302", "message" => "[1302][Rate limit reached for requests][20261007114544cd4f33930a954f05]"}, "request_id" => "20261007114544cd4f
FAIL R49/2006/r049-2006-fr2-2008-01: API error for R49/2006/r049-2006-fr2-2008-01: {"type" => "error", "error" => {"type" => "rate_limit_error", "code" => "1302", "message" => "[1302][Rate limit reached for requests][20261007114544109b66e2021b4354]"}, "request_id" => "20261007114544109b
FAIL R49/2006/r049-2006-fr2-2008-02-rev2: API error for R49/2006/r049-2006-fr2-2008-02-rev2: {"type" => "error", "error" => {"type" => "rate_limit_error", "code" => "1302", "message" => "[1302][Rate limit reached for requests][202610071145449a1d99ec67b24343]"}, "request_id" => "2026100711454
FAIL R49/2006/r049-2006-fr2-2008-02-rev3: API error for R49/2006/r049-2006-fr2-2008-02-rev3: {"type" => "error", "error" => {"type" => "rate_limit_error", "code" => "1302", "message" => "[1302][Rate limit reached for requests][20261007114545cc08ad4fc62d4c13]"}, "request_id" => "2026100711454
FAIL R49/2006/r049-2006-fr2-2008-03: API error for R49/2006/r049-2006-fr2-2008-03: {"type" => "error", "error" => {"type" => "rate_limit_error", "code" => "1302", "message" => "[1302][Rate limit reached for requests][2026100711454575ad502bb3b14287]"}, "request_id" => "2026100711454575ad
FAIL R49/2006/r049-2006-fr2-2008-04-rev1: API error for R49/2006/r049-2006-fr2-2008-04-rev1: {"type" => "error", "error" => {"type" => "rate_limit_error", "code" => "1302", "message" => "[1302][Rate limit reached for requests][20261007114545b0dcfbf7578e4755]"}, "request_id" => "2026100711454
FAIL R49/2006/r049-2006-fr2-2008-05-rev1: API error for R49/2006/r049-2006-fr2-2008-05-rev1: {"type" => "error", "error" => {"type" => "rate_limit_error", "code" => "1302", "message" => "[1302][Rate limit reached for requests][20261007114545335902a7ba864788]"}, "request_id" => "2026100711454
FAIL R49/2006/r049-2006-fr2-2008-05-rev2: API error for R49/2006/r049-2006-fr2-2008-05-rev2: {"type" => "error", "error" => {"type" => "rate_limit_error", "code" => "1302", "message" => "[1302][Rate limit reached for requests][2026100711454628e495eccbe84428]"}, "request_id" => "2026100711454
FAIL R49/2006/r049-2006-fr2-2008-06: API error for R49/2006/r049-2006-fr2-2008-06: {"type" => "error", "error" => {"type" => "rate_limit_error", "code" => "1302", "message" => "[1302][Rate limit reached for requests][20261007114546db320e8292224384]"}, "request_id" => "20261007114546db32
FAIL R49/2006/r049-2006-fr2-2009-01-rev1: API error for R49/2006/r049-2006-fr2-2009-01-rev1: {"type" => "error", "error" => {"type" => "rate_limit_error", "code" => "1302", "message" => "[1302][Rate limit reached for requests][20261007114546e3101cecf6c24763]"}, "request_id" => "2026100711454
FAIL R49/2006/r049-2006-fr2-2009-01-rev2: API error for R49/2006/r049-2006-fr2-2009-01-rev2: {"type" => "error", "error" => {"type" => "rate_limit_error", "code" => "1302", "message" => "[1302][Rate limit reached for requests][202610071145464cd8050278b34259]"}, "request_id" => "2026100711454
FAIL R49/2006/r049-2006-fr2-2009-01-rev3: API error for R49/2006/r049-2006-fr2-2009-01-rev3: {"type" => "error", "error" => {"type" => "rate_limit_error", "code" => "1302", "message" => "[1302][Rate limit reached for requests][2026100711454739dd0c88b5234959]"}, "request_id" => "2026100711454
FAIL R49/2006/r049-2006-fr2-2009-01: API error for R49/2006/r049-2006-fr2-2009-01: {"type" => "error", "error" => {"type" => "rate_limit_error", "code" => "1302", "message" => "[1302][Rate limit reached for requests][20261007114547a5e2260e91384733]"}, "request_id" => "20261007114547a5e2
FAIL R49/2006/r049-2006-fr2-2009-02: API error for R49/2006/r049-2006-fr2-2009-02: {"type" => "error", "error" => {"type" => "rate_limit_error", "code" => "1302", "message" => "[1302][Rate limit reached for requests][202610071145473efdae8525314bf8]"}, "request_id" => "202610071145473efd
FAIL R49/2006/r049-2006-fr2-2009-03: API error for R49/2006/r049-2006-fr2-2009-03: {"type" => "error", "error" => {"type" => "rate_limit_error", "code" => "1302", "message" => "[1302][Rate limit reached for requests][202610071145473d752de100a74dbe]"}, "request_id" => "202610071145473d75
FAIL R49/2006/r049-2006-fr2-2009-04: API error for R49/2006/r049-2006-fr2-2009-04: {"type" => "error", "error" => {"type" => "rate_limit_error", "code" => "1302", "message" => "[1302][Rate limit reached for requests][202610071145481bdfcd14be2a4956]"}, "request_id" => "202610071145481bdf
FAIL R49/2006/r049-2006-fr2-2009-05: API error for R49/2006/r049-2006-fr2-2009-05: {"type" => "error", "error" => {"type" => "rate_limit_error", "code" => "1302", "message" => "[1302][Rate limit reached for requests][2026100711454863af3dcf15264145]"}, "request_id" => "2026100711454863af
FAIL R49/2006/r049-2006-fr2-2009-06-rev1: API error for R49/2006/r049-2006-fr2-2009-06-rev1: {"type" => "error", "error" => {"type" => "rate_limit_error", "code" => "1302", "message" => "[1302][Rate limit reached for requests][2026100711454805a103e344414d1c]"}, "request_id" => "2026100711454
FAIL R49/2006/r049-2006-fr2-2009-06: API error for R49/2006/r049-2006-fr2-2009-06: {"type" => "error", "error" => {"type" => "rate_limit_error", "code" => "1302", "message" => "[1302][Rate limit reached for requests][202610071145480d44270f913a4cdf]"}, "request_id" => "202610071145480d44
FAIL R49/2006/r049-2006-fr2-2009-07-rev1: API error for R49/2006/r049-2006-fr2-2009-07-rev1: {"type" => "error", "error" => {"type" => "rate_limit_error", "code" => "1302", "message" => "[1302][Rate limit reached for requests][20261007114549284947ebd0194aed]"}, "request_id" => "2026100711454
FAIL R49/2006/r049-2006-fr2-2009-07-rev2: API error for R49/2006/r049-2006-fr2-2009-07-rev2: {"type" => "error", "error" => {"type" => "rate_limit_error", "code" => "1302", "message" => "[1302][Rate limit reached for requests][2026100711454998760652aa5d4a36]"}, "request_id" => "2026100711454
FAIL R49/2006/r049-2006-fr2-2010-01-rev1: API error for R49/2006/r049-2006-fr2-2010-01-rev1: {"type" => "error", "error" => {"type" => "rate_limit_error", "code" => "1302", "message" => "[1302][Rate limit reached for requests][20261007114549639285f9049942e7]"}, "request_id" => "2026100711454
FAIL R49/2006/r049-2006-fr2-2010-03-rev1: API error for R49/2006/r049-2006-fr2-2010-03-rev1: {"type" => "error", "error" => {"type" => "rate_limit_error", "code" => "1302", "message" => "[1302][Rate limit reached for requests][202610071145497c997980e26c4b0d]"}, "request_id" => "2026100711454
FAIL R49/2006/r049-2006-fr2-2010-03: API error for R49/2006/r049-2006-fr2-2010-03: {"type" => "error", "error" => {"type" => "rate_limit_error", "code" => "1302", "message" => "[1302][Rate limit reached for requests][20261007114550d70f7698e07946f8]"}, "request_id" => "20261007114550d70f
FAIL R49/2006/r049-2006-fr2-2010-04: API error for R49/2006/r049-2006-fr2-2010-04: {"type" => "error", "error" => {"type" => "rate_limit_error", "code" => "1302", "message" => "[1302][Rate limit reached for requests][20261007114550dd05dd2c808f4223]"}, "request_id" => "20261007114550dd05
11:45:46 [00355/03949] R117/2007/r117-2007-ru1-2017-01 (95.4s)
FAIL R49/2006/r049-2006-fr2-2010-05: API error for R49/2006/r049-2006-fr2-2010-05: {"type" => "error", "error" => {"type" => "rate_limit_error", "code" => "1302", "message" => "[1302][Rate limit reached for requests][2026100711455032521d9346664094]"}, "request_id" => "202610071145503252
11:46:07 [00357/03949] R117/2007/r117-2007-ru1-2017-04 (116.1s)
FAIL R49/2006/r049-2006-fr2-2011-02-rev1: API error for R49/2006/r049-2006-fr2-2011-02-rev1: {"type" => "error", "error" => {"type" => "rate_limit_error", "code" => "1302", "message" => "[1302][Rate limit reached for requests][202610071146112f6a19794a8e425b]"}, "request_id" => "2026100711461
FAIL R49/2006/r049-2006-fr2-2011-04: API error for R49/2006/r049-2006-fr2-2011-04: {"type" => "error", "error" => {"type" => "rate_limit_error", "code" => "1302", "message" => "[1302][Rate limit reached for requests][202610071146110dbcd714bd294bef]"}, "request_id" => "202610071146110dbc
FAIL R49/2006/r049-2006-fr2-2012-01: API error for R49/2006/r049-2006-fr2-2012-01: {"type" => "error", "error" => {"type" => "rate_limit_error", "code" => "1302", "message" => "[1302][Rate limit reached for requests][20261007114612862d849200cc40c1]"}, "request_id" => "20261007114612862d
FAIL R49/2006/r049-2006-fr2-2012-02-rev0: API error for R49/2006/r049-2006-fr2-2012-02-rev0: {"type" => "error", "error" => {"type" => "rate_limit_error", "code" => "1302", "message" => "[1302][Rate limit reached for requests][20261007114612bfd3482599084a9a]"}, "request_id" => "2026100711461
FAIL R49/2006/r049-2006-fr2-2012-02-rev1: API error for R49/2006/r049-2006-fr2-2012-02-rev1: {"type" => "error", "error" => {"type" => "rate_limit_error", "code" => "1302", "message" => "[1302][Rate limit reached for requests][20261007114612878da147e0f44b9b]"}, "request_id" => "2026100711461
FAIL R49/2006/r049-2006-fr2-2012-03-rev0: API error for R49/2006/r049-2006-fr2-2012-03-rev0: {"type" => "error", "error" => {"type" => "rate_limit_error", "code" => "1302", "message" => "[1302][Rate limit reached for requests][202610071146134685c0d4284d4af0]"}, "request_id" => "2026100711461
FAIL R49/2006/r049-2006-fr2-2012-04-rev4: API error for R49/2006/r049-2006-fr2-2012-04-rev4: {"type" => "error", "error" => {"type" => "rate_limit_error", "code" => "1302", "message" => "[1302][Rate limit reached for requests][20261007114613df6140074e594319]"}, "request_id" => "2026100711461
FAIL R49/2006/r049-2006-fr2-2013-01-rev1: API error for R49/2006/r049-2006-fr2-2013-01-rev1: {"type" => "error", "error" => {"type" => "rate_limit_error", "code" => "1302", "message" => "[1302][Rate limit reached for requests][20261007114613bdb831efe47245ae]"}, "request_id" => "2026100711461
FAIL R49/2006/r049-2006-fr2-2013-02: API error for R49/2006/r049-2006-fr2-2013-02: {"type" => "error", "error" => {"type" => "rate_limit_error", "code" => "1302", "message" => "[1302][Rate limit reached for requests][20261007114613987d6c5751b44cd2]"}, "request_id" => "20261007114613987d
FAIL R49/2006/r049-2006-fr2-2014-01: API error for R49/2006/r049-2006-fr2-2014-01: {"type" => "error", "error" => {"type" => "rate_limit_error", "code" => "1302", "message" => "[1302][Rate limit reached for requests][20261007114614f1d7dd79179642c3]"}, "request_id" => "20261007114614f1d7
FAIL R49/2006/r049-2006-fr2-2014-02: API error for R49/2006/r049-2006-fr2-2014-02: {"type" => "error", "error" => {"type" => "rate_limit_error", "code" => "1302", "message" => "[1302][Rate limit reached for requests][20261007114614b50277c394c74675]"}, "request_id" => "20261007114614b502
FAIL R49/2006/r049-2006-fr2-2014-03-rev1: API error for R49/2006/r049-2006-fr2-2014-03-rev1: {"type" => "error", "error" => {"type" => "rate_limit_error", "code" => "1302", "message" => "[1302][Rate limit reached for requests][20261007114615c73d157575924a8f]"}, "request_id" => "2026100711461
FAIL R49/2006/r049-2006-fr2-2014-03-rev2: API error for R49/2006/r049-2006-fr2-2014-03-rev2: {"type" => "error", "error" => {"type" => "rate_limit_error", "code" => "1302", "message" => "[1302][Rate limit reached for requests][20261007114615073911d0b6014cb4]"}, "request_id" => "2026100711461
FAIL R49/2006/r049-2006-fr2-2014-03: API error for R49/2006/r049-2006-fr2-2014-03: {"type" => "error", "error" => {"type" => "rate_limit_error", "code" => "1302", "message" => "[1302][Rate limit reached for requests][20261007114615f151d679e23448ed]"}, "request_id" => "20261007114615f151
FAIL R49/2006/r049-2006-fr2-2015-01-rev3: API error for R49/2006/r049-2006-fr2-2015-01-rev3: {"type" => "error", "error" => {"type" => "rate_limit_error", "code" => "1302", "message" => "[1302][Rate limit reached for requests][202610071146168a73ef36f3534b79]"}, "request_id" => "2026100711461
FAIL R49/2006/r049-2006-fr2-2015-01: API error for R49/2006/r049-2006-fr2-2015-01: {"type" => "error", "error" => {"type" => "rate_limit_error", "code" => "1302", "message" => "[1302][Rate limit reached for requests][202610071146165cb91624be2f48c5]"}, "request_id" => "202610071146165cb9
FAIL R49/2006/r049-2006-gb1-2007-01-annex1: API error for R49/2006/r049-2006-gb1-2007-01-annex1: {"type" => "error", "error" => {"type" => "rate_limit_error", "code" => "1302", "message" => "[1302][Rate limit reached for requests][2026100711461663971e764827432d]"}, "request_id" => "20261007114
FAIL R49/2006/r049-2006-gb1-2007-01-rev1: API error for R49/2006/r049-2006-gb1-2007-01-rev1: {"type" => "error", "error" => {"type" => "rate_limit_error", "code" => "1302", "message" => "[1302][Rate limit reached for requests][20261007114616231e8ef3da2e4c55]"}, "request_id" => "2026100711461
FAIL R49/2006/r049-2006-gb1-2007-01-rev2: API error for R49/2006/r049-2006-gb1-2007-01-rev2: {"type" => "error", "error" => {"type" => "rate_limit_error", "code" => "1302", "message" => "[1302][Rate limit reached for requests][202610071146170ab63d7854684c5e]"}, "request_id" => "2026100711461
FAIL R49/2006/r049-2006-gb1-2007-01-rev3: API error for R49/2006/r049-2006-gb1-2007-01-rev3: {"type" => "error", "error" => {"type" => "rate_limit_error", "code" => "1302", "message" => "[1302][Rate limit reached for requests][202610071146172b5caf0148314587]"}, "request_id" => "2026100711461
FAIL R49/2006/r049-2006-gb1-2007-01-rev4-annex2: API error for R49/2006/r049-2006-gb1-2007-01-rev4-annex2: {"type" => "error", "error" => {"type" => "rate_limit_error", "code" => "1302", "message" => "[1302][Rate limit reached for requests][20261007114617c6d90ef716aa479b]"}, "request_id" => "202610
FAIL R49/2006/r049-2006-gb1-2007-01-rev4: API error for R49/2006/r049-2006-gb1-2007-01-rev4: {"type" => "error", "error" => {"type" => "rate_limit_error", "code" => "1302", "message" => "[1302][Rate limit reached for requests][202610071146171ce14b24e1a14fef]"}, "request_id" => "2026100711461
FAIL R49/2006/r049-2006-gb1-2007-01: API error for R49/2006/r049-2006-gb1-2007-01: {"type" => "error", "error" => {"type" => "rate_limit_error", "code" => "1302", "message" => "[1302][Rate limit reached for requests][202610071146184a84cdb7148049a7]"}, "request_id" => "202610071146184a84
FAIL R49/2006/r049-2006-gb1-2008-01-rev1: API error for R49/2006/r049-2006-gb1-2008-01-rev1: {"type" => "error", "error" => {"type" => "rate_limit_error", "code" => "1302", "message" => "[1302][Rate limit reached for requests][20261007114618c83912998b7842f5]"}, "request_id" => "2026100711461
FAIL R49/2006/r049-2006-gb1-2008-01-rev2: API error for R49/2006/r049-2006-gb1-2008-01-rev2: {"type" => "error", "error" => {"type" => "rate_limit_error", "code" => "1302", "message" => "[1302][Rate limit reached for requests][202610071146185d929ca1ceae4237]"}, "request_id" => "2026100711461
FAIL R49/2006/r049-2006-gb1-2008-01: API error for R49/2006/r049-2006-gb1-2008-01: {"type" => "error", "error" => {"type" => "rate_limit_error", "code" => "1302", "message" => "[1302][Rate limit reached for requests][202610071146184db6c06701604d54]"}, "request_id" => "202610071146184db6
FAIL R49/2006/r049-2006-gb1-2009-01-rev1: API error for R49/2006/r049-2006-gb1-2009-01-rev1: {"type" => "error", "error" => {"type" => "rate_limit_error", "code" => "1302", "message" => "[1302][Rate limit reached for requests][202610071146198e53239c3dc44011]"}, "request_id" => "2026100711461
FAIL R49/2006/r049-2006-gb1-2009-01-rev2: API error for R49/2006/r049-2006-gb1-2009-01-rev2: {"type" => "error", "error" => {"type" => "rate_limit_error", "code" => "1302", "message" => "[1302][Rate limit reached for requests][20261007114619a7abfba5c1954eb0]"}, "request_id" => "2026100711461
FAIL R49/2006/r049-2006-gb1-2009-01-rev3: API error for R49/2006/r049-2006-gb1-2009-01-rev3: {"type" => "error", "error" => {"type" => "rate_limit_error", "code" => "1302", "message" => "[1302][Rate limit reached for requests][20261007114619171fa08d16be4d8c]"}, "request_id" => "2026100711461
FAIL R49/2006/r049-2006-gb1-2009-01-rev4: API error for R49/2006/r049-2006-gb1-2009-01-rev4: {"type" => "error", "error" => {"type" => "rate_limit_error", "code" => "1302", "message" => "[1302][Rate limit reached for requests][20261007114620eaead80d7a3c4058]"}, "request_id" => "2026100711462
FAIL R49/2006/r049-2006-gb1-2009-01-rev5: API error for R49/2006/r049-2006-gb1-2009-01-rev5: {"type" => "error", "error" => {"type" => "rate_limit_error", "code" => "1302", "message" => "[1302][Rate limit reached for requests][20261007114620e5212dba8d554c95]"}, "request_id" => "2026100711462
FAIL R49/2006/r049-2006-gb1-2009-01: API error for R49/2006/r049-2006-gb1-2009-01: {"type" => "error", "error" => {"type" => "rate_limit_error", "code" => "1302", "message" => "[1302][Rate limit reached for requests][202610071146215063b820bda440eb]"}, "request_id" => "202610071146215063
FAIL R49/2006/r049-2006-gb1-2010-01-rev1: API error for R49/2006/r049-2006-gb1-2010-01-rev1: {"type" => "error", "error" => {"type" => "rate_limit_error", "code" => "1302", "message" => "[1302][Rate limit reached for requests][20261007114621c7f266cff8654927]"}, "request_id" => "2026100711462
FAIL R49/2006/r049-2006-gb1-2010-01-rev2: API error for R49/2006/r049-2006-gb1-2010-01-rev2: {"type" => "error", "error" => {"type" => "rate_limit_error", "code" => "1302", "message" => "[1302][Rate limit reached for requests][202610071146210ade1b6d7d4b454d]"}, "request_id" => "2026100711462
FAIL R49/2006/r049-2006-gb1-2010-01: API error for R49/2006/r049-2006-gb1-2010-01: {"type" => "error", "error" => {"type" => "rate_limit_error", "code" => "1302", "message" => "[1302][Rate limit reached for requests][202610071146210c31a8468d3d45a9]"}, "request_id" => "202610071146210c31
FAIL R49/2006/r049-2006-gb1-2010-02: API error for R49/2006/r049-2006-gb1-2010-02: {"type" => "error", "error" => {"type" => "rate_limit_error", "code" => "1302", "message" => "[1302][Rate limit reached for requests][20261007114622c28a70c6775f435f]"}, "request_id" => "20261007114622c28a
FAIL R49/2006/r049-2006-gb1-2010-03: API error for R49/2006/r049-2006-gb1-2010-03: {"type" => "error", "error" => {"type" => "rate_limit_error", "code" => "1302", "message" => "[1302][Rate limit reached for requests][20261007114622e7e2cd2d0d044149]"}, "request_id" => "20261007114622e7e2
FAIL R49/2006/r049-2006-gb1-2010-04-rev1: API error for R49/2006/r049-2006-gb1-2010-04-rev1: {"type" => "error", "error" => {"type" => "rate_limit_error", "code" => "1302", "message" => "[1302][Rate limit reached for requests][20261007114622f1b04fb1025043e5]"}, "request_id" => "2026100711462
FAIL R49/2006/r049-2006-gb1-2010-04: API error for R49/2006/r049-2006-gb1-2010-04: {"type" => "error", "error" => {"type" => "rate_limit_error", "code" => "1302", "message" => "[1302][Rate limit reached for requests][2026100711462358b90f69b55d4728]"}, "request_id" => "2026100711462358b9
FAIL R49/2006/r049-2006-gb1-2010-05-rev1: API error for R49/2006/r049-2006-gb1-2010-05-rev1: {"type" => "error", "error" => {"type" => "rate_limit_error", "code" => "1302", "message" => "[1302][Rate limit reached for requests][20261007114623d71da4f5d0f04e40]"}, "request_id" => "2026100711462
FAIL R49/2006/r049-2006-gb1-2011-01: API error for R49/2006/r049-2006-gb1-2011-01: {"type" => "error", "error" => {"type" => "rate_limit_error", "code" => "1302", "message" => "[1302][Rate limit reached for requests][20261007114623e8bf89d334b344d9]"}, "request_id" => "20261007114623e8bf
FAIL R49/2006/r049-2006-gb1-2011-02: API error for R49/2006/r049-2006-gb1-2011-02: {"type" => "error", "error" => {"type" => "rate_limit_error", "code" => "1302", "message" => "[1302][Rate limit reached for requests][202610071146240c0fbffea2614e87]"}, "request_id" => "202610071146240c0f
FAIL R49/2006/r049-2006-gb1-2011-03-rev1: API error for R49/2006/r049-2006-gb1-2011-03-rev1: {"type" => "error", "error" => {"type" => "rate_limit_error", "code" => "1302", "message" => "[1302][Rate limit reached for requests][20261007114624d3669ba0205246e7]"}, "request_id" => "2026100711462
FAIL R49/2006/r049-2006-gb1-2011-03-rev2: API error for R49/2006/r049-2006-gb1-2011-03-rev2: {"type" => "error", "error" => {"type" => "rate_limit_error", "code" => "1302", "message" => "[1302][Rate limit reached for requests][202610071146244fa438294c684d75]"}, "request_id" => "2026100711462
FAIL R49/2006/r049-2006-gb1-2011-03: API error for R49/2006/r049-2006-gb1-2011-03: {"type" => "error", "error" => {"type" => "rate_limit_error", "code" => "1302", "message" => "[1302][Rate limit reached for requests][202610071146257497bb9a981a4839]"}, "request_id" => "202610071146257497
FAIL R49/2006/r049-2006-gb1-2014-01: API error for R49/2006/r049-2006-gb1-2014-01: {"type" => "error", "error" => {"type" => "rate_limit_error", "code" => "1302", "message" => "[1302][Rate limit reached for requests][202610071146252827eb6393c1445b]"}, "request_id" => "202610071146252827
FAIL R49/2006/r049-2006-gb1-2014-02: API error for R49/2006/r049-2006-gb1-2014-02: {"type" => "error", "error" => {"type" => "rate_limit_error", "code" => "1302", "message" => "[1302][Rate limit reached for requests][20261007114625a54c67af74c34709]"}, "request_id" => "20261007114625a54c
FAIL R49/2006/r049-2006-gb1-2015-01: API error for R49/2006/r049-2006-gb1-2015-01: {"type" => "error", "error" => {"type" => "rate_limit_error", "code" => "1302", "message" => "[1302][Rate limit reached for requests][20261007114625b7ad233d9bc34336]"}, "request_id" => "20261007114625b7ad
FAIL R49/2006/r049-2006-it1-2013-01: API error for R49/2006/r049-2006-it1-2013-01: {"type" => "error", "error" => {"type" => "rate_limit_error", "code" => "1302", "message" => "[1302][Rate limit reached for requests][20261007114626bb8f565b9adc4797]"}, "request_id" => "20261007114626bb8f
FAIL R49/2006/r049-2006-it1-2013-02: API error for R49/2006/r049-2006-it1-2013-02: {"type" => "error", "error" => {"type" => "rate_limit_error", "code" => "1302", "message" => "[1302][Rate limit reached for requests][20261007114626386644dcf9984da6]"}, "request_id" => "202610071146263866
FAIL R49/2006/r049-2006-it1-2014-01: API error for R49/2006/r049-2006-it1-2014-01: {"type" => "error", "error" => {"type" => "rate_limit_error", "code" => "1302", "message" => "[1302][Rate limit reached for requests][202610071146260061a7375e0948dc]"}, "request_id" => "202610071146260061
FAIL R49/2006/r049-2006-jp1-2014-01: API error for R49/2006/r049-2006-jp1-2014-01: {"type" => "error", "error" => {"type" => "rate_limit_error", "code" => "1302", "message" => "[1302][Rate limit reached for requests][20261007114627ac9eac05160041de]"}, "request_id" => "20261007114627ac9e
FAIL R49/2006/r049-2006-nl1-2006-01-rev2: API error for R49/2006/r049-2006-nl1-2006-01-rev2: {"type" => "error", "error" => {"type" => "rate_limit_error", "code" => "1302", "message" => "[1302][Rate limit reached for requests][20261007114627c62bfc8b587e4b66]"}, "request_id" => "2026100711462
FAIL R49/2006/r049-2006-nl1-2009-01: API error for R49/2006/r049-2006-nl1-2009-01: {"type" => "error", "error" => {"type" => "rate_limit_error", "code" => "1302", "message" => "[1302][Rate limit reached for requests][2026100711462705a5a9a388234605]"}, "request_id" => "2026100711462705a5
FAIL R49/2006/r049-2006-nl1-2010-01: API error for R49/2006/r049-2006-nl1-2010-01: {"type" => "error", "error" => {"type" => "rate_limit_error", "code" => "1302", "message" => "[1302][Rate limit reached for requests][20261007114627a969fadc9e08463a]"}, "request_id" => "20261007114627a969
FAIL R49/2006/r049-2006-nl1-2011-01: API error for R49/2006/r049-2006-nl1-2011-01: {"type" => "error", "error" => {"type" => "rate_limit_error", "code" => "1302", "message" => "[1302][Rate limit reached for requests][20261007114628555c0eaddf364ab4]"}, "request_id" => "20261007114628555c
FAIL R49/2006/r049-2006-nl1-2011-02-rev1: API error for R49/2006/r049-2006-nl1-2011-02-rev1: {"type" => "error", "error" => {"type" => "rate_limit_error", "code" => "1302", "message" => "[1302][Rate limit reached for requests][20261007114628d703484677b64522]"}, "request_id" => "2026100711462
FAIL R49/2006/r049-2006-nl1-2011-02: API error for R49/2006/r049-2006-nl1-2011-02: {"type" => "error", "error" => {"type" => "rate_limit_error", "code" => "1302", "message" => "[1302][Rate limit reached for requests][20261007114628da2dc85d685f49a5]"}, "request_id" => "20261007114628da2d
FAIL R49/2006/r049-2006-nl1-2011-03: API error for R49/2006/r049-2006-nl1-2011-03: {"type" => "error", "error" => {"type" => "rate_limit_error", "code" => "1302", "message" => "[1302][Rate limit reached for requests][202610071146294919ab77786d45e7]"}, "request_id" => "202610071146294919
FAIL R49/2006/r049-2006-nl1-2012-01-rev1: API error for R49/2006/r049-2006-nl1-2012-01-rev1: {"type" => "error", "error" => {"type" => "rate_limit_error", "code" => "1302", "message" => "[1302][Rate limit reached for requests][20261007114629dfdc2a47e1a04e68]"}, "request_id" => "2026100711462
FAIL R49/2006/r049-2006-nl1-2012-01-rev2: API error for R49/2006/r049-2006-nl1-2012-01-rev2: {"type" => "error", "error" => {"type" => "rate_limit_error", "code" => "1302", "message" => "[1302][Rate limit reached for requests][20261007114629aa3d8817b20c4de2]"}, "request_id" => "2026100711462
FAIL R49/2006/r049-2006-nl1-2012-01-rev3: API error for R49/2006/r049-2006-nl1-2012-01-rev3: {"type" => "error", "error" => {"type" => "rate_limit_error", "code" => "1302", "message" => "[1302][Rate limit reached for requests][20261007114630990ac12225814556]"}, "request_id" => "2026100711463
FAIL R49/2006/r049-2006-nl1-2012-01-rev4: API error for R49/2006/r049-2006-nl1-2012-01-rev4: {"type" => "error", "error" => {"type" => "rate_limit_error", "code" => "1302", "message" => "[1302][Rate limit reached for requests][2026100711463006d8617427224fd5]"}, "request_id" => "2026100711463
FAIL R49/2006/r049-2006-nl1-2012-01-rev5: API error for R49/2006/r049-2006-nl1-2012-01-rev5: {"type" => "error", "error" => {"type" => "rate_limit_error", "code" => "1302", "message" => "[1302][Rate limit reached for requests][20261007114630ba917da39e384b3f]"}, "request_id" => "2026100711463
FAIL R49/2006/r049-2006-nl1-2012-01-rev6: API error for R49/2006/r049-2006-nl1-2012-01-rev6: {"type" => "error", "error" => {"type" => "rate_limit_error", "code" => "1302", "message" => "[1302][Rate limit reached for requests][202610071146301d2728519c194904]"}, "request_id" => "2026100711463
FAIL R49/2006/r049-2006-nl1-2012-01-rev7: API error for R49/2006/r049-2006-nl1-2012-01-rev7: {"type" => "error", "error" => {"type" => "rate_limit_error", "code" => "1302", "message" => "[1302][Rate limit reached for requests][2026100711463179e983962dae4b80]"}, "request_id" => "2026100711463
FAIL R49/2006/r049-2006-nl1-2012-01-rev8: API error for R49/2006/r049-2006-nl1-2012-01-rev8: {"type" => "error", "error" => {"type" => "rate_limit_error", "code" => "1302", "message" => "[1302][Rate limit reached for requests][20261007114631d5736e0397154e1a]"}, "request_id" => "2026100711463
FAIL R49/2006/r049-2006-nl1-2012-01-rev9: API error for R49/2006/r049-2006-nl1-2012-01-rev9: {"type" => "error", "error" => {"type" => "rate_limit_error", "code" => "1302", "message" => "[1302][Rate limit reached for requests][202610071146361e564f0b96e64573]"}, "request_id" => "2026100711463
FAIL R49/2006/r049-2006-nl1-2012-01: API error for R49/2006/r049-2006-nl1-2012-01: {"type" => "error", "error" => {"type" => "rate_limit_error", "code" => "1302", "message" => "[1302][Rate limit reached for requests][202610071146367353d7c4bb8a4ad7]"}, "request_id" => "202610071146367353
11:46:32 [00427/03949] R117/2007/r117-2007-nl1-2020-10-rev3 (141.7s)
FAIL R49/2006/r049-2006-nl1-2012-03-rev1: API error for R49/2006/r049-2006-nl1-2012-03-rev1: {"type" => "error", "error" => {"type" => "rate_limit_error", "code" => "1302", "message" => "[1302][Rate limit reached for requests][20261007114637351a2159815c4f34]"}, "request_id" => "2026100711463
FAIL R49/2006/r049-2006-nl1-2012-03-rev2: API error for R49/2006/r049-2006-nl1-2012-03-rev2: {"type" => "error", "error" => {"type" => "rate_limit_error", "code" => "1302", "message" => "[1302][Rate limit reached for requests][2026100711463709e5a1cce3354034]"}, "request_id" => "2026100711463
FAIL R49/2006/r049-2006-nl1-2012-03: API error for R49/2006/r049-2006-nl1-2012-03: {"type" => "error", "error" => {"type" => "rate_limit_error", "code" => "1302", "message" => "[1302][Rate limit reached for requests][20261007114637ccb29b6f5fe44b0f]"}, "request_id" => "20261007114637ccb2
FAIL R49/2006/r049-2006-nl1-2012-04-rev1: API error for R49/2006/r049-2006-nl1-2012-04-rev1: {"type" => "error", "error" => {"type" => "rate_limit_error", "code" => "1302", "message" => "[1302][Rate limit reached for requests][202610071146380a0a072591824971]"}, "request_id" => "2026100711463
FAIL R49/2006/r049-2006-nl1-2013-01-rev1: API error for R49/2006/r049-2006-nl1-2013-01-rev1: {"type" => "error", "error" => {"type" => "rate_limit_error", "code" => "1302", "message" => "[1302][Rate limit reached for requests][20261007114638d623cc4b2bdd47b0]"}, "request_id" => "2026100711463
FAIL R49/2006/r049-2006-nl1-2013-01-rev10: API error for R49/2006/r049-2006-nl1-2013-01-rev10: {"type" => "error", "error" => {"type" => "rate_limit_error", "code" => "1302", "message" => "[1302][Rate limit reached for requests][20261007114638fa124841d63749e9]"}, "request_id" => "202610071146
FAIL R49/2006/r049-2006-nl1-2013-01-rev2: API error for R49/2006/r049-2006-nl1-2013-01-rev2: {"type" => "error", "error" => {"type" => "rate_limit_error", "code" => "1302", "message" => "[1302][Rate limit reached for requests][2026100711463932d3ceb292f848ee]"}, "request_id" => "2026100711463
FAIL R49/2006/r049-2006-nl1-2013-01-rev3: API error for R49/2006/r049-2006-nl1-2013-01-rev3: {"type" => "error", "error" => {"type" => "rate_limit_error", "code" => "1302", "message" => "[1302][Rate limit reached for requests][202610071146396a69dc8be6da4e79]"}, "request_id" => "2026100711463
FAIL R49/2006/r049-2006-nl1-2013-01-rev4: API error for R49/2006/r049-2006-nl1-2013-01-rev4: {"type" => "error", "error" => {"type" => "rate_limit_error", "code" => "1302", "message" => "[1302][Rate limit reached for requests][202610071146397239c542e9ed4dec]"}, "request_id" => "2026100711463
FAIL R49/2006/r049-2006-nl1-2013-01-rev5: API error for R49/2006/r049-2006-nl1-2013-01-rev5: {"type" => "error", "error" => {"type" => "rate_limit_error", "code" => "1302", "message" => "[1302][Rate limit reached for requests][202610071146393973b1a07f384d18]"}, "request_id" => "2026100711463
FAIL R49/2006/r049-2006-nl1-2013-01-rev6: API error for R49/2006/r049-2006-nl1-2013-01-rev6: {"type" => "error", "error" => {"type" => "rate_limit_error", "code" => "1302", "message" => "[1302][Rate limit reached for requests][20261007114640ba3f64735e7d4fcd]"}, "request_id" => "2026100711464
FAIL R49/2006/r049-2006-nl1-2013-01-rev7: API error for R49/2006/r049-2006-nl1-2013-01-rev7: {"type" => "error", "error" => {"type" => "rate_limit_error", "code" => "1302", "message" => "[1302][Rate limit reached for requests][202610071146407325df8296c0491e]"}, "request_id" => "2026100711464
FAIL R49/2006/r049-2006-nl1-2013-01-rev8: API error for R49/2006/r049-2006-nl1-2013-01-rev8: {"type" => "error", "error" => {"type" => "rate_limit_error", "code" => "1302", "message" => "[1302][Rate limit reached for requests][202610071146403d314bc6963e4d75]"}, "request_id" => "2026100711464
FAIL R49/2006/r049-2006-nl1-2013-01-rev9: API error for R49/2006/r049-2006-nl1-2013-01-rev9: {"type" => "error", "error" => {"type" => "rate_limit_error", "code" => "1302", "message" => "[1302][Rate limit reached for requests][20261007114641703d515c558b4172]"}, "request_id" => "2026100711464
FAIL R49/2006/r049-2006-nl1-2013-01: API error for R49/2006/r049-2006-nl1-2013-01: {"type" => "error", "error" => {"type" => "rate_limit_error", "code" => "1302", "message" => "[1302][Rate limit reached for requests][20261007114641bd3a052616944f14]"}, "request_id" => "20261007114641bd3a
FAIL R49/2006/r049-2006-nl1-2014-01: API error for R49/2006/r049-2006-nl1-2014-01: {"type" => "error", "error" => {"type" => "rate_limit_error", "code" => "1302", "message" => "[1302][Rate limit reached for requests][202610071146419dd71b3e1cb14e68]"}, "request_id" => "202610071146419dd7
FAIL R49/2006/r049-2006-nl1-2016-14-rev1: API error for R49/2006/r049-2006-nl1-2016-14-rev1: {"type" => "error", "error" => {"type" => "rate_limit_error", "code" => "1302", "message" => "[1302][Rate limit reached for requests][20261007114642abf87278d76146c8]"}, "request_id" => "2026100711464
FAIL R49/2006/r049-2006-nl1-2019-03-rev1: API error for R49/2006/r049-2006-nl1-2019-03-rev1: {"type" => "error", "error" => {"type" => "rate_limit_error", "code" => "1302", "message" => "[1302][Rate limit reached for requests][202610071146427a7883bbbf2543e2]"}, "request_id" => "2026100711464
FAIL R49/2006/r049-2006-nl1-2019-03: API error for R49/2006/r049-2006-nl1-2019-03: {"type" => "error", "error" => {"type" => "rate_limit_error", "code" => "1302", "message" => "[1302][Rate limit reached for requests][2026100711464236911a7177ef48fb]"}, "request_id" => "202610071146423691
FAIL R49/2006/r049-2006-sk1-2013-01-rev1: API error for R49/2006/r049-2006-sk1-2013-01-rev1: {"type" => "error", "error" => {"type" => "rate_limit_error", "code" => "1302", "message" => "[1302][Rate limit reached for requests][20261007114643339f86d01e9946fd]"}, "request_id" => "2026100711464
FAIL R49/2006/r049-2006-sk1-2013-01: API error for R49/2006/r049-2006-sk1-2013-01: {"type" => "error", "error" => {"type" => "rate_limit_error", "code" => "1302", "message" => "[1302][Rate limit reached for requests][202610071146430683fa030e864ff4]"}, "request_id" => "202610071146430683
FAIL R49/2006/r049-2006-sk1-2014-01: API error for R49/2006/r049-2006-sk1-2014-01: {"type" => "error", "error" => {"type" => "rate_limit_error", "code" => "1302", "message" => "[1302][Rate limit reached for requests][202610071146430e2155db56c74081]"}, "request_id" => "202610071146430e21
FAIL R49/2006/r049-2006-sk1-2014-02-rev1: API error for R49/2006/r049-2006-sk1-2014-02-rev1: {"type" => "error", "error" => {"type" => "rate_limit_error", "code" => "1302", "message" => "[1302][Rate limit reached for requests][20261007114643d4980d801f5a4506]"}, "request_id" => "2026100711464
FAIL R49/2006/r049-2006-sk1-2014-02: API error for R49/2006/r049-2006-sk1-2014-02: {"type" => "error", "error" => {"type" => "rate_limit_error", "code" => "1302", "message" => "[1302][Rate limit reached for requests][20261007114644bb7291a8956a43d0]"}, "request_id" => "20261007114644bb72
FAIL R49/2006/r049-2006-sk1-2014-03-rev1: API error for R49/2006/r049-2006-sk1-2014-03-rev1: {"type" => "error", "error" => {"type" => "rate_limit_error", "code" => "1302", "message" => "[1302][Rate limit reached for requests][20261007114644ec41177c7ecc45d5]"}, "request_id" => "2026100711464
FAIL R49/2006/r049-2006-sk1-2014-03: API error for R49/2006/r049-2006-sk1-2014-03: {"type" => "error", "error" => {"type" => "rate_limit_error", "code" => "1302", "message" => "[1302][Rate limit reached for requests][202610071146456c95c32ee0b04ef3]"}, "request_id" => "202610071146456c95
FAIL R49/2006/r49-2006-fr2-2009-07-rev2-annex1: API error for R49/2006/r49-2006-fr2-2009-07-rev2-annex1: {"type" => "error", "error" => {"type" => "rate_limit_error", "code" => "1302", "message" => "[1302][Rate limit reached for requests][20261007114645fe0e64d4e5fd40e1]"}, "request_id" => "2026100
FAIL R49/2006/r49-2006-fr2-2011-01-rev0: API error for R49/2006/r49-2006-fr2-2011-01-rev0: {"type" => "error", "error" => {"type" => "rate_limit_error", "code" => "1302", "message" => "[1302][Rate limit reached for requests][20261007114645477606fa54044e89]"}, "request_id" => "20261007114645
FAIL R49/2006/r49-2006-fr2-2011-03-rev0: API error for R49/2006/r49-2006-fr2-2011-03-rev0: {"type" => "error", "error" => {"type" => "rate_limit_error", "code" => "1302", "message" => "[1302][Rate limit reached for requests][2026100711464551e86eed09e749d7]"}, "request_id" => "20261007114645
FAIL R49/2006/r49-2006-nl1-2026-02-rev0: API error for R49/2006/r49-2006-nl1-2026-02-rev0: {"type" => "error", "error" => {"type" => "rate_limit_error", "code" => "1302", "message" => "[1302][Rate limit reached for requests][20261007114646bc7349bcbd59424c]"}, "request_id" => "20261007114646
FAIL R49/2006/r49-2006-nl1-2026-03-rev0: API error for R49/2006/r49-2006-nl1-2026-03-rev0: {"type" => "error", "error" => {"type" => "rate_limit_error", "code" => "1302", "message" => "[1302][Rate limit reached for requests][20261007114646c476433427814b99]"}, "request_id" => "20261007114646
FAIL R49/2006/r49-2006-nl1-2026-04-rev0: API error for R49/2006/r49-2006-nl1-2026-04-rev0: {"type" => "error", "error" => {"type" => "rate_limit_error", "code" => "1302", "message" => "[1302][Rate limit reached for requests][2026100711464697a72cfa171f455d]"}, "request_id" => "20261007114646
FAIL R49/2006/r49-2006-nl1-2026-05-rev0: API error for R49/2006/r49-2006-nl1-2026-05-rev0: {"type" => "error", "error" => {"type" => "rate_limit_error", "code" => "1302", "message" => "[1302][Rate limit reached for requests][20261007114646fe7d421a2cdc45df]"}, "request_id" => "20261007114646
FAIL R49/2006/r49-2006-nl1-2026-06-rev0: API error for R49/2006/r49-2006-nl1-2026-06-rev0: {"type" => "error", "error" => {"type" => "rate_limit_error", "code" => "1302", "message" => "[1302][Rate limit reached for requests][202610071146473f04089e5eeb4424]"}, "request_id" => "20261007114647
FAIL R49/2013/r049-2013-cz1-2015-01-rev1: API error for R49/2013/r049-2013-cz1-2015-01-rev1: {"type" => "error", "error" => {"type" => "rate_limit_error", "code" => "1302", "message" => "[1302][Rate limit reached for requests][202610071146472b8c0befe6884d11]"}, "request_id" => "2026100711464
FAIL R49/2013/r049-2013-cz1-2015-01-rev2: API error for R49/2013/r049-2013-cz1-2015-01-rev2: {"type" => "error", "error" => {"type" => "rate_limit_error", "code" => "1302", "message" => "[1302][Rate limit reached for requests][2026100711464746ba5a8dba5b4414]"}, "request_id" => "2026100711464
FAIL R49/2013/r049-2013-cz1-2015-01-rev3: API error for R49/2013/r049-2013-cz1-2015-01-rev3: {"type" => "error", "error" => {"type" => "rate_limit_error", "code" => "1302", "message" => "[1302][Rate limit reached for requests][2026100711464706fb36d81e0947a1]"}, "request_id" => "2026100711464
FAIL R49/2013/r049-2013-cz1-2015-01: API error for R49/2013/r049-2013-cz1-2015-01: {"type" => "error", "error" => {"type" => "rate_limit_error", "code" => "1302", "message" => "[1302][Rate limit reached for requests][2026100711464843cb6d056d324c06]"}, "request_id" => "2026100711464843cb
FAIL R49/2013/r049-2013-cz1-2015-02: API error for R49/2013/r049-2013-cz1-2015-02: {"type" => "error", "error" => {"type" => "rate_limit_error", "code" => "1302", "message" => "[1302][Rate limit reached for requests][2026100711464888dddd5ece34414c]"}, "request_id" => "2026100711464888dd
FAIL R49/2013/r049-2013-cz1-2015-03: API error for R49/2013/r049-2013-cz1-2015-03: {"type" => "error", "error" => {"type" => "rate_limit_error", "code" => "1302", "message" => "[1302][Rate limit reached for requests][20261007114648a25135f47152492e]"}, "request_id" => "20261007114648a251
FAIL R49/2013/r049-2013-cz1-2016-01-rev1: API error for R49/2013/r049-2013-cz1-2016-01-rev1: {"type" => "error", "error" => {"type" => "rate_limit_error", "code" => "1302", "message" => "[1302][Rate limit reached for requests][202610071146490dcbbf50d64b4d25]"}, "request_id" => "2026100711464
FAIL R49/2013/r049-2013-cz1-2016-01-rev2: API error for R49/2013/r049-2013-cz1-2016-01-rev2: {"type" => "error", "error" => {"type" => "rate_limit_error", "code" => "1302", "message" => "[1302][Rate limit reached for requests][20261007114649e3c9db03f82e4c61]"}, "request_id" => "2026100711464
FAIL R49/2013/r049-2013-cz1-2016-01: API error for R49/2013/r049-2013-cz1-2016-01: {"type" => "error", "error" => {"type" => "rate_limit_error", "code" => "1302", "message" => "[1302][Rate limit reached for requests][20261007114649f125dd90d92f482e]"}, "request_id" => "20261007114649f125
FAIL R49/2013/r049-2013-cz1-2016-02: API error for R49/2013/r049-2013-cz1-2016-02: {"type" => "error", "error" => {"type" => "rate_limit_error", "code" => "1302", "message" => "[1302][Rate limit reached for requests][2026100711464914b93c7819744a68]"}, "request_id" => "2026100711464914b9
FAIL R49/2013/r049-2013-cz1-2016-03-rev1: API error for R49/2013/r049-2013-cz1-2016-03-rev1: {"type" => "error", "error" => {"type" => "rate_limit_error", "code" => "1302", "message" => "[1302][Rate limit reached for requests][20261007114650cc2ec25c07744422]"}, "request_id" => "2026100711465
FAIL R49/2013/r049-2013-cz1-2016-03: API error for R49/2013/r049-2013-cz1-2016-03: {"type" => "error", "error" => {"type" => "rate_limit_error", "code" => "1302", "message" => "[1302][Rate limit reached for requests][202610071146503263d6cadae8443d]"}, "request_id" => "202610071146503263
FAIL R49/2013/r049-2013-cz1-2016-04-annex1: API error for R49/2013/r049-2013-cz1-2016-04-annex1: {"type" => "error", "error" => {"type" => "rate_limit_error", "code" => "1302", "message" => "[1302][Rate limit reached for requests][20261007114650560d6f7b4b964911]"}, "request_id" => "20261007114
FAIL R49/2013/r049-2013-cz1-2016-04-rev1: API error for R49/2013/r049-2013-cz1-2016-04-rev1: {"type" => "error", "error" => {"type" => "rate_limit_error", "code" => "1302", "message" => "[1302][Rate limit reached for requests][20261007114651121b93d88a584ca7]"}, "request_id" => "2026100711465
FAIL R49/2013/r049-2013-cz1-2016-04: API error for R49/2013/r049-2013-cz1-2016-04: {"type" => "error", "error" => {"type" => "rate_limit_error", "code" => "1302", "message" => "[1302][Rate limit reached for requests][20261007114651bba3f10b7b4c44ab]"}, "request_id" => "20261007114651bba3
FAIL R49/2013/r049-2013-cz1-2017-01: API error for R49/2013/r049-2013-cz1-2017-01: {"type" => "error", "error" => {"type" => "rate_limit_error", "code" => "1302", "message" => "[1302][Rate limit reached for requests][202610071146514993a4c0de5a4e29]"}, "request_id" => "202610071146514993
FAIL R49/2013/r049-2013-cz1-2017-02: API error for R49/2013/r049-2013-cz1-2017-02: {"type" => "error", "error" => {"type" => "rate_limit_error", "code" => "1302", "message" => "[1302][Rate limit reached for requests][202610071146512c3becfdb34f4ca0]"}, "request_id" => "202610071146512c3b
FAIL R49/2013/r049-2013-cz1-2017-03-annex1: API error for R49/2013/r049-2013-cz1-2017-03-annex1: {"type" => "error", "error" => {"type" => "rate_limit_error", "code" => "1302", "message" => "[1302][Rate limit reached for requests][2026100711465215e5bf8cb003438d]"}, "request_id" => "20261007114
FAIL R49/2013/r049-2013-cz1-2017-03: API error for R49/2013/r049-2013-cz1-2017-03: {"type" => "error", "error" => {"type" => "rate_limit_error", "code" => "1302", "message" => "[1302][Rate limit reached for requests][202610071146522d144c1c73404cfd]"}, "request_id" => "202610071146522d14
11:46:48 [00481/03949] R117/2007/r117-2007-nl1-2020-10-rev11 (157.4s)
